concept_id,concept,aliases,slide_snippets,embedding_source,embedding_token,embedding_model
0,activation function,activation function,"[""activation function . activation values . adaboost . agglomerative clustering . anomalous example anomalous examples . anomaly detection . back prop back propagation . batch gradient descent . bayesian approach . bayesian inference . bias problem . bias unit bias units . bias variance trade-off bias variance tradeoff . big data sets large data sets large datasets . binary classification . boosting algorithm . character recognition . character segmentation . classification accuracy . classificati""]",bert,,sentence-transformers/all-mpnet-base-v2
1,activation values,activation values,"[""activation function . activation values . adaboost . agglomerative clustering . anomalous example anomalous examples . anomaly detection . back prop back propagation . batch gradient descent . bayesian approach . bayesian inference . bias problem . bias unit bias units . bias variance trade-off bias variance tradeoff . big data sets large data sets large datasets . binary classification . boosting algorithm . character recognition . character segmentation . classification accuracy . classificati""]",bert,,sentence-transformers/all-mpnet-base-v2
2,adaboost,adaboost,"[""activation function . activation values . adaboost . agglomerative clustering . anomalous example anomalous examples . anomaly detection . back prop back propagation . batch gradient descent . bayesian approach . bayesian inference . bias problem . bias unit bias units . bias variance trade-off bias variance tradeoff . big data sets large data sets large datasets . binary classification . boosting algorithm . character recognition . character segmentation . classification accuracy . classificati""]",bert,,sentence-transformers/all-mpnet-base-v2
3,agglomerative clustering,agglomerative clustering,"[""activation function . activation values . adaboost . agglomerative clustering . anomalous example anomalous examples . anomaly detection . back prop back propagation . batch gradient descent . bayesian approach . bayesian inference . bias problem . bias unit bias units . bias variance trade-off bias variance tradeoff . big data sets large data sets large datasets . binary classification . boosting algorithm . character recognition . character segmentation . classification accuracy . classificati""]",bert,,sentence-transformers/all-mpnet-base-v2
4,anomalous example,anomalous example::;anomalous examples,"[""activation function . activation values . adaboost . agglomerative clustering . anomalous example anomalous examples . anomaly detection . back prop back propagation . batch gradient descent . bayesian approach . bayesian inference . bias problem . bias unit bias units . bias variance trade-off bias variance tradeoff . big data sets large data sets large datasets . binary classification . boosting algorithm . character recognition . character segmentation . classification accuracy . classificati"", ""model parameters . model selection . multi-class classification multiclass classification . multivariate gaussian distribution . multivariate gaussian model . nearest neighbor search . nearest neighbors nearest neighbour . negative example negative examples . neural network neural networks . neural network learning . non-anomalous examples . nonlinear hypotheses . normal equation . normalized features . normalized representation . matrix matrices . ocr problem . online learning . optimal solutio""]",bert,,sentence-transformers/all-mpnet-base-v2
5,anomaly detection,anomaly detection,"[""activation function . activation values . adaboost . agglomerative clustering . anomalous example anomalous examples . anomaly detection . back prop back propagation . batch gradient descent . bayesian approach . bayesian inference . bias problem . bias unit bias units . bias variance trade-off bias variance tradeoff . big data sets large data sets large datasets . binary classification . boosting algorithm . character recognition . character segmentation . classification accuracy . classificati""]",bert,,sentence-transformers/all-mpnet-base-v2
6,back prop,back prop::;back propagation,"[""activation function . activation values . adaboost . agglomerative clustering . anomalous example anomalous examples . anomaly detection . back prop back propagation . batch gradient descent . bayesian approach . bayesian inference . bias problem . bias unit bias units . bias variance trade-off bias variance tradeoff . big data sets large data sets large datasets . binary classification . boosting algorithm . character recognition . character segmentation . classification accuracy . classificati""]",bert,,sentence-transformers/all-mpnet-base-v2
7,batch gradient descent,batch gradient descent,"[""activation function . activation values . adaboost . agglomerative clustering . anomalous example anomalous examples . anomaly detection . back prop back propagation . batch gradient descent . bayesian approach . bayesian inference . bias problem . bias unit bias units . bias variance trade-off bias variance tradeoff . big data sets large data sets large datasets . binary classification . boosting algorithm . character recognition . character segmentation . classification accuracy . classificati"", ""k means k-means . k nearest neighbors k-nearest neighbor k-nearest neighbors . k-means objective . kernel function . kernel regression . l1 penalty . labeled data . large margin classifier . lasso regression . latent dirichlet allocation lda model . learning curve learning curves . learning method learning methods learning model learning algorithm learning algorithms . learning problem learning problems learning task . learning rate . learning system . least squares . likelihood function . linea""]",bert,,sentence-transformers/all-mpnet-base-v2
8,bayesian approach,bayesian approach,"[""activation function . activation values . adaboost . agglomerative clustering . anomalous example anomalous examples . anomaly detection . back prop back propagation . batch gradient descent . bayesian approach . bayesian inference . bias problem . bias unit bias units . bias variance trade-off bias variance tradeoff . big data sets large data sets large datasets . binary classification . boosting algorithm . character recognition . character segmentation . classification accuracy . classificati""]",bert,,sentence-transformers/all-mpnet-base-v2
9,bayesian inference,bayesian inference,"[""activation function . activation values . adaboost . agglomerative clustering . anomalous example anomalous examples . anomaly detection . back prop back propagation . batch gradient descent . bayesian approach . bayesian inference . bias problem . bias unit bias units . bias variance trade-off bias variance tradeoff . big data sets large data sets large datasets . binary classification . boosting algorithm . character recognition . character segmentation . classification accuracy . classificati""]",bert,,sentence-transformers/all-mpnet-base-v2
10,bias problem,bias problem,"[""activation function . activation values . adaboost . agglomerative clustering . anomalous example anomalous examples . anomaly detection . back prop back propagation . batch gradient descent . bayesian approach . bayesian inference . bias problem . bias unit bias units . bias variance trade-off bias variance tradeoff . big data sets large data sets large datasets . binary classification . boosting algorithm . character recognition . character segmentation . classification accuracy . classificati""]",bert,,sentence-transformers/all-mpnet-base-v2
11,bias unit,bias unit::;bias units,"[""activation function . activation values . adaboost . agglomerative clustering . anomalous example anomalous examples . anomaly detection . back prop back propagation . batch gradient descent . bayesian approach . bayesian inference . bias problem . bias unit bias units . bias variance trade-off bias variance tradeoff . big data sets large data sets large datasets . binary classification . boosting algorithm . character recognition . character segmentation . classification accuracy . classificati""]",bert,,sentence-transformers/all-mpnet-base-v2
12,bias variance trade-off,bias variance trade-off::;bias variance tradeoff,"[""activation function . activation values . adaboost . agglomerative clustering . anomalous example anomalous examples . anomaly detection . back prop back propagation . batch gradient descent . bayesian approach . bayesian inference . bias problem . bias unit bias units . bias variance trade-off bias variance tradeoff . big data sets large data sets large datasets . binary classification . boosting algorithm . character recognition . character segmentation . classification accuracy . classificati""]",bert,,sentence-transformers/all-mpnet-base-v2
13,big data sets,big data sets::;large data sets::;large datasets,"[""activation function . activation values . adaboost . agglomerative clustering . anomalous example anomalous examples . anomaly detection . back prop back propagation . batch gradient descent . bayesian approach . bayesian inference . bias problem . bias unit bias units . bias variance trade-off bias variance tradeoff . big data sets large data sets large datasets . binary classification . boosting algorithm . character recognition . character segmentation . classification accuracy . classificati""]",bert,,sentence-transformers/all-mpnet-base-v2
14,binary classification,binary classification,"[""activation function . activation values . adaboost . agglomerative clustering . anomalous example anomalous examples . anomaly detection . back prop back propagation . batch gradient descent . bayesian approach . bayesian inference . bias problem . bias unit bias units . bias variance trade-off bias variance tradeoff . big data sets large data sets large datasets . binary classification . boosting algorithm . character recognition . character segmentation . classification accuracy . classificati""]",bert,,sentence-transformers/all-mpnet-base-v2
15,boosting algorithm,boosting algorithm,"[""activation function . activation values . adaboost . agglomerative clustering . anomalous example anomalous examples . anomaly detection . back prop back propagation . batch gradient descent . bayesian approach . bayesian inference . bias problem . bias unit bias units . bias variance trade-off bias variance tradeoff . big data sets large data sets large datasets . binary classification . boosting algorithm . character recognition . character segmentation . classification accuracy . classificati""]",bert,,sentence-transformers/all-mpnet-base-v2
16,character recognition,character recognition,"[""activation function . activation values . adaboost . agglomerative clustering . anomalous example anomalous examples . anomaly detection . back prop back propagation . batch gradient descent . bayesian approach . bayesian inference . bias problem . bias unit bias units . bias variance trade-off bias variance tradeoff . big data sets large data sets large datasets . binary classification . boosting algorithm . character recognition . character segmentation . classification accuracy . classificati""]",bert,,sentence-transformers/all-mpnet-base-v2
17,character segmentation,character segmentation,"[""activation function . activation values . adaboost . agglomerative clustering . anomalous example anomalous examples . anomaly detection . back prop back propagation . batch gradient descent . bayesian approach . bayesian inference . bias problem . bias unit bias units . bias variance trade-off bias variance tradeoff . big data sets large data sets large datasets . binary classification . boosting algorithm . character recognition . character segmentation . classification accuracy . classificati""]",bert,,sentence-transformers/all-mpnet-base-v2
18,classification accuracy,classification accuracy,"[""activation function . activation values . adaboost . agglomerative clustering . anomalous example anomalous examples . anomaly detection . back prop back propagation . batch gradient descent . bayesian approach . bayesian inference . bias problem . bias unit bias units . bias variance trade-off bias variance tradeoff . big data sets large data sets large datasets . binary classification . boosting algorithm . character recognition . character segmentation . classification accuracy . classificati""]",bert,,sentence-transformers/all-mpnet-base-v2
19,classification approach,classification approach::;classification model::;classification algorithm,"[""activation function . activation values . adaboost . agglomerative clustering . anomalous example anomalous examples . anomaly detection . back prop back propagation . batch gradient descent . bayesian approach . bayesian inference . bias problem . bias unit bias units . bias variance trade-off bias variance tradeoff . big data sets large data sets large datasets . binary classification . boosting algorithm . character recognition . character segmentation . classification accuracy . classificati""]",bert,,sentence-transformers/all-mpnet-base-v2
20,classification error,classification error,"[""activation function . activation values . adaboost . agglomerative clustering . anomalous example anomalous examples . anomaly detection . back prop back propagation . batch gradient descent . bayesian approach . bayesian inference . bias problem . bias unit bias units . bias variance trade-off bias variance tradeoff . big data sets large data sets large datasets . binary classification . boosting algorithm . character recognition . character segmentation . classification accuracy . classificati"", ""k means k-means . k nearest neighbors k-nearest neighbor k-nearest neighbors . k-means objective . kernel function . kernel regression . l1 penalty . labeled data . large margin classifier . lasso regression . latent dirichlet allocation lda model . learning curve learning curves . learning method learning methods learning model learning algorithm learning algorithms . learning problem learning problems learning task . learning rate . learning system . least squares . likelihood function . linea""]",bert,,sentence-transformers/all-mpnet-base-v2
21,classification problem,classification problem::;classification problems::;classification task,"[""activation function . activation values . adaboost . agglomerative clustering . anomalous example anomalous examples . anomaly detection . back prop back propagation . batch gradient descent . bayesian approach . bayesian inference . bias problem . bias unit bias units . bias variance trade-off bias variance tradeoff . big data sets large data sets large datasets . binary classification . boosting algorithm . character recognition . character segmentation . classification accuracy . classificati""]",bert,,sentence-transformers/all-mpnet-base-v2
22,cluster center,cluster center::;cluster centers::;cluster centroid::;cluster centroids,"[""activation function . activation values . adaboost . agglomerative clustering . anomalous example anomalous examples . anomaly detection . back prop back propagation . batch gradient descent . bayesian approach . bayesian inference . bias problem . bias unit bias units . bias variance trade-off bias variance tradeoff . big data sets large data sets large datasets . binary classification . boosting algorithm . character recognition . character segmentation . classification accuracy . classificati""]",bert,,sentence-transformers/all-mpnet-base-v2
23,cluster,cluster::;clusters,"[""activation function . activation values . adaboost . agglomerative clustering . anomalous example anomalous examples . anomaly detection . back prop back propagation . batch gradient descent . bayesian approach . bayesian inference . bias problem . bias unit bias units . bias variance trade-off bias variance tradeoff . big data sets large data sets large datasets . binary classification . boosting algorithm . character recognition . character segmentation . classification accuracy . classificati"", ""dimensionality reduction . document retrieval . early stopping . error analysis . error cost function . estimated parameters . evaluation metrics . expectation maximization . f1 score . face detection . false negative false negatives . false positives . feature engineering . feature extraction feature extractor . feature scaling . feature selection . feature space . feature vector feature vectors . forward propagation . gaussian density gaussian probability density gaussian distribution normal d""]",bert,,sentence-transformers/all-mpnet-base-v2
24,clustering algorithm,clustering algorithm::;clustering model,"[""activation function . activation values . adaboost . agglomerative clustering . anomalous example anomalous examples . anomaly detection . back prop back propagation . batch gradient descent . bayesian approach . bayesian inference . bias problem . bias unit bias units . bias variance trade-off bias variance tradeoff . big data sets large data sets large datasets . binary classification . boosting algorithm . character recognition . character segmentation . classification accuracy . classificati""]",bert,,sentence-transformers/all-mpnet-base-v2
25,collaborative filtering,collaborative filtering,"[""activation function . activation values . adaboost . agglomerative clustering . anomalous example anomalous examples . anomaly detection . back prop back propagation . batch gradient descent . bayesian approach . bayesian inference . bias problem . bias unit bias units . bias variance trade-off bias variance tradeoff . big data sets large data sets large datasets . binary classification . boosting algorithm . character recognition . character segmentation . classification accuracy . classificati""]",bert,,sentence-transformers/all-mpnet-base-v2
26,features,features::;feature,"[""activation function . activation values . adaboost . agglomerative clustering . anomalous example anomalous examples . anomaly detection . back prop back propagation . batch gradient descent . bayesian approach . bayesian inference . bias problem . bias unit bias units . bias variance trade-off bias variance tradeoff . big data sets large data sets large datasets . binary classification . boosting algorithm . character recognition . character segmentation . classification accuracy . classificati"", ""dimensionality reduction . document retrieval . early stopping . error analysis . error cost function . estimated parameters . evaluation metrics . expectation maximization . f1 score . face detection . false negative false negatives . false positives . feature engineering . feature extraction feature extractor . feature scaling . feature selection . feature space . feature vector feature vectors . forward propagation . gaussian density gaussian probability density gaussian distribution normal d"", ""model parameters . model selection . multi-class classification multiclass classification . multivariate gaussian distribution . multivariate gaussian model . nearest neighbor search . nearest neighbors nearest neighbour . negative example negative examples . neural network neural networks . neural network learning . non-anomalous examples . nonlinear hypotheses . normal equation . normalized features . normalized representation . matrix matrices . ocr problem . online learning . optimal solutio""]",bert,,sentence-transformers/all-mpnet-base-v2
27,computer vision,computer vision,"[""activation function . activation values . adaboost . agglomerative clustering . anomalous example anomalous examples . anomaly detection . back prop back propagation . batch gradient descent . bayesian approach . bayesian inference . bias problem . bias unit bias units . bias variance trade-off bias variance tradeoff . big data sets large data sets large datasets . binary classification . boosting algorithm . character recognition . character segmentation . classification accuracy . classificati""]",bert,,sentence-transformers/all-mpnet-base-v2
28,concave function,concave function,"[""activation function . activation values . adaboost . agglomerative clustering . anomalous example anomalous examples . anomaly detection . back prop back propagation . batch gradient descent . bayesian approach . bayesian inference . bias problem . bias unit bias units . bias variance trade-off bias variance tradeoff . big data sets large data sets large datasets . binary classification . boosting algorithm . character recognition . character segmentation . classification accuracy . classificati""]",bert,,sentence-transformers/all-mpnet-base-v2
29,conditional distribution,conditional distribution,"[""activation function . activation values . adaboost . agglomerative clustering . anomalous example anomalous examples . anomaly detection . back prop back propagation . batch gradient descent . bayesian approach . bayesian inference . bias problem . bias unit bias units . bias variance trade-off bias variance tradeoff . big data sets large data sets large datasets . binary classification . boosting algorithm . character recognition . character segmentation . classification accuracy . classificati""]",bert,,sentence-transformers/all-mpnet-base-v2
30,conditional probabilities,conditional probabilities,"[""activation function . activation values . adaboost . agglomerative clustering . anomalous example anomalous examples . anomaly detection . back prop back propagation . batch gradient descent . bayesian approach . bayesian inference . bias problem . bias unit bias units . bias variance trade-off bias variance tradeoff . big data sets large data sets large datasets . binary classification . boosting algorithm . character recognition . character segmentation . classification accuracy . classificati""]",bert,,sentence-transformers/all-mpnet-base-v2
31,confusion matrix,confusion matrix,"[""activation function . activation values . adaboost . agglomerative clustering . anomalous example anomalous examples . anomaly detection . back prop back propagation . batch gradient descent . bayesian approach . bayesian inference . bias problem . bias unit bias units . bias variance trade-off bias variance tradeoff . big data sets large data sets large datasets . binary classification . boosting algorithm . character recognition . character segmentation . classification accuracy . classificati""]",bert,,sentence-transformers/all-mpnet-base-v2
32,conjugate gradient,conjugate gradient,"[""activation function . activation values . adaboost . agglomerative clustering . anomalous example anomalous examples . anomaly detection . back prop back propagation . batch gradient descent . bayesian approach . bayesian inference . bias problem . bias unit bias units . bias variance trade-off bias variance tradeoff . big data sets large data sets large datasets . binary classification . boosting algorithm . character recognition . character segmentation . classification accuracy . classificati""]",bert,,sentence-transformers/all-mpnet-base-v2
33,convergence test,convergence test,"[""activation function . activation values . adaboost . agglomerative clustering . anomalous example anomalous examples . anomaly detection . back prop back propagation . batch gradient descent . bayesian approach . bayesian inference . bias problem . bias unit bias units . bias variance trade-off bias variance tradeoff . big data sets large data sets large datasets . binary classification . boosting algorithm . character recognition . character segmentation . classification accuracy . classificati""]",bert,,sentence-transformers/all-mpnet-base-v2
34,convex function,convex function::;convex functions,"[""activation function . activation values . adaboost . agglomerative clustering . anomalous example anomalous examples . anomaly detection . back prop back propagation . batch gradient descent . bayesian approach . bayesian inference . bias problem . bias unit bias units . bias variance trade-off bias variance tradeoff . big data sets large data sets large datasets . binary classification . boosting algorithm . character recognition . character segmentation . classification accuracy . classificati""]",bert,,sentence-transformers/all-mpnet-base-v2
35,coordinate descent,coordinate descent,"[""activation function . activation values . adaboost . agglomerative clustering . anomalous example anomalous examples . anomaly detection . back prop back propagation . batch gradient descent . bayesian approach . bayesian inference . bias problem . bias unit bias units . bias variance trade-off bias variance tradeoff . big data sets large data sets large datasets . binary classification . boosting algorithm . character recognition . character segmentation . classification accuracy . classificati""]",bert,,sentence-transformers/all-mpnet-base-v2
36,covariance matrix,covariance matrix,"[""activation function . activation values . adaboost . agglomerative clustering . anomalous example anomalous examples . anomaly detection . back prop back propagation . batch gradient descent . bayesian approach . bayesian inference . bias problem . bias unit bias units . bias variance trade-off bias variance tradeoff . big data sets large data sets large datasets . binary classification . boosting algorithm . character recognition . character segmentation . classification accuracy . classificati""]",bert,,sentence-transformers/all-mpnet-base-v2
37,cross validation,cross validation,"[""activation function . activation values . adaboost . agglomerative clustering . anomalous example anomalous examples . anomaly detection . back prop back propagation . batch gradient descent . bayesian approach . bayesian inference . bias problem . bias unit bias units . bias variance trade-off bias variance tradeoff . big data sets large data sets large datasets . binary classification . boosting algorithm . character recognition . character segmentation . classification accuracy . classificati""]",bert,,sentence-transformers/all-mpnet-base-v2
38,cross validation error,cross validation error::;cross-validation error,"[""activation function . activation values . adaboost . agglomerative clustering . anomalous example anomalous examples . anomaly detection . back prop back propagation . batch gradient descent . bayesian approach . bayesian inference . bias problem . bias unit bias units . bias variance trade-off bias variance tradeoff . big data sets large data sets large datasets . binary classification . boosting algorithm . character recognition . character segmentation . classification accuracy . classificati""]",bert,,sentence-transformers/all-mpnet-base-v2
39,cross validation sets,cross validation sets,"[""activation function . activation values . adaboost . agglomerative clustering . anomalous example anomalous examples . anomaly detection . back prop back propagation . batch gradient descent . bayesian approach . bayesian inference . bias problem . bias unit bias units . bias variance trade-off bias variance tradeoff . big data sets large data sets large datasets . binary classification . boosting algorithm . character recognition . character segmentation . classification accuracy . classificati""]",bert,,sentence-transformers/all-mpnet-base-v2
40,data representation,data representation,"[""activation function . activation values . adaboost . agglomerative clustering . anomalous example anomalous examples . anomaly detection . back prop back propagation . batch gradient descent . bayesian approach . bayesian inference . bias problem . bias unit bias units . bias variance trade-off bias variance tradeoff . big data sets large data sets large datasets . binary classification . boosting algorithm . character recognition . character segmentation . classification accuracy . classificati""]",bert,,sentence-transformers/all-mpnet-base-v2
41,data set,data set::;data sets,"[""activation function . activation values . adaboost . agglomerative clustering . anomalous example anomalous examples . anomaly detection . back prop back propagation . batch gradient descent . bayesian approach . bayesian inference . bias problem . bias unit bias units . bias variance trade-off bias variance tradeoff . big data sets large data sets large datasets . binary classification . boosting algorithm . character recognition . character segmentation . classification accuracy . classificati"", ""regression coefficients . regression function . regression model regression models . regression problem . regularization . regularized linear regression . regularized logistic regression . sentiment analysis . sentiment classifier . sigmoid function . spam filtering spam classifier . square distances squared distance . square matrix . square projection error squared projection error . squared error . standard deviation . standard least squares . stochastic gradient algorithm stochastic gradient ""]",bert,,sentence-transformers/all-mpnet-base-v2
42,decision boundaries,decision boundaries::;decision boundary,"[""activation function . activation values . adaboost . agglomerative clustering . anomalous example anomalous examples . anomaly detection . back prop back propagation . batch gradient descent . bayesian approach . bayesian inference . bias problem . bias unit bias units . bias variance trade-off bias variance tradeoff . big data sets large data sets large datasets . binary classification . boosting algorithm . character recognition . character segmentation . classification accuracy . classificati""]",bert,,sentence-transformers/all-mpnet-base-v2
43,decision stamp,decision stamp::;decision stumps,"[""activation function . activation values . adaboost . agglomerative clustering . anomalous example anomalous examples . anomaly detection . back prop back propagation . batch gradient descent . bayesian approach . bayesian inference . bias problem . bias unit bias units . bias variance trade-off bias variance tradeoff . big data sets large data sets large datasets . binary classification . boosting algorithm . character recognition . character segmentation . classification accuracy . classificati""]",bert,,sentence-transformers/all-mpnet-base-v2
44,decision tree,decision tree::;decision trees,"[""activation function . activation values . adaboost . agglomerative clustering . anomalous example anomalous examples . anomaly detection . back prop back propagation . batch gradient descent . bayesian approach . bayesian inference . bias problem . bias unit bias units . bias variance trade-off bias variance tradeoff . big data sets large data sets large datasets . binary classification . boosting algorithm . character recognition . character segmentation . classification accuracy . classificati""]",bert,,sentence-transformers/all-mpnet-base-v2
45,deep features,deep features,"[""activation function . activation values . adaboost . agglomerative clustering . anomalous example anomalous examples . anomaly detection . back prop back propagation . batch gradient descent . bayesian approach . bayesian inference . bias problem . bias unit bias units . bias variance trade-off bias variance tradeoff . big data sets large data sets large datasets . binary classification . boosting algorithm . character recognition . character segmentation . classification accuracy . classificati""]",bert,,sentence-transformers/all-mpnet-base-v2
46,deep learning,deep learning,"[""activation function . activation values . adaboost . agglomerative clustering . anomalous example anomalous examples . anomaly detection . back prop back propagation . batch gradient descent . bayesian approach . bayesian inference . bias problem . bias unit bias units . bias variance trade-off bias variance tradeoff . big data sets large data sets large datasets . binary classification . boosting algorithm . character recognition . character segmentation . classification accuracy . classificati""]",bert,,sentence-transformers/all-mpnet-base-v2
47,deep neural network,deep neural network::;deep neural networks,"[""activation function . activation values . adaboost . agglomerative clustering . anomalous example anomalous examples . anomaly detection . back prop back propagation . batch gradient descent . bayesian approach . bayesian inference . bias problem . bias unit bias units . bias variance trade-off bias variance tradeoff . big data sets large data sets large datasets . binary classification . boosting algorithm . character recognition . character segmentation . classification accuracy . classificati""]",bert,,sentence-transformers/all-mpnet-base-v2
48,derivative term,derivative term::;derivative terms,"[""activation function . activation values . adaboost . agglomerative clustering . anomalous example anomalous examples . anomaly detection . back prop back propagation . batch gradient descent . bayesian approach . bayesian inference . bias problem . bias unit bias units . bias variance trade-off bias variance tradeoff . big data sets large data sets large datasets . binary classification . boosting algorithm . character recognition . character segmentation . classification accuracy . classificati""]",bert,,sentence-transformers/all-mpnet-base-v2
49,design matrix,design matrix,"[""activation function . activation values . adaboost . agglomerative clustering . anomalous example anomalous examples . anomaly detection . back prop back propagation . batch gradient descent . bayesian approach . bayesian inference . bias problem . bias unit bias units . bias variance trade-off bias variance tradeoff . big data sets large data sets large datasets . binary classification . boosting algorithm . character recognition . character segmentation . classification accuracy . classificati""]",bert,,sentence-transformers/all-mpnet-base-v2
50,dimensionality reduction,dimensionality reduction,"[""dimensionality reduction . document retrieval . early stopping . error analysis . error cost function . estimated parameters . evaluation metrics . expectation maximization . f1 score . face detection . false negative false negatives . false positives . feature engineering . feature extraction feature extractor . feature scaling . feature selection . feature space . feature vector feature vectors . forward propagation . gaussian density gaussian probability density gaussian distribution normal d""]",bert,,sentence-transformers/all-mpnet-base-v2
51,document retrieval,document retrieval,"[""dimensionality reduction . document retrieval . early stopping . error analysis . error cost function . estimated parameters . evaluation metrics . expectation maximization . f1 score . face detection . false negative false negatives . false positives . feature engineering . feature extraction feature extractor . feature scaling . feature selection . feature space . feature vector feature vectors . forward propagation . gaussian density gaussian probability density gaussian distribution normal d""]",bert,,sentence-transformers/all-mpnet-base-v2
52,early stopping,early stopping,"[""dimensionality reduction . document retrieval . early stopping . error analysis . error cost function . estimated parameters . evaluation metrics . expectation maximization . f1 score . face detection . false negative false negatives . false positives . feature engineering . feature extraction feature extractor . feature scaling . feature selection . feature space . feature vector feature vectors . forward propagation . gaussian density gaussian probability density gaussian distribution normal d""]",bert,,sentence-transformers/all-mpnet-base-v2
53,error analysis,error analysis,"[""dimensionality reduction . document retrieval . early stopping . error analysis . error cost function . estimated parameters . evaluation metrics . expectation maximization . f1 score . face detection . false negative false negatives . false positives . feature engineering . feature extraction feature extractor . feature scaling . feature selection . feature space . feature vector feature vectors . forward propagation . gaussian density gaussian probability density gaussian distribution normal d""]",bert,,sentence-transformers/all-mpnet-base-v2
54,error cost function,error cost function,"[""dimensionality reduction . document retrieval . early stopping . error analysis . error cost function . estimated parameters . evaluation metrics . expectation maximization . f1 score . face detection . false negative false negatives . false positives . feature engineering . feature extraction feature extractor . feature scaling . feature selection . feature space . feature vector feature vectors . forward propagation . gaussian density gaussian probability density gaussian distribution normal d""]",bert,,sentence-transformers/all-mpnet-base-v2
55,estimated parameters,estimated parameters,"[""dimensionality reduction . document retrieval . early stopping . error analysis . error cost function . estimated parameters . evaluation metrics . expectation maximization . f1 score . face detection . false negative false negatives . false positives . feature engineering . feature extraction feature extractor . feature scaling . feature selection . feature space . feature vector feature vectors . forward propagation . gaussian density gaussian probability density gaussian distribution normal d""]",bert,,sentence-transformers/all-mpnet-base-v2
56,evaluation metrics,evaluation metrics,"[""dimensionality reduction . document retrieval . early stopping . error analysis . error cost function . estimated parameters . evaluation metrics . expectation maximization . f1 score . face detection . false negative false negatives . false positives . feature engineering . feature extraction feature extractor . feature scaling . feature selection . feature space . feature vector feature vectors . forward propagation . gaussian density gaussian probability density gaussian distribution normal d""]",bert,,sentence-transformers/all-mpnet-base-v2
57,expectation maximization,expectation maximization,"[""dimensionality reduction . document retrieval . early stopping . error analysis . error cost function . estimated parameters . evaluation metrics . expectation maximization . f1 score . face detection . false negative false negatives . false positives . feature engineering . feature extraction feature extractor . feature scaling . feature selection . feature space . feature vector feature vectors . forward propagation . gaussian density gaussian probability density gaussian distribution normal d""]",bert,,sentence-transformers/all-mpnet-base-v2
58,f1 score,f1 score,"[""dimensionality reduction . document retrieval . early stopping . error analysis . error cost function . estimated parameters . evaluation metrics . expectation maximization . f1 score . face detection . false negative false negatives . false positives . feature engineering . feature extraction feature extractor . feature scaling . feature selection . feature space . feature vector feature vectors . forward propagation . gaussian density gaussian probability density gaussian distribution normal d""]",bert,,sentence-transformers/all-mpnet-base-v2
59,face detection,face detection,"[""dimensionality reduction . document retrieval . early stopping . error analysis . error cost function . estimated parameters . evaluation metrics . expectation maximization . f1 score . face detection . false negative false negatives . false positives . feature engineering . feature extraction feature extractor . feature scaling . feature selection . feature space . feature vector feature vectors . forward propagation . gaussian density gaussian probability density gaussian distribution normal d""]",bert,,sentence-transformers/all-mpnet-base-v2
60,false negative,false negative::;false negatives,"[""dimensionality reduction . document retrieval . early stopping . error analysis . error cost function . estimated parameters . evaluation metrics . expectation maximization . f1 score . face detection . false negative false negatives . false positives . feature engineering . feature extraction feature extractor . feature scaling . feature selection . feature space . feature vector feature vectors . forward propagation . gaussian density gaussian probability density gaussian distribution normal d""]",bert,,sentence-transformers/all-mpnet-base-v2
61,false positives,false positives,"[""dimensionality reduction . document retrieval . early stopping . error analysis . error cost function . estimated parameters . evaluation metrics . expectation maximization . f1 score . face detection . false negative false negatives . false positives . feature engineering . feature extraction feature extractor . feature scaling . feature selection . feature space . feature vector feature vectors . forward propagation . gaussian density gaussian probability density gaussian distribution normal d""]",bert,,sentence-transformers/all-mpnet-base-v2
62,feature engineering,feature engineering,"[""dimensionality reduction . document retrieval . early stopping . error analysis . error cost function . estimated parameters . evaluation metrics . expectation maximization . f1 score . face detection . false negative false negatives . false positives . feature engineering . feature extraction feature extractor . feature scaling . feature selection . feature space . feature vector feature vectors . forward propagation . gaussian density gaussian probability density gaussian distribution normal d""]",bert,,sentence-transformers/all-mpnet-base-v2
63,feature extraction,feature extraction::;feature extractor,"[""dimensionality reduction . document retrieval . early stopping . error analysis . error cost function . estimated parameters . evaluation metrics . expectation maximization . f1 score . face detection . false negative false negatives . false positives . feature engineering . feature extraction feature extractor . feature scaling . feature selection . feature space . feature vector feature vectors . forward propagation . gaussian density gaussian probability density gaussian distribution normal d""]",bert,,sentence-transformers/all-mpnet-base-v2
64,feature scaling,feature scaling,"[""dimensionality reduction . document retrieval . early stopping . error analysis . error cost function . estimated parameters . evaluation metrics . expectation maximization . f1 score . face detection . false negative false negatives . false positives . feature engineering . feature extraction feature extractor . feature scaling . feature selection . feature space . feature vector feature vectors . forward propagation . gaussian density gaussian probability density gaussian distribution normal d""]",bert,,sentence-transformers/all-mpnet-base-v2
65,feature selection,feature selection,"[""dimensionality reduction . document retrieval . early stopping . error analysis . error cost function . estimated parameters . evaluation metrics . expectation maximization . f1 score . face detection . false negative false negatives . false positives . feature engineering . feature extraction feature extractor . feature scaling . feature selection . feature space . feature vector feature vectors . forward propagation . gaussian density gaussian probability density gaussian distribution normal d""]",bert,,sentence-transformers/all-mpnet-base-v2
66,feature space,feature space,"[""dimensionality reduction . document retrieval . early stopping . error analysis . error cost function . estimated parameters . evaluation metrics . expectation maximization . f1 score . face detection . false negative false negatives . false positives . feature engineering . feature extraction feature extractor . feature scaling . feature selection . feature space . feature vector feature vectors . forward propagation . gaussian density gaussian probability density gaussian distribution normal d""]",bert,,sentence-transformers/all-mpnet-base-v2
67,feature vector,feature vector::;feature vectors,"[""dimensionality reduction . document retrieval . early stopping . error analysis . error cost function . estimated parameters . evaluation metrics . expectation maximization . f1 score . face detection . false negative false negatives . false positives . feature engineering . feature extraction feature extractor . feature scaling . feature selection . feature space . feature vector feature vectors . forward propagation . gaussian density gaussian probability density gaussian distribution normal d""]",bert,,sentence-transformers/all-mpnet-base-v2
68,forward propagation,forward propagation,"[""dimensionality reduction . document retrieval . early stopping . error analysis . error cost function . estimated parameters . evaluation metrics . expectation maximization . f1 score . face detection . false negative false negatives . false positives . feature engineering . feature extraction feature extractor . feature scaling . feature selection . feature space . feature vector feature vectors . forward propagation . gaussian density gaussian probability density gaussian distribution normal d""]",bert,,sentence-transformers/all-mpnet-base-v2
69,gaussian density,gaussian density::;gaussian probability density::;gaussian distribution::;normal distribution,"[""dimensionality reduction . document retrieval . early stopping . error analysis . error cost function . estimated parameters . evaluation metrics . expectation maximization . f1 score . face detection . false negative false negatives . false positives . feature engineering . feature extraction feature extractor . feature scaling . feature selection . feature space . feature vector feature vectors . forward propagation . gaussian density gaussian probability density gaussian distribution normal d"", ""model parameters . model selection . multi-class classification multiclass classification . multivariate gaussian distribution . multivariate gaussian model . nearest neighbor search . nearest neighbors nearest neighbour . negative example negative examples . neural network neural networks . neural network learning . non-anomalous examples . nonlinear hypotheses . normal equation . normalized features . normalized representation . matrix matrices . ocr problem . online learning . optimal solutio""]",bert,,sentence-transformers/all-mpnet-base-v2
70,gaussian kernel,gaussian kernel,"[""dimensionality reduction . document retrieval . early stopping . error analysis . error cost function . estimated parameters . evaluation metrics . expectation maximization . f1 score . face detection . false negative false negatives . false positives . feature engineering . feature extraction feature extractor . feature scaling . feature selection . feature space . feature vector feature vectors . forward propagation . gaussian density gaussian probability density gaussian distribution normal d""]",bert,,sentence-transformers/all-mpnet-base-v2
71,gaussian model,gaussian model,"[""dimensionality reduction . document retrieval . early stopping . error analysis . error cost function . estimated parameters . evaluation metrics . expectation maximization . f1 score . face detection . false negative false negatives . false positives . feature engineering . feature extraction feature extractor . feature scaling . feature selection . feature space . feature vector feature vectors . forward propagation . gaussian density gaussian probability density gaussian distribution normal d"", ""model parameters . model selection . multi-class classification multiclass classification . multivariate gaussian distribution . multivariate gaussian model . nearest neighbor search . nearest neighbors nearest neighbour . negative example negative examples . neural network neural networks . neural network learning . non-anomalous examples . nonlinear hypotheses . normal equation . normalized features . normalized representation . matrix matrices . ocr problem . online learning . optimal solutio""]",bert,,sentence-transformers/all-mpnet-base-v2
72,gaussian random variable,gaussian random variable,"[""dimensionality reduction . document retrieval . early stopping . error analysis . error cost function . estimated parameters . evaluation metrics . expectation maximization . f1 score . face detection . false negative false negatives . false positives . feature engineering . feature extraction feature extractor . feature scaling . feature selection . feature space . feature vector feature vectors . forward propagation . gaussian density gaussian probability density gaussian distribution normal d""]",bert,,sentence-transformers/all-mpnet-base-v2
73,generalization error,generalization error,"[""dimensionality reduction . document retrieval . early stopping . error analysis . error cost function . estimated parameters . evaluation metrics . expectation maximization . f1 score . face detection . false negative false negatives . false positives . feature engineering . feature extraction feature extractor . feature scaling . feature selection . feature space . feature vector feature vectors . forward propagation . gaussian density gaussian probability density gaussian distribution normal d""]",bert,,sentence-transformers/all-mpnet-base-v2
74,generalized linear models,generalized linear models,"[""dimensionality reduction . document retrieval . early stopping . error analysis . error cost function . estimated parameters . evaluation metrics . expectation maximization . f1 score . face detection . false negative false negatives . false positives . feature engineering . feature extraction feature extractor . feature scaling . feature selection . feature space . feature vector feature vectors . forward propagation . gaussian density gaussian probability density gaussian distribution normal d""]",bert,,sentence-transformers/all-mpnet-base-v2
75,gibbs sampler,gibbs sampler::;gibbs sampling,"[""dimensionality reduction . document retrieval . early stopping . error analysis . error cost function . estimated parameters . evaluation metrics . expectation maximization . f1 score . face detection . false negative false negatives . false positives . feature engineering . feature extraction feature extractor . feature scaling . feature selection . feature space . feature vector feature vectors . forward propagation . gaussian density gaussian probability density gaussian distribution normal d""]",bert,,sentence-transformers/all-mpnet-base-v2
76,global minimum,global minimum,"[""dimensionality reduction . document retrieval . early stopping . error analysis . error cost function . estimated parameters . evaluation metrics . expectation maximization . f1 score . face detection . false negative false negatives . false positives . feature engineering . feature extraction feature extractor . feature scaling . feature selection . feature space . feature vector feature vectors . forward propagation . gaussian density gaussian probability density gaussian distribution normal d""]",bert,,sentence-transformers/all-mpnet-base-v2
77,global optimum,global optimum,"[""dimensionality reduction . document retrieval . early stopping . error analysis . error cost function . estimated parameters . evaluation metrics . expectation maximization . f1 score . face detection . false negative false negatives . false positives . feature engineering . feature extraction feature extractor . feature scaling . feature selection . feature space . feature vector feature vectors . forward propagation . gaussian density gaussian probability density gaussian distribution normal d""]",bert,,sentence-transformers/all-mpnet-base-v2
78,gradient algorithm,gradient algorithm,"[""dimensionality reduction . document retrieval . early stopping . error analysis . error cost function . estimated parameters . evaluation metrics . expectation maximization . f1 score . face detection . false negative false negatives . false positives . feature engineering . feature extraction feature extractor . feature scaling . feature selection . feature space . feature vector feature vectors . forward propagation . gaussian density gaussian probability density gaussian distribution normal d"", ""regression coefficients . regression function . regression model regression models . regression problem . regularization . regularized linear regression . regularized logistic regression . sentiment analysis . sentiment classifier . sigmoid function . spam filtering spam classifier . square distances squared distance . square matrix . square projection error squared projection error . squared error . standard deviation . standard least squares . stochastic gradient algorithm stochastic gradient ""]",bert,,sentence-transformers/all-mpnet-base-v2
79,gradient ascent,gradient ascent,"[""dimensionality reduction . document retrieval . early stopping . error analysis . error cost function . estimated parameters . evaluation metrics . expectation maximization . f1 score . face detection . false negative false negatives . false positives . feature engineering . feature extraction feature extractor . feature scaling . feature selection . feature space . feature vector feature vectors . forward propagation . gaussian density gaussian probability density gaussian distribution normal d""]",bert,,sentence-transformers/all-mpnet-base-v2
80,gradient checking,gradient checking,"[""dimensionality reduction . document retrieval . early stopping . error analysis . error cost function . estimated parameters . evaluation metrics . expectation maximization . f1 score . face detection . false negative false negatives . false positives . feature engineering . feature extraction feature extractor . feature scaling . feature selection . feature space . feature vector feature vectors . forward propagation . gaussian density gaussian probability density gaussian distribution normal d""]",bert,,sentence-transformers/all-mpnet-base-v2
81,gradient descent,gradient descent,"[""activation function . activation values . adaboost . agglomerative clustering . anomalous example anomalous examples . anomaly detection . back prop back propagation . batch gradient descent . bayesian approach . bayesian inference . bias problem . bias unit bias units . bias variance trade-off bias variance tradeoff . big data sets large data sets large datasets . binary classification . boosting algorithm . character recognition . character segmentation . classification accuracy . classificati"", ""dimensionality reduction . document retrieval . early stopping . error analysis . error cost function . estimated parameters . evaluation metrics . expectation maximization . f1 score . face detection . false negative false negatives . false positives . feature engineering . feature extraction feature extractor . feature scaling . feature selection . feature space . feature vector feature vectors . forward propagation . gaussian density gaussian probability density gaussian distribution normal d"", ""k means k-means . k nearest neighbors k-nearest neighbor k-nearest neighbors . k-means objective . kernel function . kernel regression . l1 penalty . labeled data . large margin classifier . lasso regression . latent dirichlet allocation lda model . learning curve learning curves . learning method learning methods learning model learning algorithm learning algorithms . learning problem learning problems learning task . learning rate . learning system . least squares . likelihood function . linea""]",bert,,sentence-transformers/all-mpnet-base-v2
82,greedy algorithm,greedy algorithm::;greedy algorithms,"[""dimensionality reduction . document retrieval . early stopping . error analysis . error cost function . estimated parameters . evaluation metrics . expectation maximization . f1 score . face detection . false negative false negatives . false positives . feature engineering . feature extraction feature extractor . feature scaling . feature selection . feature space . feature vector feature vectors . forward propagation . gaussian density gaussian probability density gaussian distribution normal d""]",bert,,sentence-transformers/all-mpnet-base-v2
83,hidden layer,hidden layer::;hidden layers,"[""dimensionality reduction . document retrieval . early stopping . error analysis . error cost function . estimated parameters . evaluation metrics . expectation maximization . f1 score . face detection . false negative false negatives . false positives . feature engineering . feature extraction feature extractor . feature scaling . feature selection . feature space . feature vector feature vectors . forward propagation . gaussian density gaussian probability density gaussian distribution normal d""]",bert,,sentence-transformers/all-mpnet-base-v2
84,hidden unit,hidden unit::;hidden units,"[""dimensionality reduction . document retrieval . early stopping . error analysis . error cost function . estimated parameters . evaluation metrics . expectation maximization . f1 score . face detection . false negative false negatives . false positives . feature engineering . feature extraction feature extractor . feature scaling . feature selection . feature space . feature vector feature vectors . forward propagation . gaussian density gaussian probability density gaussian distribution normal d""]",bert,,sentence-transformers/all-mpnet-base-v2
85,hierarchical clustering,hierarchical clustering,"[""dimensionality reduction . document retrieval . early stopping . error analysis . error cost function . estimated parameters . evaluation metrics . expectation maximization . f1 score . face detection . false negative false negatives . false positives . feature engineering . feature extraction feature extractor . feature scaling . feature selection . feature space . feature vector feature vectors . forward propagation . gaussian density gaussian probability density gaussian distribution normal d""]",bert,,sentence-transformers/all-mpnet-base-v2
86,high order polynomial,high order polynomial::;high order polynomials,"[""dimensionality reduction . document retrieval . early stopping . error analysis . error cost function . estimated parameters . evaluation metrics . expectation maximization . f1 score . face detection . false negative false negatives . false positives . feature engineering . feature extraction feature extractor . feature scaling . feature selection . feature space . feature vector feature vectors . forward propagation . gaussian density gaussian probability density gaussian distribution normal d""]",bert,,sentence-transformers/all-mpnet-base-v2
87,precision,precision,"[""dimensionality reduction . document retrieval . early stopping . error analysis . error cost function . estimated parameters . evaluation metrics . expectation maximization . f1 score . face detection . false negative false negatives . false positives . feature engineering . feature extraction feature extractor . feature scaling . feature selection . feature space . feature vector feature vectors . forward propagation . gaussian density gaussian probability density gaussian distribution normal d"", ""model parameters . model selection . multi-class classification multiclass classification . multivariate gaussian distribution . multivariate gaussian model . nearest neighbor search . nearest neighbors nearest neighbour . negative example negative examples . neural network neural networks . neural network learning . non-anomalous examples . nonlinear hypotheses . normal equation . normalized features . normalized representation . matrix matrices . ocr problem . online learning . optimal solutio""]",bert,,sentence-transformers/all-mpnet-base-v2
88,recall,recall,"[""dimensionality reduction . document retrieval . early stopping . error analysis . error cost function . estimated parameters . evaluation metrics . expectation maximization . f1 score . face detection . false negative false negatives . false positives . feature engineering . feature extraction feature extractor . feature scaling . feature selection . feature space . feature vector feature vectors . forward propagation . gaussian density gaussian probability density gaussian distribution normal d"", ""model parameters . model selection . multi-class classification multiclass classification . multivariate gaussian distribution . multivariate gaussian model . nearest neighbor search . nearest neighbors nearest neighbour . negative example negative examples . neural network neural networks . neural network learning . non-anomalous examples . nonlinear hypotheses . normal equation . normalized features . normalized representation . matrix matrices . ocr problem . online learning . optimal solutio""]",bert,,sentence-transformers/all-mpnet-base-v2
89,hypothesis,hypothesis,"[""dimensionality reduction . document retrieval . early stopping . error analysis . error cost function . estimated parameters . evaluation metrics . expectation maximization . f1 score . face detection . false negative false negatives . false positives . feature engineering . feature extraction feature extractor . feature scaling . feature selection . feature space . feature vector feature vectors . forward propagation . gaussian density gaussian probability density gaussian distribution normal d""]",bert,,sentence-transformers/all-mpnet-base-v2
90,identity matrics,identity matrics::;identity matrix,"[""dimensionality reduction . document retrieval . early stopping . error analysis . error cost function . estimated parameters . evaluation metrics . expectation maximization . f1 score . face detection . false negative false negatives . false positives . feature engineering . feature extraction feature extractor . feature scaling . feature selection . feature space . feature vector feature vectors . forward propagation . gaussian density gaussian probability density gaussian distribution normal d""]",bert,,sentence-transformers/all-mpnet-base-v2
91,image classification,image classification,"[""dimensionality reduction . document retrieval . early stopping . error analysis . error cost function . estimated parameters . evaluation metrics . expectation maximization . f1 score . face detection . false negative false negatives . false positives . feature engineering . feature extraction feature extractor . feature scaling . feature selection . feature space . feature vector feature vectors . forward propagation . gaussian density gaussian probability density gaussian distribution normal d""]",bert,,sentence-transformers/all-mpnet-base-v2
92,image retrieval,image retrieval,"[""dimensionality reduction . document retrieval . early stopping . error analysis . error cost function . estimated parameters . evaluation metrics . expectation maximization . f1 score . face detection . false negative false negatives . false positives . feature engineering . feature extraction feature extractor . feature scaling . feature selection . feature space . feature vector feature vectors . forward propagation . gaussian density gaussian probability density gaussian distribution normal d""]",bert,,sentence-transformers/all-mpnet-base-v2
93,inner product,inner product::;inner products,"[""dimensionality reduction . document retrieval . early stopping . error analysis . error cost function . estimated parameters . evaluation metrics . expectation maximization . f1 score . face detection . false negative false negatives . false positives . feature engineering . feature extraction feature extractor . feature scaling . feature selection . feature space . feature vector feature vectors . forward propagation . gaussian density gaussian probability density gaussian distribution normal d""]",bert,,sentence-transformers/all-mpnet-base-v2
94,input data,input data,"[""dimensionality reduction . document retrieval . early stopping . error analysis . error cost function . estimated parameters . evaluation metrics . expectation maximization . f1 score . face detection . false negative false negatives . false positives . feature engineering . feature extraction feature extractor . feature scaling . feature selection . feature space . feature vector feature vectors . forward propagation . gaussian density gaussian probability density gaussian distribution normal d""]",bert,,sentence-transformers/all-mpnet-base-v2
95,input layer,input layer,"[""dimensionality reduction . document retrieval . early stopping . error analysis . error cost function . estimated parameters . evaluation metrics . expectation maximization . f1 score . face detection . false negative false negatives . false positives . feature engineering . feature extraction feature extractor . feature scaling . feature selection . feature space . feature vector feature vectors . forward propagation . gaussian density gaussian probability density gaussian distribution normal d""]",bert,,sentence-transformers/all-mpnet-base-v2
96,input space,input space,"[""dimensionality reduction . document retrieval . early stopping . error analysis . error cost function . estimated parameters . evaluation metrics . expectation maximization . f1 score . face detection . false negative false negatives . false positives . feature engineering . feature extraction feature extractor . feature scaling . feature selection . feature space . feature vector feature vectors . forward propagation . gaussian density gaussian probability density gaussian distribution normal d""]",bert,,sentence-transformers/all-mpnet-base-v2
97,input units,input units::;input wires,"[""dimensionality reduction . document retrieval . early stopping . error analysis . error cost function . estimated parameters . evaluation metrics . expectation maximization . f1 score . face detection . false negative false negatives . false positives . feature engineering . feature extraction feature extractor . feature scaling . feature selection . feature space . feature vector feature vectors . forward propagation . gaussian density gaussian probability density gaussian distribution normal d""]",bert,,sentence-transformers/all-mpnet-base-v2
98,iterative algorithm,iterative algorithm,"[""dimensionality reduction . document retrieval . early stopping . error analysis . error cost function . estimated parameters . evaluation metrics . expectation maximization . f1 score . face detection . false negative false negatives . false positives . feature engineering . feature extraction feature extractor . feature scaling . feature selection . feature space . feature vector feature vectors . forward propagation . gaussian density gaussian probability density gaussian distribution normal d""]",bert,,sentence-transformers/all-mpnet-base-v2
99,joint model probability,joint model probability,"[""dimensionality reduction . document retrieval . early stopping . error analysis . error cost function . estimated parameters . evaluation metrics . expectation maximization . f1 score . face detection . false negative false negatives . false positives . feature engineering . feature extraction feature extractor . feature scaling . feature selection . feature space . feature vector feature vectors . forward propagation . gaussian density gaussian probability density gaussian distribution normal d""]",bert,,sentence-transformers/all-mpnet-base-v2
100,k means,k means::;k-means,"[""k means k-means . k nearest neighbors k-nearest neighbor k-nearest neighbors . k-means objective . kernel function . kernel regression . l1 penalty . labeled data . large margin classifier . lasso regression . latent dirichlet allocation lda model . learning curve learning curves . learning method learning methods learning model learning algorithm learning algorithms . learning problem learning problems learning task . learning rate . learning system . least squares . likelihood function . linea""]",bert,,sentence-transformers/all-mpnet-base-v2
101,k nearest neighbors,k nearest neighbors::;k-nearest neighbor::;k-nearest neighbors,"[""k means k-means . k nearest neighbors k-nearest neighbor k-nearest neighbors . k-means objective . kernel function . kernel regression . l1 penalty . labeled data . large margin classifier . lasso regression . latent dirichlet allocation lda model . learning curve learning curves . learning method learning methods learning model learning algorithm learning algorithms . learning problem learning problems learning task . learning rate . learning system . least squares . likelihood function . linea""]",bert,,sentence-transformers/all-mpnet-base-v2
102,k-means objective,k-means objective,"[""k means k-means . k nearest neighbors k-nearest neighbor k-nearest neighbors . k-means objective . kernel function . kernel regression . l1 penalty . labeled data . large margin classifier . lasso regression . latent dirichlet allocation lda model . learning curve learning curves . learning method learning methods learning model learning algorithm learning algorithms . learning problem learning problems learning task . learning rate . learning system . least squares . likelihood function . linea""]",bert,,sentence-transformers/all-mpnet-base-v2
103,kernel function,kernel function,"[""k means k-means . k nearest neighbors k-nearest neighbor k-nearest neighbors . k-means objective . kernel function . kernel regression . l1 penalty . labeled data . large margin classifier . lasso regression . latent dirichlet allocation lda model . learning curve learning curves . learning method learning methods learning model learning algorithm learning algorithms . learning problem learning problems learning task . learning rate . learning system . least squares . likelihood function . linea""]",bert,,sentence-transformers/all-mpnet-base-v2
104,kernel regression,kernel regression,"[""k means k-means . k nearest neighbors k-nearest neighbor k-nearest neighbors . k-means objective . kernel function . kernel regression . l1 penalty . labeled data . large margin classifier . lasso regression . latent dirichlet allocation lda model . learning curve learning curves . learning method learning methods learning model learning algorithm learning algorithms . learning problem learning problems learning task . learning rate . learning system . least squares . likelihood function . linea""]",bert,,sentence-transformers/all-mpnet-base-v2
105,l1 penalty,l1 penalty,"[""k means k-means . k nearest neighbors k-nearest neighbor k-nearest neighbors . k-means objective . kernel function . kernel regression . l1 penalty . labeled data . large margin classifier . lasso regression . latent dirichlet allocation lda model . learning curve learning curves . learning method learning methods learning model learning algorithm learning algorithms . learning problem learning problems learning task . learning rate . learning system . least squares . likelihood function . linea""]",bert,,sentence-transformers/all-mpnet-base-v2
106,labeled data,labeled data,"[""k means k-means . k nearest neighbors k-nearest neighbor k-nearest neighbors . k-means objective . kernel function . kernel regression . l1 penalty . labeled data . large margin classifier . lasso regression . latent dirichlet allocation lda model . learning curve learning curves . learning method learning methods learning model learning algorithm learning algorithms . learning problem learning problems learning task . learning rate . learning system . least squares . likelihood function . linea""]",bert,,sentence-transformers/all-mpnet-base-v2
107,large margin classifier,large margin classifier,"[""k means k-means . k nearest neighbors k-nearest neighbor k-nearest neighbors . k-means objective . kernel function . kernel regression . l1 penalty . labeled data . large margin classifier . lasso regression . latent dirichlet allocation lda model . learning curve learning curves . learning method learning methods learning model learning algorithm learning algorithms . learning problem learning problems learning task . learning rate . learning system . least squares . likelihood function . linea""]",bert,,sentence-transformers/all-mpnet-base-v2
108,lasso regression,lasso regression,"[""k means k-means . k nearest neighbors k-nearest neighbor k-nearest neighbors . k-means objective . kernel function . kernel regression . l1 penalty . labeled data . large margin classifier . lasso regression . latent dirichlet allocation lda model . learning curve learning curves . learning method learning methods learning model learning algorithm learning algorithms . learning problem learning problems learning task . learning rate . learning system . least squares . likelihood function . linea""]",bert,,sentence-transformers/all-mpnet-base-v2
109,latent dirichlet allocation,latent dirichlet allocation::;lda model,"[""k means k-means . k nearest neighbors k-nearest neighbor k-nearest neighbors . k-means objective . kernel function . kernel regression . l1 penalty . labeled data . large margin classifier . lasso regression . latent dirichlet allocation lda model . learning curve learning curves . learning method learning methods learning model learning algorithm learning algorithms . learning problem learning problems learning task . learning rate . learning system . least squares . likelihood function . linea""]",bert,,sentence-transformers/all-mpnet-base-v2
110,learning curve,learning curve::;learning curves,"[""k means k-means . k nearest neighbors k-nearest neighbor k-nearest neighbors . k-means objective . kernel function . kernel regression . l1 penalty . labeled data . large margin classifier . lasso regression . latent dirichlet allocation lda model . learning curve learning curves . learning method learning methods learning model learning algorithm learning algorithms . learning problem learning problems learning task . learning rate . learning system . least squares . likelihood function . linea""]",bert,,sentence-transformers/all-mpnet-base-v2
111,learning method,learning method::;learning methods::;learning model::;learning algorithm::;learning algorithms,"[""k means k-means . k nearest neighbors k-nearest neighbor k-nearest neighbors . k-means objective . kernel function . kernel regression . l1 penalty . labeled data . large margin classifier . lasso regression . latent dirichlet allocation lda model . learning curve learning curves . learning method learning methods learning model learning algorithm learning algorithms . learning problem learning problems learning task . learning rate . learning system . least squares . likelihood function . linea""]",bert,,sentence-transformers/all-mpnet-base-v2
112,learning problem,learning problem::;learning problems::;learning task,"[""k means k-means . k nearest neighbors k-nearest neighbor k-nearest neighbors . k-means objective . kernel function . kernel regression . l1 penalty . labeled data . large margin classifier . lasso regression . latent dirichlet allocation lda model . learning curve learning curves . learning method learning methods learning model learning algorithm learning algorithms . learning problem learning problems learning task . learning rate . learning system . least squares . likelihood function . linea""]",bert,,sentence-transformers/all-mpnet-base-v2
113,learning rate,learning rate,"[""k means k-means . k nearest neighbors k-nearest neighbor k-nearest neighbors . k-means objective . kernel function . kernel regression . l1 penalty . labeled data . large margin classifier . lasso regression . latent dirichlet allocation lda model . learning curve learning curves . learning method learning methods learning model learning algorithm learning algorithms . learning problem learning problems learning task . learning rate . learning system . least squares . likelihood function . linea""]",bert,,sentence-transformers/all-mpnet-base-v2
114,learning system,learning system,"[""k means k-means . k nearest neighbors k-nearest neighbor k-nearest neighbors . k-means objective . kernel function . kernel regression . l1 penalty . labeled data . large margin classifier . lasso regression . latent dirichlet allocation lda model . learning curve learning curves . learning method learning methods learning model learning algorithm learning algorithms . learning problem learning problems learning task . learning rate . learning system . least squares . likelihood function . linea""]",bert,,sentence-transformers/all-mpnet-base-v2
115,least squares,least squares,"[""k means k-means . k nearest neighbors k-nearest neighbor k-nearest neighbors . k-means objective . kernel function . kernel regression . l1 penalty . labeled data . large margin classifier . lasso regression . latent dirichlet allocation lda model . learning curve learning curves . learning method learning methods learning model learning algorithm learning algorithms . learning problem learning problems learning task . learning rate . learning system . least squares . likelihood function . linea"", ""regression coefficients . regression function . regression model regression models . regression problem . regularization . regularized linear regression . regularized logistic regression . sentiment analysis . sentiment classifier . sigmoid function . spam filtering spam classifier . square distances squared distance . square matrix . square projection error squared projection error . squared error . standard deviation . standard least squares . stochastic gradient algorithm stochastic gradient ""]",bert,,sentence-transformers/all-mpnet-base-v2
116,likelihood function,likelihood function,"[""k means k-means . k nearest neighbors k-nearest neighbor k-nearest neighbors . k-means objective . kernel function . kernel regression . l1 penalty . labeled data . large margin classifier . lasso regression . latent dirichlet allocation lda model . learning curve learning curves . learning method learning methods learning model learning algorithm learning algorithms . learning problem learning problems learning task . learning rate . learning system . least squares . likelihood function . linea""]",bert,,sentence-transformers/all-mpnet-base-v2
117,linear algebra,linear algebra,"[""k means k-means . k nearest neighbors k-nearest neighbor k-nearest neighbors . k-means objective . kernel function . kernel regression . l1 penalty . labeled data . large margin classifier . lasso regression . latent dirichlet allocation lda model . learning curve learning curves . learning method learning methods learning model learning algorithm learning algorithms . learning problem learning problems learning task . learning rate . learning system . least squares . likelihood function . linea""]",bert,,sentence-transformers/all-mpnet-base-v2
118,linear classifier,linear classifier::;linear classifiers,"[""k means k-means . k nearest neighbors k-nearest neighbor k-nearest neighbors . k-means objective . kernel function . kernel regression . l1 penalty . labeled data . large margin classifier . lasso regression . latent dirichlet allocation lda model . learning curve learning curves . learning method learning methods learning model learning algorithm learning algorithms . learning problem learning problems learning task . learning rate . learning system . least squares . likelihood function . linea""]",bert,,sentence-transformers/all-mpnet-base-v2
119,linear kernel,linear kernel,"[""k means k-means . k nearest neighbors k-nearest neighbor k-nearest neighbors . k-means objective . kernel function . kernel regression . l1 penalty . labeled data . large margin classifier . lasso regression . latent dirichlet allocation lda model . learning curve learning curves . learning method learning methods learning model learning algorithm learning algorithms . learning problem learning problems learning task . learning rate . learning system . least squares . likelihood function . linea""]",bert,,sentence-transformers/all-mpnet-base-v2
120,linear model,linear model::;linear models,"[""dimensionality reduction . document retrieval . early stopping . error analysis . error cost function . estimated parameters . evaluation metrics . expectation maximization . f1 score . face detection . false negative false negatives . false positives . feature engineering . feature extraction feature extractor . feature scaling . feature selection . feature space . feature vector feature vectors . forward propagation . gaussian density gaussian probability density gaussian distribution normal d"", ""k means k-means . k nearest neighbors k-nearest neighbor k-nearest neighbors . k-means objective . kernel function . kernel regression . l1 penalty . labeled data . large margin classifier . lasso regression . latent dirichlet allocation lda model . learning curve learning curves . learning method learning methods learning model learning algorithm learning algorithms . learning problem learning problems learning task . learning rate . learning system . least squares . likelihood function . linea""]",bert,,sentence-transformers/all-mpnet-base-v2
121,linear regression,linear regression,"[""k means k-means . k nearest neighbors k-nearest neighbor k-nearest neighbors . k-means objective . kernel function . kernel regression . l1 penalty . labeled data . large margin classifier . lasso regression . latent dirichlet allocation lda model . learning curve learning curves . learning method learning methods learning model learning algorithm learning algorithms . learning problem learning problems learning task . learning rate . learning system . least squares . likelihood function . linea"", ""regression coefficients . regression function . regression model regression models . regression problem . regularization . regularized linear regression . regularized logistic regression . sentiment analysis . sentiment classifier . sigmoid function . spam filtering spam classifier . square distances squared distance . square matrix . square projection error squared projection error . squared error . standard deviation . standard least squares . stochastic gradient algorithm stochastic gradient ""]",bert,,sentence-transformers/all-mpnet-base-v2
122,local minimum,local minimum,"[""k means k-means . k nearest neighbors k-nearest neighbor k-nearest neighbors . k-means objective . kernel function . kernel regression . l1 penalty . labeled data . large margin classifier . lasso regression . latent dirichlet allocation lda model . learning curve learning curves . learning method learning methods learning model learning algorithm learning algorithms . learning problem learning problems learning task . learning rate . learning system . least squares . likelihood function . linea""]",bert,,sentence-transformers/all-mpnet-base-v2
123,local optima,local optima::;local optimum,"[""k means k-means . k nearest neighbors k-nearest neighbor k-nearest neighbors . k-means objective . kernel function . kernel regression . l1 penalty . labeled data . large margin classifier . lasso regression . latent dirichlet allocation lda model . learning curve learning curves . learning method learning methods learning model learning algorithm learning algorithms . learning problem learning problems learning task . learning rate . learning system . least squares . likelihood function . linea""]",bert,,sentence-transformers/all-mpnet-base-v2
124,locality sensitive hashing,locality sensitive hashing,"[""k means k-means . k nearest neighbors k-nearest neighbor k-nearest neighbors . k-means objective . kernel function . kernel regression . l1 penalty . labeled data . large margin classifier . lasso regression . latent dirichlet allocation lda model . learning curve learning curves . learning method learning methods learning model learning algorithm learning algorithms . learning problem learning problems learning task . learning rate . learning system . least squares . likelihood function . linea""]",bert,,sentence-transformers/all-mpnet-base-v2
125,log likelihood,log likelihood,"[""k means k-means . k nearest neighbors k-nearest neighbor k-nearest neighbors . k-means objective . kernel function . kernel regression . l1 penalty . labeled data . large margin classifier . lasso regression . latent dirichlet allocation lda model . learning curve learning curves . learning method learning methods learning model learning algorithm learning algorithms . learning problem learning problems learning task . learning rate . learning system . least squares . likelihood function . linea""]",bert,,sentence-transformers/all-mpnet-base-v2
126,logistic function,logistic function,"[""k means k-means . k nearest neighbors k-nearest neighbor k-nearest neighbors . k-means objective . kernel function . kernel regression . l1 penalty . labeled data . large margin classifier . lasso regression . latent dirichlet allocation lda model . learning curve learning curves . learning method learning methods learning model learning algorithm learning algorithms . learning problem learning problems learning task . learning rate . learning system . least squares . likelihood function . linea""]",bert,,sentence-transformers/all-mpnet-base-v2
127,logistic regression,logistic regression,"[""k means k-means . k nearest neighbors k-nearest neighbor k-nearest neighbors . k-means objective . kernel function . kernel regression . l1 penalty . labeled data . large margin classifier . lasso regression . latent dirichlet allocation lda model . learning curve learning curves . learning method learning methods learning model learning algorithm learning algorithms . learning problem learning problems learning task . learning rate . learning system . least squares . likelihood function . linea"", ""regression coefficients . regression function . regression model regression models . regression problem . regularization . regularized linear regression . regularized logistic regression . sentiment analysis . sentiment classifier . sigmoid function . spam filtering spam classifier . square distances squared distance . square matrix . square projection error squared projection error . squared error . standard deviation . standard least squares . stochastic gradient algorithm stochastic gradient ""]",bert,,sentence-transformers/all-mpnet-base-v2
128,loss function,loss function::;loss functions::;objective function::;cost function::;cost functions,"[""dimensionality reduction . document retrieval . early stopping . error analysis . error cost function . estimated parameters . evaluation metrics . expectation maximization . f1 score . face detection . false negative false negatives . false positives . feature engineering . feature extraction feature extractor . feature scaling . feature selection . feature space . feature vector feature vectors . forward propagation . gaussian density gaussian probability density gaussian distribution normal d"", ""k means k-means . k nearest neighbors k-nearest neighbor k-nearest neighbors . k-means objective . kernel function . kernel regression . l1 penalty . labeled data . large margin classifier . lasso regression . latent dirichlet allocation lda model . learning curve learning curves . learning method learning methods learning model learning algorithm learning algorithms . learning problem learning problems learning task . learning rate . learning system . least squares . likelihood function . linea""]",bert,,sentence-transformers/all-mpnet-base-v2
129,low rank matrix,low rank matrix,"[""k means k-means . k nearest neighbors k-nearest neighbor k-nearest neighbors . k-means objective . kernel function . kernel regression . l1 penalty . labeled data . large margin classifier . lasso regression . latent dirichlet allocation lda model . learning curve learning curves . learning method learning methods learning model learning algorithm learning algorithms . learning problem learning problems learning task . learning rate . learning system . least squares . likelihood function . linea""]",bert,,sentence-transformers/all-mpnet-base-v2
130,machine learning,machine learning,"[""k means k-means . k nearest neighbors k-nearest neighbor k-nearest neighbors . k-means objective . kernel function . kernel regression . l1 penalty . labeled data . large margin classifier . lasso regression . latent dirichlet allocation lda model . learning curve learning curves . learning method learning methods learning model learning algorithm learning algorithms . learning problem learning problems learning task . learning rate . learning system . least squares . likelihood function . linea""]",bert,,sentence-transformers/all-mpnet-base-v2
131,machine learning algorithm,machine learning algorithm::;machine learning algorithms::;machine learning method::;machine learning methods::;machine learning model,"[""k means k-means . k nearest neighbors k-nearest neighbor k-nearest neighbors . k-means objective . kernel function . kernel regression . l1 penalty . labeled data . large margin classifier . lasso regression . latent dirichlet allocation lda model . learning curve learning curves . learning method learning methods learning model learning algorithm learning algorithms . learning problem learning problems learning task . learning rate . learning system . least squares . likelihood function . linea""]",bert,,sentence-transformers/all-mpnet-base-v2
132,machine learning application,machine learning application,"[""k means k-means . k nearest neighbors k-nearest neighbor k-nearest neighbors . k-means objective . kernel function . kernel regression . l1 penalty . labeled data . large margin classifier . lasso regression . latent dirichlet allocation lda model . learning curve learning curves . learning method learning methods learning model learning algorithm learning algorithms . learning problem learning problems learning task . learning rate . learning system . least squares . likelihood function . linea""]",bert,,sentence-transformers/all-mpnet-base-v2
133,machine learning system,machine learning system,"[""k means k-means . k nearest neighbors k-nearest neighbor k-nearest neighbors . k-means objective . kernel function . kernel regression . l1 penalty . labeled data . large margin classifier . lasso regression . latent dirichlet allocation lda model . learning curve learning curves . learning method learning methods learning model learning algorithm learning algorithms . learning problem learning problems learning task . learning rate . learning system . least squares . likelihood function . linea""]",bert,,sentence-transformers/all-mpnet-base-v2
134,massive training set,massive training set,"[""k means k-means . k nearest neighbors k-nearest neighbor k-nearest neighbors . k-means objective . kernel function . kernel regression . l1 penalty . labeled data . large margin classifier . lasso regression . latent dirichlet allocation lda model . learning curve learning curves . learning method learning methods learning model learning algorithm learning algorithms . learning problem learning problems learning task . learning rate . learning system . least squares . likelihood function . linea""]",bert,,sentence-transformers/all-mpnet-base-v2
135,matrix addition,matrix addition,"[""k means k-means . k nearest neighbors k-nearest neighbor k-nearest neighbors . k-means objective . kernel function . kernel regression . l1 penalty . labeled data . large margin classifier . lasso regression . latent dirichlet allocation lda model . learning curve learning curves . learning method learning methods learning model learning algorithm learning algorithms . learning problem learning problems learning task . learning rate . learning system . least squares . likelihood function . linea""]",bert,,sentence-transformers/all-mpnet-base-v2
136,matrix factorization,matrix factorization,"[""k means k-means . k nearest neighbors k-nearest neighbor k-nearest neighbors . k-means objective . kernel function . kernel regression . l1 penalty . labeled data . large margin classifier . lasso regression . latent dirichlet allocation lda model . learning curve learning curves . learning method learning methods learning model learning algorithm learning algorithms . learning problem learning problems learning task . learning rate . learning system . least squares . likelihood function . linea""]",bert,,sentence-transformers/all-mpnet-base-v2
137,matrix multiplication,matrix multiplication::;matrix-matrix multiplication,"[""k means k-means . k nearest neighbors k-nearest neighbor k-nearest neighbors . k-means objective . kernel function . kernel regression . l1 penalty . labeled data . large margin classifier . lasso regression . latent dirichlet allocation lda model . learning curve learning curves . learning method learning methods learning model learning algorithm learning algorithms . learning problem learning problems learning task . learning rate . learning system . least squares . likelihood function . linea""]",bert,,sentence-transformers/all-mpnet-base-v2
138,matrix transpose,matrix transpose,"[""k means k-means . k nearest neighbors k-nearest neighbor k-nearest neighbors . k-means objective . kernel function . kernel regression . l1 penalty . labeled data . large margin classifier . lasso regression . latent dirichlet allocation lda model . learning curve learning curves . learning method learning methods learning model learning algorithm learning algorithms . learning problem learning problems learning task . learning rate . learning system . least squares . likelihood function . linea""]",bert,,sentence-transformers/all-mpnet-base-v2
139,matrix vector multiplication,matrix vector multiplication::;matrix-vector multiplication,"[""k means k-means . k nearest neighbors k-nearest neighbor k-nearest neighbors . k-means objective . kernel function . kernel regression . l1 penalty . labeled data . large margin classifier . lasso regression . latent dirichlet allocation lda model . learning curve learning curves . learning method learning methods learning model learning algorithm learning algorithms . learning problem learning problems learning task . learning rate . learning system . least squares . likelihood function . linea""]",bert,,sentence-transformers/all-mpnet-base-v2
140,maximum likelihood,maximum likelihood,"[""k means k-means . k nearest neighbors k-nearest neighbor k-nearest neighbors . k-means objective . kernel function . kernel regression . l1 penalty . labeled data . large margin classifier . lasso regression . latent dirichlet allocation lda model . learning curve learning curves . learning method learning methods learning model learning algorithm learning algorithms . learning problem learning problems learning task . learning rate . learning system . least squares . likelihood function . linea""]",bert,,sentence-transformers/all-mpnet-base-v2
141,maximum likelihood estimate,maximum likelihood estimate::;maximum likelihood estimation,"[""k means k-means . k nearest neighbors k-nearest neighbor k-nearest neighbors . k-means objective . kernel function . kernel regression . l1 penalty . labeled data . large margin classifier . lasso regression . latent dirichlet allocation lda model . learning curve learning curves . learning method learning methods learning model learning algorithm learning algorithms . learning problem learning problems learning task . learning rate . learning system . least squares . likelihood function . linea""]",bert,,sentence-transformers/all-mpnet-base-v2
142,mean normalization,mean normalization,"[""k means k-means . k nearest neighbors k-nearest neighbor k-nearest neighbors . k-means objective . kernel function . kernel regression . l1 penalty . labeled data . large margin classifier . lasso regression . latent dirichlet allocation lda model . learning curve learning curves . learning method learning methods learning model learning algorithm learning algorithms . learning problem learning problems learning task . learning rate . learning system . least squares . likelihood function . linea""]",bert,,sentence-transformers/all-mpnet-base-v2
143,mean square error,mean square error::;mean squared error,"[""k means k-means . k nearest neighbors k-nearest neighbor k-nearest neighbors . k-means objective . kernel function . kernel regression . l1 penalty . labeled data . large margin classifier . lasso regression . latent dirichlet allocation lda model . learning curve learning curves . learning method learning methods learning model learning algorithm learning algorithms . learning problem learning problems learning task . learning rate . learning system . least squares . likelihood function . linea""]",bert,,sentence-transformers/all-mpnet-base-v2
144,mini-batch gradient descent,mini-batch gradient descent,"[""k means k-means . k nearest neighbors k-nearest neighbor k-nearest neighbors . k-means objective . kernel function . kernel regression . l1 penalty . labeled data . large margin classifier . lasso regression . latent dirichlet allocation lda model . learning curve learning curves . learning method learning methods learning model learning algorithm learning algorithms . learning problem learning problems learning task . learning rate . learning system . least squares . likelihood function . linea""]",bert,,sentence-transformers/all-mpnet-base-v2
145,mini-batch size,mini-batch size,"[""k means k-means . k nearest neighbors k-nearest neighbor k-nearest neighbors . k-means objective . kernel function . kernel regression . l1 penalty . labeled data . large margin classifier . lasso regression . latent dirichlet allocation lda model . learning curve learning curves . learning method learning methods learning model learning algorithm learning algorithms . learning problem learning problems learning task . learning rate . learning system . least squares . likelihood function . linea""]",bert,,sentence-transformers/all-mpnet-base-v2
146,minimization problem,minimization problem,"[""k means k-means . k nearest neighbors k-nearest neighbor k-nearest neighbors . k-means objective . kernel function . kernel regression . l1 penalty . labeled data . large margin classifier . lasso regression . latent dirichlet allocation lda model . learning curve learning curves . learning method learning methods learning model learning algorithm learning algorithms . learning problem learning problems learning task . learning rate . learning system . least squares . likelihood function . linea""]",bert,,sentence-transformers/all-mpnet-base-v2
147,misclassification error,misclassification error,"[""k means k-means . k nearest neighbors k-nearest neighbor k-nearest neighbors . k-means objective . kernel function . kernel regression . l1 penalty . labeled data . large margin classifier . lasso regression . latent dirichlet allocation lda model . learning curve learning curves . learning method learning methods learning model learning algorithm learning algorithms . learning problem learning problems learning task . learning rate . learning system . least squares . likelihood function . linea""]",bert,,sentence-transformers/all-mpnet-base-v2
148,mixture model,mixture model::;mixture models,"[""k means k-means . k nearest neighbors k-nearest neighbor k-nearest neighbors . k-means objective . kernel function . kernel regression . l1 penalty . labeled data . large margin classifier . lasso regression . latent dirichlet allocation lda model . learning curve learning curves . learning method learning methods learning model learning algorithm learning algorithms . learning problem learning problems learning task . learning rate . learning system . least squares . likelihood function . linea""]",bert,,sentence-transformers/all-mpnet-base-v2
149,model complexity,model complexity,"[""k means k-means . k nearest neighbors k-nearest neighbor k-nearest neighbors . k-means objective . kernel function . kernel regression . l1 penalty . labeled data . large margin classifier . lasso regression . latent dirichlet allocation lda model . learning curve learning curves . learning method learning methods learning model learning algorithm learning algorithms . learning problem learning problems learning task . learning rate . learning system . least squares . likelihood function . linea""]",bert,,sentence-transformers/all-mpnet-base-v2
150,model parameters,model parameters,"[""model parameters . model selection . multi-class classification multiclass classification . multivariate gaussian distribution . multivariate gaussian model . nearest neighbor search . nearest neighbors nearest neighbour . negative example negative examples . neural network neural networks . neural network learning . non-anomalous examples . nonlinear hypotheses . normal equation . normalized features . normalized representation . matrix matrices . ocr problem . online learning . optimal solutio""]",bert,,sentence-transformers/all-mpnet-base-v2
151,model selection,model selection,"[""model parameters . model selection . multi-class classification multiclass classification . multivariate gaussian distribution . multivariate gaussian model . nearest neighbor search . nearest neighbors nearest neighbour . negative example negative examples . neural network neural networks . neural network learning . non-anomalous examples . nonlinear hypotheses . normal equation . normalized features . normalized representation . matrix matrices . ocr problem . online learning . optimal solutio""]",bert,,sentence-transformers/all-mpnet-base-v2
152,multi-class classification,multi-class classification::;multiclass classification,"[""model parameters . model selection . multi-class classification multiclass classification . multivariate gaussian distribution . multivariate gaussian model . nearest neighbor search . nearest neighbors nearest neighbour . negative example negative examples . neural network neural networks . neural network learning . non-anomalous examples . nonlinear hypotheses . normal equation . normalized features . normalized representation . matrix matrices . ocr problem . online learning . optimal solutio""]",bert,,sentence-transformers/all-mpnet-base-v2
153,multivariate gaussian distribution,multivariate gaussian distribution,"[""model parameters . model selection . multi-class classification multiclass classification . multivariate gaussian distribution . multivariate gaussian model . nearest neighbor search . nearest neighbors nearest neighbour . negative example negative examples . neural network neural networks . neural network learning . non-anomalous examples . nonlinear hypotheses . normal equation . normalized features . normalized representation . matrix matrices . ocr problem . online learning . optimal solutio""]",bert,,sentence-transformers/all-mpnet-base-v2
154,multivariate gaussian model,multivariate gaussian model,"[""model parameters . model selection . multi-class classification multiclass classification . multivariate gaussian distribution . multivariate gaussian model . nearest neighbor search . nearest neighbors nearest neighbour . negative example negative examples . neural network neural networks . neural network learning . non-anomalous examples . nonlinear hypotheses . normal equation . normalized features . normalized representation . matrix matrices . ocr problem . online learning . optimal solutio""]",bert,,sentence-transformers/all-mpnet-base-v2
155,nearest neighbor search,nearest neighbor search,"[""model parameters . model selection . multi-class classification multiclass classification . multivariate gaussian distribution . multivariate gaussian model . nearest neighbor search . nearest neighbors nearest neighbour . negative example negative examples . neural network neural networks . neural network learning . non-anomalous examples . nonlinear hypotheses . normal equation . normalized features . normalized representation . matrix matrices . ocr problem . online learning . optimal solutio""]",bert,,sentence-transformers/all-mpnet-base-v2
156,nearest neighbors,nearest neighbors::;nearest neighbour,"[""k means k-means . k nearest neighbors k-nearest neighbor k-nearest neighbors . k-means objective . kernel function . kernel regression . l1 penalty . labeled data . large margin classifier . lasso regression . latent dirichlet allocation lda model . learning curve learning curves . learning method learning methods learning model learning algorithm learning algorithms . learning problem learning problems learning task . learning rate . learning system . least squares . likelihood function . linea"", ""model parameters . model selection . multi-class classification multiclass classification . multivariate gaussian distribution . multivariate gaussian model . nearest neighbor search . nearest neighbors nearest neighbour . negative example negative examples . neural network neural networks . neural network learning . non-anomalous examples . nonlinear hypotheses . normal equation . normalized features . normalized representation . matrix matrices . ocr problem . online learning . optimal solutio""]",bert,,sentence-transformers/all-mpnet-base-v2
157,negative example,negative example::;negative examples,"[""model parameters . model selection . multi-class classification multiclass classification . multivariate gaussian distribution . multivariate gaussian model . nearest neighbor search . nearest neighbors nearest neighbour . negative example negative examples . neural network neural networks . neural network learning . non-anomalous examples . nonlinear hypotheses . normal equation . normalized features . normalized representation . matrix matrices . ocr problem . online learning . optimal solutio""]",bert,,sentence-transformers/all-mpnet-base-v2
158,neural network,neural network::;neural networks,"[""activation function . activation values . adaboost . agglomerative clustering . anomalous example anomalous examples . anomaly detection . back prop back propagation . batch gradient descent . bayesian approach . bayesian inference . bias problem . bias unit bias units . bias variance trade-off bias variance tradeoff . big data sets large data sets large datasets . binary classification . boosting algorithm . character recognition . character segmentation . classification accuracy . classificati"", ""model parameters . model selection . multi-class classification multiclass classification . multivariate gaussian distribution . multivariate gaussian model . nearest neighbor search . nearest neighbors nearest neighbour . negative example negative examples . neural network neural networks . neural network learning . non-anomalous examples . nonlinear hypotheses . normal equation . normalized features . normalized representation . matrix matrices . ocr problem . online learning . optimal solutio""]",bert,,sentence-transformers/all-mpnet-base-v2
159,neural network learning,neural network learning,"[""model parameters . model selection . multi-class classification multiclass classification . multivariate gaussian distribution . multivariate gaussian model . nearest neighbor search . nearest neighbors nearest neighbour . negative example negative examples . neural network neural networks . neural network learning . non-anomalous examples . nonlinear hypotheses . normal equation . normalized features . normalized representation . matrix matrices . ocr problem . online learning . optimal solutio""]",bert,,sentence-transformers/all-mpnet-base-v2
160,non-anomalous examples,non-anomalous examples,"[""model parameters . model selection . multi-class classification multiclass classification . multivariate gaussian distribution . multivariate gaussian model . nearest neighbor search . nearest neighbors nearest neighbour . negative example negative examples . neural network neural networks . neural network learning . non-anomalous examples . nonlinear hypotheses . normal equation . normalized features . normalized representation . matrix matrices . ocr problem . online learning . optimal solutio""]",bert,,sentence-transformers/all-mpnet-base-v2
161,nonlinear hypotheses,nonlinear hypotheses,"[""model parameters . model selection . multi-class classification multiclass classification . multivariate gaussian distribution . multivariate gaussian model . nearest neighbor search . nearest neighbors nearest neighbour . negative example negative examples . neural network neural networks . neural network learning . non-anomalous examples . nonlinear hypotheses . normal equation . normalized features . normalized representation . matrix matrices . ocr problem . online learning . optimal solutio""]",bert,,sentence-transformers/all-mpnet-base-v2
162,normal equation,normal equation,"[""model parameters . model selection . multi-class classification multiclass classification . multivariate gaussian distribution . multivariate gaussian model . nearest neighbor search . nearest neighbors nearest neighbour . negative example negative examples . neural network neural networks . neural network learning . non-anomalous examples . nonlinear hypotheses . normal equation . normalized features . normalized representation . matrix matrices . ocr problem . online learning . optimal solutio""]",bert,,sentence-transformers/all-mpnet-base-v2
163,normalized features,normalized features,"[""model parameters . model selection . multi-class classification multiclass classification . multivariate gaussian distribution . multivariate gaussian model . nearest neighbor search . nearest neighbors nearest neighbour . negative example negative examples . neural network neural networks . neural network learning . non-anomalous examples . nonlinear hypotheses . normal equation . normalized features . normalized representation . matrix matrices . ocr problem . online learning . optimal solutio"", ""regression coefficients . regression function . regression model regression models . regression problem . regularization . regularized linear regression . regularized logistic regression . sentiment analysis . sentiment classifier . sigmoid function . spam filtering spam classifier . square distances squared distance . square matrix . square projection error squared projection error . squared error . standard deviation . standard least squares . stochastic gradient algorithm stochastic gradient ""]",bert,,sentence-transformers/all-mpnet-base-v2
164,normalized representation,normalized representation,"[""model parameters . model selection . multi-class classification multiclass classification . multivariate gaussian distribution . multivariate gaussian model . nearest neighbor search . nearest neighbors nearest neighbour . negative example negative examples . neural network neural networks . neural network learning . non-anomalous examples . nonlinear hypotheses . normal equation . normalized features . normalized representation . matrix matrices . ocr problem . online learning . optimal solutio""]",bert,,sentence-transformers/all-mpnet-base-v2
165,matrix,matrix::;matrices,"[""activation function . activation values . adaboost . agglomerative clustering . anomalous example anomalous examples . anomaly detection . back prop back propagation . batch gradient descent . bayesian approach . bayesian inference . bias problem . bias unit bias units . bias variance trade-off bias variance tradeoff . big data sets large data sets large datasets . binary classification . boosting algorithm . character recognition . character segmentation . classification accuracy . classificati"", ""dimensionality reduction . document retrieval . early stopping . error analysis . error cost function . estimated parameters . evaluation metrics . expectation maximization . f1 score . face detection . false negative false negatives . false positives . feature engineering . feature extraction feature extractor . feature scaling . feature selection . feature space . feature vector feature vectors . forward propagation . gaussian density gaussian probability density gaussian distribution normal d"", ""k means k-means . k nearest neighbors k-nearest neighbor k-nearest neighbors . k-means objective . kernel function . kernel regression . l1 penalty . labeled data . large margin classifier . lasso regression . latent dirichlet allocation lda model . learning curve learning curves . learning method learning methods learning model learning algorithm learning algorithms . learning problem learning problems learning task . learning rate . learning system . least squares . likelihood function . linea""]",bert,,sentence-transformers/all-mpnet-base-v2
166,ocr problem,ocr problem,"[""model parameters . model selection . multi-class classification multiclass classification . multivariate gaussian distribution . multivariate gaussian model . nearest neighbor search . nearest neighbors nearest neighbour . negative example negative examples . neural network neural networks . neural network learning . non-anomalous examples . nonlinear hypotheses . normal equation . normalized features . normalized representation . matrix matrices . ocr problem . online learning . optimal solutio""]",bert,,sentence-transformers/all-mpnet-base-v2
167,online learning,online learning,"[""model parameters . model selection . multi-class classification multiclass classification . multivariate gaussian distribution . multivariate gaussian model . nearest neighbor search . nearest neighbors nearest neighbour . negative example negative examples . neural network neural networks . neural network learning . non-anomalous examples . nonlinear hypotheses . normal equation . normalized features . normalized representation . matrix matrices . ocr problem . online learning . optimal solutio""]",bert,,sentence-transformers/all-mpnet-base-v2
168,optimal solution,optimal solution::;optimal value,"[""model parameters . model selection . multi-class classification multiclass classification . multivariate gaussian distribution . multivariate gaussian model . nearest neighbor search . nearest neighbors nearest neighbour . negative example negative examples . neural network neural networks . neural network learning . non-anomalous examples . nonlinear hypotheses . normal equation . normalized features . normalized representation . matrix matrices . ocr problem . online learning . optimal solutio""]",bert,,sentence-transformers/all-mpnet-base-v2
169,optimization algorithms,optimization algorithms::;optimization methods,"[""model parameters . model selection . multi-class classification multiclass classification . multivariate gaussian distribution . multivariate gaussian model . nearest neighbor search . nearest neighbors nearest neighbour . negative example negative examples . neural network neural networks . neural network learning . non-anomalous examples . nonlinear hypotheses . normal equation . normalized features . normalized representation . matrix matrices . ocr problem . online learning . optimal solutio""]",bert,,sentence-transformers/all-mpnet-base-v2
170,optimization objective,optimization objective,"[""model parameters . model selection . multi-class classification multiclass classification . multivariate gaussian distribution . multivariate gaussian model . nearest neighbor search . nearest neighbors nearest neighbour . negative example negative examples . neural network neural networks . neural network learning . non-anomalous examples . nonlinear hypotheses . normal equation . normalized features . normalized representation . matrix matrices . ocr problem . online learning . optimal solutio""]",bert,,sentence-transformers/all-mpnet-base-v2
171,optimization problem,optimization problem,"[""model parameters . model selection . multi-class classification multiclass classification . multivariate gaussian distribution . multivariate gaussian model . nearest neighbor search . nearest neighbors nearest neighbour . negative example negative examples . neural network neural networks . neural network learning . non-anomalous examples . nonlinear hypotheses . normal equation . normalized features . normalized representation . matrix matrices . ocr problem . online learning . optimal solutio""]",bert,,sentence-transformers/all-mpnet-base-v2
172,output label,output label,"[""model parameters . model selection . multi-class classification multiclass classification . multivariate gaussian distribution . multivariate gaussian model . nearest neighbor search . nearest neighbors nearest neighbour . negative example negative examples . neural network neural networks . neural network learning . non-anomalous examples . nonlinear hypotheses . normal equation . normalized features . normalized representation . matrix matrices . ocr problem . online learning . optimal solutio""]",bert,,sentence-transformers/all-mpnet-base-v2
173,output layer,output layer::;output wire,"[""model parameters . model selection . multi-class classification multiclass classification . multivariate gaussian distribution . multivariate gaussian model . nearest neighbor search . nearest neighbors nearest neighbour . negative example negative examples . neural network neural networks . neural network learning . non-anomalous examples . nonlinear hypotheses . normal equation . normalized features . normalized representation . matrix matrices . ocr problem . online learning . optimal solutio""]",bert,,sentence-transformers/all-mpnet-base-v2
174,output unit,output unit::;output units,"[""model parameters . model selection . multi-class classification multiclass classification . multivariate gaussian distribution . multivariate gaussian model . nearest neighbor search . nearest neighbors nearest neighbour . negative example negative examples . neural network neural networks . neural network learning . non-anomalous examples . nonlinear hypotheses . normal equation . normalized features . normalized representation . matrix matrices . ocr problem . online learning . optimal solutio""]",bert,,sentence-transformers/all-mpnet-base-v2
175,parameter estimation,parameter estimation,"[""model parameters . model selection . multi-class classification multiclass classification . multivariate gaussian distribution . multivariate gaussian model . nearest neighbor search . nearest neighbors nearest neighbour . negative example negative examples . neural network neural networks . neural network learning . non-anomalous examples . nonlinear hypotheses . normal equation . normalized features . normalized representation . matrix matrices . ocr problem . online learning . optimal solutio""]",bert,,sentence-transformers/all-mpnet-base-v2
176,parameter vector,parameter vector,"[""model parameters . model selection . multi-class classification multiclass classification . multivariate gaussian distribution . multivariate gaussian model . nearest neighbor search . nearest neighbors nearest neighbour . negative example negative examples . neural network neural networks . neural network learning . non-anomalous examples . nonlinear hypotheses . normal equation . normalized features . normalized representation . matrix matrices . ocr problem . online learning . optimal solutio""]",bert,,sentence-transformers/all-mpnet-base-v2
177,partial derivative,partial derivative::;partial derivatives,"[""model parameters . model selection . multi-class classification multiclass classification . multivariate gaussian distribution . multivariate gaussian model . nearest neighbor search . nearest neighbors nearest neighbour . negative example negative examples . neural network neural networks . neural network learning . non-anomalous examples . nonlinear hypotheses . normal equation . normalized features . normalized representation . matrix matrices . ocr problem . online learning . optimal solutio""]",bert,,sentence-transformers/all-mpnet-base-v2
178,pca algorithm,pca algorithm,"[""model parameters . model selection . multi-class classification multiclass classification . multivariate gaussian distribution . multivariate gaussian model . nearest neighbor search . nearest neighbors nearest neighbour . negative example negative examples . neural network neural networks . neural network learning . non-anomalous examples . nonlinear hypotheses . normal equation . normalized features . normalized representation . matrix matrices . ocr problem . online learning . optimal solutio""]",bert,,sentence-transformers/all-mpnet-base-v2
179,pedestrian detection,pedestrian detection,"[""model parameters . model selection . multi-class classification multiclass classification . multivariate gaussian distribution . multivariate gaussian model . nearest neighbor search . nearest neighbors nearest neighbour . negative example negative examples . neural network neural networks . neural network learning . non-anomalous examples . nonlinear hypotheses . normal equation . normalized features . normalized representation . matrix matrices . ocr problem . online learning . optimal solutio""]",bert,,sentence-transformers/all-mpnet-base-v2
180,photo ocr,photo ocr,"[""model parameters . model selection . multi-class classification multiclass classification . multivariate gaussian distribution . multivariate gaussian model . nearest neighbor search . nearest neighbors nearest neighbour . negative example negative examples . neural network neural networks . neural network learning . non-anomalous examples . nonlinear hypotheses . normal equation . normalized features . normalized representation . matrix matrices . ocr problem . online learning . optimal solutio""]",bert,,sentence-transformers/all-mpnet-base-v2
181,polynomial features,polynomial features,"[""model parameters . model selection . multi-class classification multiclass classification . multivariate gaussian distribution . multivariate gaussian model . nearest neighbor search . nearest neighbors nearest neighbour . negative example negative examples . neural network neural networks . neural network learning . non-anomalous examples . nonlinear hypotheses . normal equation . normalized features . normalized representation . matrix matrices . ocr problem . online learning . optimal solutio""]",bert,,sentence-transformers/all-mpnet-base-v2
182,polynomial kernel,polynomial kernel,"[""model parameters . model selection . multi-class classification multiclass classification . multivariate gaussian distribution . multivariate gaussian model . nearest neighbor search . nearest neighbors nearest neighbour . negative example negative examples . neural network neural networks . neural network learning . non-anomalous examples . nonlinear hypotheses . normal equation . normalized features . normalized representation . matrix matrices . ocr problem . online learning . optimal solutio""]",bert,,sentence-transformers/all-mpnet-base-v2
183,polynomial regression,polynomial regression,"[""model parameters . model selection . multi-class classification multiclass classification . multivariate gaussian distribution . multivariate gaussian model . nearest neighbor search . nearest neighbors nearest neighbour . negative example negative examples . neural network neural networks . neural network learning . non-anomalous examples . nonlinear hypotheses . normal equation . normalized features . normalized representation . matrix matrices . ocr problem . online learning . optimal solutio""]",bert,,sentence-transformers/all-mpnet-base-v2
184,polynomial terms,polynomial terms,"[""model parameters . model selection . multi-class classification multiclass classification . multivariate gaussian distribution . multivariate gaussian model . nearest neighbor search . nearest neighbors nearest neighbour . negative example negative examples . neural network neural networks . neural network learning . non-anomalous examples . nonlinear hypotheses . normal equation . normalized features . normalized representation . matrix matrices . ocr problem . online learning . optimal solutio""]",bert,,sentence-transformers/all-mpnet-base-v2
185,positive class,positive class,"[""model parameters . model selection . multi-class classification multiclass classification . multivariate gaussian distribution . multivariate gaussian model . nearest neighbor search . nearest neighbors nearest neighbour . negative example negative examples . neural network neural networks . neural network learning . non-anomalous examples . nonlinear hypotheses . normal equation . normalized features . normalized representation . matrix matrices . ocr problem . online learning . optimal solutio""]",bert,,sentence-transformers/all-mpnet-base-v2
186,positive data,positive data::;positive example::;positive examples,"[""model parameters . model selection . multi-class classification multiclass classification . multivariate gaussian distribution . multivariate gaussian model . nearest neighbor search . nearest neighbors nearest neighbour . negative example negative examples . neural network neural networks . neural network learning . non-anomalous examples . nonlinear hypotheses . normal equation . normalized features . normalized representation . matrix matrices . ocr problem . online learning . optimal solutio""]",bert,,sentence-transformers/all-mpnet-base-v2
187,positive predictions,positive predictions,"[""model parameters . model selection . multi-class classification multiclass classification . multivariate gaussian distribution . multivariate gaussian model . nearest neighbor search . nearest neighbors nearest neighbour . negative example negative examples . neural network neural networks . neural network learning . non-anomalous examples . nonlinear hypotheses . normal equation . normalized features . normalized representation . matrix matrices . ocr problem . online learning . optimal solutio""]",bert,,sentence-transformers/all-mpnet-base-v2
188,positive training example,positive training example,"[""model parameters . model selection . multi-class classification multiclass classification . multivariate gaussian distribution . multivariate gaussian model . nearest neighbor search . nearest neighbors nearest neighbour . negative example negative examples . neural network neural networks . neural network learning . non-anomalous examples . nonlinear hypotheses . normal equation . normalized features . normalized representation . matrix matrices . ocr problem . online learning . optimal solutio""]",bert,,sentence-transformers/all-mpnet-base-v2
189,precision recall curve,precision recall curve,"[""model parameters . model selection . multi-class classification multiclass classification . multivariate gaussian distribution . multivariate gaussian model . nearest neighbor search . nearest neighbors nearest neighbour . negative example negative examples . neural network neural networks . neural network learning . non-anomalous examples . nonlinear hypotheses . normal equation . normalized features . normalized representation . matrix matrices . ocr problem . online learning . optimal solutio""]",bert,,sentence-transformers/all-mpnet-base-v2
190,predicted class,predicted class,"[""model parameters . model selection . multi-class classification multiclass classification . multivariate gaussian distribution . multivariate gaussian model . nearest neighbor search . nearest neighbors nearest neighbour . negative example negative examples . neural network neural networks . neural network learning . non-anomalous examples . nonlinear hypotheses . normal equation . normalized features . normalized representation . matrix matrices . ocr problem . online learning . optimal solutio""]",bert,,sentence-transformers/all-mpnet-base-v2
191,predicted value,predicted value::;predicted values,"[""model parameters . model selection . multi-class classification multiclass classification . multivariate gaussian distribution . multivariate gaussian model . nearest neighbor search . nearest neighbors nearest neighbour . negative example negative examples . neural network neural networks . neural network learning . non-anomalous examples . nonlinear hypotheses . normal equation . normalized features . normalized representation . matrix matrices . ocr problem . online learning . optimal solutio""]",bert,,sentence-transformers/all-mpnet-base-v2
192,prediction error,prediction error,"[""model parameters . model selection . multi-class classification multiclass classification . multivariate gaussian distribution . multivariate gaussian model . nearest neighbor search . nearest neighbors nearest neighbour . negative example negative examples . neural network neural networks . neural network learning . non-anomalous examples . nonlinear hypotheses . normal equation . normalized features . normalized representation . matrix matrices . ocr problem . online learning . optimal solutio""]",bert,,sentence-transformers/all-mpnet-base-v2
193,principle components,principle components,"[""model parameters . model selection . multi-class classification multiclass classification . multivariate gaussian distribution . multivariate gaussian model . nearest neighbor search . nearest neighbors nearest neighbour . negative example negative examples . neural network neural networks . neural network learning . non-anomalous examples . nonlinear hypotheses . normal equation . normalized features . normalized representation . matrix matrices . ocr problem . online learning . optimal solutio""]",bert,,sentence-transformers/all-mpnet-base-v2
194,prior probability,prior probability,"[""model parameters . model selection . multi-class classification multiclass classification . multivariate gaussian distribution . multivariate gaussian model . nearest neighbor search . nearest neighbors nearest neighbour . negative example negative examples . neural network neural networks . neural network learning . non-anomalous examples . nonlinear hypotheses . normal equation . normalized features . normalized representation . matrix matrices . ocr problem . online learning . optimal solutio""]",bert,,sentence-transformers/all-mpnet-base-v2
195,probabilistic model,probabilistic model,"[""model parameters . model selection . multi-class classification multiclass classification . multivariate gaussian distribution . multivariate gaussian model . nearest neighbor search . nearest neighbors nearest neighbour . negative example negative examples . neural network neural networks . neural network learning . non-anomalous examples . nonlinear hypotheses . normal equation . normalized features . normalized representation . matrix matrices . ocr problem . online learning . optimal solutio""]",bert,,sentence-transformers/all-mpnet-base-v2
196,probability density,probability density,"[""dimensionality reduction . document retrieval . early stopping . error analysis . error cost function . estimated parameters . evaluation metrics . expectation maximization . f1 score . face detection . false negative false negatives . false positives . feature engineering . feature extraction feature extractor . feature scaling . feature selection . feature space . feature vector feature vectors . forward propagation . gaussian density gaussian probability density gaussian distribution normal d"", ""model parameters . model selection . multi-class classification multiclass classification . multivariate gaussian distribution . multivariate gaussian model . nearest neighbor search . nearest neighbors nearest neighbour . negative example negative examples . neural network neural networks . neural network learning . non-anomalous examples . nonlinear hypotheses . normal equation . normalized features . normalized representation . matrix matrices . ocr problem . online learning . optimal solutio""]",bert,,sentence-transformers/all-mpnet-base-v2
197,random numbers,random numbers,"[""model parameters . model selection . multi-class classification multiclass classification . multivariate gaussian distribution . multivariate gaussian model . nearest neighbor search . nearest neighbors nearest neighbour . negative example negative examples . neural network neural networks . neural network learning . non-anomalous examples . nonlinear hypotheses . normal equation . normalized features . normalized representation . matrix matrices . ocr problem . online learning . optimal solutio""]",bert,,sentence-transformers/all-mpnet-base-v2
198,random variable,random variable::;random variables,"[""dimensionality reduction . document retrieval . early stopping . error analysis . error cost function . estimated parameters . evaluation metrics . expectation maximization . f1 score . face detection . false negative false negatives . false positives . feature engineering . feature extraction feature extractor . feature scaling . feature selection . feature space . feature vector feature vectors . forward propagation . gaussian density gaussian probability density gaussian distribution normal d"", ""model parameters . model selection . multi-class classification multiclass classification . multivariate gaussian distribution . multivariate gaussian model . nearest neighbor search . nearest neighbors nearest neighbour . negative example negative examples . neural network neural networks . neural network learning . non-anomalous examples . nonlinear hypotheses . normal equation . normalized features . normalized representation . matrix matrices . ocr problem . online learning . optimal solutio""]",bert,,sentence-transformers/all-mpnet-base-v2
199,recommender system,recommender system::;recommender systems,"[""model parameters . model selection . multi-class classification multiclass classification . multivariate gaussian distribution . multivariate gaussian model . nearest neighbor search . nearest neighbors nearest neighbour . negative example negative examples . neural network neural networks . neural network learning . non-anomalous examples . nonlinear hypotheses . normal equation . normalized features . normalized representation . matrix matrices . ocr problem . online learning . optimal solutio""]",bert,,sentence-transformers/all-mpnet-base-v2
200,regression coefficients,regression coefficients,"[""regression coefficients . regression function . regression model regression models . regression problem . regularization . regularized linear regression . regularized logistic regression . sentiment analysis . sentiment classifier . sigmoid function . spam filtering spam classifier . square distances squared distance . square matrix . square projection error squared projection error . squared error . standard deviation . standard least squares . stochastic gradient algorithm stochastic gradient ""]",bert,,sentence-transformers/all-mpnet-base-v2
201,regression function,regression function,"[""regression coefficients . regression function . regression model regression models . regression problem . regularization . regularized linear regression . regularized logistic regression . sentiment analysis . sentiment classifier . sigmoid function . spam filtering spam classifier . square distances squared distance . square matrix . square projection error squared projection error . squared error . standard deviation . standard least squares . stochastic gradient algorithm stochastic gradient ""]",bert,,sentence-transformers/all-mpnet-base-v2
202,regression model,regression model::;regression models,"[""regression coefficients . regression function . regression model regression models . regression problem . regularization . regularized linear regression . regularized logistic regression . sentiment analysis . sentiment classifier . sigmoid function . spam filtering spam classifier . square distances squared distance . square matrix . square projection error squared projection error . squared error . standard deviation . standard least squares . stochastic gradient algorithm stochastic gradient ""]",bert,,sentence-transformers/all-mpnet-base-v2
203,regression problem,regression problem,"[""regression coefficients . regression function . regression model regression models . regression problem . regularization . regularized linear regression . regularized logistic regression . sentiment analysis . sentiment classifier . sigmoid function . spam filtering spam classifier . square distances squared distance . square matrix . square projection error squared projection error . squared error . standard deviation . standard least squares . stochastic gradient algorithm stochastic gradient ""]",bert,,sentence-transformers/all-mpnet-base-v2
204,regularization,regularization,"[""regression coefficients . regression function . regression model regression models . regression problem . regularization . regularized linear regression . regularized logistic regression . sentiment analysis . sentiment classifier . sigmoid function . spam filtering spam classifier . square distances squared distance . square matrix . square projection error squared projection error . squared error . standard deviation . standard least squares . stochastic gradient algorithm stochastic gradient ""]",bert,,sentence-transformers/all-mpnet-base-v2
205,regularized linear regression,regularized linear regression,"[""regression coefficients . regression function . regression model regression models . regression problem . regularization . regularized linear regression . regularized logistic regression . sentiment analysis . sentiment classifier . sigmoid function . spam filtering spam classifier . square distances squared distance . square matrix . square projection error squared projection error . squared error . standard deviation . standard least squares . stochastic gradient algorithm stochastic gradient ""]",bert,,sentence-transformers/all-mpnet-base-v2
206,regularized logistic regression,regularized logistic regression,"[""regression coefficients . regression function . regression model regression models . regression problem . regularization . regularized linear regression . regularized logistic regression . sentiment analysis . sentiment classifier . sigmoid function . spam filtering spam classifier . square distances squared distance . square matrix . square projection error squared projection error . squared error . standard deviation . standard least squares . stochastic gradient algorithm stochastic gradient ""]",bert,,sentence-transformers/all-mpnet-base-v2
207,sentiment analysis,sentiment analysis,"[""regression coefficients . regression function . regression model regression models . regression problem . regularization . regularized linear regression . regularized logistic regression . sentiment analysis . sentiment classifier . sigmoid function . spam filtering spam classifier . square distances squared distance . square matrix . square projection error squared projection error . squared error . standard deviation . standard least squares . stochastic gradient algorithm stochastic gradient ""]",bert,,sentence-transformers/all-mpnet-base-v2
208,sentiment classifier,sentiment classifier,"[""regression coefficients . regression function . regression model regression models . regression problem . regularization . regularized linear regression . regularized logistic regression . sentiment analysis . sentiment classifier . sigmoid function . spam filtering spam classifier . square distances squared distance . square matrix . square projection error squared projection error . squared error . standard deviation . standard least squares . stochastic gradient algorithm stochastic gradient ""]",bert,,sentence-transformers/all-mpnet-base-v2
209,sigmoid function,sigmoid function,"[""regression coefficients . regression function . regression model regression models . regression problem . regularization . regularized linear regression . regularized logistic regression . sentiment analysis . sentiment classifier . sigmoid function . spam filtering spam classifier . square distances squared distance . square matrix . square projection error squared projection error . squared error . standard deviation . standard least squares . stochastic gradient algorithm stochastic gradient ""]",bert,,sentence-transformers/all-mpnet-base-v2
210,spam filtering,spam filtering::;spam classifier,"[""regression coefficients . regression function . regression model regression models . regression problem . regularization . regularized linear regression . regularized logistic regression . sentiment analysis . sentiment classifier . sigmoid function . spam filtering spam classifier . square distances squared distance . square matrix . square projection error squared projection error . squared error . standard deviation . standard least squares . stochastic gradient algorithm stochastic gradient ""]",bert,,sentence-transformers/all-mpnet-base-v2
211,square distances,square distances::;squared distance,"[""regression coefficients . regression function . regression model regression models . regression problem . regularization . regularized linear regression . regularized logistic regression . sentiment analysis . sentiment classifier . sigmoid function . spam filtering spam classifier . square distances squared distance . square matrix . square projection error squared projection error . squared error . standard deviation . standard least squares . stochastic gradient algorithm stochastic gradient ""]",bert,,sentence-transformers/all-mpnet-base-v2
212,square matrix,square matrix,"[""regression coefficients . regression function . regression model regression models . regression problem . regularization . regularized linear regression . regularized logistic regression . sentiment analysis . sentiment classifier . sigmoid function . spam filtering spam classifier . square distances squared distance . square matrix . square projection error squared projection error . squared error . standard deviation . standard least squares . stochastic gradient algorithm stochastic gradient ""]",bert,,sentence-transformers/all-mpnet-base-v2
213,square projection error,square projection error::;squared projection error,"[""regression coefficients . regression function . regression model regression models . regression problem . regularization . regularized linear regression . regularized logistic regression . sentiment analysis . sentiment classifier . sigmoid function . spam filtering spam classifier . square distances squared distance . square matrix . square projection error squared projection error . squared error . standard deviation . standard least squares . stochastic gradient algorithm stochastic gradient ""]",bert,,sentence-transformers/all-mpnet-base-v2
214,squared error,squared error,"[""k means k-means . k nearest neighbors k-nearest neighbor k-nearest neighbors . k-means objective . kernel function . kernel regression . l1 penalty . labeled data . large margin classifier . lasso regression . latent dirichlet allocation lda model . learning curve learning curves . learning method learning methods learning model learning algorithm learning algorithms . learning problem learning problems learning task . learning rate . learning system . least squares . likelihood function . linea"", ""regression coefficients . regression function . regression model regression models . regression problem . regularization . regularized linear regression . regularized logistic regression . sentiment analysis . sentiment classifier . sigmoid function . spam filtering spam classifier . square distances squared distance . square matrix . square projection error squared projection error . squared error . standard deviation . standard least squares . stochastic gradient algorithm stochastic gradient ""]",bert,,sentence-transformers/all-mpnet-base-v2
215,standard deviation,standard deviation,"[""regression coefficients . regression function . regression model regression models . regression problem . regularization . regularized linear regression . regularized logistic regression . sentiment analysis . sentiment classifier . sigmoid function . spam filtering spam classifier . square distances squared distance . square matrix . square projection error squared projection error . squared error . standard deviation . standard least squares . stochastic gradient algorithm stochastic gradient ""]",bert,,sentence-transformers/all-mpnet-base-v2
216,standard least squares,standard least squares,"[""regression coefficients . regression function . regression model regression models . regression problem . regularization . regularized linear regression . regularized logistic regression . sentiment analysis . sentiment classifier . sigmoid function . spam filtering spam classifier . square distances squared distance . square matrix . square projection error squared projection error . squared error . standard deviation . standard least squares . stochastic gradient algorithm stochastic gradient ""]",bert,,sentence-transformers/all-mpnet-base-v2
217,stochastic gradient algorithm,stochastic gradient algorithm::;stochastic gradient descent,"[""regression coefficients . regression function . regression model regression models . regression problem . regularization . regularized linear regression . regularized logistic regression . sentiment analysis . sentiment classifier . sigmoid function . spam filtering spam classifier . square distances squared distance . square matrix . square projection error squared projection error . squared error . standard deviation . standard least squares . stochastic gradient algorithm stochastic gradient ""]",bert,,sentence-transformers/all-mpnet-base-v2
218,string kernel,string kernel,"[""regression coefficients . regression function . regression model regression models . regression problem . regularization . regularized linear regression . regularized logistic regression . sentiment analysis . sentiment classifier . sigmoid function . spam filtering spam classifier . square distances squared distance . square matrix . square projection error squared projection error . squared error . standard deviation . standard least squares . stochastic gradient algorithm stochastic gradient ""]",bert,,sentence-transformers/all-mpnet-base-v2
219,supervised learning,supervised learning,"[""regression coefficients . regression function . regression model regression models . regression problem . regularization . regularized linear regression . regularized logistic regression . sentiment analysis . sentiment classifier . sigmoid function . spam filtering spam classifier . square distances squared distance . square matrix . square projection error squared projection error . squared error . standard deviation . standard least squares . stochastic gradient algorithm stochastic gradient ""]",bert,,sentence-transformers/all-mpnet-base-v2
220,support vector,support vector,"[""regression coefficients . regression function . regression model regression models . regression problem . regularization . regularized linear regression . regularized logistic regression . sentiment analysis . sentiment classifier . sigmoid function . spam filtering spam classifier . square distances squared distance . square matrix . square projection error squared projection error . squared error . standard deviation . standard least squares . stochastic gradient algorithm stochastic gradient ""]",bert,,sentence-transformers/all-mpnet-base-v2
221,support vector machine,support vector machine::;support vector machines,"[""regression coefficients . regression function . regression model regression models . regression problem . regularization . regularized linear regression . regularized logistic regression . sentiment analysis . sentiment classifier . sigmoid function . spam filtering spam classifier . square distances squared distance . square matrix . square projection error squared projection error . squared error . standard deviation . standard least squares . stochastic gradient algorithm stochastic gradient ""]",bert,,sentence-transformers/all-mpnet-base-v2
222,svm optimization,svm optimization,"[""regression coefficients . regression function . regression model regression models . regression problem . regularization . regularized linear regression . regularized logistic regression . sentiment analysis . sentiment classifier . sigmoid function . spam filtering spam classifier . square distances squared distance . square matrix . square projection error squared projection error . squared error . standard deviation . standard least squares . stochastic gradient algorithm stochastic gradient ""]",bert,,sentence-transformers/all-mpnet-base-v2
223,svm packages,svm packages,"[""regression coefficients . regression function . regression model regression models . regression problem . regularization . regularized linear regression . regularized logistic regression . sentiment analysis . sentiment classifier . sigmoid function . spam filtering spam classifier . square distances squared distance . square matrix . square projection error squared projection error . squared error . standard deviation . standard least squares . stochastic gradient algorithm stochastic gradient ""]",bert,,sentence-transformers/all-mpnet-base-v2
224,symmetric matrix,symmetric matrix,"[""regression coefficients . regression function . regression model regression models . regression problem . regularization . regularized linear regression . regularized logistic regression . sentiment analysis . sentiment classifier . sigmoid function . spam filtering spam classifier . square distances squared distance . square matrix . square projection error squared projection error . squared error . standard deviation . standard least squares . stochastic gradient algorithm stochastic gradient ""]",bert,,sentence-transformers/all-mpnet-base-v2
225,test data,test data::;test examples,"[""regression coefficients . regression function . regression model regression models . regression problem . regularization . regularized linear regression . regularized logistic regression . sentiment analysis . sentiment classifier . sigmoid function . spam filtering spam classifier . square distances squared distance . square matrix . square projection error squared projection error . squared error . standard deviation . standard least squares . stochastic gradient algorithm stochastic gradient ""]",bert,,sentence-transformers/all-mpnet-base-v2
226,test data set,test data set::;test set::;test sets,"[""regression coefficients . regression function . regression model regression models . regression problem . regularization . regularized linear regression . regularized logistic regression . sentiment analysis . sentiment classifier . sigmoid function . spam filtering spam classifier . square distances squared distance . square matrix . square projection error squared projection error . squared error . standard deviation . standard least squares . stochastic gradient algorithm stochastic gradient ""]",bert,,sentence-transformers/all-mpnet-base-v2
227,test error,test error::;test set error,"[""regression coefficients . regression function . regression model regression models . regression problem . regularization . regularized linear regression . regularized logistic regression . sentiment analysis . sentiment classifier . sigmoid function . spam filtering spam classifier . square distances squared distance . square matrix . square projection error squared projection error . squared error . standard deviation . standard least squares . stochastic gradient algorithm stochastic gradient ""]",bert,,sentence-transformers/all-mpnet-base-v2
228,training data,training data::;training example::;training examples,"[""model parameters . model selection . multi-class classification multiclass classification . multivariate gaussian distribution . multivariate gaussian model . nearest neighbor search . nearest neighbors nearest neighbour . negative example negative examples . neural network neural networks . neural network learning . non-anomalous examples . nonlinear hypotheses . normal equation . normalized features . normalized representation . matrix matrices . ocr problem . online learning . optimal solutio"", ""regression coefficients . regression function . regression model regression models . regression problem . regularization . regularized linear regression . regularized logistic regression . sentiment analysis . sentiment classifier . sigmoid function . spam filtering spam classifier . square distances squared distance . square matrix . square projection error squared projection error . squared error . standard deviation . standard least squares . stochastic gradient algorithm stochastic gradient ""]",bert,,sentence-transformers/all-mpnet-base-v2
229,training data set,training data set::;training data sets::;training dataset::;training set::;training sets,"[""k means k-means . k nearest neighbors k-nearest neighbor k-nearest neighbors . k-means objective . kernel function . kernel regression . l1 penalty . labeled data . large margin classifier . lasso regression . latent dirichlet allocation lda model . learning curve learning curves . learning method learning methods learning model learning algorithm learning algorithms . learning problem learning problems learning task . learning rate . learning system . least squares . likelihood function . linea"", ""regression coefficients . regression function . regression model regression models . regression problem . regularization . regularized linear regression . regularized logistic regression . sentiment analysis . sentiment classifier . sigmoid function . spam filtering spam classifier . square distances squared distance . square matrix . square projection error squared projection error . squared error . standard deviation . standard least squares . stochastic gradient algorithm stochastic gradient ""]",bert,,sentence-transformers/all-mpnet-base-v2
230,training error,training error::;training set error::;train error,"[""regression coefficients . regression function . regression model regression models . regression problem . regularization . regularized linear regression . regularized logistic regression . sentiment analysis . sentiment classifier . sigmoid function . spam filtering spam classifier . square distances squared distance . square matrix . square projection error squared projection error . squared error . standard deviation . standard least squares . stochastic gradient algorithm stochastic gradient ""]",bert,,sentence-transformers/all-mpnet-base-v2
231,transfer learning,transfer learning,"[""regression coefficients . regression function . regression model regression models . regression problem . regularization . regularized linear regression . regularized logistic regression . sentiment analysis . sentiment classifier . sigmoid function . spam filtering spam classifier . square distances squared distance . square matrix . square projection error squared projection error . squared error . standard deviation . standard least squares . stochastic gradient algorithm stochastic gradient ""]",bert,,sentence-transformers/all-mpnet-base-v2
232,true negatives,true negatives,"[""regression coefficients . regression function . regression model regression models . regression problem . regularization . regularized linear regression . regularized logistic regression . sentiment analysis . sentiment classifier . sigmoid function . spam filtering spam classifier . square distances squared distance . square matrix . square projection error squared projection error . squared error . standard deviation . standard least squares . stochastic gradient algorithm stochastic gradient ""]",bert,,sentence-transformers/all-mpnet-base-v2
233,true positives,true positives,"[""regression coefficients . regression function . regression model regression models . regression problem . regularization . regularized linear regression . regularized logistic regression . sentiment analysis . sentiment classifier . sigmoid function . spam filtering spam classifier . square distances squared distance . square matrix . square projection error squared projection error . squared error . standard deviation . standard least squares . stochastic gradient algorithm stochastic gradient ""]",bert,,sentence-transformers/all-mpnet-base-v2
234,tuning parameter,tuning parameter::;tuning parameters,"[""regression coefficients . regression function . regression model regression models . regression problem . regularization . regularized linear regression . regularized logistic regression . sentiment analysis . sentiment classifier . sigmoid function . spam filtering spam classifier . square distances squared distance . square matrix . square projection error squared projection error . squared error . standard deviation . standard least squares . stochastic gradient algorithm stochastic gradient ""]",bert,,sentence-transformers/all-mpnet-base-v2
235,unnormalized features,unnormalized features,"[""regression coefficients . regression function . regression model regression models . regression problem . regularization . regularized linear regression . regularized logistic regression . sentiment analysis . sentiment classifier . sigmoid function . spam filtering spam classifier . square distances squared distance . square matrix . square projection error squared projection error . squared error . standard deviation . standard least squares . stochastic gradient algorithm stochastic gradient ""]",bert,,sentence-transformers/all-mpnet-base-v2
236,unsupervised learning,unsupervised learning,"[""regression coefficients . regression function . regression model regression models . regression problem . regularization . regularized linear regression . regularized logistic regression . sentiment analysis . sentiment classifier . sigmoid function . spam filtering spam classifier . square distances squared distance . square matrix . square projection error squared projection error . squared error . standard deviation . standard least squares . stochastic gradient algorithm stochastic gradient ""]",bert,,sentence-transformers/all-mpnet-base-v2
237,validation error,validation error,"[""activation function . activation values . adaboost . agglomerative clustering . anomalous example anomalous examples . anomaly detection . back prop back propagation . batch gradient descent . bayesian approach . bayesian inference . bias problem . bias unit bias units . bias variance trade-off bias variance tradeoff . big data sets large data sets large datasets . binary classification . boosting algorithm . character recognition . character segmentation . classification accuracy . classificati"", ""regression coefficients . regression function . regression model regression models . regression problem . regularization . regularized linear regression . regularized logistic regression . sentiment analysis . sentiment classifier . sigmoid function . spam filtering spam classifier . square distances squared distance . square matrix . square projection error squared projection error . squared error . standard deviation . standard least squares . stochastic gradient algorithm stochastic gradient ""]",bert,,sentence-transformers/all-mpnet-base-v2
238,validation set,validation set::;validation sets,"[""activation function . activation values . adaboost . agglomerative clustering . anomalous example anomalous examples . anomaly detection . back prop back propagation . batch gradient descent . bayesian approach . bayesian inference . bias problem . bias unit bias units . bias variance trade-off bias variance tradeoff . big data sets large data sets large datasets . binary classification . boosting algorithm . character recognition . character segmentation . classification accuracy . classificati"", ""regression coefficients . regression function . regression model regression models . regression problem . regularization . regularized linear regression . regularized logistic regression . sentiment analysis . sentiment classifier . sigmoid function . spam filtering spam classifier . square distances squared distance . square matrix . square projection error squared projection error . squared error . standard deviation . standard least squares . stochastic gradient algorithm stochastic gradient ""]",bert,,sentence-transformers/all-mpnet-base-v2
239,variance problem,variance problem,"[""regression coefficients . regression function . regression model regression models . regression problem . regularization . regularized linear regression . regularized logistic regression . sentiment analysis . sentiment classifier . sigmoid function . spam filtering spam classifier . square distances squared distance . square matrix . square projection error squared projection error . squared error . standard deviation . standard least squares . stochastic gradient algorithm stochastic gradient ""]",bert,,sentence-transformers/all-mpnet-base-v2
240,vector multiplication,vector multiplication,"[""k means k-means . k nearest neighbors k-nearest neighbor k-nearest neighbors . k-means objective . kernel function . kernel regression . l1 penalty . labeled data . large margin classifier . lasso regression . latent dirichlet allocation lda model . learning curve learning curves . learning method learning methods learning model learning algorithm learning algorithms . learning problem learning problems learning task . learning rate . learning system . least squares . likelihood function . linea"", ""regression coefficients . regression function . regression model regression models . regression problem . regularization . regularized linear regression . regularized logistic regression . sentiment analysis . sentiment classifier . sigmoid function . spam filtering spam classifier . square distances squared distance . square matrix . square projection error squared projection error . squared error . standard deviation . standard least squares . stochastic gradient algorithm stochastic gradient ""]",bert,,sentence-transformers/all-mpnet-base-v2
241,weak classifier,weak classifier::;weak classifiers,"[""regression coefficients . regression function . regression model regression models . regression problem . regularization . regularized linear regression . regularized logistic regression . sentiment analysis . sentiment classifier . sigmoid function . spam filtering spam classifier . square distances squared distance . square matrix . square projection error squared projection error . squared error . standard deviation . standard least squares . stochastic gradient algorithm stochastic gradient ""]",bert,,sentence-transformers/all-mpnet-base-v2
242,overfitting,overfitting,"[""regression coefficients . regression function . regression model regression models . regression problem . regularization . regularized linear regression . regularized logistic regression . sentiment analysis . sentiment classifier . sigmoid function . spam filtering spam classifier . square distances squared distance . square matrix . square projection error squared projection error . squared error . standard deviation . standard least squares . stochastic gradient algorithm stochastic gradient ""]",bert,,sentence-transformers/all-mpnet-base-v2
243,underfitting,underfitting,"[""regression coefficients . regression function . regression model regression models . regression problem . regularization . regularized linear regression . regularized logistic regression . sentiment analysis . sentiment classifier . sigmoid function . spam filtering spam classifier . square distances squared distance . square matrix . square projection error squared projection error . squared error . standard deviation . standard least squares . stochastic gradient algorithm stochastic gradient ""]",bert,,sentence-transformers/all-mpnet-base-v2
