source_id,target_id,source,target,weight
0,1,activation function,activation values,0.799693763256073
0,47,activation function,deep neural network,0.6347344517707825
0,83,activation function,hidden layer,0.629142701625824
0,84,activation function,hidden unit,0.624427080154419
0,97,activation function,input units,0.587120532989502
0,126,activation function,logistic function,0.6444112062454224
0,158,activation function,neural network,0.6387234926223755
0,159,activation function,neural network learning,0.6121402382850647
0,173,activation function,output layer,0.6337385773658752
0,174,activation function,output unit,0.6143972873687744
0,209,activation function,sigmoid function,0.7262243032455444
1,83,activation values,hidden layer,0.5961733460426331
1,84,activation values,hidden unit,0.5693262815475464
1,95,activation values,input layer,0.6202312111854553
1,97,activation values,input units,0.5708714723587036
1,126,activation values,logistic function,0.47130846977233887
1,158,activation values,neural network,0.5833467245101929
1,159,activation values,neural network learning,0.6067699193954468
1,173,activation values,output layer,0.658758282661438
1,174,activation values,output unit,0.6173060536384583
1,209,activation values,sigmoid function,0.5708116292953491
2,14,adaboost,binary classification,0.4510040283203125
2,15,adaboost,boosting algorithm,0.7498599290847778
2,43,adaboost,decision stamp,0.556609570980072
2,44,adaboost,decision tree,0.5056034326553345
2,118,adaboost,linear classifier,0.44023042917251587
2,120,adaboost,linear model,0.43763303756713867
2,127,adaboost,logistic regression,0.43978071212768555
2,133,adaboost,machine learning system,0.4418374300003052
2,187,adaboost,positive predictions,0.4327985942363739
2,241,adaboost,weak classifier,0.7024742960929871
3,22,agglomerative clustering,cluster center,0.6287795305252075
3,23,agglomerative clustering,cluster,0.7620691061019897
3,24,agglomerative clustering,clustering algorithm,0.6997983455657959
3,57,agglomerative clustering,expectation maximization,0.4598572254180908
3,85,agglomerative clustering,hierarchical clustering,0.7449049353599548
3,100,agglomerative clustering,k means,0.7066500186920166
3,101,agglomerative clustering,k nearest neighbors,0.43309104442596436
3,102,agglomerative clustering,k-means objective,0.5741375088691711
3,156,agglomerative clustering,nearest neighbors,0.43544426560401917
3,236,agglomerative clustering,unsupervised learning,0.4973028302192688
4,5,anomalous example,anomaly detection,0.78556889295578
4,23,anomalous example,cluster,0.4864828586578369
4,60,anomalous example,false negative,0.45291441679000854
4,61,anomalous example,false positives,0.4920663833618164
4,101,anomalous example,k nearest neighbors,0.4503735601902008
4,157,anomalous example,negative example,0.5816251039505005
4,160,anomalous example,non-anomalous examples,0.9013683795928955
4,186,anomalous example,positive data,0.5092126131057739
4,188,anomalous example,positive training example,0.47038355469703674
4,196,anomalous example,probability density,0.4845612645149231
5,60,anomaly detection,false negative,0.5158490538597107
5,61,anomaly detection,false positives,0.6144653558731079
5,71,anomaly detection,gaussian model,0.5250324606895447
5,88,anomaly detection,recall,0.5277103185653687
5,154,anomaly detection,multivariate gaussian model,0.5529824495315552
5,160,anomaly detection,non-anomalous examples,0.7986705899238586
5,196,anomaly detection,probability density,0.6018309593200684
5,215,anomaly detection,standard deviation,0.5216666460037231
5,236,anomaly detection,unsupervised learning,0.5358148813247681
6,11,back prop,bias unit,0.5517752766609192
6,47,back prop,deep neural network,0.5986300706863403
6,48,back prop,derivative term,0.5828767418861389
6,68,back prop,forward propagation,0.6669451594352722
6,78,back prop,gradient algorithm,0.5625371336936951
6,83,back prop,hidden layer,0.5770054459571838
6,139,back prop,matrix vector multiplication,0.5688244700431824
6,158,back prop,neural network,0.587295651435852
6,159,back prop,neural network learning,0.5514421463012695
6,177,back prop,partial derivative,0.603698194026947
7,32,batch gradient descent,conjugate gradient,0.5514726638793945
7,33,batch gradient descent,convergence test,0.597079873085022
7,35,batch gradient descent,coordinate descent,0.6445239782333374
7,48,batch gradient descent,derivative term,0.5633713006973267
7,78,batch gradient descent,gradient algorithm,0.7364237904548645
7,79,batch gradient descent,gradient ascent,0.6719865798950195
7,81,batch gradient descent,gradient descent,0.7861573696136475
7,98,batch gradient descent,iterative algorithm,0.6030818819999695
7,113,batch gradient descent,learning rate,0.6262151598930359
7,144,batch gradient descent,mini-batch gradient descent,0.7821693420410156
7,145,batch gradient descent,mini-batch size,0.7012131214141846
7,167,batch gradient descent,online learning,0.5590377449989319
7,169,batch gradient descent,optimization algorithms,0.609085202217102
7,177,batch gradient descent,partial derivative,0.5109536051750183
7,217,batch gradient descent,stochastic gradient algorithm,0.7812629342079163
8,9,bayesian approach,bayesian inference,0.7867550849914551
8,29,bayesian approach,conditional distribution,0.642562210559845
8,30,bayesian approach,conditional probabilities,0.5240036249160767
8,71,bayesian approach,gaussian model,0.588323712348938
8,75,bayesian approach,gibbs sampler,0.5487615466117859
8,89,bayesian approach,hypothesis,0.5837717652320862
8,99,bayesian approach,joint model probability,0.5698150396347046
8,112,bayesian approach,learning problem,0.5624666810035706
8,175,bayesian approach,parameter estimation,0.5869656205177307
8,194,bayesian approach,prior probability,0.7696310877799988
8,195,bayesian approach,probabilistic model,0.7252071499824524
8,198,bayesian approach,random variable,0.5779429078102112
9,29,bayesian inference,conditional distribution,0.6964138150215149
9,30,bayesian inference,conditional probabilities,0.6893648505210876
9,75,bayesian inference,gibbs sampler,0.5951100587844849
9,89,bayesian inference,hypothesis,0.5959420204162598
9,99,bayesian inference,joint model probability,0.5560579895973206
9,175,bayesian inference,parameter estimation,0.5793682336807251
9,194,bayesian inference,prior probability,0.7862391471862793
9,195,bayesian inference,probabilistic model,0.6959661245346069
9,198,bayesian inference,random variable,0.5593242645263672
10,11,bias problem,bias unit,0.5897927284240723
10,12,bias problem,bias variance trade-off,0.7767321467399597
10,38,bias problem,cross validation error,0.6286046504974365
10,73,bias problem,generalization error,0.672133207321167
10,112,bias problem,learning problem,0.6659789681434631
10,192,bias problem,prediction error,0.6647874116897583
10,197,bias problem,random numbers,0.4959409832954407
10,203,bias problem,regression problem,0.6253905892372131
10,230,bias problem,training error,0.6682341694831848
10,239,bias problem,variance problem,0.7164465188980103
10,242,bias problem,overfitting,0.7056740522384644
10,243,bias problem,underfitting,0.6842381954193115
11,26,bias unit,features,0.5428402423858643
11,47,bias unit,deep neural network,0.5495446920394897
11,83,bias unit,hidden layer,0.5616836547851562
11,84,bias unit,hidden unit,0.7046970725059509
11,97,bias unit,input units,0.7478407025337219
11,158,bias unit,neural network,0.5490690469741821
11,174,bias unit,output unit,0.7109149694442749
11,176,bias unit,parameter vector,0.5730184316635132
12,38,bias variance trade-off,cross validation error,0.669102668762207
12,52,bias variance trade-off,early stopping,0.5312269926071167
12,73,bias variance trade-off,generalization error,0.7034676671028137
12,105,bias variance trade-off,l1 penalty,0.5270145535469055
12,145,bias variance trade-off,mini-batch size,0.5821086764335632
12,149,bias variance trade-off,model complexity,0.6671696901321411
12,151,bias variance trade-off,model selection,0.6806591749191284
12,197,bias variance trade-off,random numbers,0.49767184257507324
12,204,bias variance trade-off,regularization,0.6373522281646729
12,230,bias variance trade-off,training error,0.6353728771209717
12,234,bias variance trade-off,tuning parameter,0.5556635856628418
12,237,bias variance trade-off,validation error,0.6389632821083069
12,239,bias variance trade-off,variance problem,0.7597675919532776
12,242,bias variance trade-off,overfitting,0.7345192432403564
12,243,bias variance trade-off,underfitting,0.5991352796554565
13,40,big data sets,data representation,0.5187915563583374
13,41,big data sets,data set,0.6704506278038025
13,46,big data sets,deep learning,0.5785285830497742
13,130,big data sets,machine learning,0.5055066347122192
13,132,big data sets,machine learning application,0.5933303236961365
13,133,big data sets,machine learning system,0.6289377212524414
13,134,big data sets,massive training set,0.7137059569358826
13,226,big data sets,test data set,0.5368934273719788
13,228,big data sets,training data,0.5271799564361572
13,229,big data sets,training data set,0.6296653151512146
14,19,binary classification,classification approach,0.664863109588623
14,20,binary classification,classification error,0.6038537621498108
14,21,binary classification,classification problem,0.7597355842590332
14,42,binary classification,decision boundaries,0.5911000967025757
14,43,binary classification,decision stamp,0.4274086356163025
14,60,binary classification,false negative,0.6025981307029724
14,61,binary classification,false positives,0.6472389698028564
14,91,binary classification,image classification,0.5877362489700317
14,118,binary classification,linear classifier,0.6504179239273071
14,126,binary classification,logistic function,0.5252906084060669
14,127,binary classification,logistic regression,0.7544118165969849
14,152,binary classification,multi-class classification,0.6866027116775513
14,185,binary classification,positive class,0.6545352935791016
14,190,binary classification,predicted class,0.706377387046814
14,208,binary classification,sentiment classifier,0.5286060571670532
14,210,binary classification,spam filtering,0.5303598642349243
15,19,boosting algorithm,classification approach,0.5282811522483826
15,43,boosting algorithm,decision stamp,0.5710555911064148
15,44,boosting algorithm,decision tree,0.6429282426834106
15,78,boosting algorithm,gradient algorithm,0.507708728313446
15,82,boosting algorithm,greedy algorithm,0.4986810088157654
15,111,boosting algorithm,learning method,0.5375425219535828
15,127,boosting algorithm,logistic regression,0.5153802633285522
15,131,boosting algorithm,machine learning algorithm,0.563877284526825
15,228,boosting algorithm,training data,0.5089743733406067
15,241,boosting algorithm,weak classifier,0.6769816279411316
16,17,character recognition,character segmentation,0.7307542562484741
16,27,character recognition,computer vision,0.672603964805603
16,45,character recognition,deep features,0.6281914710998535
16,46,character recognition,deep learning,0.6794809699058533
16,47,character recognition,deep neural network,0.5708127617835999
16,59,character recognition,face detection,0.5268537402153015
16,63,character recognition,feature extraction,0.5587462186813354
16,91,character recognition,image classification,0.5844157934188843
16,158,character recognition,neural network,0.5602036118507385
16,166,character recognition,ocr problem,0.7779281735420227
16,179,character recognition,pedestrian detection,0.4792836904525757
16,180,character recognition,photo ocr,0.738190770149231
17,23,character segmentation,cluster,0.4866946041584015
17,24,character segmentation,clustering algorithm,0.5030801296234131
17,27,character segmentation,computer vision,0.4538436532020569
17,63,character segmentation,feature extraction,0.4899587035179138
17,85,character segmentation,hierarchical clustering,0.4502418637275696
17,100,character segmentation,k means,0.45006147027015686
17,166,character segmentation,ocr problem,0.6313378810882568
17,178,character segmentation,pca algorithm,0.4311005473136902
17,180,character segmentation,photo ocr,0.6333552002906799
18,20,classification accuracy,classification error,0.8251982927322388
18,31,classification accuracy,confusion matrix,0.7384795546531677
18,56,classification accuracy,evaluation metrics,0.7046406269073486
18,58,classification accuracy,f1 score,0.7535176873207092
18,87,classification accuracy,precision,0.8082935810089111
18,88,classification accuracy,recall,0.7462985515594482
18,147,classification accuracy,misclassification error,0.7984986901283264
18,189,classification accuracy,precision recall curve,0.6630823612213135
18,190,classification accuracy,predicted class,0.7232315540313721
18,232,classification accuracy,true negatives,0.6680481433868408
18,233,classification accuracy,true positives,0.6668640375137329
19,21,classification approach,classification problem,0.8068174123764038
19,24,classification approach,clustering algorithm,0.6334808468818665
19,44,classification approach,decision tree,0.5985245704650879
19,101,classification approach,k nearest neighbors,0.599786102771759
19,106,classification approach,labeled data,0.6402761936187744
19,111,classification approach,learning method,0.7386230230331421
19,131,classification approach,machine learning algorithm,0.6966084837913513
19,152,classification approach,multi-class classification,0.6541901230812073
19,190,classification approach,predicted class,0.7138896584510803
19,207,classification approach,sentiment analysis,0.4183978736400604
19,210,classification approach,spam filtering,0.6214190125465393
19,219,classification approach,supervised learning,0.6435481905937195
19,221,classification approach,support vector machine,0.6259008646011353
19,228,classification approach,training data,0.6367257833480835
19,241,classification approach,weak classifier,0.5241675972938538
20,21,classification error,classification problem,0.6523828506469727
20,31,classification error,confusion matrix,0.7967306971549988
20,37,classification error,cross validation,0.6335625052452087
20,38,classification error,cross validation error,0.7740248441696167
20,42,classification error,decision boundaries,0.5791143178939819
20,53,classification error,error analysis,0.7809313535690308
20,54,classification error,error cost function,0.7593687772750854
20,56,classification error,evaluation metrics,0.6772909164428711
20,58,classification error,f1 score,0.7248191237449646
20,61,classification error,false positives,0.6873753070831299
20,73,classification error,generalization error,0.6802889704704285
20,87,classification error,precision,0.7187974452972412
20,107,classification error,large margin classifier,0.5832549333572388
20,125,classification error,log likelihood,0.5674142837524414
20,147,classification error,misclassification error,0.9350465536117554
20,152,classification error,multi-class classification,0.5251149535179138
20,189,classification error,precision recall curve,0.6188564896583557
20,190,classification error,predicted class,0.7546460628509521
20,192,classification error,prediction error,0.8453309535980225
20,208,classification error,sentiment classifier,0.5404720902442932
20,214,classification error,squared error,0.6458492875099182
20,227,classification error,test error,0.745601236820221
20,230,classification error,training error,0.7886317372322083
20,237,classification error,validation error,0.8176051378250122
21,42,classification problem,decision boundaries,0.5832006931304932
21,44,classification problem,decision tree,0.6271666884422302
21,60,classification problem,false negative,0.6488833427429199
21,82,classification problem,greedy algorithm,0.4948115348815918
21,91,classification problem,image classification,0.6066964268684387
21,106,classification problem,labeled data,0.6520612239837646
21,107,classification problem,large margin classifier,0.6093776226043701
21,112,classification problem,learning problem,0.7349330186843872
21,127,classification problem,logistic regression,0.6256396770477295
21,152,classification problem,multi-class classification,0.7064105272293091
21,166,classification problem,ocr problem,0.39008551836013794
21,190,classification problem,predicted class,0.7523979544639587
21,207,classification problem,sentiment analysis,0.4084329307079315
21,210,classification problem,spam filtering,0.5833553671836853
21,219,classification problem,supervised learning,0.6541925072669983
21,228,classification problem,training data,0.6316070556640625
22,23,cluster center,cluster,0.6955273151397705
22,24,cluster center,clustering algorithm,0.6296133995056152
22,57,cluster center,expectation maximization,0.4770050346851349
22,66,cluster center,feature space,0.4780184030532837
22,85,cluster center,hierarchical clustering,0.5516119003295898
22,100,cluster center,k means,0.7125790119171143
22,102,cluster center,k-means objective,0.6605091094970703
22,142,cluster center,mean normalization,0.5133863687515259
22,211,cluster center,square distances,0.4791066646575928
23,24,cluster,clustering algorithm,0.846596360206604
23,57,cluster,expectation maximization,0.5201438069343567
23,85,cluster,hierarchical clustering,0.7596371173858643
23,100,cluster,k means,0.8375625610351562
23,101,cluster,k nearest neighbors,0.6370771527290344
23,102,cluster,k-means objective,0.6849727034568787
23,124,cluster,locality sensitive hashing,0.45584264397621155
23,155,cluster,nearest neighbor search,0.5495914220809937
23,156,cluster,nearest neighbors,0.6362256407737732
23,211,cluster,square distances,0.5767644047737122
23,236,cluster,unsupervised learning,0.6403340101242065
24,57,clustering algorithm,expectation maximization,0.5219992399215698
24,82,clustering algorithm,greedy algorithm,0.5218906402587891
24,85,clustering algorithm,hierarchical clustering,0.721472978591919
24,100,clustering algorithm,k means,0.86407071352005
24,101,clustering algorithm,k nearest neighbors,0.5788748264312744
24,102,clustering algorithm,k-means objective,0.667475700378418
24,131,clustering algorithm,machine learning algorithm,0.5948050618171692
24,236,clustering algorithm,unsupervised learning,0.6900282502174377
25,36,collaborative filtering,covariance matrix,0.41989460587501526
25,50,collaborative filtering,dimensionality reduction,0.45856618881225586
25,51,collaborative filtering,document retrieval,0.4788111448287964
25,65,collaborative filtering,feature selection,0.41792166233062744
25,101,collaborative filtering,k nearest neighbors,0.4553277790546417
25,109,collaborative filtering,latent dirichlet allocation,0.41485050320625305
25,124,collaborative filtering,locality sensitive hashing,0.44667744636535645
25,129,collaborative filtering,low rank matrix,0.47392749786376953
25,136,collaborative filtering,matrix factorization,0.7913245558738708
25,199,collaborative filtering,recommender system,0.8358440399169922
25,208,collaborative filtering,sentiment classifier,0.42497581243515015
26,40,features,data representation,0.6689106822013855
26,50,features,dimensionality reduction,0.6627230644226074
26,62,features,feature engineering,0.7759203910827637
26,63,features,feature extraction,0.748500406742096
26,64,features,feature scaling,0.6319454908370972
26,65,features,feature selection,0.7682098746299744
26,66,features,feature space,0.67182457447052
26,67,features,feature vector,0.7024903297424316
26,82,features,greedy algorithm,0.5406439304351807
26,86,features,high order polynomial,0.5168444514274597
26,94,features,input data,0.652687132358551
26,96,features,input space,0.59376060962677
26,142,features,mean normalization,0.5426893830299377
26,156,features,nearest neighbors,0.5699393153190613
26,163,features,normalized features,0.626438558101654
26,176,features,parameter vector,0.6060258150100708
26,181,features,polynomial features,0.6455172896385193
26,184,features,polynomial terms,0.5344480276107788
26,193,features,principle components,0.5443739295005798
26,228,features,training data,0.7116351127624512
26,235,features,unnormalized features,0.5680562257766724
27,45,computer vision,deep features,0.64128577709198
27,46,computer vision,deep learning,0.7003260850906372
27,47,computer vision,deep neural network,0.5451920628547668
27,59,computer vision,face detection,0.7006916403770447
27,91,computer vision,image classification,0.7537992596626282
27,92,computer vision,image retrieval,0.4962727427482605
27,130,computer vision,machine learning,0.6467088460922241
27,133,computer vision,machine learning system,0.5560445189476013
27,158,computer vision,neural network,0.5614500641822815
27,166,computer vision,ocr problem,0.5177896022796631
27,179,computer vision,pedestrian detection,0.634667158126831
27,180,computer vision,photo ocr,0.5172432065010071
28,32,concave function,conjugate gradient,0.5969568490982056
28,34,concave function,convex function,0.7441253662109375
28,76,concave function,global minimum,0.601693868637085
28,77,concave function,global optimum,0.5419307947158813
28,78,concave function,gradient algorithm,0.5368579626083374
28,79,concave function,gradient ascent,0.6525158882141113
28,81,concave function,gradient descent,0.5779771208763123
28,122,concave function,local minimum,0.5540903210639954
28,123,concave function,local optima,0.5547768473625183
28,168,concave function,optimal solution,0.5451111793518066
29,30,conditional distribution,conditional probabilities,0.8144118189811707
29,69,conditional distribution,gaussian density,0.5783171057701111
29,71,conditional distribution,gaussian model,0.6267647743225098
29,72,conditional distribution,gaussian random variable,0.6462143659591675
29,74,conditional distribution,generalized linear models,0.5236192345619202
29,75,conditional distribution,gibbs sampler,0.5346907377243042
29,99,conditional distribution,joint model probability,0.7288712859153748
29,109,conditional distribution,latent dirichlet allocation,0.41284745931625366
29,116,conditional distribution,likelihood function,0.612671971321106
29,125,conditional distribution,log likelihood,0.5805334448814392
29,140,conditional distribution,maximum likelihood,0.6223753690719604
29,148,conditional distribution,mixture model,0.5709691047668457
29,153,conditional distribution,multivariate gaussian distribution,0.5898317694664001
29,194,conditional distribution,prior probability,0.7463404536247253
29,195,conditional distribution,probabilistic model,0.7347062230110168
29,196,conditional distribution,probability density,0.657721996307373
29,198,conditional distribution,random variable,0.6400330066680908
30,75,conditional probabilities,gibbs sampler,0.5009628534317017
30,99,conditional probabilities,joint model probability,0.6815508008003235
30,116,conditional probabilities,likelihood function,0.5560005903244019
30,127,conditional probabilities,logistic regression,0.5341650247573853
30,194,conditional probabilities,prior probability,0.7383352518081665
30,195,conditional probabilities,probabilistic model,0.6956448554992676
30,196,conditional probabilities,probability density,0.5384411811828613
30,198,conditional probabilities,random variable,0.5340132117271423
31,42,confusion matrix,decision boundaries,0.5593328475952148
31,43,confusion matrix,decision stamp,0.4317106008529663
31,53,confusion matrix,error analysis,0.7081083655357361
31,56,confusion matrix,evaluation metrics,0.6381310820579529
31,58,confusion matrix,f1 score,0.7302248477935791
31,60,confusion matrix,false negative,0.7519098520278931
31,61,confusion matrix,false positives,0.7134402394294739
31,87,confusion matrix,precision,0.7410585880279541
31,88,confusion matrix,recall,0.7832269072532654
31,147,confusion matrix,misclassification error,0.7959648370742798
31,172,confusion matrix,output label,0.5889675617218018
31,189,confusion matrix,precision recall curve,0.688910722732544
31,190,confusion matrix,predicted class,0.6784030795097351
31,232,confusion matrix,true negatives,0.725529670715332
31,233,confusion matrix,true positives,0.7251060009002686
32,78,conjugate gradient,gradient algorithm,0.6577967405319214
32,79,conjugate gradient,gradient ascent,0.6068490147590637
32,81,conjugate gradient,gradient descent,0.6328389644622803
32,98,conjugate gradient,iterative algorithm,0.5678421854972839
32,146,conjugate gradient,minimization problem,0.5587692260742188
32,162,conjugate gradient,normal equation,0.5761057734489441
32,169,conjugate gradient,optimization algorithms,0.5744332075119019
32,217,conjugate gradient,stochastic gradient algorithm,0.5699131488800049
33,37,convergence test,cross validation,0.574135959148407
33,52,convergence test,early stopping,0.6653685569763184
33,78,convergence test,gradient algorithm,0.5845823287963867
33,80,convergence test,gradient checking,0.5596194267272949
33,81,convergence test,gradient descent,0.6084302663803101
33,98,convergence test,iterative algorithm,0.665382444858551
33,113,convergence test,learning rate,0.5885847210884094
33,169,convergence test,optimization algorithms,0.5855354070663452
33,237,convergence test,validation error,0.5863077640533447
34,48,convex function,derivative term,0.544583797454834
34,54,convex function,error cost function,0.543135941028595
34,76,convex function,global minimum,0.6260318756103516
34,78,convex function,gradient algorithm,0.5303760170936584
34,79,convex function,gradient ascent,0.5542278289794922
34,81,convex function,gradient descent,0.5611146688461304
34,128,convex function,loss function,0.6537085771560669
34,146,convex function,minimization problem,0.5274975299835205
34,168,convex function,optimal solution,0.6278619170188904
34,177,convex function,partial derivative,0.5128204822540283
35,78,coordinate descent,gradient algorithm,0.6152985692024231
35,81,coordinate descent,gradient descent,0.6806349754333496
35,98,coordinate descent,iterative algorithm,0.5699902772903442
35,105,coordinate descent,l1 penalty,0.5744351744651794
35,108,coordinate descent,lasso regression,0.6245532631874084
35,129,coordinate descent,low rank matrix,0.5281150341033936
35,144,coordinate descent,mini-batch gradient descent,0.565051257610321
35,146,coordinate descent,minimization problem,0.6274968981742859
35,204,coordinate descent,regularization,0.6049356460571289
35,205,coordinate descent,regularized linear regression,0.6148285865783691
35,217,coordinate descent,stochastic gradient algorithm,0.622033953666687
35,223,coordinate descent,svm packages,0.5152585506439209
36,49,covariance matrix,design matrix,0.6377619504928589
36,50,covariance matrix,dimensionality reduction,0.6509758234024048
36,66,covariance matrix,feature space,0.6219475269317627
36,129,covariance matrix,low rank matrix,0.5831030011177063
36,135,covariance matrix,matrix addition,0.5361288785934448
36,136,covariance matrix,matrix factorization,0.5745409727096558
36,138,covariance matrix,matrix transpose,0.6121870279312134
36,153,covariance matrix,multivariate gaussian distribution,0.696630597114563
36,154,covariance matrix,multivariate gaussian model,0.6189634799957275
36,178,covariance matrix,pca algorithm,0.6319700479507446
36,193,covariance matrix,principle components,0.67582106590271
36,212,covariance matrix,square matrix,0.65626060962677
36,215,covariance matrix,standard deviation,0.5728892087936401
36,224,covariance matrix,symmetric matrix,0.7353546023368835
37,38,cross validation,cross validation error,0.7426426410675049
37,39,cross validation,cross validation sets,0.8094083666801453
37,151,cross validation,model selection,0.7096052169799805
37,223,cross validation,svm packages,0.5194966793060303
37,225,cross validation,test data,0.7214757204055786
37,226,cross validation,test data set,0.6651148796081543
37,228,cross validation,training data,0.6617704629898071
37,231,cross validation,transfer learning,0.5485892295837402
37,237,cross validation,validation error,0.7412711977958679
37,238,cross validation,validation set,0.7670119404792786
37,242,cross validation,overfitting,0.6773960590362549
38,39,cross validation error,cross validation sets,0.6791229248046875
38,53,cross validation error,error analysis,0.7116695642471313
38,54,cross validation error,error cost function,0.7354547381401062
38,56,cross validation error,evaluation metrics,0.6694097518920898
38,73,cross validation error,generalization error,0.7137612700462341
38,110,cross validation error,learning curve,0.6794601082801819
38,128,cross validation error,loss function,0.6371912956237793
38,143,cross validation error,mean square error,0.6869577169418335
38,147,cross validation error,misclassification error,0.7242360711097717
38,172,cross validation error,output label,0.5863282680511475
38,192,cross validation error,prediction error,0.8027305603027344
38,213,cross validation error,square projection error,0.598942220211029
38,214,cross validation error,squared error,0.650216817855835
38,227,cross validation error,test error,0.7912964820861816
38,230,cross validation error,training error,0.8820984363555908
38,234,cross validation error,tuning parameter,0.5728057622909546
38,237,cross validation error,validation error,0.8205922842025757
38,238,cross validation error,validation set,0.7167285084724426
38,239,cross validation error,variance problem,0.5616979598999023
39,41,cross validation sets,data set,0.6971645355224609
39,106,cross validation sets,labeled data,0.5464218258857727
39,225,cross validation sets,test data,0.6234079003334045
39,226,cross validation sets,test data set,0.7213103771209717
39,228,cross validation sets,training data,0.5919854640960693
39,229,cross validation sets,training data set,0.6928960680961609
39,237,cross validation sets,validation error,0.5756778120994568
39,238,cross validation sets,validation set,0.7927510738372803
40,41,data representation,data set,0.6468477249145508
40,45,data representation,deep features,0.6314706206321716
40,49,data representation,design matrix,0.5983803868293762
40,50,data representation,dimensionality reduction,0.6407562494277954
40,51,data representation,document retrieval,0.5397120714187622
40,62,data representation,feature engineering,0.638056755065918
40,63,data representation,feature extraction,0.661138117313385
40,64,data representation,feature scaling,0.5809767246246338
40,66,data representation,feature space,0.7340409159660339
40,67,data representation,feature vector,0.7302560806274414
40,92,data representation,image retrieval,0.49691998958587646
40,94,data representation,input data,0.7252427339553833
40,96,data representation,input space,0.6887950897216797
40,106,data representation,labeled data,0.6696653962135315
40,163,data representation,normalized features,0.6072763800621033
40,164,data representation,normalized representation,0.6806066632270813
40,218,data representation,string kernel,0.4461984634399414
40,228,data representation,training data,0.661048412322998
40,235,data representation,unnormalized features,0.5556954741477966
41,94,data set,input data,0.6784670352935791
41,106,data set,labeled data,0.6972103118896484
41,134,data set,massive training set,0.6321872472763062
41,225,data set,test data,0.7249252796173096
41,226,data set,test data set,0.8733388185501099
41,228,data set,training data,0.7575443387031555
41,229,data set,training data set,0.8818614482879639
41,238,data set,validation set,0.7443106174468994
42,43,decision boundaries,decision stamp,0.5410093069076538
42,44,decision boundaries,decision tree,0.5595724582672119
42,96,decision boundaries,input space,0.5622400641441345
42,107,decision boundaries,large margin classifier,0.6576389670372009
42,190,decision boundaries,predicted class,0.615373969078064
42,220,decision boundaries,support vector,0.5992933511734009
42,238,decision boundaries,validation set,0.5690312385559082
43,44,decision stamp,decision tree,0.653242826461792
43,61,decision stamp,false positives,0.4266289174556732
43,187,decision stamp,positive predictions,0.42910122871398926
43,190,decision stamp,predicted class,0.45287013053894043
43,241,decision stamp,weak classifier,0.5556982755661011
44,82,decision tree,greedy algorithm,0.5923017859458923
44,85,decision tree,hierarchical clustering,0.4585615396499634
44,118,decision tree,linear classifier,0.6027873754501343
44,120,decision tree,linear model,0.5945067405700684
44,131,decision tree,machine learning algorithm,0.6320492625236511
44,190,decision tree,predicted class,0.6212910413742065
44,228,decision tree,training data,0.6024471521377563
44,241,decision tree,weak classifier,0.5856356024742126
45,46,deep features,deep learning,0.8521740436553955
45,47,deep features,deep neural network,0.7294991612434387
45,59,deep features,face detection,0.4650007486343384
45,63,deep features,feature extraction,0.6450721025466919
45,83,deep features,hidden layer,0.6777863502502441
45,91,deep features,image classification,0.6150938272476196
45,130,deep features,machine learning,0.6073740720748901
45,134,deep features,massive training set,0.5895642638206482
45,158,deep features,neural network,0.6198363900184631
45,179,deep features,pedestrian detection,0.41391241550445557
45,231,deep features,transfer learning,0.5995382070541382
46,47,deep learning,deep neural network,0.8312299847602844
46,51,deep learning,document retrieval,0.4747948944568634
46,59,deep learning,face detection,0.4919337034225464
46,68,deep learning,forward propagation,0.567596971988678
46,80,deep learning,gradient checking,0.552842378616333
46,83,deep learning,hidden layer,0.7468132972717285
46,84,deep learning,hidden unit,0.650892436504364
46,91,deep learning,image classification,0.6121381521224976
46,130,deep learning,machine learning,0.7586750388145447
46,133,deep learning,machine learning system,0.6439133286476135
46,134,deep learning,massive training set,0.6275414228439331
46,158,deep learning,neural network,0.7696027159690857
46,159,deep learning,neural network learning,0.6530964374542236
46,166,deep learning,ocr problem,0.40920573472976685
46,179,deep learning,pedestrian detection,0.4540937542915344
46,180,deep learning,photo ocr,0.3484535813331604
46,199,deep learning,recommender system,0.48750779032707214
46,231,deep learning,transfer learning,0.5611556768417358
46,240,deep learning,vector multiplication,0.6146914958953857
47,68,deep neural network,forward propagation,0.5997828841209412
47,83,deep neural network,hidden layer,0.836266040802002
47,84,deep neural network,hidden unit,0.7543054223060608
47,95,deep neural network,input layer,0.6050534844398499
47,97,deep neural network,input units,0.5909159779548645
47,137,deep neural network,matrix multiplication,0.5975112318992615
47,139,deep neural network,matrix vector multiplication,0.6444777250289917
47,158,deep neural network,neural network,0.8861016035079956
47,159,deep neural network,neural network learning,0.6579791307449341
47,173,deep neural network,output layer,0.6759783029556274
47,174,deep neural network,output unit,0.6381895542144775
47,177,deep neural network,partial derivative,0.5215523838996887
48,78,derivative term,gradient algorithm,0.6419605016708374
48,79,derivative term,gradient ascent,0.6304228901863098
48,81,derivative term,gradient descent,0.5904959440231323
48,113,derivative term,learning rate,0.5645728707313538
48,128,derivative term,loss function,0.6166285276412964
48,169,derivative term,optimization algorithms,0.5521721243858337
48,177,derivative term,partial derivative,0.8217734098434448
48,217,derivative term,stochastic gradient algorithm,0.5573614239692688
49,90,design matrix,identity matrics,0.522415280342102
49,94,design matrix,input data,0.5804217457771301
49,96,design matrix,input space,0.580668032169342
49,115,design matrix,least squares,0.634772539138794
49,165,design matrix,matrix,0.6739357709884644
49,176,design matrix,parameter vector,0.5974645614624023
49,200,design matrix,regression coefficients,0.5953414440155029
49,212,design matrix,square matrix,0.6369684934616089
49,224,design matrix,symmetric matrix,0.5836107730865479
50,63,dimensionality reduction,feature extraction,0.703684389591217
50,64,dimensionality reduction,feature scaling,0.552875280380249
50,65,dimensionality reduction,feature selection,0.6727472543716431
50,66,dimensionality reduction,feature space,0.6236015558242798
50,124,dimensionality reduction,locality sensitive hashing,0.45069706439971924
50,129,dimensionality reduction,low rank matrix,0.668432354927063
50,136,dimensionality reduction,matrix factorization,0.6621963977813721
50,142,dimensionality reduction,mean normalization,0.575831413269043
50,163,dimensionality reduction,normalized features,0.6026597023010254
50,164,dimensionality reduction,normalized representation,0.5402649641036987
50,178,dimensionality reduction,pca algorithm,0.725981593132019
50,193,dimensionality reduction,principle components,0.7407979369163513
50,224,dimensionality reduction,symmetric matrix,0.5824265480041504
50,235,dimensionality reduction,unnormalized features,0.6188697218894958
50,236,dimensionality reduction,unsupervised learning,0.5663235187530518
51,92,document retrieval,image retrieval,0.6538926362991333
51,109,document retrieval,latent dirichlet allocation,0.464284747838974
51,124,document retrieval,locality sensitive hashing,0.47843998670578003
51,136,document retrieval,matrix factorization,0.5068687200546265
51,155,document retrieval,nearest neighbor search,0.5595288872718811
51,164,document retrieval,normalized representation,0.501858651638031
51,199,document retrieval,recommender system,0.5425994992256165
51,218,document retrieval,string kernel,0.4270009696483612
51,240,document retrieval,vector multiplication,0.48328882455825806
52,73,early stopping,generalization error,0.534191370010376
52,105,early stopping,l1 penalty,0.5270429253578186
52,204,early stopping,regularization,0.6530382037162781
52,205,early stopping,regularized linear regression,0.5596989393234253
52,206,early stopping,regularized logistic regression,0.5403819680213928
52,237,early stopping,validation error,0.5371849536895752
52,238,early stopping,validation set,0.5275143384933472
52,242,early stopping,overfitting,0.5985308885574341
53,54,error analysis,error cost function,0.6622916460037231
53,73,error analysis,generalization error,0.635888397693634
53,147,error analysis,misclassification error,0.7453371286392212
53,192,error analysis,prediction error,0.7173672318458557
53,207,error analysis,sentiment analysis,0.4174904227256775
53,227,error analysis,test error,0.7119335532188416
53,230,error analysis,training error,0.7291474342346191
53,237,error analysis,validation error,0.7589812874794006
53,239,error analysis,variance problem,0.5608606338500977
54,73,error cost function,generalization error,0.6724560260772705
54,110,error cost function,learning curve,0.6330100893974304
54,115,error cost function,least squares,0.6499777436256409
54,116,error cost function,likelihood function,0.6325012445449829
54,125,error cost function,log likelihood,0.5883018374443054
54,128,error cost function,loss function,0.8076575398445129
54,143,error cost function,mean square error,0.6995735764503479
54,147,error cost function,misclassification error,0.6935545802116394
54,168,error cost function,optimal solution,0.624225378036499
54,170,error cost function,optimization objective,0.6567132472991943
54,172,error cost function,output label,0.5825088620185852
54,191,error cost function,predicted value,0.6095899343490601
54,192,error cost function,prediction error,0.7968776226043701
54,201,error cost function,regression function,0.6897246241569519
54,213,error cost function,square projection error,0.5927945375442505
54,214,error cost function,squared error,0.7635574340820312
54,230,error cost function,training error,0.7371878027915955
55,89,estimated parameters,hypothesis,0.6119648218154907
55,115,estimated parameters,least squares,0.6348156332969666
55,116,estimated parameters,likelihood function,0.6388068795204163
55,125,estimated parameters,log likelihood,0.5693715214729309
55,140,estimated parameters,maximum likelihood,0.6023731231689453
55,141,estimated parameters,maximum likelihood estimate,0.677757203578949
55,149,estimated parameters,model complexity,0.6134645938873291
55,150,estimated parameters,model parameters,0.8641940355300903
55,175,estimated parameters,parameter estimation,0.8202678561210632
55,176,estimated parameters,parameter vector,0.7276252508163452
55,200,estimated parameters,regression coefficients,0.6356757283210754
55,234,estimated parameters,tuning parameter,0.6847900152206421
56,58,evaluation metrics,f1 score,0.7027183175086975
56,87,evaluation metrics,precision,0.6833943128585815
56,88,evaluation metrics,recall,0.6532447934150696
56,147,evaluation metrics,misclassification error,0.6783318519592285
56,230,evaluation metrics,training error,0.6318314671516418
56,237,evaluation metrics,validation error,0.705274224281311
57,71,expectation maximization,gaussian model,0.5821328163146973
57,85,expectation maximization,hierarchical clustering,0.4868784248828888
57,100,expectation maximization,k means,0.5877898931503296
57,109,expectation maximization,latent dirichlet allocation,0.46623390913009644
57,140,expectation maximization,maximum likelihood,0.6072857975959778
57,141,expectation maximization,maximum likelihood estimate,0.600886881351471
57,148,expectation maximization,mixture model,0.6535595655441284
57,154,expectation maximization,multivariate gaussian model,0.5269603133201599
57,175,expectation maximization,parameter estimation,0.5210440754890442
57,236,expectation maximization,unsupervised learning,0.5576155185699463
58,60,f1 score,false negative,0.7168829441070557
58,61,f1 score,false positives,0.7103293538093567
58,87,f1 score,precision,0.7885658740997314
58,88,f1 score,recall,0.8064937591552734
58,147,f1 score,misclassification error,0.7188723087310791
58,189,f1 score,precision recall curve,0.6578803062438965
58,232,f1 score,true negatives,0.6969661116600037
58,233,f1 score,true positives,0.7290804386138916
59,91,face detection,image classification,0.5461595058441162
59,107,face detection,large margin classifier,0.4364166259765625
59,114,face detection,learning system,0.46190565824508667
59,130,face detection,machine learning,0.4697212874889374
59,133,face detection,machine learning system,0.4758317470550537
59,166,face detection,ocr problem,0.38891956210136414
59,179,face detection,pedestrian detection,0.6394884586334229
59,180,face detection,photo ocr,0.3867466449737549
60,61,false negative,false positives,0.8843695521354675
60,87,false negative,precision,0.7153145670890808
60,88,false negative,recall,0.8192493915557861
60,147,false negative,misclassification error,0.7013553380966187
60,157,false negative,negative example,0.7102926969528198
60,185,false negative,positive class,0.699425220489502
60,186,false negative,positive data,0.680877685546875
60,187,false negative,positive predictions,0.7202141284942627
60,188,false negative,positive training example,0.6021819114685059
60,189,false negative,precision recall curve,0.6084834933280945
60,210,false negative,spam filtering,0.534237802028656
60,232,false negative,true negatives,0.8696707487106323
60,233,false negative,true positives,0.807522177696228
60,241,false negative,weak classifier,0.5330052375793457
61,87,false positives,precision,0.7982544898986816
61,88,false positives,recall,0.7639492750167847
61,157,false positives,negative example,0.6264241933822632
61,160,false positives,non-anomalous examples,0.5358944535255432
61,185,false positives,positive class,0.7108780145645142
61,186,false positives,positive data,0.6659883260726929
61,187,false positives,positive predictions,0.7191876173019409
61,188,false positives,positive training example,0.5841142535209656
61,189,false positives,precision recall curve,0.6474822759628296
61,210,false positives,spam filtering,0.5341569185256958
61,232,false positives,true negatives,0.8403103351593018
61,233,false positives,true positives,0.8265340328216553
62,63,feature engineering,feature extraction,0.7235040068626404
62,64,feature engineering,feature scaling,0.6536402702331543
62,65,feature engineering,feature selection,0.7461912035942078
62,66,feature engineering,feature space,0.6191598176956177
62,67,feature engineering,feature vector,0.6275529265403748
62,94,feature engineering,input data,0.6283979415893555
62,142,feature engineering,mean normalization,0.547873854637146
62,163,feature engineering,normalized features,0.6335993409156799
62,181,feature engineering,polynomial features,0.6897402405738831
62,184,feature engineering,polynomial terms,0.5500626564025879
62,235,feature engineering,unnormalized features,0.5292822122573853
63,64,feature extraction,feature scaling,0.5795513391494751
63,65,feature extraction,feature selection,0.7465471625328064
63,66,feature extraction,feature space,0.6777863502502441
63,67,feature extraction,feature vector,0.7017387747764587
63,163,feature extraction,normalized features,0.5915606021881104
63,178,feature extraction,pca algorithm,0.6530388593673706
63,180,feature extraction,photo ocr,0.37730419635772705
63,193,feature extraction,principle components,0.6514512300491333
63,207,feature extraction,sentiment analysis,0.41232913732528687
63,231,feature extraction,transfer learning,0.5430207848548889
63,235,feature extraction,unnormalized features,0.538729190826416
63,236,feature extraction,unsupervised learning,0.6054131984710693
64,67,feature scaling,feature vector,0.565243124961853
64,142,feature scaling,mean normalization,0.8176684975624084
64,163,feature scaling,normalized features,0.8967552781105042
64,164,feature scaling,normalized representation,0.7506556510925293
64,235,feature scaling,unnormalized features,0.7574820518493652
65,66,feature selection,feature space,0.6482394933700562
65,82,feature selection,greedy algorithm,0.5543714761734009
65,105,feature selection,l1 penalty,0.5724444389343262
65,108,feature selection,lasso regression,0.7713645100593567
65,151,feature selection,model selection,0.7236344218254089
65,181,feature selection,polynomial features,0.6299735903739929
65,200,feature selection,regression coefficients,0.6523202061653137
65,204,feature selection,regularization,0.6895432472229004
65,205,feature selection,regularized linear regression,0.6453168392181396
65,206,feature selection,regularized logistic regression,0.5733526349067688
65,231,feature selection,transfer learning,0.5533289909362793
66,67,feature space,feature vector,0.7804852724075317
66,92,feature space,image retrieval,0.479702353477478
66,96,feature space,input space,0.8157985210418701
66,103,feature space,kernel function,0.6607816219329834
66,119,feature space,linear kernel,0.6357244253158569
66,155,feature space,nearest neighbor search,0.49822306632995605
66,156,feature space,nearest neighbors,0.5695760846138
66,178,feature space,pca algorithm,0.542897641658783
66,182,feature space,polynomial kernel,0.5805714130401611
66,193,feature space,principle components,0.5612308979034424
66,211,feature space,square distances,0.5916358828544617
66,218,feature space,string kernel,0.4685431718826294
66,220,feature space,support vector,0.6774671673774719
66,224,feature space,symmetric matrix,0.5504412651062012
67,93,feature vector,inner product,0.5496984720230103
67,96,feature vector,input space,0.6413831114768982
67,163,feature vector,normalized features,0.5916424989700317
67,164,feature vector,normalized representation,0.5741393566131592
67,165,feature vector,matrix,0.6133731007575989
67,176,feature vector,parameter vector,0.6708583235740662
67,193,feature vector,principle components,0.559400737285614
67,220,feature vector,support vector,0.6294156908988953
67,240,feature vector,vector multiplication,0.6372490525245667
68,78,forward propagation,gradient algorithm,0.5733190178871155
68,83,forward propagation,hidden layer,0.574744701385498
68,95,forward propagation,input layer,0.5782405138015747
68,139,forward propagation,matrix vector multiplication,0.5842264890670776
68,158,forward propagation,neural network,0.5809202194213867
68,159,forward propagation,neural network learning,0.6042065620422363
68,173,forward propagation,output layer,0.6245989203453064
69,70,gaussian density,gaussian kernel,0.6322387456893921
69,71,gaussian density,gaussian model,0.7312275171279907
69,72,gaussian density,gaussian random variable,0.8550760746002197
69,116,gaussian density,likelihood function,0.5594059228897095
69,153,gaussian density,multivariate gaussian distribution,0.703092098236084
69,154,gaussian density,multivariate gaussian model,0.6300696730613708
69,196,gaussian density,probability density,0.713097095489502
69,198,gaussian density,random variable,0.541844367980957
69,215,gaussian density,standard deviation,0.5472385287284851
70,71,gaussian kernel,gaussian model,0.6531006693840027
70,72,gaussian kernel,gaussian random variable,0.6824069619178772
70,103,gaussian kernel,kernel function,0.8579365015029907
70,104,gaussian kernel,kernel regression,0.7411951422691345
70,119,gaussian kernel,linear kernel,0.8096052408218384
70,153,gaussian kernel,multivariate gaussian distribution,0.6284949779510498
70,154,gaussian kernel,multivariate gaussian model,0.6093763113021851
70,161,gaussian kernel,nonlinear hypotheses,0.5904837250709534
70,181,gaussian kernel,polynomial features,0.6092908382415771
70,182,gaussian kernel,polynomial kernel,0.768667995929718
70,218,gaussian kernel,string kernel,0.5647674798965454
71,72,gaussian model,gaussian random variable,0.7874529957771301
71,74,gaussian model,generalized linear models,0.5627109408378601
71,99,gaussian model,joint model probability,0.5910935401916504
71,116,gaussian model,likelihood function,0.594277024269104
71,148,gaussian model,mixture model,0.7383307218551636
71,153,gaussian model,multivariate gaussian distribution,0.773018479347229
71,154,gaussian model,multivariate gaussian model,0.8442507982254028
71,195,gaussian model,probabilistic model,0.7186827063560486
71,196,gaussian model,probability density,0.6717349290847778
72,74,gaussian random variable,generalized linear models,0.521928071975708
72,75,gaussian random variable,gibbs sampler,0.4808383584022522
72,153,gaussian random variable,multivariate gaussian distribution,0.7756465673446655
72,154,gaussian random variable,multivariate gaussian model,0.6935309767723083
72,195,gaussian random variable,probabilistic model,0.6120394468307495
72,196,gaussian random variable,probability density,0.6873922348022461
72,197,gaussian random variable,random numbers,0.5612608790397644
72,198,gaussian random variable,random variable,0.6840116381645203
72,215,gaussian random variable,standard deviation,0.5872799754142761
73,74,generalization error,generalized linear models,0.5209648013114929
73,105,generalization error,l1 penalty,0.5174425840377808
73,149,generalization error,model complexity,0.6162276268005371
73,192,generalization error,prediction error,0.7918529510498047
73,197,generalization error,random numbers,0.5027151107788086
73,204,generalization error,regularization,0.6865895986557007
73,206,generalization error,regularized logistic regression,0.5600663423538208
73,227,generalization error,test error,0.7310081720352173
73,230,generalization error,training error,0.7582719326019287
73,237,generalization error,validation error,0.757544219493866
73,239,generalization error,variance problem,0.6707279682159424
73,242,generalization error,overfitting,0.6940129399299622
74,104,generalized linear models,kernel regression,0.5229541063308716
74,120,generalized linear models,linear model,0.6192428469657898
74,121,generalized linear models,linear regression,0.5279139280319214
74,127,generalized linear models,logistic regression,0.5944697856903076
74,141,generalized linear models,maximum likelihood estimate,0.5211507081985474
74,202,generalized linear models,regression model,0.5912536382675171
75,99,gibbs sampler,joint model probability,0.502684473991394
75,109,gibbs sampler,latent dirichlet allocation,0.4945628345012665
75,148,gibbs sampler,mixture model,0.48136210441589355
75,194,gibbs sampler,prior probability,0.5343296527862549
75,195,gibbs sampler,probabilistic model,0.5887119770050049
76,77,global minimum,global optimum,0.7720332145690918
76,78,global minimum,gradient algorithm,0.6099950075149536
76,81,global minimum,gradient descent,0.687391459941864
76,122,global minimum,local minimum,0.7921890020370483
76,123,global minimum,local optima,0.7222756743431091
76,128,global minimum,loss function,0.6026215553283691
76,145,global minimum,mini-batch size,0.5233777165412903
76,146,global minimum,minimization problem,0.7131152153015137
76,168,global minimum,optimal solution,0.719494640827179
76,170,global minimum,optimization objective,0.6115993857383728
77,78,global optimum,gradient algorithm,0.5752131342887878
77,79,global optimum,gradient ascent,0.6379907131195068
77,122,global optimum,local minimum,0.5795385241508484
77,123,global optimum,local optima,0.6817845106124878
77,140,global optimum,maximum likelihood,0.5913922786712646
77,168,global optimum,optimal solution,0.7563565969467163
77,169,global optimum,optimization algorithms,0.6222068667411804
77,170,global optimum,optimization objective,0.6882590651512146
77,171,global optimum,optimization problem,0.6489720344543457
78,79,gradient algorithm,gradient ascent,0.834160566329956
78,80,gradient algorithm,gradient checking,0.6412546038627625
78,81,gradient algorithm,gradient descent,0.8727684020996094
78,98,gradient algorithm,iterative algorithm,0.718453049659729
78,113,gradient algorithm,learning rate,0.6293625235557556
78,122,gradient algorithm,local minimum,0.5561723709106445
78,123,gradient algorithm,local optima,0.547295093536377
78,144,gradient algorithm,mini-batch gradient descent,0.5989689826965332
78,159,gradient algorithm,neural network learning,0.6930208802223206
78,169,gradient algorithm,optimization algorithms,0.7915706038475037
78,171,gradient algorithm,optimization problem,0.607013463973999
78,177,gradient algorithm,partial derivative,0.5435320138931274
78,217,gradient algorithm,stochastic gradient algorithm,0.7971867322921753
79,80,gradient ascent,gradient checking,0.5160610675811768
79,81,gradient ascent,gradient descent,0.7876870036125183
79,98,gradient ascent,iterative algorithm,0.584688127040863
79,113,gradient ascent,learning rate,0.6392633318901062
79,123,gradient ascent,local optima,0.5586683750152588
79,168,gradient ascent,optimal solution,0.6153875589370728
79,169,gradient ascent,optimization algorithms,0.6525903344154358
79,177,gradient ascent,partial derivative,0.5370882153511047
79,217,gradient ascent,stochastic gradient algorithm,0.652018666267395
80,81,gradient checking,gradient descent,0.5459961891174316
80,122,gradient checking,local minimum,0.5114619731903076
80,144,gradient checking,mini-batch gradient descent,0.5093972682952881
80,159,gradient checking,neural network learning,0.5071524381637573
80,192,gradient checking,prediction error,0.5431571006774902
80,237,gradient checking,validation error,0.5644509792327881
81,98,gradient descent,iterative algorithm,0.6456415057182312
81,113,gradient descent,learning rate,0.706639289855957
81,122,gradient descent,local minimum,0.6289631724357605
81,123,gradient descent,local optima,0.5592215061187744
81,144,gradient descent,mini-batch gradient descent,0.6387940645217896
81,145,gradient descent,mini-batch size,0.5966256260871887
81,146,gradient descent,minimization problem,0.6830664873123169
81,159,gradient descent,neural network learning,0.7113381624221802
81,162,gradient descent,normal equation,0.5802335739135742
81,169,gradient descent,optimization algorithms,0.6937399506568909
81,171,gradient descent,optimization problem,0.6337171196937561
81,177,gradient descent,partial derivative,0.5000271797180176
81,217,gradient descent,stochastic gradient algorithm,0.7140542268753052
82,100,greedy algorithm,k means,0.501991331577301
82,101,greedy algorithm,k nearest neighbors,0.5219749212265015
82,131,greedy algorithm,machine learning algorithm,0.4965343475341797
82,169,greedy algorithm,optimization algorithms,0.5298306345939636
83,84,hidden layer,hidden unit,0.844260573387146
83,95,hidden layer,input layer,0.6994559168815613
83,97,hidden layer,input units,0.5893299579620361
83,139,hidden layer,matrix vector multiplication,0.6088483929634094
83,158,hidden layer,neural network,0.8272917866706848
83,159,hidden layer,neural network learning,0.6366459727287292
83,173,hidden layer,output layer,0.7461150288581848
83,174,hidden layer,output unit,0.6054667234420776
84,93,hidden unit,inner product,0.521426260471344
84,95,hidden unit,input layer,0.6072890758514404
84,97,hidden unit,input units,0.7555041313171387
84,158,hidden unit,neural network,0.7489750981330872
84,173,hidden unit,output layer,0.6481736898422241
84,174,hidden unit,output unit,0.7797633409500122
84,177,hidden unit,partial derivative,0.5067996978759766
85,100,hierarchical clustering,k means,0.7223510146141052
85,102,hierarchical clustering,k-means objective,0.5306569337844849
85,109,hierarchical clustering,latent dirichlet allocation,0.415169894695282
85,148,hierarchical clustering,mixture model,0.47780925035476685
85,236,hierarchical clustering,unsupervised learning,0.5814526081085205
86,103,high order polynomial,kernel function,0.4820554852485657
86,149,high order polynomial,model complexity,0.5028313994407654
86,161,high order polynomial,nonlinear hypotheses,0.6324968338012695
86,181,high order polynomial,polynomial features,0.7384739518165588
86,182,high order polynomial,polynomial kernel,0.6005716323852539
86,183,high order polynomial,polynomial regression,0.6927134990692139
86,184,high order polynomial,polynomial terms,0.755068302154541
86,201,high order polynomial,regression function,0.49690473079681396
86,202,high order polynomial,regression model,0.47908008098602295
87,88,precision,recall,0.807540774345398
87,186,precision,positive data,0.5871618986129761
87,187,precision,positive predictions,0.6806975603103638
87,189,precision,precision recall curve,0.7604859471321106
87,232,precision,true negatives,0.7334109544754028
87,233,precision,true positives,0.7675336599349976
88,157,recall,negative example,0.6002072691917419
88,185,recall,positive class,0.6876213550567627
88,186,recall,positive data,0.6577370166778564
88,187,recall,positive predictions,0.7419323921203613
88,189,recall,precision recall curve,0.7345697283744812
88,232,recall,true negatives,0.8083581328392029
88,233,recall,true positives,0.8504984378814697
89,112,hypothesis,learning problem,0.6736243963241577
89,116,hypothesis,likelihood function,0.6250392198562622
89,125,hypothesis,log likelihood,0.5937273502349854
89,140,hypothesis,maximum likelihood,0.6411070823669434
89,141,hypothesis,maximum likelihood estimate,0.6061934232711792
89,149,hypothesis,model complexity,0.6165619492530823
89,151,hypothesis,model selection,0.619347095489502
89,161,hypothesis,nonlinear hypotheses,0.6388586163520813
89,175,hypothesis,parameter estimation,0.6175942420959473
89,192,hypothesis,prediction error,0.6173033714294434
89,194,hypothesis,prior probability,0.6717201471328735
89,226,hypothesis,test data set,0.6294639110565186
89,228,hypothesis,training data,0.6537554264068604
90,117,identity matrics,linear algebra,0.49046266078948975
90,135,identity matrics,matrix addition,0.5231180191040039
90,137,identity matrics,matrix multiplication,0.5860748291015625
90,138,identity matrics,matrix transpose,0.5502326488494873
90,139,identity matrics,matrix vector multiplication,0.5896632075309753
90,165,identity matrics,matrix,0.6341127157211304
90,212,identity matrics,square matrix,0.6686985492706299
90,224,identity matrics,symmetric matrix,0.5389220714569092
90,240,identity matrics,vector multiplication,0.5228565335273743
91,92,image classification,image retrieval,0.5197207927703857
91,106,image classification,labeled data,0.577867329120636
91,152,image classification,multi-class classification,0.649893045425415
91,166,image classification,ocr problem,0.4859377145767212
91,179,image classification,pedestrian detection,0.5459096431732178
91,180,image classification,photo ocr,0.4895438253879547
91,190,image classification,predicted class,0.5974623560905457
91,231,image classification,transfer learning,0.5963698625564575
92,101,image retrieval,k nearest neighbors,0.5397903919219971
92,124,image retrieval,locality sensitive hashing,0.572160542011261
92,155,image retrieval,nearest neighbor search,0.6399626731872559
92,156,image retrieval,nearest neighbors,0.5832430124282837
92,166,image retrieval,ocr problem,0.44267791509628296
92,180,image retrieval,photo ocr,0.44969600439071655
93,135,inner product,matrix addition,0.5275108814239502
93,137,inner product,matrix multiplication,0.6243125796318054
93,139,inner product,matrix vector multiplication,0.6513510942459106
93,164,inner product,normalized representation,0.5253404378890991
93,165,inner product,matrix,0.5388829112052917
93,211,inner product,square distances,0.5457165241241455
93,213,inner product,square projection error,0.5417084693908691
93,240,inner product,vector multiplication,0.7274234890937805
94,95,input data,input layer,0.6973755955696106
94,96,input data,input space,0.7309957146644592
94,106,input data,labeled data,0.6791475415229797
94,114,input data,learning system,0.6374194025993347
94,225,input data,test data,0.6330239176750183
94,228,input data,training data,0.7272191643714905
94,229,input data,training data set,0.6328235268592834
95,96,input layer,input space,0.705021858215332
95,97,input layer,input units,0.7483707666397095
95,158,input layer,neural network,0.6405580043792725
95,159,input layer,neural network learning,0.6901368498802185
95,173,input layer,output layer,0.7350279092788696
96,97,input space,input units,0.5975556373596191
96,114,input space,learning system,0.5795048475265503
96,181,input space,polynomial features,0.5818899869918823
97,158,input units,neural network,0.613194465637207
97,173,input units,output layer,0.625480592250824
97,174,input units,output unit,0.7730069160461426
98,111,iterative algorithm,learning method,0.5742968320846558
98,131,iterative algorithm,machine learning algorithm,0.625998854637146
98,169,iterative algorithm,optimization algorithms,0.6979210376739502
98,217,iterative algorithm,stochastic gradient algorithm,0.6606723070144653
99,116,joint model probability,likelihood function,0.5690158009529114
99,140,joint model probability,maximum likelihood,0.5741326808929443
99,148,joint model probability,mixture model,0.5571568012237549
99,153,joint model probability,multivariate gaussian distribution,0.5258227586746216
99,194,joint model probability,prior probability,0.646317720413208
99,195,joint model probability,probabilistic model,0.7273086309432983
100,101,k means,k nearest neighbors,0.6069077253341675
100,102,k means,k-means objective,0.783348798751831
100,148,k means,mixture model,0.5524779558181763
100,155,k means,nearest neighbor search,0.496249794960022
100,236,k means,unsupervised learning,0.6685274839401245
101,102,k nearest neighbors,k-means objective,0.5667874217033386
101,124,k nearest neighbors,locality sensitive hashing,0.6170661449432373
101,155,k nearest neighbors,nearest neighbor search,0.8318264484405518
101,156,k nearest neighbors,nearest neighbors,0.8958646059036255
101,199,k nearest neighbors,recommender system,0.4569607079029083
101,211,k nearest neighbors,square distances,0.590742826461792
101,228,k nearest neighbors,training data,0.6035540103912354
101,236,k nearest neighbors,unsupervised learning,0.5781499147415161
102,155,k-means objective,nearest neighbor search,0.5704954266548157
102,156,k-means objective,nearest neighbors,0.541725218296051
102,170,k-means objective,optimization objective,0.5725802183151245
102,211,k-means objective,square distances,0.5901867151260376
103,104,kernel function,kernel regression,0.7225033640861511
103,107,kernel function,large margin classifier,0.5798962712287903
103,118,kernel function,linear classifier,0.6156536340713501
103,119,kernel function,linear kernel,0.8484594225883484
103,161,kernel function,nonlinear hypotheses,0.6456058621406555
103,181,kernel function,polynomial features,0.667382538318634
103,182,kernel function,polynomial kernel,0.8344439268112183
103,218,kernel function,string kernel,0.5861451625823975
103,220,kernel function,support vector,0.6934426426887512
103,221,kernel function,support vector machine,0.7149264812469482
103,222,kernel function,svm optimization,0.6349687576293945
103,223,kernel function,svm packages,0.5190892219543457
104,119,kernel regression,linear kernel,0.6411421895027161
104,121,kernel regression,linear regression,0.5636202692985535
104,161,kernel regression,nonlinear hypotheses,0.5787950754165649
104,182,kernel regression,polynomial kernel,0.5914075970649719
104,201,kernel regression,regression function,0.6215227842330933
104,202,kernel regression,regression model,0.6436607837677002
104,203,kernel regression,regression problem,0.5892799496650696
104,205,kernel regression,regularized linear regression,0.5562244057655334
104,218,kernel regression,string kernel,0.46727511286735535
105,108,l1 penalty,lasso regression,0.7864125967025757
105,115,l1 penalty,least squares,0.5344399213790894
105,204,l1 penalty,regularization,0.7133703231811523
105,205,l1 penalty,regularized linear regression,0.7485852241516113
105,206,l1 penalty,regularized logistic regression,0.6410778760910034
106,152,labeled data,multi-class classification,0.5319027900695801
106,156,labeled data,nearest neighbors,0.5792468786239624
106,172,labeled data,output label,0.6978887915611267
106,190,labeled data,predicted class,0.6988421082496643
106,198,labeled data,random variable,0.5627036094665527
106,219,labeled data,supervised learning,0.765677809715271
106,225,labeled data,test data,0.6442244052886963
106,228,labeled data,training data,0.745761513710022
106,229,labeled data,training data set,0.657294511795044
106,236,labeled data,unsupervised learning,0.5985570549964905
107,118,large margin classifier,linear classifier,0.6065599322319031
107,152,large margin classifier,multi-class classification,0.5337040424346924
107,179,large margin classifier,pedestrian detection,0.3812369108200073
107,190,large margin classifier,predicted class,0.633184015750885
107,219,large margin classifier,supervised learning,0.6124160885810852
107,220,large margin classifier,support vector,0.692374587059021
107,221,large margin classifier,support vector machine,0.6374870538711548
107,222,large margin classifier,svm optimization,0.6617116332054138
107,223,large margin classifier,svm packages,0.5587105751037598
107,241,large margin classifier,weak classifier,0.5240207314491272
108,115,lasso regression,least squares,0.6385865807533264
108,121,lasso regression,linear regression,0.6441167593002319
108,200,lasso regression,regression coefficients,0.5959801077842712
108,204,lasso regression,regularization,0.7321051359176636
108,205,lasso regression,regularized linear regression,0.8163465261459351
108,206,lasso regression,regularized logistic regression,0.6653647422790527
108,216,lasso regression,standard least squares,0.6206744909286499
109,136,latent dirichlet allocation,matrix factorization,0.5067852139472961
109,148,latent dirichlet allocation,mixture model,0.5284444689750671
109,194,latent dirichlet allocation,prior probability,0.43192005157470703
109,195,latent dirichlet allocation,probabilistic model,0.45009559392929077
110,112,learning curve,learning problem,0.6227905750274658
110,113,learning curve,learning rate,0.6569231748580933
110,114,learning curve,learning system,0.6282552480697632
110,189,learning curve,precision recall curve,0.6828286647796631
110,192,learning curve,prediction error,0.6366741061210632
110,228,learning curve,training data,0.6256065964698792
110,230,learning curve,training error,0.7266210317611694
110,242,learning curve,overfitting,0.6270601153373718
110,243,learning curve,underfitting,0.6006930470466614
111,112,learning method,learning problem,0.7113588452339172
111,113,learning method,learning rate,0.582865834236145
111,114,learning method,learning system,0.6714316606521606
111,130,learning method,machine learning,0.6231164336204529
111,131,learning method,machine learning algorithm,0.7861952781677246
111,159,learning method,neural network learning,0.6296433210372925
111,167,learning method,online learning,0.6074386835098267
111,169,learning method,optimization algorithms,0.6870818734169006
111,219,learning method,supervised learning,0.709358274936676
111,228,learning method,training data,0.667077898979187
111,229,learning method,training data set,0.6260528564453125
112,114,learning problem,learning system,0.6752749681472778
112,130,learning problem,machine learning,0.6739914417266846
112,132,learning problem,machine learning application,0.6052325963973999
112,146,learning problem,minimization problem,0.7096088528633118
112,168,learning problem,optimal solution,0.6308908462524414
112,171,learning problem,optimization problem,0.744073212146759
112,198,learning problem,random variable,0.5631763339042664
112,203,learning problem,regression problem,0.6900313496589661
112,219,learning problem,supervised learning,0.6746779084205627
112,228,learning problem,training data,0.6927036046981812
112,229,learning problem,training data set,0.6387163996696472
113,114,learning rate,learning system,0.6147031784057617
113,144,learning rate,mini-batch gradient descent,0.5438660979270935
113,145,learning rate,mini-batch size,0.5795405507087708
113,159,learning rate,neural network learning,0.6816772222518921
113,167,learning rate,online learning,0.5214829444885254
113,234,learning rate,tuning parameter,0.5719451904296875
114,130,learning system,machine learning,0.741746187210083
114,131,learning system,machine learning algorithm,0.6985806822776794
114,132,learning system,machine learning application,0.6542612314224243
114,133,learning system,machine learning system,0.8013697266578674
114,150,learning system,model parameters,0.593083381652832
114,159,learning system,neural network learning,0.7204043865203857
114,167,learning system,online learning,0.5666201710700989
114,219,learning system,supervised learning,0.7486602663993835
114,220,learning system,support vector,0.6092684268951416
114,223,learning system,svm packages,0.4960528612136841
114,228,learning system,training data,0.7061657905578613
114,231,learning system,transfer learning,0.5982503890991211
115,120,least squares,linear model,0.6202776432037354
115,121,least squares,linear regression,0.759623110294342
115,129,least squares,low rank matrix,0.5333676338195801
115,143,least squares,mean square error,0.6522404551506042
115,162,least squares,normal equation,0.6919731497764587
115,183,least squares,polynomial regression,0.6402883529663086
115,200,least squares,regression coefficients,0.6667121648788452
115,201,least squares,regression function,0.6443053483963013
115,204,least squares,regularization,0.646282970905304
115,205,least squares,regularized linear regression,0.6804675459861755
115,213,least squares,square projection error,0.5879941582679749
115,214,least squares,squared error,0.676200270652771
115,215,least squares,standard deviation,0.5499667525291443
115,216,least squares,standard least squares,0.9108565449714661
116,125,likelihood function,log likelihood,0.8476691246032715
116,126,likelihood function,logistic function,0.5203574895858765
116,140,likelihood function,maximum likelihood,0.8040949702262878
116,141,likelihood function,maximum likelihood estimate,0.7307248115539551
116,175,likelihood function,parameter estimation,0.6523171067237854
116,194,likelihood function,prior probability,0.5965853929519653
116,196,likelihood function,probability density,0.7095847129821777
116,209,likelihood function,sigmoid function,0.523978054523468
117,118,linear algebra,linear classifier,0.6199886202812195
117,119,linear algebra,linear kernel,0.5575060844421387
117,120,linear algebra,linear model,0.6315087080001831
117,135,linear algebra,matrix addition,0.6532552242279053
117,137,linear algebra,matrix multiplication,0.6806659698486328
117,138,linear algebra,matrix transpose,0.608627200126648
117,139,linear algebra,matrix vector multiplication,0.6878440976142883
117,165,linear algebra,matrix,0.7274085283279419
117,212,linear algebra,square matrix,0.6252321004867554
117,224,linear algebra,symmetric matrix,0.5481882691383362
117,240,linear algebra,vector multiplication,0.6529146432876587
118,119,linear classifier,linear kernel,0.7344858050346375
118,120,linear classifier,linear model,0.8227893710136414
118,121,linear classifier,linear regression,0.6604900360107422
118,131,linear classifier,machine learning algorithm,0.598801851272583
118,152,linear classifier,multi-class classification,0.5550413727760315
118,208,linear classifier,sentiment classifier,0.5672076940536499
118,210,linear classifier,spam filtering,0.5013533234596252
118,221,linear classifier,support vector machine,0.6326940655708313
118,241,linear classifier,weak classifier,0.531252920627594
119,120,linear kernel,linear model,0.687416136264801
119,121,linear kernel,linear regression,0.6524880528450012
119,181,linear kernel,polynomial features,0.635199785232544
119,182,linear kernel,polynomial kernel,0.8015211224555969
119,218,linear kernel,string kernel,0.6010564565658569
119,220,linear kernel,support vector,0.6569231748580933
119,221,linear kernel,support vector machine,0.6267789006233215
120,121,linear model,linear regression,0.8109133243560791
120,127,linear model,logistic regression,0.6269582509994507
120,131,linear model,machine learning algorithm,0.6223923563957214
120,141,linear model,maximum likelihood estimate,0.5991191267967224
120,161,linear model,nonlinear hypotheses,0.5952762961387634
120,184,linear model,polynomial terms,0.5873208045959473
120,200,linear model,regression coefficients,0.632706880569458
120,201,linear model,regression function,0.6337336897850037
120,202,linear model,regression model,0.7277353405952454
120,216,linear model,standard least squares,0.617978036403656
121,127,linear regression,logistic regression,0.5715981721878052
121,162,linear regression,normal equation,0.6012266278266907
121,183,linear regression,polynomial regression,0.6982806324958801
121,184,linear regression,polynomial terms,0.5400294661521912
121,191,linear regression,predicted value,0.6486001014709473
121,200,linear regression,regression coefficients,0.7406996488571167
121,201,linear regression,regression function,0.7565176486968994
121,202,linear regression,regression model,0.7458081841468811
121,203,linear regression,regression problem,0.6978833079338074
121,205,linear regression,regularized linear regression,0.7020151615142822
121,216,linear regression,standard least squares,0.7274430990219116
122,123,local minimum,local optima,0.833187460899353
122,144,local minimum,mini-batch gradient descent,0.5631782412528992
122,145,local minimum,mini-batch size,0.5483959913253784
122,146,local minimum,minimization problem,0.6817383766174316
122,168,local minimum,optimal solution,0.5621598362922668
123,144,local optima,mini-batch gradient descent,0.5543230175971985
123,146,local optima,minimization problem,0.6174327731132507
123,168,local optima,optimal solution,0.6201401948928833
124,136,locality sensitive hashing,matrix factorization,0.4293193817138672
124,155,locality sensitive hashing,nearest neighbor search,0.7079194784164429
124,156,locality sensitive hashing,nearest neighbors,0.6308378577232361
124,211,locality sensitive hashing,square distances,0.44441306591033936
125,126,log likelihood,logistic function,0.535077691078186
125,140,log likelihood,maximum likelihood,0.8480442762374878
125,141,log likelihood,maximum likelihood estimate,0.7006689310073853
125,175,log likelihood,parameter estimation,0.5581198930740356
125,194,log likelihood,prior probability,0.5690442323684692
125,196,log likelihood,probability density,0.6185909509658813
125,206,log likelihood,regularized logistic regression,0.5537548065185547
126,127,logistic function,logistic regression,0.7085878252983093
126,128,logistic function,loss function,0.4939602315425873
126,201,logistic function,regression function,0.49769771099090576
126,206,logistic function,regularized logistic regression,0.5674496293067932
126,209,logistic function,sigmoid function,0.9003766775131226
127,190,logistic regression,predicted class,0.6144061088562012
127,201,logistic regression,regression function,0.5832296013832092
127,206,logistic regression,regularized logistic regression,0.691057026386261
127,207,logistic regression,sentiment analysis,0.41896310448646545
127,209,logistic regression,sigmoid function,0.6078886985778809
128,146,loss function,minimization problem,0.6366521120071411
128,168,loss function,optimal solution,0.6671690940856934
128,169,loss function,optimization algorithms,0.6374615430831909
128,170,loss function,optimization objective,0.7355175614356995
128,171,loss function,optimization problem,0.6056324243545532
128,177,loss function,partial derivative,0.5679376721382141
128,192,loss function,prediction error,0.6683973073959351
128,201,loss function,regression function,0.6329888701438904
128,209,loss function,sigmoid function,0.5273138880729675
128,214,loss function,squared error,0.6566119194030762
128,230,loss function,training error,0.6703956127166748
129,136,low rank matrix,matrix factorization,0.6923726797103882
129,138,low rank matrix,matrix transpose,0.5276414155960083
129,165,low rank matrix,matrix,0.528628408908844
129,178,low rank matrix,pca algorithm,0.56458580493927
129,193,low rank matrix,principle components,0.5431087017059326
129,199,low rank matrix,recommender system,0.48314470052719116
129,224,low rank matrix,symmetric matrix,0.5423117280006409
130,131,machine learning,machine learning algorithm,0.760231077671051
130,132,machine learning,machine learning application,0.7346517443656921
130,133,machine learning,machine learning system,0.7692063450813293
130,158,machine learning,neural network,0.6285039186477661
130,159,machine learning,neural network learning,0.6386972665786743
130,167,machine learning,online learning,0.5285865664482117
130,179,machine learning,pedestrian detection,0.3777512311935425
130,197,machine learning,random numbers,0.5381269454956055
130,199,machine learning,recommender system,0.5090406537055969
130,219,machine learning,supervised learning,0.7265708446502686
130,228,machine learning,training data,0.6726860404014587
130,231,machine learning,transfer learning,0.5449559092521667
130,236,machine learning,unsupervised learning,0.5657200813293457
131,132,machine learning algorithm,machine learning application,0.6986976265907288
131,133,machine learning algorithm,machine learning system,0.6830889582633972
131,167,machine learning algorithm,online learning,0.523331880569458
131,169,machine learning algorithm,optimization algorithms,0.7221379280090332
131,207,machine learning algorithm,sentiment analysis,0.4028097987174988
131,210,machine learning algorithm,spam filtering,0.5156869888305664
131,217,machine learning algorithm,stochastic gradient algorithm,0.582553505897522
131,219,machine learning algorithm,supervised learning,0.6986062526702881
131,221,machine learning algorithm,support vector machine,0.6828081607818604
131,228,machine learning algorithm,training data,0.6713511347770691
132,133,machine learning application,machine learning system,0.8286416530609131
132,199,machine learning application,recommender system,0.4567416310310364
132,202,machine learning application,regression model,0.6301993131637573
132,203,machine learning application,regression problem,0.6139614582061768
132,225,machine learning application,test data,0.6010521054267883
132,228,machine learning application,training data,0.643054187297821
133,167,machine learning system,online learning,0.5569068193435669
133,179,machine learning system,pedestrian detection,0.3715377449989319
133,199,machine learning system,recommender system,0.4654844403266907
133,219,machine learning system,supervised learning,0.6244891881942749
133,223,machine learning system,svm packages,0.5540479421615601
133,225,machine learning system,test data,0.6770986914634705
133,228,machine learning system,training data,0.6987851858139038
133,237,machine learning system,validation error,0.6427817940711975
134,145,massive training set,mini-batch size,0.5259475111961365
134,225,massive training set,test data,0.5839595198631287
134,226,massive training set,test data set,0.6090940833091736
134,228,massive training set,training data,0.636469304561615
134,229,massive training set,training data set,0.6865845322608948
134,238,massive training set,validation set,0.5862276554107666
134,242,massive training set,overfitting,0.623206377029419
135,137,matrix addition,matrix multiplication,0.7933729290962219
135,138,matrix addition,matrix transpose,0.6750136613845825
135,139,matrix addition,matrix vector multiplication,0.7865431904792786
135,165,matrix addition,matrix,0.6880102753639221
135,212,matrix addition,square matrix,0.5934821367263794
135,224,matrix addition,symmetric matrix,0.529144823551178
135,240,matrix addition,vector multiplication,0.7661806344985962
136,138,matrix factorization,matrix transpose,0.5165811777114868
136,165,matrix factorization,matrix,0.5355459451675415
136,178,matrix factorization,pca algorithm,0.5632813572883606
136,193,matrix factorization,principle components,0.5305178165435791
136,199,matrix factorization,recommender system,0.7234293818473816
136,224,matrix factorization,symmetric matrix,0.5331428050994873
137,138,matrix multiplication,matrix transpose,0.7294087409973145
137,139,matrix multiplication,matrix vector multiplication,0.9389963150024414
137,158,matrix multiplication,neural network,0.5901018977165222
137,165,matrix multiplication,matrix,0.7997522354125977
137,212,matrix multiplication,square matrix,0.6392256021499634
137,240,matrix multiplication,vector multiplication,0.8287248611450195
138,139,matrix transpose,matrix vector multiplication,0.7328553199768066
138,162,matrix transpose,normal equation,0.5738222002983093
138,165,matrix transpose,matrix,0.7433953285217285
138,212,matrix transpose,square matrix,0.6892263889312744
138,224,matrix transpose,symmetric matrix,0.658032238483429
138,240,matrix transpose,vector multiplication,0.6804479360580444
139,158,matrix vector multiplication,neural network,0.6421425342559814
139,165,matrix vector multiplication,matrix,0.7875790596008301
139,176,matrix vector multiplication,parameter vector,0.5973774194717407
139,212,matrix vector multiplication,square matrix,0.6518069505691528
139,240,matrix vector multiplication,vector multiplication,0.8744271397590637
140,141,maximum likelihood,maximum likelihood estimate,0.7752280831336975
140,175,maximum likelihood,parameter estimation,0.6181745529174805
140,194,maximum likelihood,prior probability,0.5983004570007324
140,196,maximum likelihood,probability density,0.6162973642349243
141,175,maximum likelihood estimate,parameter estimation,0.7232838869094849
141,202,maximum likelihood estimate,regression model,0.6371346116065979
141,228,maximum likelihood estimate,training data,0.6042798757553101
142,143,mean normalization,mean square error,0.5465460419654846
142,163,mean normalization,normalized features,0.8459928035736084
142,164,mean normalization,normalized representation,0.7229565382003784
142,204,mean normalization,regularization,0.5228945016860962
142,215,mean normalization,standard deviation,0.5361648797988892
142,235,mean normalization,unnormalized features,0.744881272315979
143,191,mean square error,predicted value,0.6551240682601929
143,192,mean square error,prediction error,0.7292997241020203
143,202,mean square error,regression model,0.6302951574325562
143,203,mean square error,regression problem,0.6187294125556946
143,211,mean square error,square distances,0.5712326765060425
143,213,mean square error,square projection error,0.6357109546661377
143,214,mean square error,squared error,0.8076245784759521
143,215,mean square error,standard deviation,0.5587174892425537
143,216,mean square error,standard least squares,0.6349776983261108
143,230,mean square error,training error,0.7118189334869385
143,237,mean square error,validation error,0.6534046530723572
144,145,mini-batch gradient descent,mini-batch size,0.8471489548683167
144,146,mini-batch gradient descent,minimization problem,0.5625565052032471
144,217,mini-batch gradient descent,stochastic gradient algorithm,0.7334246635437012
145,146,mini-batch size,minimization problem,0.5567269921302795
145,217,mini-batch size,stochastic gradient algorithm,0.5780792832374573
146,162,minimization problem,normal equation,0.5749597549438477
146,168,minimization problem,optimal solution,0.6699369549751282
146,169,minimization problem,optimization algorithms,0.6924638748168945
146,170,minimization problem,optimization objective,0.6354570388793945
146,171,minimization problem,optimization problem,0.7749440670013428
146,203,minimization problem,regression problem,0.6357817053794861
146,217,minimization problem,stochastic gradient algorithm,0.5860802531242371
146,222,minimization problem,svm optimization,0.60078364610672
147,190,misclassification error,predicted class,0.7006946802139282
147,192,misclassification error,prediction error,0.7823812961578369
147,227,misclassification error,test error,0.7253924608230591
147,230,misclassification error,training error,0.7452090382575989
147,237,misclassification error,validation error,0.7705585360527039
148,153,mixture model,multivariate gaussian distribution,0.5750630497932434
148,154,mixture model,multivariate gaussian model,0.6151556968688965
148,195,mixture model,probabilistic model,0.6473259925842285
148,196,mixture model,probability density,0.5557783842086792
149,150,model complexity,model parameters,0.6205204129219055
149,151,model complexity,model selection,0.6529477834701538
149,204,model complexity,regularization,0.6638444066047668
149,237,model complexity,validation error,0.6218584775924683
149,239,model complexity,variance problem,0.5901854038238525
149,242,model complexity,overfitting,0.7228241562843323
149,243,model complexity,underfitting,0.6680828928947449
150,151,model parameters,model selection,0.6367492079734802
150,175,model parameters,parameter estimation,0.6750365495681763
150,176,model parameters,parameter vector,0.7460533380508423
150,200,model parameters,regression coefficients,0.6002411842346191
150,204,model parameters,regularization,0.5986033082008362
150,234,model parameters,tuning parameter,0.7985826730728149
150,242,model parameters,overfitting,0.6102365851402283
151,225,model selection,test data,0.6300119757652283
151,234,model selection,tuning parameter,0.6222798824310303
151,237,model selection,validation error,0.6516146063804626
151,238,model selection,validation set,0.6865702867507935
151,242,model selection,overfitting,0.6957155466079712
152,185,multi-class classification,positive class,0.542156457901001
152,190,multi-class classification,predicted class,0.6649212837219238
153,154,multivariate gaussian distribution,multivariate gaussian model,0.8887190222740173
153,196,multivariate gaussian distribution,probability density,0.6431607007980347
154,160,multivariate gaussian model,non-anomalous examples,0.47834959626197815
154,195,multivariate gaussian model,probabilistic model,0.5543874502182007
154,196,multivariate gaussian model,probability density,0.604341983795166
155,156,nearest neighbor search,nearest neighbors,0.8820011019706726
155,211,nearest neighbor search,square distances,0.5897212028503418
156,211,nearest neighbors,square distances,0.6369528770446777
156,228,nearest neighbors,training data,0.5830904245376587
157,160,negative example,non-anomalous examples,0.5973004698753357
157,185,negative example,positive class,0.7220863699913025
157,186,negative example,positive data,0.8476479649543762
157,187,negative example,positive predictions,0.6454442739486694
157,188,negative example,positive training example,0.8199762105941772
157,228,negative example,training data,0.6153607368469238
157,232,negative example,true negatives,0.6861004829406738
157,241,negative example,weak classifier,0.5290972590446472
158,159,neural network,neural network learning,0.7607373595237732
158,173,neural network,output layer,0.7114815711975098
158,174,neural network,output unit,0.6271812319755554
159,167,neural network learning,online learning,0.5220760107040405
159,173,neural network learning,output layer,0.6367230415344238
159,176,neural network learning,parameter vector,0.6019313335418701
159,219,neural network learning,supervised learning,0.6616147756576538
160,186,non-anomalous examples,positive data,0.5455521941184998
160,188,non-anomalous examples,positive training example,0.5655447244644165
160,196,non-anomalous examples,probability density,0.5669443011283875
160,228,non-anomalous examples,training data,0.4858902096748352
160,236,non-anomalous examples,unsupervised learning,0.4771927297115326
161,181,nonlinear hypotheses,polynomial features,0.6764501929283142
161,182,nonlinear hypotheses,polynomial kernel,0.5952091217041016
161,184,nonlinear hypotheses,polynomial terms,0.6058921813964844
161,203,nonlinear hypotheses,regression problem,0.5720996260643005
162,201,normal equation,regression function,0.5959089994430542
162,204,normal equation,regularization,0.579574704170227
162,205,normal equation,regularized linear regression,0.6051740646362305
162,216,normal equation,standard least squares,0.6907638311386108
163,164,normalized features,normalized representation,0.8213450312614441
163,235,normalized features,unnormalized features,0.8248459100723267
164,213,normalized representation,square projection error,0.5193461775779724
164,235,normalized representation,unnormalized features,0.711459755897522
164,240,normalized representation,vector multiplication,0.5725549459457397
165,199,matrix,recommender system,0.4495547115802765
165,212,matrix,square matrix,0.7356441617012024
165,224,matrix,symmetric matrix,0.6398391723632812
165,240,matrix,vector multiplication,0.6651254892349243
166,179,ocr problem,pedestrian detection,0.38162922859191895
166,180,ocr problem,photo ocr,0.8813914656639099
167,217,online learning,stochastic gradient algorithm,0.5322391390800476
167,219,online learning,supervised learning,0.5355772376060486
168,169,optimal solution,optimization algorithms,0.6677083969116211
168,170,optimal solution,optimization objective,0.7087104916572571
168,171,optimal solution,optimization problem,0.7339667677879333
168,222,optimal solution,svm optimization,0.6167171597480774
168,234,optimal solution,tuning parameter,0.5503100156784058
169,170,optimization algorithms,optimization objective,0.7053318619728088
169,171,optimization algorithms,optimization problem,0.7308970093727112
169,217,optimization algorithms,stochastic gradient algorithm,0.7225027084350586
169,222,optimization algorithms,svm optimization,0.593472957611084
170,171,optimization objective,optimization problem,0.7825403809547424
170,192,optimization objective,prediction error,0.6408655047416687
170,222,optimization objective,svm optimization,0.6307874917984009
171,222,optimization problem,svm optimization,0.6676808595657349
172,173,output label,output layer,0.609737753868103
172,174,output label,output unit,0.6212475895881653
172,190,output label,predicted class,0.7045804262161255
172,191,output label,predicted value,0.673794150352478
172,192,output label,prediction error,0.6196258664131165
172,219,output label,supervised learning,0.6004809141159058
173,174,output layer,output unit,0.7683264017105103
173,209,output layer,sigmoid function,0.5202887654304504
174,209,output unit,sigmoid function,0.5321269035339355
175,176,parameter estimation,parameter vector,0.6257258653640747
175,234,parameter estimation,tuning parameter,0.5507779717445374
176,220,parameter vector,support vector,0.6229814887046814
176,234,parameter vector,tuning parameter,0.6444423794746399
178,193,pca algorithm,principle components,0.78438800573349
178,212,pca algorithm,square matrix,0.5260180830955505
178,213,pca algorithm,square projection error,0.5825111269950867
178,224,pca algorithm,symmetric matrix,0.5663182139396667
179,180,pedestrian detection,photo ocr,0.3551945984363556
181,182,polynomial features,polynomial kernel,0.8005033731460571
181,183,polynomial features,polynomial regression,0.784528374671936
181,184,polynomial features,polynomial terms,0.8731138110160828
181,200,polynomial features,regression coefficients,0.6296464204788208
182,183,polynomial kernel,polynomial regression,0.6783908605575562
182,184,polynomial kernel,polynomial terms,0.7079747319221497
182,218,polynomial kernel,string kernel,0.5477595329284668
183,184,polynomial regression,polynomial terms,0.7932552099227905
183,200,polynomial regression,regression coefficients,0.6812482476234436
183,201,polynomial regression,regression function,0.6384309530258179
183,202,polynomial regression,regression model,0.6137670874595642
183,216,polynomial regression,standard least squares,0.6336587071418762
184,200,polynomial terms,regression coefficients,0.6272908449172974
185,186,positive class,positive data,0.8466654419898987
185,187,positive class,positive predictions,0.8162842392921448
185,188,positive class,positive training example,0.7411946058273315
185,208,positive class,sentiment classifier,0.5366661548614502
185,232,positive class,true negatives,0.7328554391860962
185,233,positive class,true positives,0.7385684251785278
186,187,positive data,positive predictions,0.765373945236206
186,188,positive data,positive training example,0.8291493058204651
186,232,positive data,true negatives,0.6823142170906067
186,233,positive data,true positives,0.669288158416748
187,188,positive predictions,positive training example,0.6973335146903992
187,190,positive predictions,predicted class,0.647321343421936
187,208,positive predictions,sentiment classifier,0.5453629493713379
187,232,positive predictions,true negatives,0.7702764868736267
187,233,positive predictions,true positives,0.8018871545791626
188,225,positive training example,test data,0.5672206282615662
188,228,positive training example,training data,0.6303362846374512
188,232,positive training example,true negatives,0.5961236357688904
188,233,positive training example,true positives,0.5775478482246399
189,233,precision recall curve,true positives,0.6299964785575867
190,191,predicted class,predicted value,0.6215863227844238
190,208,predicted class,sentiment classifier,0.6101620197296143
190,210,predicted class,spam filtering,0.5282720327377319
190,219,predicted class,supervised learning,0.7054253816604614
191,192,predicted value,prediction error,0.6919071674346924
191,200,predicted value,regression coefficients,0.618725597858429
191,201,predicted value,regression function,0.7739685773849487
191,202,predicted value,regression model,0.7504173517227173
191,203,predicted value,regression problem,0.684319794178009
192,213,prediction error,square projection error,0.6057646870613098
192,214,prediction error,squared error,0.7380690574645996
192,227,prediction error,test error,0.7767908573150635
192,230,prediction error,training error,0.8312743902206421
192,237,prediction error,validation error,0.8429559469223022
192,239,prediction error,variance problem,0.6094906330108643
192,243,prediction error,underfitting,0.6444335579872131
193,212,principle components,square matrix,0.5475744009017944
193,213,principle components,square projection error,0.6001969575881958
193,224,principle components,symmetric matrix,0.6034178733825684
193,235,principle components,unnormalized features,0.5246720314025879
194,195,prior probability,probabilistic model,0.7070382833480835
194,196,prior probability,probability density,0.6213104724884033
194,198,prior probability,random variable,0.58753502368927
195,198,probabilistic model,random variable,0.6380974054336548
196,198,probability density,random variable,0.5802642107009888
196,215,probability density,standard deviation,0.5974764823913574
197,198,random numbers,random variable,0.6947570443153381
197,217,random numbers,stochastic gradient algorithm,0.553182065486908
197,225,random numbers,test data,0.4949897527694702
197,228,random numbers,training data,0.5475954413414001
197,239,random numbers,variance problem,0.5396402478218079
198,202,random variable,regression model,0.5760234594345093
200,201,regression coefficients,regression function,0.7254762053489685
200,202,regression coefficients,regression model,0.6932649612426758
200,203,regression coefficients,regression problem,0.636425256729126
201,202,regression function,regression model,0.832392156124115
201,203,regression function,regression problem,0.8117557764053345
201,209,regression function,sigmoid function,0.5390188097953796
201,216,regression function,standard least squares,0.623267412185669
202,203,regression model,regression problem,0.8265443444252014
202,228,regression model,training data,0.6414099335670471
204,205,regularization,regularized linear regression,0.8800753355026245
204,206,regularization,regularized logistic regression,0.8080837726593018
204,216,regularization,standard least squares,0.6116448640823364
204,242,regularization,overfitting,0.7224961519241333
204,243,regularization,underfitting,0.6638703346252441
205,206,regularized linear regression,regularized logistic regression,0.8262648582458496
205,216,regularized linear regression,standard least squares,0.6781523823738098
206,209,regularized logistic regression,sigmoid function,0.5185030698776245
207,208,sentiment analysis,sentiment classifier,0.793887197971344
207,210,sentiment analysis,spam filtering,0.40879422426223755
207,219,sentiment analysis,supervised learning,0.4231700301170349
207,221,sentiment analysis,support vector machine,0.42569446563720703
208,210,sentiment classifier,spam filtering,0.5403398275375366
208,219,sentiment classifier,supervised learning,0.5783027410507202
208,221,sentiment classifier,support vector machine,0.5443397164344788
210,221,spam filtering,support vector machine,0.5555962920188904
211,213,square distances,square projection error,0.5887409448623657
211,214,square distances,squared error,0.5836508870124817
211,215,square distances,standard deviation,0.5705745816230774
212,213,square matrix,square projection error,0.5858396887779236
212,224,square matrix,symmetric matrix,0.7091974020004272
212,240,square matrix,vector multiplication,0.6245050430297852
213,214,square projection error,squared error,0.7134411334991455
213,230,square projection error,training error,0.6059989333152771
214,215,squared error,standard deviation,0.5780457854270935
214,227,squared error,test error,0.6438992619514465
214,230,squared error,training error,0.6960869431495667
215,216,standard deviation,standard least squares,0.5733873844146729
215,239,standard deviation,variance problem,0.5564005970954895
216,223,standard least squares,svm packages,0.5289871692657471
218,220,string kernel,support vector,0.4568631947040558
218,221,string kernel,support vector machine,0.5042473077774048
219,220,supervised learning,support vector,0.6588655710220337
219,221,supervised learning,support vector machine,0.6250252723693848
219,228,supervised learning,training data,0.7317918539047241
219,231,supervised learning,transfer learning,0.5933977961540222
219,236,supervised learning,unsupervised learning,0.6553775668144226
220,221,support vector,support vector machine,0.8173168301582336
220,222,support vector,svm optimization,0.7457113265991211
220,223,support vector,svm packages,0.5997198820114136
221,222,support vector machine,svm optimization,0.7414025664329529
221,223,support vector machine,svm packages,0.6910821199417114
222,223,svm optimization,svm packages,0.7177743911743164
225,226,test data,test data set,0.876198410987854
225,227,test data,test error,0.7440799474716187
225,228,test data,training data,0.851687490940094
225,229,test data,training data set,0.7269226312637329
225,230,test data,training error,0.6761261224746704
225,237,test data,validation error,0.7242116332054138
225,238,test data,validation set,0.7699639201164246
226,227,test data set,test error,0.7760311365127563
226,228,test data set,training data,0.7855378985404968
226,229,test data set,training data set,0.8480172157287598
226,230,test data set,training error,0.670337438583374
226,237,test data set,validation error,0.6544497013092041
226,238,test data set,validation set,0.8347868919372559
227,230,test error,training error,0.8559174537658691
227,237,test error,validation error,0.7637773752212524
228,229,training data,training data set,0.8448015451431274
228,230,training data,training error,0.7299667596817017
228,231,training data,transfer learning,0.5542277693748474
228,238,training data,validation set,0.7146280407905579
228,241,training data,weak classifier,0.5695778131484985
228,243,training data,underfitting,0.608757734298706
229,230,training data set,training error,0.7238433361053467
229,238,training data set,validation set,0.7888005971908569
230,237,training error,validation error,0.8202683925628662
230,239,training error,variance problem,0.600579023361206
230,243,training error,underfitting,0.6000583171844482
232,233,true negatives,true positives,0.8779652118682861
234,238,tuning parameter,validation set,0.6222978234291077
237,238,validation error,validation set,0.7645957469940186
237,239,validation error,variance problem,0.6188865303993225
237,242,validation error,overfitting,0.7089694738388062
237,243,validation error,underfitting,0.6138119697570801
239,242,variance problem,overfitting,0.6931161880493164
242,243,overfitting,underfitting,0.8150527477264404
