source_id,target_id,source_index,target_index,source,target,label,split,negative_type,similarity
198,72,198,72,linear algebra,evaluation metrics,1,train,none,0.366392582654953
198,24,198,24,linear algebra,backpropagation,1,train,none,0.4534332752227783
152,100,152,100,conditional probability,phonetics,1,train,none,0.2024867981672287
154,195,154,195,artificial neural network,highway networks,1,train,none,0.4842227101325989
117,178,117,178,gradient descent,bidirectional recurrent neural networks,1,train,none,0.3616194725036621
205,112,205,112,dual decomposition,graphical models,1,train,none,0.35426297783851624
124,1,124,1,matrix multiplication,generative adversarial networks,1,train,none,0.331260085105896
36,184,36,184,language modeling,smoothing and backoff,1,train,none,0.6611295342445374
152,11,152,11,conditional probability,knowledge graph,1,train,none,0.3578318655490875
170,15,170,15,data preprocessing,machine reading comprehension,1,train,none,0.32029956579208374
176,61,176,61,activation functions,neural turing machine,1,train,none,0.5144645571708679
45,182,45,182,bayes theorem,character level language models,1,train,none,0.16058000922203064
112,187,112,187,graphical models,citation networks,1,train,none,0.44234544038772583
199,165,199,165,probability,monte carlo tree search,1,train,none,0.34870338439941406
152,165,152,165,conditional probability,monte carlo tree search,1,train,none,0.25554272532463074
16,32,16,32,context free grammar,tree adjoining grammar,1,train,none,0.6549135446548462
154,78,154,78,artificial neural network,radial basis function network,1,train,none,0.6131701469421387
113,147,113,147,markov chain monte carlo,gibbs sampling,1,train,none,0.8404145836830139
127,134,127,134,backpropagation through time,long short-term memory networks,1,train,none,0.6528393626213074
125,54,125,54,differential calculus,recursive neural network,1,train,none,0.281937837600708
45,71,45,71,bayes theorem,multilingual word,1,train,none,0.15196390450000763
199,104,199,104,probability,spectral methods,1,train,none,0.3250623941421509
97,34,97,34,knowledge representation,relation extraction,1,train,none,0.5885162949562073
17,149,17,149,context sensitive grammar,compositional semantics,1,train,none,0.42953988909721375
167,3,167,3,feature learning,variational autoencoders,1,train,none,0.5727601051330566
24,96,24,96,backpropagation,cnn's,1,train,none,0.4370225667953491
45,104,45,104,bayes theorem,spectral methods,1,train,none,0.26177993416786194
199,48,199,48,probability,deep belief networks,1,train,none,0.4135797619819641
96,193,96,193,cnn's,graph convolutional networks,1,train,none,0.5372282862663269
124,203,124,203,matrix multiplication,graph theory,1,train,none,0.4397484064102173
124,75,124,75,matrix multiplication,newton method,1,train,none,0.3766593337059021
45,144,45,144,bayes theorem,spelling correction,1,train,none,0.26552814245224
147,94,147,94,gibbs sampling,topic modeling,1,train,none,0.48883384466171265
124,175,124,175,matrix multiplication,cross entropy,1,train,none,0.3994073271751404
152,144,152,144,conditional probability,spelling correction,1,train,none,0.24263152480125427
199,3,199,3,probability,variational autoencoders,1,train,none,0.38922661542892456
152,92,152,92,conditional probability,harmonic functions,1,train,none,0.22761718928813934
152,182,152,182,conditional probability,character level language models,1,train,none,0.16104766726493835
198,61,198,61,linear algebra,neural turing machine,1,train,none,0.32307517528533936
18,60,18,60,domain adaptation,one-shot learning,1,train,none,0.4578350782394409
46,147,46,147,hidden markov models,gibbs sampling,1,train,none,0.48158299922943115
45,197,45,197,bayes theorem,multi-modal learning,1,train,none,0.24156540632247925
176,154,176,154,activation functions,artificial neural network,1,train,none,0.7035523653030396
4,6,4,6,ibm translation models,rouge,1,train,none,0.4429081082344055
205,173,205,173,dual decomposition,network theory,1,train,none,0.38781020045280457
200,1,200,1,descriptive statistics and hypothesis testing,generative adversarial networks,1,train,none,0.27082711458206177
152,113,152,113,conditional probability,markov chain monte carlo,1,train,none,0.4127587378025055
204,187,204,187,relational databases,citation networks,1,train,none,0.24733085930347443
46,128,46,128,hidden markov models,grammar checker,1,train,none,0.2965805232524872
125,178,125,178,differential calculus,bidirectional recurrent neural networks,1,train,none,0.28999167680740356
36,182,36,182,language modeling,character level language models,1,train,none,0.7754839658737183
199,63,199,63,probability,distributional semantics,1,train,none,0.3476082384586334
24,191,24,191,backpropagation,seq2seq,1,train,none,0.3706560730934143
124,112,124,112,matrix multiplication,graphical models,1,train,none,0.2696682810783386
24,61,24,61,backpropagation,neural turing machine,1,train,none,0.49371790885925293
198,3,198,3,linear algebra,variational autoencoders,1,train,none,0.31228911876678467
82,162,82,162,dimensionality reduction,singular-value decomposition,1,train,none,0.6325943470001221
124,22,124,22,matrix multiplication,q learning,1,train,none,0.2311171144247055
111,148,111,148,maximum likelihood estimation,statistical machine translation,1,train,none,0.3910648226737976
170,28,170,28,data preprocessing,stemming,1,train,none,0.3698241710662842
200,148,200,148,descriptive statistics and hypothesis testing,statistical machine translation,1,train,none,0.36005738377571106
204,8,204,8,relational databases,open information extraction,1,train,none,0.5026745796203613
92,139,92,139,harmonic functions,spectral clustering,1,train,none,0.5172930359840393
199,101,199,101,probability,speech recognition,1,train,none,0.4164056181907654
45,175,45,175,bayes theorem,cross entropy,1,train,none,0.382771760225296
124,190,124,190,matrix multiplication,document representation,1,train,none,0.37560516595840454
200,140,200,140,descriptive statistics and hypothesis testing,particle filter,1,train,none,0.24279358983039856
46,101,46,101,hidden markov models,speech recognition,1,train,none,0.5186800956726074
45,33,45,33,bayes theorem,combinatory categorial grammar,1,train,none,0.17703130841255188
124,145,124,145,matrix multiplication,log-linear models,1,train,none,0.27594250440597534
204,196,204,196,relational databases,stack lstm,1,train,none,0.2592475414276123
124,185,124,185,matrix multiplication,policy gradient methods,1,train,none,0.24335280060768127
152,69,152,69,conditional probability,dialog systems,1,train,none,0.14089201390743256
164,87,164,87,loss function,svm,1,train,none,0.4310527443885803
198,162,198,162,linear algebra,singular-value decomposition,1,train,none,0.5662534832954407
199,98,199,98,probability,markov decision processes,1,train,none,0.497239351272583
198,112,198,112,linear algebra,graphical models,1,train,none,0.36655449867248535
204,164,204,164,relational databases,loss function,1,train,none,0.30679500102996826
152,42,152,42,conditional probability,latent dirichlet allocation,1,train,none,0.254147469997406
199,128,199,128,probability,grammar checker,1,train,none,0.27905943989753723
46,113,46,113,hidden markov models,markov chain monte carlo,1,train,none,0.5362116694450378
124,11,124,11,matrix multiplication,knowledge graph,1,train,none,0.3335895538330078
204,38,204,38,relational databases,word segmentation,1,train,none,0.2516423463821411
152,187,152,187,conditional probability,citation networks,1,train,none,0.16077999770641327
45,21,45,21,bayes theorem,reinforcement learning,1,train,none,0.30058005452156067
151,17,151,17,chomsky hierarchy,context sensitive grammar,1,train,none,0.5363651514053345
127,20,127,20,backpropagation through time,capsule networks,1,train,none,0.4240185022354126
199,51,199,51,probability,question answering,1,train,none,0.23532916605472565
175,96,175,96,cross entropy,cnn's,1,train,none,0.25908541679382324
25,191,25,191,word embedding,seq2seq,1,train,none,0.458344042301178
204,173,204,173,relational databases,network theory,1,train,none,0.376352995634079
204,90,204,90,relational databases,k-nn,1,train,none,0.36063969135284424
176,24,176,24,activation functions,backpropagation,1,train,none,0.6672876477241516
127,195,127,195,backpropagation through time,highway networks,1,train,none,0.5283626317977905
74,75,74,75,convex optimization,newton method,1,train,none,0.4672338366508484
198,171,198,171,linear algebra,robotic locomotion,1,train,none,0.28958940505981445
177,94,177,94,kullback-leibler divergence,topic modeling,1,train,none,0.23303529620170593
204,77,204,77,relational databases,random forest,1,train,none,0.43442830443382263
204,98,204,98,relational databases,markov decision processes,1,train,none,0.28619861602783203
151,143,151,143,chomsky hierarchy,language acquisition,1,train,none,0.43322378396987915
204,41,204,41,relational databases,automated essay scoring,1,train,none,0.2983975410461426
191,189,191,189,seq2seq,pointer networks,1,train,none,0.5957598686218262
204,127,204,127,relational databases,backpropagation through time,1,train,none,0.24357838928699493
119,50,119,50,tokenization,part of speech tagging,1,train,none,0.575481116771698
45,130,45,130,bayes theorem,speech synthesis,1,train,none,0.13472750782966614
151,129,151,129,chomsky hierarchy,shift-reduce parsing,1,train,none,0.49879521131515503
199,9,199,9,probability,sentence simplification,1,train,none,0.20438648760318756
201,69,201,69,information theory: coding,dialog systems,1,train,none,0.17220285534858704
11,107,11,107,knowledge graph,expert systems,1,train,none,0.4979419708251953
164,95,164,95,loss function,word2vec,1,train,none,0.14352306723594666
97,107,97,107,knowledge representation,expert systems,1,train,none,0.6299174427986145
45,113,45,113,bayes theorem,markov chain monte carlo,1,train,none,0.4799067974090576
45,35,45,35,bayes theorem,event detection,1,train,none,0.3335505425930023
125,196,125,196,differential calculus,stack lstm,1,train,none,0.3163661062717438
199,73,199,73,probability,linear regression,1,train,none,0.5460726022720337
0,57,0,57,anaphora resolution,discourse model,1,train,none,0.6433990001678467
176,10,176,10,activation functions,attention models,1,train,none,0.5029045343399048
162,163,162,163,singular-value decomposition,t-sne,1,train,none,0.49730557203292847
80,197,80,197,boltzmann machine,multi-modal learning,1,train,none,0.3604889214038849
45,112,45,112,bayes theorem,graphical models,1,train,none,0.5454179048538208
38,44,38,44,word segmentation,language identification,1,train,none,0.49726420640945435
199,157,199,157,probability,computer vision,1,train,none,0.464579701423645
124,34,124,34,matrix multiplication,relation extraction,1,train,none,0.28373754024505615
124,76,124,76,matrix multiplication,dual problems,1,train,none,0.3386319875717163
198,4,198,4,linear algebra,ibm translation models,1,train,none,0.18774744868278503
204,48,204,48,relational databases,deep belief networks,1,train,none,0.2804243564605713
152,133,152,133,conditional probability,inference,1,train,none,0.5357578992843628
63,95,63,95,distributional semantics,word2vec,1,train,none,0.6521360874176025
204,11,204,11,relational databases,knowledge graph,1,train,none,0.5208119750022888
39,190,39,190,sentence boundary recognition,document representation,1,train,none,0.5120912790298462
182,85,182,85,character level language models,noisy channel model,1,train,none,0.4268079400062561
4,5,4,5,ibm translation models,bleu,1,train,none,0.5639802813529968
124,193,124,193,matrix multiplication,graph convolutional networks,1,train,none,0.40782153606414795
199,171,199,171,probability,robotic locomotion,1,train,none,0.2659000754356384
5,7,5,7,bleu,scientific article summarization,1,train,none,0.5768356919288635
204,42,204,42,relational databases,latent dirichlet allocation,1,train,none,0.17606455087661743
164,23,164,23,loss function,dqn,1,train,none,0.3240932822227478
152,47,152,47,conditional probability,conditional random fields,1,train,none,0.421649307012558
100,130,100,130,phonetics,speech synthesis,1,train,none,0.5461399555206299
164,71,164,71,loss function,multilingual word,1,train,none,0.25100454688072205
45,91,45,91,bayes theorem,random walks,1,train,none,0.32620304822921753
45,69,45,69,bayes theorem,dialog systems,1,train,none,0.2071310579776764
16,129,16,129,context free grammar,shift-reduce parsing,1,train,none,0.5890196561813354
198,71,198,71,linear algebra,multilingual word,1,train,none,0.26072633266448975
124,19,124,19,matrix multiplication,transfer learning,1,train,none,0.4160687327384949
5,4,5,4,bleu,ibm translation models,1,train,none,0.5639802813529968
204,139,204,139,relational databases,spectral clustering,1,train,none,0.2716084122657776
45,4,45,4,bayes theorem,ibm translation models,1,train,none,0.23367050290107727
124,178,124,178,matrix multiplication,bidirectional recurrent neural networks,1,train,none,0.4130229949951172
124,3,124,3,matrix multiplication,variational autoencoders,1,train,none,0.37204116582870483
198,25,198,25,linear algebra,word embedding,1,train,none,0.3372400403022766
198,153,198,153,linear algebra,linear discriminant analysis,1,train,none,0.5459604263305664
204,191,204,191,relational databases,seq2seq,1,train,none,0.2320357859134674
199,148,199,148,probability,statistical machine translation,1,train,none,0.3675695061683655
198,125,198,125,linear algebra,differential calculus,1,train,none,0.5402341485023499
125,117,125,117,differential calculus,gradient descent,1,train,none,0.6118628978729248
161,67,161,67,n-gram,lexicography,1,train,none,0.48261523246765137
151,33,151,33,chomsky hierarchy,combinatory categorial grammar,1,train,none,0.6091827154159546
152,27,152,27,conditional probability,semantic parsing,1,train,none,0.34180665016174316
154,80,154,80,artificial neural network,boltzmann machine,1,train,none,0.5078026652336121
198,154,198,154,linear algebra,artificial neural network,1,train,none,0.5097111463546753
157,158,157,158,computer vision,image retrieval,1,train,none,0.5882113575935364
191,2,191,2,seq2seq,neural machine translation,1,train,none,0.7113494277000427
204,25,204,25,relational databases,word embedding,1,train,none,0.31526026129722595
152,39,152,39,conditional probability,sentence boundary recognition,1,train,none,0.25582990050315857
198,174,198,174,linear algebra,entropy,1,train,none,0.4180602431297302
199,196,199,196,probability,stack lstm,1,train,none,0.15894591808319092
198,181,198,181,linear algebra,collaborative filtering,1,train,none,0.39886170625686646
45,44,45,44,bayes theorem,language identification,1,train,none,0.27234840393066406
152,130,152,130,conditional probability,speech synthesis,1,train,none,0.11856445670127869
199,154,199,154,probability,artificial neural network,1,train,none,0.4136798083782196
125,191,125,191,differential calculus,seq2seq,1,train,none,0.15906667709350586
199,110,199,110,probability,bagging,1,train,none,0.42817333340644836
199,45,199,45,probability,bayes theorem,1,train,none,0.6447553038597107
72,5,72,5,evaluation metrics,bleu,1,train,none,0.4851187467575073
124,153,124,153,matrix multiplication,linear discriminant analysis,1,train,none,0.40471696853637695
16,137,16,137,context free grammar,probabilistic context-free grammars,1,train,none,0.7139506340026855
204,32,204,32,relational databases,tree adjoining grammar,1,train,none,0.3247395157814026
204,87,204,87,relational databases,svm,1,train,none,0.3644656836986542
199,81,199,81,probability,expectation-maximization (em) algorithm,1,train,none,0.37292879819869995
199,12,199,12,probability,semantic role labeling,1,train,none,0.32406294345855713
45,85,45,85,bayes theorem,noisy channel model,1,train,none,0.425090491771698
134,2,134,2,long short-term memory networks,neural machine translation,1,train,none,0.5507172346115112
201,26,201,26,information theory: coding,logistic regression,1,train,none,0.42415955662727356
127,54,127,54,backpropagation through time,recursive neural network,1,train,none,0.5957813858985901
17,53,17,53,context sensitive grammar,supertagging,1,train,none,0.41135793924331665
204,56,204,56,relational databases,variational bayes,1,train,none,0.239984929561615
176,71,176,71,activation functions,multilingual word,1,train,none,0.2015499472618103
22,185,22,185,q learning,policy gradient methods,1,train,none,0.7101807594299316
151,0,151,0,chomsky hierarchy,anaphora resolution,1,train,none,0.2583431899547577
190,118,190,118,document representation,search engine indexing,1,train,none,0.5515400171279907
124,43,124,43,matrix multiplication,latent semantic indexing,1,train,none,0.3508448600769043
125,3,125,3,differential calculus,variational autoencoders,1,train,none,0.2685912251472473
199,68,199,68,probability,chat bots,1,train,none,0.17581236362457275
201,3,201,3,information theory: coding,variational autoencoders,1,train,none,0.4351659417152405
125,95,125,95,differential calculus,word2vec,1,train,none,0.12854687869548798
117,154,117,154,gradient descent,artificial neural network,1,train,none,0.6059194803237915
204,205,204,205,relational databases,dual decomposition,1,train,none,0.29318967461586
198,27,198,27,linear algebra,semantic parsing,1,train,none,0.29438820481300354
198,9,198,9,linear algebra,sentence simplification,1,train,none,0.2593831419944763
198,123,198,123,linear algebra,recommendation system,1,train,none,0.43782860040664673
204,156,204,156,relational databases,bias-variance tradeoff,1,train,none,0.262464702129364
204,37,204,37,relational databases,named entity recognition,1,train,none,0.42622533440589905
50,30,50,30,part of speech tagging,penn treebank,1,train,none,0.6474214792251587
16,115,16,115,context free grammar,earley parsing,1,train,none,0.6227481365203857
164,3,164,3,loss function,variational autoencoders,1,train,none,0.26950424909591675
204,97,204,97,relational databases,knowledge representation,1,train,none,0.5706115961074829
204,35,204,35,relational databases,event detection,1,train,none,0.37461066246032715
199,17,199,17,probability,context sensitive grammar,1,train,none,0.28886377811431885
174,54,174,54,entropy,recursive neural network,1,train,none,0.1820308268070221
174,61,174,61,entropy,neural turing machine,1,train,none,0.19612395763397217
199,49,199,49,probability,word sense disambiguation,1,train,none,0.3404468894004822
123,181,123,181,recommendation system,collaborative filtering,1,train,none,0.8525264263153076
155,7,155,7,bag of words model,scientific article summarization,1,train,none,0.44286787509918213
200,62,200,62,descriptive statistics and hypothesis testing,bootstrapping,1,train,none,0.6379475593566895
199,176,199,176,probability,activation functions,1,train,none,0.3913748264312744
152,71,152,71,conditional probability,multilingual word,1,train,none,0.2185838520526886
200,111,200,111,descriptive statistics and hypothesis testing,maximum likelihood estimation,1,train,none,0.5094609260559082
45,36,45,36,bayes theorem,language modeling,1,train,none,0.3604114055633545
45,189,45,189,bayes theorem,pointer networks,1,train,none,0.19077512621879578
31,128,31,128,dependency parsing,grammar checker,1,train,none,0.5519174337387085
198,195,198,195,linear algebra,highway networks,1,train,none,0.3118278980255127
36,66,36,66,language modeling,transliteration,1,train,none,0.5539368987083435
204,96,204,96,relational databases,cnn's,1,train,none,0.21381661295890808
157,131,157,131,computer vision,caption generation,1,train,none,0.4983617961406708
45,147,45,147,bayes theorem,gibbs sampling,1,train,none,0.525066077709198
124,195,124,195,matrix multiplication,highway networks,1,train,none,0.44135767221450806
204,3,204,3,relational databases,variational autoencoders,1,train,none,0.2478194534778595
0,14,0,14,anaphora resolution,coreference and coreference resolution,1,train,none,0.8241605758666992
117,146,117,146,gradient descent,gated recurrent units,1,train,none,0.3945648968219757
124,132,124,132,matrix multiplication,linear programming,1,train,none,0.47129327058792114
198,90,198,90,linear algebra,k-nn,1,train,none,0.394262433052063
45,8,45,8,bayes theorem,open information extraction,1,train,none,0.26599937677383423
152,4,152,4,conditional probability,ibm translation models,1,train,none,0.21481892466545105
199,54,199,54,probability,recursive neural network,1,train,none,0.2354046106338501
152,94,152,94,conditional probability,topic modeling,1,train,none,0.2867692708969116
199,11,199,11,probability,knowledge graph,1,train,none,0.3787769377231598
204,18,204,18,relational databases,domain adaptation,1,train,none,0.33651232719421387
62,110,62,110,bootstrapping,bagging,1,train,none,0.715903639793396
199,145,199,145,probability,log-linear models,1,train,none,0.568735659122467
124,26,124,26,matrix multiplication,logistic regression,1,train,none,0.30421578884124756
45,101,45,101,bayes theorem,speech recognition,1,train,none,0.2916122376918793
204,88,204,88,relational databases,decision trees,1,train,none,0.4873405992984772
190,15,190,15,document representation,machine reading comprehension,1,train,none,0.4825740456581116
204,22,204,22,relational databases,q learning,1,train,none,0.23528137803077698
198,36,198,36,linear algebra,language modeling,1,train,none,0.38507670164108276
199,37,199,37,probability,named entity recognition,1,train,none,0.33370959758758545
164,2,164,2,loss function,neural machine translation,1,train,none,0.3300844728946686
124,191,124,191,matrix multiplication,seq2seq,1,train,none,0.3464709222316742
199,27,199,27,probability,semantic parsing,1,train,none,0.34855398535728455
201,110,201,110,information theory: coding,bagging,1,train,none,0.3409323990345001
154,96,154,96,artificial neural network,cnn's,1,train,none,0.4522748291492462
83,120,83,120,first-order logic,textual entailment,1,train,none,0.431113064289093
124,104,124,104,matrix multiplication,spectral methods,1,train,none,0.40903452038764954
125,195,125,195,differential calculus,highway networks,1,train,none,0.2930573523044586
124,117,124,117,matrix multiplication,gradient descent,1,train,none,0.45144039392471313
124,94,124,94,matrix multiplication,topic modeling,1,train,none,0.21273267269134521
22,23,22,23,q learning,dqn,1,train,none,0.8114122748374939
204,73,204,73,relational databases,linear regression,1,train,none,0.39763733744621277
204,13,204,13,relational databases,abstract meaning representation,1,train,none,0.41536444425582886
164,127,164,127,loss function,backpropagation through time,1,train,none,0.3440437316894531
112,42,112,42,graphical models,latent dirichlet allocation,1,train,none,0.4220179319381714
164,24,164,24,loss function,backpropagation,1,train,none,0.540463924407959
5,52,5,52,bleu,automatic summarization,1,train,none,0.6188653707504272
24,127,24,127,backpropagation,backpropagation through time,1,train,none,0.7429684400558472
190,13,190,13,document representation,abstract meaning representation,1,train,none,0.5503681302070618
174,88,174,88,entropy,decision trees,1,train,none,0.5222215056419373
204,134,204,134,relational databases,long short-term memory networks,1,train,none,0.2861904501914978
113,165,113,165,markov chain monte carlo,monte carlo tree search,1,train,none,0.5777198672294617
198,187,198,187,linear algebra,citation networks,1,train,none,0.36794614791870117
152,189,152,189,conditional probability,pointer networks,1,train,none,0.16157729923725128
125,86,125,86,differential calculus,perceptrons algorithm,1,train,none,0.3539246618747711
204,165,204,165,relational databases,monte carlo tree search,1,train,none,0.1733207106590271
198,76,198,76,linear algebra,dual problems,1,train,none,0.39765664935112
151,53,151,53,chomsky hierarchy,supertagging,1,train,none,0.40816426277160645
201,88,201,88,information theory: coding,decision trees,1,train,none,0.45693087577819824
199,50,199,50,probability,part of speech tagging,1,train,none,0.3683551549911499
198,21,198,21,linear algebra,reinforcement learning,1,train,none,0.3070759177207947
154,3,154,3,artificial neural network,variational autoencoders,1,train,none,0.36732417345046997
199,72,199,72,probability,evaluation metrics,1,train,none,0.5257471203804016
199,22,199,22,probability,q learning,1,train,none,0.3196466863155365
97,136,97,136,knowledge representation,natural language interfaces,1,train,none,0.5246601700782776
109,186,109,186,text mining,crawling the web,1,train,none,0.48469477891921997
24,3,24,3,backpropagation,variational autoencoders,1,train,none,0.4420890808105469
199,112,199,112,probability,graphical models,1,train,none,0.5660498142242432
204,64,204,64,relational databases,shallow parsing,1,train,none,0.31067532300949097
6,4,6,4,rouge,ibm translation models,1,train,none,0.4429081082344055
199,100,199,100,probability,phonetics,1,train,none,0.33007925748825073
152,203,152,203,conditional probability,graph theory,1,train,none,0.35854610800743103
76,87,76,87,dual problems,svm,1,train,none,0.42167162895202637
74,87,74,87,convex optimization,svm,1,train,none,0.5688830018043518
199,69,199,69,probability,dialog systems,1,train,none,0.23832064867019653
198,91,198,91,linear algebra,random walks,1,train,none,0.4213770627975464
152,148,152,148,conditional probability,statistical machine translation,1,train,none,0.2316255271434784
204,1,204,1,relational databases,generative adversarial networks,1,train,none,0.21757936477661133
50,129,50,129,part of speech tagging,shift-reduce parsing,1,train,none,0.49125128984451294
152,185,152,185,conditional probability,policy gradient methods,1,train,none,0.15660275518894196
5,2,5,2,bleu,neural machine translation,1,train,none,0.6015802025794983
198,44,198,44,linear algebra,language identification,1,train,none,0.291157066822052
124,176,124,176,matrix multiplication,activation functions,1,train,none,0.5266516804695129
96,20,96,20,cnn's,capsule networks,1,train,none,0.6259487271308899
24,178,24,178,backpropagation,bidirectional recurrent neural networks,1,train,none,0.4934406876564026
124,157,124,157,matrix multiplication,computer vision,1,train,none,0.48612892627716064
152,38,152,38,conditional probability,word segmentation,1,train,none,0.23024769127368927
201,1,201,1,information theory: coding,generative adversarial networks,1,train,none,0.36449700593948364
198,31,198,31,linear algebra,dependency parsing,1,train,none,0.2785830795764923
204,80,204,80,relational databases,boltzmann machine,1,train,none,0.29055255651474
199,41,199,41,probability,automated essay scoring,1,train,none,0.3584553301334381
119,161,119,161,tokenization,n-gram,1,train,none,0.48026973009109497
199,36,199,36,probability,language modeling,1,train,none,0.5207305550575256
204,20,204,20,relational databases,capsule networks,1,train,none,0.21731390058994293
199,8,199,8,probability,open information extraction,1,train,none,0.2583732306957245
142,115,142,115,dynamic programming,earley parsing,1,train,none,0.4425107538700104
11,97,11,97,knowledge graph,knowledge representation,1,train,none,0.8448517918586731
152,48,152,48,conditional probability,deep belief networks,1,train,none,0.31580880284309387
124,98,124,98,matrix multiplication,markov decision processes,1,train,none,0.2688933312892914
198,12,198,12,linear algebra,semantic role labeling,1,train,none,0.2468910664319992
198,11,198,11,linear algebra,knowledge graph,1,train,none,0.38338160514831543
205,139,205,139,dual decomposition,spectral clustering,1,train,none,0.39288291335105896
204,195,204,195,relational databases,highway networks,1,train,none,0.2969893217086792
83,97,83,97,first-order logic,knowledge representation,1,train,none,0.6309548616409302
45,166,45,166,bayes theorem,structured prediction,1,train,none,0.35361069440841675
97,83,97,83,knowledge representation,first-order logic,1,train,none,0.6309548616409302
199,147,199,147,probability,gibbs sampling,1,train,none,0.5202777981758118
199,10,199,10,probability,attention models,1,train,none,0.3358446955680847
45,98,45,98,bayes theorem,markov decision processes,1,train,none,0.40381380915641785
204,109,204,109,relational databases,text mining,1,train,none,0.39894354343414307
24,154,24,154,backpropagation,artificial neural network,1,train,none,0.6911481618881226
175,23,175,23,cross entropy,dqn,1,train,none,0.3602938652038574
204,15,204,15,relational databases,machine reading comprehension,1,train,none,0.32305169105529785
198,87,198,87,linear algebra,svm,1,train,none,0.48692503571510315
205,93,205,93,dual decomposition,pagerank,1,train,none,0.20839808881282806
199,24,199,24,probability,backpropagation,1,train,none,0.4006756544113159
25,95,25,95,word embedding,word2vec,1,train,none,0.7830521464347839
117,196,117,196,gradient descent,stack lstm,1,train,none,0.2963186204433441
170,11,170,11,data preprocessing,knowledge graph,1,train,none,0.2576182186603546
199,174,199,174,probability,entropy,1,train,none,0.718019962310791
204,47,204,47,relational databases,conditional random fields,1,train,none,0.3343946933746338
19,60,19,60,transfer learning,one-shot learning,1,train,none,0.5502827763557434
176,20,176,20,activation functions,capsule networks,1,train,none,0.369778037071228
199,152,199,152,probability,conditional probability,1,train,none,0.7751286029815674
204,40,204,40,relational databases,optical character recognition,1,train,none,0.3080933690071106
204,62,204,62,relational databases,bootstrapping,1,train,none,0.30353838205337524
154,20,154,20,artificial neural network,capsule networks,1,train,none,0.4113936424255371
190,52,190,52,document representation,automatic summarization,1,train,none,0.580491304397583
45,133,45,133,bayes theorem,inference,1,train,none,0.4933962821960449
154,1,154,1,artificial neural network,generative adversarial networks,1,train,none,0.4067443907260895
45,157,45,157,bayes theorem,computer vision,1,train,none,0.3044038414955139
45,92,45,92,bayes theorem,harmonic functions,1,train,none,0.2434121072292328
24,1,24,1,backpropagation,generative adversarial networks,1,train,none,0.450827419757843
152,56,152,56,conditional probability,variational bayes,1,train,none,0.36463066935539246
83,107,83,107,first-order logic,expert systems,1,train,none,0.5596205592155457
24,86,24,86,backpropagation,perceptrons algorithm,1,train,none,0.5918395519256592
198,147,198,147,linear algebra,gibbs sampling,1,train,none,0.24209746718406677
157,40,157,40,computer vision,optical character recognition,1,train,none,0.5328078866004944
199,33,199,33,probability,combinatory categorial grammar,1,train,none,0.24805283546447754
176,146,176,146,activation functions,gated recurrent units,1,train,none,0.5228536128997803
160,126,160,126,object detection,facial recognition systems,1,train,none,0.5049635171890259
199,34,199,34,probability,relation extraction,1,train,none,0.337677538394928
204,79,204,79,relational databases,kernel function,1,train,none,0.30968013405799866
72,1,72,1,evaluation metrics,generative adversarial networks,1,train,none,0.24367575347423553
157,99,157,99,computer vision,autonomous cars,1,train,none,0.4573441445827484
152,40,152,40,conditional probability,optical character recognition,1,train,none,0.19050905108451843
74,76,74,76,convex optimization,dual problems,1,train,none,0.5727428197860718
124,95,124,95,matrix multiplication,word2vec,1,train,none,0.3101238012313843
174,20,174,20,entropy,capsule networks,1,train,none,0.19900751113891602
198,182,198,182,linear algebra,character level language models,1,train,none,0.2423451691865921
201,148,201,148,information theory: coding,statistical machine translation,1,train,none,0.3540763556957245
198,146,198,146,linear algebra,gated recurrent units,1,train,none,0.29016417264938354
45,185,45,185,bayes theorem,policy gradient methods,1,train,none,0.1907365620136261
164,175,164,175,loss function,cross entropy,1,train,none,0.6641044020652771
199,189,199,189,probability,pointer networks,1,train,none,0.29139044880867004
37,35,37,35,named entity recognition,event detection,1,train,none,0.7198067903518677
205,92,205,92,dual decomposition,harmonic functions,1,train,none,0.34379470348358154
204,61,204,61,relational databases,neural turing machine,1,train,none,0.31214186549186707
204,178,204,178,relational databases,bidirectional recurrent neural networks,1,train,none,0.27862897515296936
204,182,204,182,relational databases,character level language models,1,train,none,0.2521939277648926
116,0,116,0,propositional logic,anaphora resolution,1,train,none,0.2949749827384949
45,48,45,48,bayes theorem,deep belief networks,1,train,none,0.3578715920448303
154,2,154,2,artificial neural network,neural machine translation,1,train,none,0.4800485372543335
205,187,205,187,dual decomposition,citation networks,1,train,none,0.27177566289901733
174,175,174,175,entropy,cross entropy,1,train,none,0.789645791053772
198,178,198,178,linear algebra,bidirectional recurrent neural networks,1,train,none,0.2944476306438446
204,110,204,110,relational databases,bagging,1,train,none,0.31818878650665283
204,113,204,113,relational databases,markov chain monte carlo,1,train,none,0.2297549694776535
146,178,146,178,gated recurrent units,bidirectional recurrent neural networks,1,train,none,0.6794975996017456
74,132,74,132,convex optimization,linear programming,1,train,none,0.6997631788253784
199,46,199,46,probability,hidden markov models,1,train,none,0.4759238064289093
199,56,199,56,probability,variational bayes,1,train,none,0.510484516620636
198,189,198,189,linear algebra,pointer networks,1,train,none,0.3149903118610382
152,80,152,80,conditional probability,boltzmann machine,1,train,none,0.3376845717430115
182,2,182,2,character level language models,neural machine translation,1,train,none,0.6928898096084595
170,161,170,161,data preprocessing,n-gram,1,train,none,0.32192152738571167
198,22,198,22,linear algebra,q learning,1,train,none,0.25870004296302795
45,30,45,30,bayes theorem,penn treebank,1,train,none,0.25194627046585083
154,25,154,25,artificial neural network,word embedding,1,train,none,0.39188632369041443
199,40,199,40,probability,optical character recognition,1,train,none,0.28337526321411133
107,97,107,97,expert systems,knowledge representation,1,train,none,0.6299174427986145
124,197,124,197,matrix multiplication,multi-modal learning,1,train,none,0.34592294692993164
161,36,161,36,n-gram,language modeling,1,train,none,0.6823422908782959
2,5,2,5,neural machine translation,bleu,1,train,none,0.6015802025794983
164,96,164,96,loss function,cnn's,1,train,none,0.2255839854478836
198,81,198,81,linear algebra,expectation-maximization (em) algorithm,1,train,none,0.28801220655441284
89,139,89,139,clustering,spectral clustering,1,train,none,0.7550637125968933
198,191,198,191,linear algebra,seq2seq,1,train,none,0.20367206633090973
36,85,36,85,language modeling,noisy channel model,1,train,none,0.5296523571014404
199,1,199,1,probability,generative adversarial networks,1,train,none,0.30581122636795044
164,195,164,195,loss function,highway networks,1,train,none,0.26339656114578247
204,78,204,78,relational databases,radial basis function network,1,train,none,0.25917819142341614
204,69,204,69,relational databases,dialog systems,1,train,none,0.2505638003349304
176,48,176,48,activation functions,deep belief networks,1,train,none,0.47629478573799133
103,123,103,123,matrix factorization,recommendation system,1,train,none,0.6819873452186584
127,196,127,196,backpropagation through time,stack lstm,1,train,none,0.5441882014274597
124,72,124,72,matrix multiplication,evaluation metrics,1,train,none,0.3734552264213562
45,140,45,140,bayes theorem,particle filter,1,train,none,0.3673323392868042
204,190,204,190,relational databases,document representation,1,train,none,0.39758220314979553
45,187,45,187,bayes theorem,citation networks,1,train,none,0.23052693903446198
198,29,198,29,linear algebra,sentiment analysis,1,train,none,0.37074458599090576
24,195,24,195,backpropagation,highway networks,1,train,none,0.5248534679412842
175,178,175,178,cross entropy,bidirectional recurrent neural networks,1,train,none,0.3342682123184204
24,54,24,54,backpropagation,recursive neural network,1,train,none,0.4924499988555908
198,142,198,142,linear algebra,dynamic programming,1,train,none,0.41106748580932617
45,2,45,2,bayes theorem,neural machine translation,1,train,none,0.21362698078155518
198,94,198,94,linear algebra,topic modeling,1,train,none,0.2807135283946991
198,101,198,101,linear algebra,speech recognition,1,train,none,0.4127753973007202
32,53,32,53,tree adjoining grammar,supertagging,1,train,none,0.5588446855545044
45,46,45,46,bayes theorem,hidden markov models,1,train,none,0.45923519134521484
152,104,152,104,conditional probability,spectral methods,1,train,none,0.2304958999156952
127,71,127,71,backpropagation through time,multilingual word,1,train,none,0.3007868528366089
28,44,28,44,stemming,language identification,1,train,none,0.3542483448982239
204,167,204,167,relational databases,feature learning,1,train,none,0.42508548498153687
199,133,199,133,probability,inference,1,train,none,0.6088026762008667
198,98,198,98,linear algebra,markov decision processes,1,train,none,0.33382925391197205
198,103,198,103,linear algebra,matrix factorization,1,train,none,0.5613408088684082
199,143,199,143,probability,language acquisition,1,train,none,0.3870852589607239
200,133,200,133,descriptive statistics and hypothesis testing,inference,1,train,none,0.5353683233261108
95,191,95,191,word2vec,seq2seq,1,train,none,0.5513826608657837
199,201,199,201,probability,information theory: coding,1,train,none,0.5859965682029724
46,165,46,165,hidden markov models,monte carlo tree search,1,train,none,0.3238767683506012
204,2,204,2,relational databases,neural machine translation,1,train,none,0.3242779076099396
198,176,198,176,linear algebra,activation functions,1,train,none,0.47408124804496765
45,128,45,128,bayes theorem,grammar checker,1,train,none,0.25483813881874084
112,94,112,94,graphical models,topic modeling,1,train,none,0.5029113292694092
199,4,199,4,probability,ibm translation models,1,train,none,0.2866142988204956
17,32,17,32,context sensitive grammar,tree adjoining grammar,1,train,none,0.6205967664718628
94,42,94,42,topic modeling,latent dirichlet allocation,1,train,none,0.8687599897384644
204,63,204,63,relational databases,distributional semantics,1,train,none,0.2433258295059204
174,48,174,48,entropy,deep belief networks,1,train,none,0.38213708996772766
164,146,164,146,loss function,gated recurrent units,1,train,none,0.26401323080062866
198,168,198,168,linear algebra,normalization,1,train,none,0.3746955692768097
200,102,200,102,descriptive statistics and hypothesis testing,crowdsourcing,1,train,none,0.3716159462928772
199,52,199,52,probability,automatic summarization,1,train,none,0.3092572093009949
24,146,24,146,backpropagation,gated recurrent units,1,train,none,0.4761675000190735
199,39,199,39,probability,sentence boundary recognition,1,train,none,0.30490732192993164
204,36,204,36,relational databases,language modeling,1,train,none,0.34586724638938904
199,182,199,182,probability,character level language models,1,train,none,0.2666665315628052
167,60,167,60,feature learning,one-shot learning,1,train,none,0.4795546531677246
21,185,21,185,reinforcement learning,policy gradient methods,1,train,none,0.7949461936950684
124,79,124,79,matrix multiplication,kernel function,1,train,none,0.4787132143974304
152,91,152,91,conditional probability,random walks,1,train,none,0.3651977777481079
199,16,199,16,probability,context free grammar,1,train,none,0.284719318151474
175,61,175,61,cross entropy,neural turing machine,1,train,none,0.25414374470710754
124,42,124,42,matrix multiplication,latent dirichlet allocation,1,train,none,0.1721639633178711
204,28,204,28,relational databases,stemming,1,train,none,0.32753080129623413
199,29,199,29,probability,sentiment analysis,1,train,none,0.36453670263290405
161,155,161,155,n-gram,bag of words model,1,train,none,0.5661170482635498
190,180,190,180,document representation,bio text mining,1,train,none,0.506822943687439
198,15,198,15,linear algebra,machine reading comprehension,1,train,none,0.3637426793575287
108,56,108,56,bayesian network,variational bayes,1,train,none,0.5198162198066711
164,156,164,156,loss function,bias-variance tradeoff,1,train,none,0.4824265241622925
45,100,45,100,bayes theorem,phonetics,1,train,none,0.21942836046218872
174,196,174,196,entropy,stack lstm,1,train,none,0.13584503531455994
119,28,119,28,tokenization,stemming,1,train,none,0.7009310722351074
124,127,124,127,matrix multiplication,backpropagation through time,1,train,none,0.45045262575149536
46,130,46,130,hidden markov models,speech synthesis,1,train,none,0.34569433331489563
204,60,204,60,relational databases,one-shot learning,1,train,none,0.3749057352542877
175,196,175,196,cross entropy,stack lstm,1,train,none,0.1735667884349823
178,2,178,2,bidirectional recurrent neural networks,neural machine translation,1,train,none,0.6352599263191223
124,168,124,168,matrix multiplication,normalization,1,train,none,0.5253696441650391
152,31,152,31,conditional probability,dependency parsing,1,train,none,0.371138334274292
151,30,151,30,chomsky hierarchy,penn treebank,1,train,none,0.48268043994903564
16,33,16,33,context free grammar,combinatory categorial grammar,1,train,none,0.6050232648849487
127,191,127,191,backpropagation through time,seq2seq,1,train,none,0.4961695969104767
79,78,79,78,kernel function,radial basis function network,1,train,none,0.5721215009689331
199,64,199,64,probability,shallow parsing,1,train,none,0.24095270037651062
124,103,124,103,matrix multiplication,matrix factorization,1,train,none,0.5936497449874878
198,79,198,79,linear algebra,kernel function,1,train,none,0.48960959911346436
204,188,204,188,relational databases,greedy algorithms,1,train,none,0.34476929903030396
176,134,176,134,activation functions,long short-term memory networks,1,train,none,0.5542232394218445
117,134,117,134,gradient descent,long short-term memory networks,1,train,none,0.41957682371139526
150,144,150,144,edit distance,spelling correction,1,train,none,0.6035842895507812
204,142,204,142,relational databases,dynamic programming,1,train,none,0.3508053123950958
204,145,204,145,relational databases,log-linear models,1,train,none,0.35132360458374023
201,72,201,72,information theory: coding,evaluation metrics,1,train,none,0.42775118350982666
37,34,37,34,named entity recognition,relation extraction,1,train,none,0.7908046245574951
198,114,198,114,linear algebra,k means,1,train,none,0.38870078325271606
176,95,176,95,activation functions,word2vec,1,train,none,0.21134352684020996
162,82,162,82,singular-value decomposition,dimensionality reduction,1,train,none,0.6325943470001221
36,84,36,84,language modeling,natural language generation,1,train,none,0.6942506432533264
152,30,152,30,conditional probability,penn treebank,1,train,none,0.25193536281585693
198,18,198,18,linear algebra,domain adaptation,1,train,none,0.30514824390411377
24,2,24,2,backpropagation,neural machine translation,1,train,none,0.49965497851371765
55,7,55,7,multi-document summarization,scientific article summarization,1,train,none,0.7219268679618835
152,35,152,35,conditional probability,event detection,1,train,none,0.3366488218307495
204,34,204,34,relational databases,relation extraction,1,train,none,0.5432832837104797
198,86,198,86,linear algebra,perceptrons algorithm,1,train,none,0.4587823152542114
199,92,199,92,probability,harmonic functions,1,train,none,0.32524773478507996
124,134,124,134,matrix multiplication,long short-term memory networks,1,train,none,0.4374827742576599
204,46,204,46,relational databases,hidden markov models,1,train,none,0.3328077793121338
124,74,124,74,matrix multiplication,convex optimization,1,train,none,0.4048522114753723
154,191,154,191,artificial neural network,seq2seq,1,train,none,0.275127649307251
51,68,51,68,question answering,chat bots,1,train,none,0.64521723985672
34,35,34,35,relation extraction,event detection,1,train,none,0.6985337138175964
198,203,198,203,linear algebra,graph theory,1,train,none,0.5894849896430969
176,196,176,196,activation functions,stack lstm,1,train,none,0.45269620418548584
204,155,204,155,relational databases,bag of words model,1,train,none,0.2713930606842041
97,11,97,11,knowledge representation,knowledge graph,1,train,none,0.8448517918586731
199,18,199,18,probability,domain adaptation,1,train,none,0.37625041604042053
174,177,174,177,entropy,kullback-leibler divergence,1,train,none,0.7200421094894409
199,15,199,15,probability,machine reading comprehension,1,train,none,0.36458009481430054
204,185,204,185,relational databases,policy gradient methods,1,train,none,0.18281549215316772
124,171,124,171,matrix multiplication,robotic locomotion,1,train,none,0.26121026277542114
152,197,152,197,conditional probability,multi-modal learning,1,train,none,0.21992680430412292
45,81,45,81,bayes theorem,expectation-maximization (em) algorithm,1,train,none,0.4324880540370941
127,61,127,61,backpropagation through time,neural turing machine,1,train,none,0.5544673800468445
204,101,204,101,relational databases,speech recognition,1,train,none,0.3458622992038727
109,8,109,8,text mining,open information extraction,1,train,none,0.463631272315979
24,95,24,95,backpropagation,word2vec,1,train,none,0.2886851727962494
176,193,176,193,activation functions,graph convolutional networks,1,train,none,0.3655058443546295
199,43,199,43,probability,latent semantic indexing,1,train,none,0.31305617094039917
199,187,199,187,probability,citation networks,1,train,none,0.27708134055137634
198,10,198,10,linear algebra,attention models,1,train,none,0.3786458969116211
199,25,199,25,probability,word embedding,1,train,none,0.30542516708374023
157,126,157,126,computer vision,facial recognition systems,1,train,none,0.5241684913635254
124,142,124,142,matrix multiplication,dynamic programming,1,train,none,0.35933399200439453
201,77,201,77,information theory: coding,random forest,1,train,none,0.39075028896331787
45,34,45,34,bayes theorem,relation extraction,1,train,none,0.3235991299152374
45,165,45,165,bayes theorem,monte carlo tree search,1,train,none,0.2876017689704895
199,91,199,91,probability,random walks,1,train,none,0.5026622414588928
125,87,125,87,differential calculus,svm,1,train,none,0.3891313374042511
124,23,124,23,matrix multiplication,dqn,1,train,none,0.3438652455806732
16,0,16,0,context free grammar,anaphora resolution,1,train,none,0.29718896746635437
89,114,89,114,clustering,k means,1,train,none,0.8230164051055908
170,186,170,186,data preprocessing,crawling the web,1,train,none,0.2622908353805542
124,87,124,87,matrix multiplication,svm,1,train,none,0.4125897288322449
199,134,199,134,probability,long short-term memory networks,1,train,none,0.27406370639801025
164,4,164,4,loss function,ibm translation models,1,train,none,0.1680738627910614
204,9,204,9,relational databases,sentence simplification,1,train,none,0.25616952776908875
47,186,47,186,conditional random fields,crawling the web,0,train,label_file_random,0.23634201288223267
38,25,38,25,word segmentation,word embedding,0,train,label_file_random,0.5368000268936157
167,148,167,148,feature learning,statistical machine translation,0,train,label_file_random,0.34839552640914917
121,108,121,108,constraint satisfaction,bayesian network,0,train,label_file_random,0.3252122402191162
158,73,158,73,image retrieval,linear regression,0,train,label_file_random,0.347947359085083
46,129,46,129,hidden markov models,shift-reduce parsing,0,train,label_file_random,0.39849984645843506
202,181,202,181,data structures and algorithms,collaborative filtering,0,train,label_file_random,0.3294822871685028
122,97,122,97,beam search,knowledge representation,0,train,label_file_random,0.3418009281158447
87,41,87,41,svm,automated essay scoring,0,train,label_file_random,0.460246205329895
73,22,73,22,linear regression,q learning,0,train,label_file_random,0.2162465900182724
183,197,183,197,hierarchical models,multi-modal learning,0,train,label_file_random,0.40452054142951965
101,116,101,116,speech recognition,propositional logic,0,train,label_file_random,0.3522099256515503
16,99,16,99,context free grammar,autonomous cars,0,train,label_file_random,0.13032937049865723
46,178,46,178,hidden markov models,bidirectional recurrent neural networks,0,train,label_file_random,0.5323572158813477
173,58,173,58,network theory,morphological disambiguation,0,train,label_file_random,0.2115802764892578
5,195,5,195,bleu,highway networks,0,train,label_file_random,0.25510841608047485
31,131,31,131,dependency parsing,caption generation,0,train,label_file_random,0.43522024154663086
32,120,32,120,tree adjoining grammar,textual entailment,0,train,label_file_random,0.43291378021240234
56,51,56,51,variational bayes,question answering,0,train,label_file_random,0.3004439175128937
79,175,79,175,kernel function,cross entropy,0,train,label_file_random,0.5139808654785156
0,42,0,42,anaphora resolution,latent dirichlet allocation,0,train,label_file_random,0.31104156374931335
161,10,161,10,n-gram,attention models,0,train,label_file_random,0.45189398527145386
183,16,183,16,hierarchical models,context free grammar,0,train,label_file_random,0.2383975386619568
88,126,88,126,decision trees,facial recognition systems,0,train,label_file_random,0.3023415803909302
150,163,150,163,edit distance,t-sne,0,train,label_file_random,0.24186277389526367
146,196,146,196,gated recurrent units,stack lstm,0,train,label_file_random,0.5974999666213989
150,38,150,38,edit distance,word segmentation,0,train,label_file_random,0.4373340606689453
38,95,38,95,word segmentation,word2vec,0,train,label_file_random,0.41582605242729187
95,27,95,27,word2vec,semantic parsing,0,train,label_file_random,0.337260901927948
17,6,17,6,context sensitive grammar,rouge,0,train,label_file_random,0.29101312160491943
135,105,135,105,wordnet,genetic algorithms,0,train,label_file_random,0.18619652092456818
132,170,132,170,linear programming,data preprocessing,0,train,label_file_random,0.39370423555374146
124,57,124,57,matrix multiplication,discourse model,0,train,label_file_random,0.23382613062858582
196,52,196,52,stack lstm,automatic summarization,0,train,label_file_random,0.3754335641860962
37,42,37,42,named entity recognition,latent dirichlet allocation,0,train,label_file_random,0.3940029740333557
90,140,90,140,k-nn,particle filter,0,train,label_file_random,0.30479928851127625
41,145,41,145,automated essay scoring,log-linear models,0,train,label_file_random,0.30981138348579407
158,170,158,170,image retrieval,data preprocessing,0,train,label_file_random,0.3400939702987671
177,117,177,117,kullback-leibler divergence,gradient descent,0,train,label_file_random,0.4279448986053467
113,25,113,25,markov chain monte carlo,word embedding,0,train,label_file_random,0.12402285635471344
80,3,80,3,boltzmann machine,variational autoencoders,0,train,label_file_random,0.5607963800430298
146,80,146,80,gated recurrent units,boltzmann machine,0,train,label_file_random,0.41548800468444824
17,8,17,8,context sensitive grammar,open information extraction,0,train,label_file_random,0.3215999901294708
125,52,125,52,differential calculus,automatic summarization,0,train,label_file_random,0.22256413102149963
120,88,120,88,textual entailment,decision trees,0,train,label_file_random,0.2857098877429962
7,9,7,9,scientific article summarization,sentence simplification,0,train,label_file_random,0.6784771084785461
73,34,73,34,linear regression,relation extraction,0,train,label_file_random,0.2693346440792084
93,63,93,63,pagerank,distributional semantics,0,train,label_file_random,0.28770098090171814
130,139,130,139,speech synthesis,spectral clustering,0,train,label_file_random,0.23070114850997925
125,100,125,100,differential calculus,phonetics,0,train,label_file_random,0.3087282180786133
129,144,129,144,shift-reduce parsing,spelling correction,0,train,label_file_random,0.32461971044540405
182,71,182,71,character level language models,multilingual word,0,train,label_file_random,0.48948872089385986
148,116,148,116,statistical machine translation,propositional logic,0,train,label_file_random,0.16312851011753082
95,166,95,166,word2vec,structured prediction,0,train,label_file_random,0.39494237303733826
1,189,1,189,generative adversarial networks,pointer networks,0,train,label_file_random,0.4195968508720398
90,66,90,66,k-nn,transliteration,0,train,label_file_random,0.2528674304485321
100,10,100,10,phonetics,attention models,0,train,label_file_random,0.28709036111831665
38,67,38,67,word segmentation,lexicography,0,train,label_file_random,0.5004139542579651
173,105,173,105,network theory,genetic algorithms,0,train,label_file_random,0.34739014506340027
83,108,83,108,first-order logic,bayesian network,0,train,label_file_random,0.38120022416114807
108,92,108,92,bayesian network,harmonic functions,0,train,label_file_random,0.3615224361419678
47,68,47,68,conditional random fields,chat bots,0,train,label_file_random,0.28097572922706604
40,169,40,169,optical character recognition,regularization,0,train,label_file_random,0.31770214438438416
156,33,156,33,bias-variance tradeoff,combinatory categorial grammar,0,train,label_file_random,0.15388517081737518
180,72,180,72,bio text mining,evaluation metrics,0,train,label_file_random,0.22679072618484497
0,170,0,170,anaphora resolution,data preprocessing,0,train,label_file_random,0.2671857476234436
28,202,28,202,stemming,data structures and algorithms,0,train,label_file_random,0.36180031299591064
89,95,89,95,clustering,word2vec,0,train,label_file_random,0.18574874103069305
27,122,27,122,semantic parsing,beam search,0,train,label_file_random,0.3509334921836853
125,85,125,85,differential calculus,noisy channel model,0,train,label_file_random,0.21250292658805847
105,113,105,113,genetic algorithms,markov chain monte carlo,0,train,label_file_random,0.2981383204460144
114,150,114,150,k means,edit distance,0,train,label_file_random,0.340309202671051
50,146,50,146,part of speech tagging,gated recurrent units,0,train,label_file_random,0.3683050870895386
9,56,9,56,sentence simplification,variational bayes,0,train,label_file_random,0.23535561561584473
48,51,48,51,deep belief networks,question answering,0,train,label_file_random,0.3800336420536041
65,144,65,144,a* search,spelling correction,0,train,label_file_random,0.2591989040374756
152,145,152,145,conditional probability,log-linear models,0,train,label_file_random,0.47356855869293213
59,102,59,102,weakly-supervised learning,crowdsourcing,0,train,label_file_random,0.4137749671936035
204,67,204,67,relational databases,lexicography,0,train,label_file_random,0.4005942940711975
58,117,58,117,morphological disambiguation,gradient descent,0,train,label_file_random,0.2225208431482315
104,58,104,58,spectral methods,morphological disambiguation,0,train,label_file_random,0.2061004340648651
163,158,163,158,t-sne,image retrieval,0,train,label_file_random,0.43666553497314453
138,80,138,80,paraphrasing,boltzmann machine,0,train,label_file_random,0.25049853324890137
192,130,192,130,game playing in ai,speech synthesis,0,train,label_file_random,0.22089463472366333
7,13,7,13,scientific article summarization,abstract meaning representation,0,train,label_file_random,0.41326868534088135
180,145,180,145,bio text mining,log-linear models,0,train,label_file_random,0.34625816345214844
188,180,188,180,greedy algorithms,bio text mining,0,train,label_file_random,0.29705506563186646
198,135,198,135,linear algebra,wordnet,0,train,label_file_random,0.30509790778160095
18,156,18,156,domain adaptation,bias-variance tradeoff,0,train,label_file_random,0.391598641872406
79,43,79,43,kernel function,latent semantic indexing,0,train,label_file_random,0.3416813910007477
83,191,83,191,first-order logic,seq2seq,0,train,label_file_random,0.24365268647670746
25,139,25,139,word embedding,spectral clustering,0,train,label_file_random,0.33149051666259766
147,141,147,141,gibbs sampling,prosody,0,train,label_file_random,0.25615406036376953
200,195,200,195,descriptive statistics and hypothesis testing,highway networks,0,train,label_file_random,0.20865869522094727
151,178,151,178,chomsky hierarchy,bidirectional recurrent neural networks,0,train,label_file_random,0.25873780250549316
132,23,132,23,linear programming,dqn,0,train,label_file_random,0.24872338771820068
71,189,71,189,multilingual word,pointer networks,0,train,label_file_random,0.3061125576496124
146,6,146,6,gated recurrent units,rouge,0,train,label_file_random,0.32181233167648315
33,11,33,11,combinatory categorial grammar,knowledge graph,0,train,label_file_random,0.2662719488143921
119,115,119,115,tokenization,earley parsing,0,train,label_file_random,0.4903491139411926
95,74,95,74,word2vec,convex optimization,0,train,label_file_random,0.16405916213989258
110,144,110,144,bagging,spelling correction,0,train,label_file_random,0.22203484177589417
104,29,104,29,spectral methods,sentiment analysis,0,train,label_file_random,0.3078050911426544
33,132,33,132,combinatory categorial grammar,linear programming,0,train,label_file_random,0.2912184000015259
183,57,183,57,hierarchical models,discourse model,0,train,label_file_random,0.4118621051311493
53,191,53,191,supertagging,seq2seq,0,train,label_file_random,0.43780308961868286
200,17,200,17,descriptive statistics and hypothesis testing,context sensitive grammar,0,train,label_file_random,0.19847199320793152
158,133,158,133,image retrieval,inference,0,train,label_file_random,0.39750316739082336
158,16,158,16,image retrieval,context free grammar,0,train,label_file_random,0.16983333230018616
114,61,114,61,k means,neural turing machine,0,train,label_file_random,0.1649184226989746
166,135,166,135,structured prediction,wordnet,0,train,label_file_random,0.31152886152267456
106,92,106,92,ensemble learning,harmonic functions,0,train,label_file_random,0.28041401505470276
111,183,111,183,maximum likelihood estimation,hierarchical models,0,train,label_file_random,0.4711942672729492
61,113,61,113,neural turing machine,markov chain monte carlo,0,train,label_file_random,0.20175127685070038
187,73,187,73,citation networks,linear regression,0,train,label_file_random,0.20700320601463318
178,204,178,204,bidirectional recurrent neural networks,relational databases,0,train,label_file_random,0.27862897515296936
90,180,90,180,k-nn,bio text mining,0,train,label_file_random,0.30539199709892273
31,53,31,53,dependency parsing,supertagging,0,train,label_file_random,0.6130326390266418
156,70,156,70,bias-variance tradeoff,multi-task learning,0,train,label_file_random,0.3801581561565399
16,46,16,46,context free grammar,hidden markov models,0,train,label_file_random,0.3375224173069
41,108,41,108,automated essay scoring,bayesian network,0,train,label_file_random,0.28142040967941284
137,202,137,202,probabilistic context-free grammars,data structures and algorithms,0,train,label_file_random,0.2814137637615204
147,23,147,23,gibbs sampling,dqn,0,train,label_file_random,0.23484572768211365
35,174,35,174,event detection,entropy,0,train,label_file_random,0.2273438572883606
27,149,27,149,semantic parsing,compositional semantics,0,train,label_file_random,0.518314003944397
95,108,95,108,word2vec,bayesian network,0,train,label_file_random,0.2019142508506775
64,60,64,60,shallow parsing,one-shot learning,0,train,label_file_random,0.2826528251171112
41,113,41,113,automated essay scoring,markov chain monte carlo,0,train,label_file_random,0.13872218132019043
139,6,139,6,spectral clustering,rouge,0,train,label_file_random,0.22437438368797302
155,112,155,112,bag of words model,graphical models,0,train,label_file_random,0.274565190076828
18,97,18,97,domain adaptation,knowledge representation,0,train,label_file_random,0.32658281922340393
153,154,153,154,linear discriminant analysis,artificial neural network,0,train,label_file_random,0.3422282636165619
117,87,117,87,gradient descent,svm,0,train,label_file_random,0.43108564615249634
83,75,83,75,first-order logic,newton method,0,train,label_file_random,0.2112942636013031
60,100,60,100,one-shot learning,phonetics,0,train,label_file_random,0.17504987120628357
145,72,145,72,log-linear models,evaluation metrics,0,train,label_file_random,0.3791070580482483
75,166,75,166,newton method,structured prediction,0,train,label_file_random,0.21503278613090515
133,161,133,161,inference,n-gram,0,train,label_file_random,0.31766098737716675
56,45,56,45,variational bayes,bayes theorem,0,train,label_file_random,0.5160144567489624
130,65,130,65,speech synthesis,a* search,0,train,label_file_random,0.26214444637298584
6,118,6,118,rouge,search engine indexing,0,train,label_file_random,0.41576701402664185
151,131,151,131,chomsky hierarchy,caption generation,0,train,label_file_random,0.24563392996788025
103,97,103,97,matrix factorization,knowledge representation,0,train,label_file_random,0.348264217376709
69,195,69,195,dialog systems,highway networks,0,train,label_file_random,0.2889927625656128
167,119,167,119,feature learning,tokenization,0,train,label_file_random,0.4469989836215973
169,195,169,195,regularization,highway networks,0,train,label_file_random,0.44433921575546265
23,189,23,189,dqn,pointer networks,0,train,label_file_random,0.44556859135627747
160,166,160,166,object detection,structured prediction,0,train,label_file_random,0.37128710746765137
36,32,36,32,language modeling,tree adjoining grammar,0,train,label_file_random,0.4482254981994629
60,159,60,159,one-shot learning,imagenet,0,train,label_file_random,0.47390514612197876
160,2,160,2,object detection,neural machine translation,0,train,label_file_random,0.2670133113861084
106,45,106,45,ensemble learning,bayes theorem,0,train,label_file_random,0.35625845193862915
197,203,197,203,multi-modal learning,graph theory,0,train,label_file_random,0.24558085203170776
21,158,21,158,reinforcement learning,image retrieval,0,train,label_file_random,0.2817952632904053
197,158,197,158,multi-modal learning,image retrieval,0,train,label_file_random,0.5138130187988281
40,141,40,141,optical character recognition,prosody,0,train,label_file_random,0.28443461656570435
162,124,162,124,singular-value decomposition,matrix multiplication,0,train,label_file_random,0.536694347858429
78,129,78,129,radial basis function network,shift-reduce parsing,0,train,label_file_random,0.27045971155166626
192,128,192,128,game playing in ai,grammar checker,0,train,label_file_random,0.19253641366958618
45,200,45,200,bayes theorem,descriptive statistics and hypothesis testing,0,train,label_file_random,0.44946736097335815
126,182,126,182,facial recognition systems,character level language models,0,train,label_file_random,0.29074826836586
200,149,200,149,descriptive statistics and hypothesis testing,compositional semantics,0,train,label_file_random,0.3047763407230377
61,62,61,62,neural turing machine,bootstrapping,0,train,label_file_random,0.12099666893482208
118,3,118,3,search engine indexing,variational autoencoders,0,train,label_file_random,0.22770987451076508
81,97,81,97,expectation-maximization (em) algorithm,knowledge representation,0,train,label_file_random,0.23861616849899292
129,166,129,166,shift-reduce parsing,structured prediction,0,train,label_file_random,0.4699555039405823
170,79,170,79,data preprocessing,kernel function,0,train,label_file_random,0.33127355575561523
2,97,2,97,neural machine translation,knowledge representation,0,train,label_file_random,0.40343034267425537
188,165,188,165,greedy algorithms,monte carlo tree search,0,train,label_file_random,0.3697807192802429
14,159,14,159,coreference and coreference resolution,imagenet,0,train,label_file_random,0.22166381776332855
161,78,161,78,n-gram,radial basis function network,0,train,label_file_random,0.2803286910057068
38,138,38,138,word segmentation,paraphrasing,0,train,label_file_random,0.39386826753616333
63,182,63,182,distributional semantics,character level language models,0,train,label_file_random,0.42464005947113037
128,146,128,146,grammar checker,gated recurrent units,0,train,label_file_random,0.2637288272380829
74,85,74,85,convex optimization,noisy channel model,0,train,label_file_random,0.275983065366745
174,111,174,111,entropy,maximum likelihood estimation,0,train,label_file_random,0.5514307022094727
161,115,161,115,n-gram,earley parsing,0,train,label_file_random,0.4606105089187622
148,35,148,35,statistical machine translation,event detection,0,train,label_file_random,0.4094710648059845
17,158,17,158,context sensitive grammar,image retrieval,0,train,label_file_random,0.19150511920452118
174,183,174,183,entropy,hierarchical models,0,train,label_file_random,0.3679167926311493
31,157,31,157,dependency parsing,computer vision,0,train,label_file_random,0.3081318736076355
183,91,183,91,hierarchical models,random walks,0,train,label_file_random,0.38873374462127686
103,52,103,52,matrix factorization,automatic summarization,0,train,label_file_random,0.35009947419166565
24,105,24,105,backpropagation,genetic algorithms,0,train,label_file_random,0.46092522144317627
189,77,189,77,pointer networks,random forest,0,train,label_file_random,0.1856170892715454
59,22,59,22,weakly-supervised learning,q learning,0,train,label_file_random,0.20041556656360626
158,141,158,141,image retrieval,prosody,0,train,label_file_random,0.23419815301895142
110,204,110,204,bagging,relational databases,0,train,label_file_random,0.31818878650665283
146,148,146,148,gated recurrent units,statistical machine translation,0,train,label_file_random,0.3582214415073395
7,145,7,145,scientific article summarization,log-linear models,0,train,label_file_random,0.32003435492515564
171,87,171,87,robotic locomotion,svm,0,train,label_file_random,0.23991502821445465
68,170,68,170,chat bots,data preprocessing,0,train,label_file_random,0.23930585384368896
34,174,34,174,relation extraction,entropy,0,train,label_file_random,0.2330026924610138
118,94,118,94,search engine indexing,topic modeling,0,train,label_file_random,0.4505038857460022
51,46,51,46,question answering,hidden markov models,0,train,label_file_random,0.3366372287273407
96,172,96,172,cnn's,human-robot interaction,0,train,label_file_random,0.21847888827323914
2,158,2,158,neural machine translation,image retrieval,0,train,label_file_random,0.40124696493148804
75,43,75,43,newton method,latent semantic indexing,0,train,label_file_random,0.19395172595977783
115,184,115,184,earley parsing,smoothing and backoff,0,train,label_file_random,0.4327370226383209
131,143,131,143,caption generation,language acquisition,0,train,label_file_random,0.38957154750823975
139,200,139,200,spectral clustering,descriptive statistics and hypothesis testing,0,train,label_file_random,0.3475337028503418
2,40,2,40,neural machine translation,optical character recognition,0,train,label_file_random,0.4111759662628174
93,64,93,64,pagerank,shallow parsing,0,train,label_file_random,0.18755382299423218
15,178,15,178,machine reading comprehension,bidirectional recurrent neural networks,0,train,label_file_random,0.4571532607078552
130,7,130,7,speech synthesis,scientific article summarization,0,train,label_file_random,0.3274621367454529
160,119,160,119,object detection,tokenization,0,train,label_file_random,0.13494344055652618
17,49,17,49,context sensitive grammar,word sense disambiguation,0,train,label_file_random,0.3906276822090149
89,113,89,113,clustering,markov chain monte carlo,0,train,label_file_random,0.23743122816085815
31,165,31,165,dependency parsing,monte carlo tree search,0,train,label_file_random,0.19483165442943573
194,135,194,135,lambda calculus,wordnet,0,train,label_file_random,0.26297396421432495
169,196,169,196,regularization,stack lstm,0,train,label_file_random,0.25318843126296997
187,29,187,29,citation networks,sentiment analysis,0,train,label_file_random,0.32988035678863525
14,138,14,138,coreference and coreference resolution,paraphrasing,0,train,label_file_random,0.45327797532081604
15,43,15,43,machine reading comprehension,latent semantic indexing,0,train,label_file_random,0.41560837626457214
140,5,140,5,particle filter,bleu,0,train,label_file_random,0.16025342047214508
81,160,81,160,expectation-maximization (em) algorithm,object detection,0,train,label_file_random,0.1667991280555725
70,76,70,76,multi-task learning,dual problems,0,train,label_file_random,0.4275471568107605
191,190,191,190,seq2seq,document representation,0,train,label_file_random,0.4106430411338806
140,129,140,129,particle filter,shift-reduce parsing,0,train,label_file_random,0.1687951683998108
86,47,86,47,perceptrons algorithm,conditional random fields,0,train,label_file_random,0.24924810230731964
42,187,42,187,latent dirichlet allocation,citation networks,0,train,label_file_random,0.4101713001728058
188,113,188,113,greedy algorithms,markov chain monte carlo,0,train,label_file_random,0.21190588176250458
158,45,158,45,image retrieval,bayes theorem,0,train,label_file_random,0.29007232189178467
39,116,39,116,sentence boundary recognition,propositional logic,0,train,label_file_random,0.3286702036857605
66,45,66,45,transliteration,bayes theorem,0,train,label_file_random,0.10999318957328796
136,196,136,196,natural language interfaces,stack lstm,0,train,label_file_random,0.43264147639274597
187,61,187,61,citation networks,neural turing machine,0,train,label_file_random,0.27541711926460266
67,21,67,21,lexicography,reinforcement learning,0,train,label_file_random,0.1633683741092682
175,15,175,15,cross entropy,machine reading comprehension,0,train,label_file_random,0.29513174295425415
100,184,100,184,phonetics,smoothing and backoff,0,train,label_file_random,0.36273884773254395
108,47,108,47,bayesian network,conditional random fields,0,train,label_file_random,0.4477815628051758
14,139,14,139,coreference and coreference resolution,spectral clustering,0,train,label_file_random,0.22976678609848022
108,94,108,94,bayesian network,topic modeling,0,train,label_file_random,0.42073673009872437
109,26,109,26,text mining,logistic regression,0,train,label_file_random,0.3901831805706024
83,5,83,5,first-order logic,bleu,0,train,label_file_random,0.2208174765110016
176,13,176,13,activation functions,abstract meaning representation,0,train,label_file_random,0.24448686838150024
165,191,165,191,monte carlo tree search,seq2seq,0,train,label_file_random,0.18627333641052246
55,74,55,74,multi-document summarization,convex optimization,0,train,label_file_random,0.1632678508758545
76,63,76,63,dual problems,distributional semantics,0,train,label_file_random,0.18150600790977478
10,3,10,3,attention models,variational autoencoders,0,train,label_file_random,0.40469440817832947
64,98,64,98,shallow parsing,markov decision processes,0,train,label_file_random,0.22265753149986267
91,3,91,3,random walks,variational autoencoders,0,train,label_file_random,0.35846519470214844
95,35,95,35,word2vec,event detection,0,train,label_file_random,0.46772438287734985
103,9,103,9,matrix factorization,sentence simplification,0,train,label_file_random,0.2712250053882599
101,121,101,121,speech recognition,constraint satisfaction,0,train,label_file_random,0.25307705998420715
170,55,170,55,data preprocessing,multi-document summarization,0,train,label_file_random,0.2908766567707062
120,27,120,27,textual entailment,semantic parsing,0,train,label_file_random,0.5904160737991333
37,63,37,63,named entity recognition,distributional semantics,0,train,label_file_random,0.43417447805404663
63,129,63,129,distributional semantics,shift-reduce parsing,0,train,label_file_random,0.3743613064289093
153,143,153,143,linear discriminant analysis,language acquisition,0,train,label_file_random,0.2945243716239929
112,36,112,36,graphical models,language modeling,0,train,label_file_random,0.481332391500473
177,175,177,175,kullback-leibler divergence,cross entropy,0,train,label_file_random,0.700803279876709
89,150,89,150,clustering,edit distance,0,train,label_file_random,0.4071953296661377
36,132,36,132,language modeling,linear programming,0,train,label_file_random,0.3304021954536438
117,119,117,119,gradient descent,tokenization,0,train,label_file_random,0.30112266540527344
138,90,138,90,paraphrasing,k-nn,0,train,label_file_random,0.2625406086444855
121,62,121,62,constraint satisfaction,bootstrapping,0,train,label_file_random,0.1922249048948288
181,33,181,33,collaborative filtering,combinatory categorial grammar,0,train,label_file_random,0.1556442379951477
130,74,130,74,speech synthesis,convex optimization,0,train,label_file_random,0.24472129344940186
84,33,84,33,natural language generation,combinatory categorial grammar,0,train,label_file_random,0.5167957544326782
89,165,89,165,clustering,monte carlo tree search,0,train,label_file_random,0.17948046326637268
113,74,113,74,markov chain monte carlo,convex optimization,0,train,label_file_random,0.20423588156700134
12,76,12,76,semantic role labeling,dual problems,0,train,label_file_random,0.22739475965499878
69,121,69,121,dialog systems,constraint satisfaction,0,train,label_file_random,0.3074212670326233
35,50,35,50,event detection,part of speech tagging,0,train,label_file_random,0.5929995775222778
161,179,161,179,n-gram,query expansion,0,train,label_file_random,0.3832779824733734
158,100,158,100,image retrieval,phonetics,0,train,label_file_random,0.20475785434246063
35,5,35,5,event detection,bleu,0,train,label_file_random,0.3459210693836212
167,175,167,175,feature learning,cross entropy,0,train,label_file_random,0.47410792112350464
155,106,155,106,bag of words model,ensemble learning,0,train,label_file_random,0.2997521758079529
17,36,17,36,context sensitive grammar,language modeling,0,train,label_file_random,0.4782225787639618
102,196,102,196,crowdsourcing,stack lstm,0,train,label_file_random,0.2355191558599472
131,29,131,29,caption generation,sentiment analysis,0,train,label_file_random,0.35910511016845703
69,63,69,63,dialog systems,distributional semantics,0,train,label_file_random,0.2021387815475464
100,163,100,163,phonetics,t-sne,0,train,label_file_random,0.272026002407074
37,176,37,176,named entity recognition,activation functions,0,train,label_file_random,0.3389039635658264
49,189,49,189,word sense disambiguation,pointer networks,0,train,label_file_random,0.23249787092208862
24,77,24,77,backpropagation,random forest,0,train,label_file_random,0.3636370003223419
121,63,121,63,constraint satisfaction,distributional semantics,0,train,label_file_random,0.14885812997817993
151,158,151,158,chomsky hierarchy,image retrieval,0,train,label_file_random,0.12654665112495422
112,84,112,84,graphical models,natural language generation,0,train,label_file_random,0.2904019355773926
90,117,90,117,k-nn,gradient descent,0,train,label_file_random,0.3830496370792389
1,6,1,6,generative adversarial networks,rouge,0,train,label_file_random,0.23696710169315338
14,51,14,51,coreference and coreference resolution,question answering,0,train,label_file_random,0.40085625648498535
122,32,122,32,beam search,tree adjoining grammar,0,train,label_file_random,0.30539578199386597
177,201,177,201,kullback-leibler divergence,information theory: coding,0,train,label_file_random,0.5254546999931335
34,106,34,106,relation extraction,ensemble learning,0,train,label_file_random,0.19874432682991028
101,110,101,110,speech recognition,bagging,0,train,label_file_random,0.28433141112327576
136,94,136,94,natural language interfaces,topic modeling,0,train,label_file_random,0.3726431131362915
159,103,159,103,imagenet,matrix factorization,0,train,label_file_random,0.20616896450519562
49,181,49,181,word sense disambiguation,collaborative filtering,0,train,label_file_random,0.25164270401000977
144,74,144,74,spelling correction,convex optimization,0,train,label_file_random,0.226016104221344
77,91,77,91,random forest,random walks,0,train,label_file_random,0.43744927644729614
119,187,119,187,tokenization,citation networks,0,train,label_file_random,0.20948490500450134
77,99,77,99,random forest,autonomous cars,0,train,label_file_random,0.22847680747509003
78,166,78,166,radial basis function network,structured prediction,0,train,label_file_random,0.3413005471229553
79,188,79,188,kernel function,greedy algorithms,0,train,label_file_random,0.3924309313297272
102,15,102,15,crowdsourcing,machine reading comprehension,0,train,label_file_random,0.3621214032173157
36,74,36,74,language modeling,convex optimization,0,train,label_file_random,0.2832508087158203
79,83,79,83,kernel function,first-order logic,0,train,label_file_random,0.2810690701007843
29,140,29,140,sentiment analysis,particle filter,0,train,label_file_random,0.10719724744558334
4,133,4,133,ibm translation models,inference,0,train,label_file_random,0.2551330626010895
84,111,84,111,natural language generation,maximum likelihood estimation,0,train,label_file_random,0.28024473786354065
169,98,169,98,regularization,markov decision processes,0,train,label_file_random,0.2905024588108063
168,26,168,26,normalization,logistic regression,0,train,label_file_random,0.3404945433139801
40,170,40,170,optical character recognition,data preprocessing,0,train,label_file_random,0.31514742970466614
94,41,94,41,topic modeling,automated essay scoring,0,train,label_file_random,0.33929187059402466
45,186,45,186,bayes theorem,crawling the web,0,train,label_file_random,0.22958342730998993
148,144,148,144,statistical machine translation,spelling correction,0,train,label_file_random,0.5550748109817505
169,2,169,2,regularization,neural machine translation,0,train,label_file_random,0.4108881950378418
17,150,17,150,context sensitive grammar,edit distance,0,train,label_file_random,0.3531414270401001
132,109,132,109,linear programming,text mining,0,train,label_file_random,0.3378933072090149
199,151,199,151,probability,chomsky hierarchy,0,train,label_file_random,0.2464730441570282
53,111,53,111,supertagging,maximum likelihood estimation,0,train,label_file_random,0.2529938817024231
94,108,94,108,topic modeling,bayesian network,0,train,label_file_random,0.42073673009872437
92,20,92,20,harmonic functions,capsule networks,0,train,label_file_random,0.2771381735801697
144,9,144,9,spelling correction,sentence simplification,0,train,label_file_random,0.5447835922241211
68,82,68,82,chat bots,dimensionality reduction,0,train,label_file_random,0.1156989187002182
147,50,147,50,gibbs sampling,part of speech tagging,0,train,label_file_random,0.39230865240097046
31,151,31,151,dependency parsing,chomsky hierarchy,0,train,label_file_random,0.46374785900115967
79,150,79,150,kernel function,edit distance,0,train,label_file_random,0.2675553560256958
26,114,26,114,logistic regression,k means,0,train,label_file_random,0.3447350263595581
94,119,94,119,topic modeling,tokenization,0,train,label_file_random,0.4217516779899597
185,205,185,205,policy gradient methods,dual decomposition,0,train,label_file_random,0.3747316002845764
97,62,97,62,knowledge representation,bootstrapping,0,train,label_file_random,0.20281139016151428
177,4,177,4,kullback-leibler divergence,ibm translation models,0,train,label_file_random,0.25389495491981506
28,67,28,67,stemming,lexicography,0,train,label_file_random,0.5556074380874634
5,9,5,9,bleu,sentence simplification,0,train,label_file_random,0.6458419561386108
202,184,202,184,data structures and algorithms,smoothing and backoff,0,train,label_file_random,0.23890143632888794
138,198,138,198,paraphrasing,linear algebra,0,train,label_file_random,0.2317783683538437
166,11,166,11,structured prediction,knowledge graph,0,train,label_file_random,0.4047682583332062
153,72,153,72,linear discriminant analysis,evaluation metrics,0,train,label_file_random,0.323616623878479
31,14,31,14,dependency parsing,coreference and coreference resolution,0,train,label_file_random,0.4508039951324463
135,77,135,77,wordnet,random forest,0,train,label_file_random,0.23803505301475525
58,186,58,186,morphological disambiguation,crawling the web,0,train,label_file_random,0.24528081715106964
65,175,65,175,a* search,cross entropy,0,train,label_file_random,0.26788562536239624
188,75,188,75,greedy algorithms,newton method,0,train,label_file_random,0.4058801233768463
44,47,44,47,language identification,conditional random fields,0,train,label_file_random,0.45819273591041565
85,125,85,125,noisy channel model,differential calculus,0,train,label_file_random,0.21250292658805847
112,5,112,5,graphical models,bleu,0,train,label_file_random,0.20604732632637024
32,104,32,104,tree adjoining grammar,spectral methods,0,train,label_file_random,0.18602992594242096
130,49,130,49,speech synthesis,word sense disambiguation,0,train,label_file_random,0.24247699975967407
23,136,23,136,dqn,natural language interfaces,0,train,label_file_random,0.21771955490112305
134,85,134,85,long short-term memory networks,noisy channel model,0,train,label_file_random,0.30650511384010315
59,42,59,42,weakly-supervised learning,latent dirichlet allocation,0,train,label_file_random,0.2507917284965515
131,118,131,118,caption generation,search engine indexing,0,train,label_file_random,0.2866533100605011
109,80,109,80,text mining,boltzmann machine,0,train,label_file_random,0.28631943464279175
180,75,180,75,bio text mining,newton method,0,train,label_file_random,0.2333303689956665
80,165,80,165,boltzmann machine,monte carlo tree search,0,train,label_file_random,0.36030369997024536
143,17,143,17,language acquisition,context sensitive grammar,0,train,label_file_random,0.4548378586769104
5,95,5,95,bleu,word2vec,0,train,label_file_random,0.45065590739250183
29,28,29,28,sentiment analysis,stemming,0,train,label_file_random,0.3848100006580353
127,188,127,188,backpropagation through time,greedy algorithms,0,train,label_file_random,0.2615286707878113
92,130,92,130,harmonic functions,speech synthesis,0,train,label_file_random,0.2390345335006714
27,187,27,187,semantic parsing,citation networks,0,train,label_file_random,0.11112241446971893
120,100,120,100,textual entailment,phonetics,0,train,label_file_random,0.17182070016860962
79,53,79,53,kernel function,supertagging,0,train,label_file_random,0.21367456018924713
65,122,65,122,a* search,beam search,0,train,label_file_random,0.7015611529350281
70,204,70,204,multi-task learning,relational databases,0,train,label_file_random,0.31751248240470886
177,167,177,167,kullback-leibler divergence,feature learning,0,train,label_file_random,0.36313918232917786
6,88,6,88,rouge,decision trees,0,train,label_file_random,0.22954416275024414
35,88,35,88,event detection,decision trees,0,train,label_file_random,0.28659409284591675
28,121,28,121,stemming,constraint satisfaction,0,train,label_file_random,0.19454872608184814
159,14,159,14,imagenet,coreference and coreference resolution,0,train,label_file_random,0.22166381776332855
14,182,14,182,coreference and coreference resolution,character level language models,0,train,label_file_random,0.32384780049324036
123,191,123,191,recommendation system,seq2seq,0,train,label_file_random,0.28840532898902893
72,190,72,190,evaluation metrics,document representation,0,train,label_file_random,0.33547693490982056
48,172,48,172,deep belief networks,human-robot interaction,0,train,label_file_random,0.28684842586517334
90,11,90,11,k-nn,knowledge graph,0,train,label_file_random,0.36719557642936707
53,35,53,35,supertagging,event detection,0,train,label_file_random,0.5795047879219055
151,37,151,37,chomsky hierarchy,named entity recognition,0,train,label_file_random,0.28510111570358276
9,49,9,49,sentence simplification,word sense disambiguation,0,train,label_file_random,0.46065354347229004
106,176,106,176,ensemble learning,activation functions,0,train,label_file_random,0.3035491704940796
102,97,102,97,crowdsourcing,knowledge representation,0,train,label_file_random,0.3341110348701477
33,103,33,103,combinatory categorial grammar,matrix factorization,0,train,label_file_random,0.1713632345199585
11,5,11,5,knowledge graph,bleu,0,train,label_file_random,0.15650570392608643
109,10,109,10,text mining,attention models,0,train,label_file_random,0.2868817150592804
92,43,92,43,harmonic functions,latent semantic indexing,0,train,label_file_random,0.23944488167762756
59,41,59,41,weakly-supervised learning,automated essay scoring,0,train,label_file_random,0.2677353024482727
83,118,83,118,first-order logic,search engine indexing,0,train,label_file_random,0.35117560625076294
96,62,96,62,cnn's,bootstrapping,0,train,label_file_random,0.20371580123901367
127,99,127,99,backpropagation through time,autonomous cars,0,train,label_file_random,0.3118315041065216
45,164,45,164,bayes theorem,loss function,0,train,label_file_random,0.2552891969680786
172,133,172,133,human-robot interaction,inference,0,train,label_file_random,0.3439173102378845
103,170,103,170,matrix factorization,data preprocessing,0,train,label_file_random,0.3101881742477417
61,117,61,117,neural turing machine,gradient descent,0,train,label_file_random,0.3865472674369812
21,61,21,61,reinforcement learning,neural turing machine,0,train,label_file_random,0.40400001406669617
188,175,188,175,greedy algorithms,cross entropy,0,train,label_file_random,0.3219413459300995
179,135,179,135,query expansion,wordnet,0,train,label_file_random,0.47974133491516113
55,187,55,187,multi-document summarization,citation networks,0,train,label_file_random,0.35110753774642944
82,72,82,72,dimensionality reduction,evaluation metrics,0,train,label_file_random,0.41166824102401733
6,23,6,23,rouge,dqn,0,train,label_file_random,0.20250871777534485
141,84,141,84,prosody,natural language generation,0,train,label_file_random,0.34995317459106445
89,134,89,134,clustering,long short-term memory networks,0,train,label_file_random,0.21033793687820435
73,205,73,205,linear regression,dual decomposition,0,train,label_file_random,0.31171518564224243
143,117,143,117,language acquisition,gradient descent,0,train,label_file_random,0.31003639101982117
128,158,128,158,grammar checker,image retrieval,0,train,label_file_random,0.21025696396827698
70,163,70,163,multi-task learning,t-sne,0,train,label_file_random,0.29353663325309753
86,120,86,120,perceptrons algorithm,textual entailment,0,train,label_file_random,0.2990174889564514
26,58,26,58,logistic regression,morphological disambiguation,0,train,label_file_random,0.14603087306022644
180,122,180,122,bio text mining,beam search,0,train,label_file_random,0.34124183654785156
23,54,23,54,dqn,recursive neural network,0,train,label_file_random,0.367444783449173
117,140,117,140,gradient descent,particle filter,0,train,label_file_random,0.2907484173774719
131,141,131,141,caption generation,prosody,0,train,label_file_random,0.265089750289917
88,102,88,102,decision trees,crowdsourcing,0,train,label_file_random,0.33237871527671814
196,36,196,36,stack lstm,language modeling,0,train,label_file_random,0.5257465243339539
97,69,97,69,knowledge representation,dialog systems,0,train,label_file_random,0.3738269805908203
27,40,27,40,semantic parsing,optical character recognition,0,train,label_file_random,0.3526463210582733
146,138,146,138,gated recurrent units,paraphrasing,0,train,label_file_random,0.31384190917015076
10,23,10,23,attention models,dqn,0,train,label_file_random,0.38921576738357544
63,85,63,85,distributional semantics,noisy channel model,0,train,label_file_random,0.26635152101516724
93,174,93,174,pagerank,entropy,0,train,label_file_random,0.28413015604019165
2,197,2,197,neural machine translation,multi-modal learning,0,train,label_file_random,0.4707101583480835
76,33,76,33,dual problems,combinatory categorial grammar,0,train,label_file_random,0.2246096134185791
125,58,125,58,differential calculus,morphological disambiguation,0,train,label_file_random,0.18123295903205872
190,115,190,115,document representation,earley parsing,0,train,label_file_random,0.35006076097488403
38,171,38,171,word segmentation,robotic locomotion,0,train,label_file_random,0.12254761904478073
88,15,88,15,decision trees,machine reading comprehension,0,train,label_file_random,0.2576448917388916
124,115,124,115,matrix multiplication,earley parsing,0,train,label_file_random,0.16860321164131165
1,17,1,17,generative adversarial networks,context sensitive grammar,0,train,label_file_random,0.17736494541168213
138,6,138,6,paraphrasing,rouge,0,train,label_file_random,0.5941519737243652
84,24,84,24,natural language generation,backpropagation,0,train,label_file_random,0.2927740812301636
151,176,151,176,chomsky hierarchy,activation functions,0,train,label_file_random,0.28522834181785583
55,18,55,18,multi-document summarization,domain adaptation,0,train,label_file_random,0.245658740401268
179,3,179,3,query expansion,variational autoencoders,0,train,label_file_random,0.2126225233078003
29,175,29,175,sentiment analysis,cross entropy,0,train,label_file_random,0.2809891700744629
98,156,98,156,markov decision processes,bias-variance tradeoff,0,train,label_file_random,0.27997738122940063
16,133,16,133,context free grammar,inference,0,train,label_file_random,0.2881242036819458
13,86,13,86,abstract meaning representation,perceptrons algorithm,0,train,label_file_random,0.2875214219093323
92,101,92,101,harmonic functions,speech recognition,0,train,label_file_random,0.2640869617462158
137,38,137,38,probabilistic context-free grammars,word segmentation,0,train,label_file_random,0.4812384843826294
100,107,100,107,phonetics,expert systems,0,train,label_file_random,0.26123732328414917
143,56,143,56,language acquisition,variational bayes,0,train,label_file_random,0.254833459854126
1,173,1,173,generative adversarial networks,network theory,0,train,label_file_random,0.2650551497936249
168,71,168,71,normalization,multilingual word,0,train,label_file_random,0.3393048048019409
137,105,137,105,probabilistic context-free grammars,genetic algorithms,0,train,label_file_random,0.27316975593566895
126,104,126,104,facial recognition systems,spectral methods,0,train,label_file_random,0.3009985387325287
85,51,85,51,noisy channel model,question answering,0,train,label_file_random,0.23513801395893097
36,149,36,149,language modeling,compositional semantics,0,train,label_file_random,0.5248749852180481
52,100,52,100,automatic summarization,phonetics,0,train,label_file_random,0.14964443445205688
17,130,17,130,context sensitive grammar,speech synthesis,0,train,label_file_random,0.300345778465271
177,169,177,169,kullback-leibler divergence,regularization,0,train,label_file_random,0.4211806654930115
86,146,86,146,perceptrons algorithm,gated recurrent units,0,train,label_file_random,0.44854333996772766
91,70,91,70,random walks,multi-task learning,0,train,label_file_random,0.20674467086791992
178,37,178,37,bidirectional recurrent neural networks,named entity recognition,0,train,label_file_random,0.5168828964233398
94,97,94,97,topic modeling,knowledge representation,0,train,label_file_random,0.36817216873168945
75,154,75,154,newton method,artificial neural network,0,train,label_file_random,0.3683561682701111
26,31,26,31,logistic regression,dependency parsing,0,train,label_file_random,0.3031376898288727
14,103,14,103,coreference and coreference resolution,matrix factorization,0,train,label_file_random,0.19207066297531128
48,145,48,145,deep belief networks,log-linear models,0,train,label_file_random,0.4553695023059845
133,15,133,15,inference,machine reading comprehension,0,train,label_file_random,0.47408121824264526
20,129,20,129,capsule networks,shift-reduce parsing,0,train,label_file_random,0.3287776708602905
15,169,15,169,machine reading comprehension,regularization,0,train,label_file_random,0.3798612058162689
149,191,149,191,compositional semantics,seq2seq,0,train,label_file_random,0.4376920163631439
184,150,184,150,smoothing and backoff,edit distance,0,train,label_file_random,0.33925485610961914
57,174,57,174,discourse model,entropy,0,train,label_file_random,0.16929370164871216
17,163,17,163,context sensitive grammar,t-sne,0,train,label_file_random,0.08804699778556824
164,99,164,99,loss function,autonomous cars,0,train,label_file_random,0.1612783670425415
82,61,82,61,dimensionality reduction,neural turing machine,0,train,label_file_random,0.24639581143856049
120,53,120,53,textual entailment,supertagging,0,train,label_file_random,0.47822868824005127
24,104,24,104,backpropagation,spectral methods,0,train,label_file_random,0.3212181329727173
28,62,28,62,stemming,bootstrapping,0,train,label_file_random,0.2681427597999573
151,48,151,48,chomsky hierarchy,deep belief networks,0,train,label_file_random,0.3000751733779907
59,99,59,99,weakly-supervised learning,autonomous cars,0,train,label_file_random,0.272093802690506
127,24,127,24,backpropagation through time,backpropagation,0,train,label_file_random,0.7429684400558472
76,24,76,24,dual problems,backpropagation,0,train,label_file_random,0.29477792978286743
100,4,100,4,phonetics,ibm translation models,0,train,label_file_random,0.2362472116947174
92,131,92,131,harmonic functions,caption generation,0,train,label_file_random,0.1773456335067749
96,101,96,101,cnn's,speech recognition,0,train,label_file_random,0.3033375144004822
89,154,89,154,clustering,artificial neural network,0,train,label_file_random,0.41660046577453613
114,198,114,198,k means,linear algebra,0,train,label_file_random,0.38870078325271606
159,141,159,141,imagenet,prosody,0,train,label_file_random,0.14849695563316345
7,72,7,72,scientific article summarization,evaluation metrics,0,train,label_file_random,0.25941696763038635
159,123,159,123,imagenet,recommendation system,0,train,label_file_random,0.23885232210159302
181,32,181,32,collaborative filtering,tree adjoining grammar,0,train,label_file_random,0.1609017550945282
171,51,171,51,robotic locomotion,question answering,0,train,label_file_random,0.2272319495677948
192,152,192,152,game playing in ai,conditional probability,0,train,label_file_random,0.2087368369102478
179,72,179,72,query expansion,evaluation metrics,0,train,label_file_random,0.2903319001197815
70,178,70,178,multi-task learning,bidirectional recurrent neural networks,0,train,label_file_random,0.43628260493278503
132,38,132,38,linear programming,word segmentation,0,train,label_file_random,0.2554018199443817
64,144,64,144,shallow parsing,spelling correction,0,train,label_file_random,0.36731982231140137
40,61,40,61,optical character recognition,neural turing machine,0,train,label_file_random,0.3742557168006897
84,18,84,18,natural language generation,domain adaptation,0,train,label_file_random,0.30462896823883057
56,205,56,205,variational bayes,dual decomposition,0,train,label_file_random,0.35304591059684753
36,205,36,205,language modeling,dual decomposition,0,train,label_file_random,0.3268186151981354
185,111,185,111,policy gradient methods,maximum likelihood estimation,0,train,label_file_random,0.3617343306541443
27,129,27,129,semantic parsing,shift-reduce parsing,0,train,label_file_random,0.6656901836395264
178,28,178,28,bidirectional recurrent neural networks,stemming,0,train,label_file_random,0.26719918847084045
171,160,171,160,robotic locomotion,object detection,0,train,label_file_random,0.23980557918548584
47,135,47,135,conditional random fields,wordnet,0,train,label_file_random,0.291197270154953
134,159,134,159,long short-term memory networks,imagenet,0,train,label_file_random,0.40696489810943604
28,83,28,83,stemming,first-order logic,0,train,label_file_random,0.3285731375217438
27,185,27,185,semantic parsing,policy gradient methods,0,train,label_file_random,0.1921698898077011
46,58,46,58,hidden markov models,morphological disambiguation,0,train,label_file_random,0.44039154052734375
89,94,89,94,clustering,topic modeling,0,train,label_file_random,0.4134988784790039
60,32,60,32,one-shot learning,tree adjoining grammar,0,train,label_file_random,0.1753966510295868
71,101,71,101,multilingual word,speech recognition,0,train,label_file_random,0.3770333230495453
48,46,48,46,deep belief networks,hidden markov models,0,train,label_file_random,0.42801883816719055
158,82,158,82,image retrieval,dimensionality reduction,0,train,label_file_random,0.46602684259414673
69,81,69,81,dialog systems,expectation-maximization (em) algorithm,0,train,label_file_random,0.17968448996543884
2,203,2,203,neural machine translation,graph theory,0,train,label_file_random,0.2758314609527588
76,197,76,197,dual problems,multi-modal learning,0,train,label_file_random,0.2804606854915619
75,132,75,132,newton method,linear programming,0,train,label_file_random,0.4055119752883911
187,89,187,89,citation networks,clustering,0,train,label_file_random,0.2523361146450043
145,73,145,73,log-linear models,linear regression,0,train,label_file_random,0.4224264323711395
19,113,19,113,transfer learning,markov chain monte carlo,0,train,label_file_random,0.2525060176849365
177,199,177,199,kullback-leibler divergence,probability,0,train,label_file_random,0.6298412084579468
183,48,183,48,hierarchical models,deep belief networks,0,train,label_file_random,0.4597729444503784
178,142,178,142,bidirectional recurrent neural networks,dynamic programming,0,train,label_file_random,0.44259190559387207
104,145,104,145,spectral methods,log-linear models,0,train,label_file_random,0.2588035464286804
91,88,91,88,random walks,decision trees,0,train,label_file_random,0.39780712127685547
124,120,124,120,matrix multiplication,textual entailment,0,train,label_file_random,0.2552863359451294
144,58,144,58,spelling correction,morphological disambiguation,0,train,label_file_random,0.49547648429870605
115,111,115,111,earley parsing,maximum likelihood estimation,0,train,label_file_random,0.23914459347724915
65,97,65,97,a* search,knowledge representation,0,train,label_file_random,0.33716535568237305
129,204,129,204,shift-reduce parsing,relational databases,0,train,label_file_random,0.3181474208831787
33,196,33,196,combinatory categorial grammar,stack lstm,0,train,label_file_random,0.4453197419643402
33,10,33,10,combinatory categorial grammar,attention models,0,train,label_file_random,0.3585941195487976
155,133,155,133,bag of words model,inference,0,train,label_file_random,0.23252537846565247
186,83,186,83,crawling the web,first-order logic,0,train,label_file_random,0.34670642018318176
108,151,108,151,bayesian network,chomsky hierarchy,0,train,label_file_random,0.2497904747724533
79,181,79,181,kernel function,collaborative filtering,0,train,label_file_random,0.35555267333984375
142,195,142,195,dynamic programming,highway networks,0,train,label_file_random,0.3147276043891907
142,17,142,17,dynamic programming,context sensitive grammar,0,train,label_file_random,0.2916167974472046
117,148,117,148,gradient descent,statistical machine translation,0,train,label_file_random,0.26692405343055725
43,128,43,128,latent semantic indexing,grammar checker,0,train,label_file_random,0.3022981286048889
104,115,104,115,spectral methods,earley parsing,0,train,label_file_random,0.17167291045188904
155,174,155,174,bag of words model,entropy,0,train,label_file_random,0.2611832618713379
38,154,38,154,word segmentation,artificial neural network,0,train,label_file_random,0.2948569059371948
31,85,31,85,dependency parsing,noisy channel model,0,train,label_file_random,0.27996817231178284
199,180,199,180,probability,bio text mining,0,train,label_file_random,0.32178592681884766
77,190,77,190,random forest,document representation,0,train,label_file_random,0.3429815471172333
157,26,157,26,computer vision,logistic regression,0,train,label_file_random,0.398033082485199
182,98,182,98,character level language models,markov decision processes,0,train,label_file_random,0.2440786063671112
182,188,182,188,character level language models,greedy algorithms,0,train,label_file_random,0.13970637321472168
71,110,71,110,multilingual word,bagging,0,train,label_file_random,0.20723667740821838
89,185,89,185,clustering,policy gradient methods,0,train,label_file_random,0.1592840701341629
104,19,104,19,spectral methods,transfer learning,0,train,label_file_random,0.326516330242157
71,96,71,96,multilingual word,cnn's,0,train,label_file_random,0.24648112058639526
28,41,28,41,stemming,automated essay scoring,0,train,label_file_random,0.3552299439907074
103,201,103,201,matrix factorization,information theory: coding,0,train,label_file_random,0.36480042338371277
19,137,19,137,transfer learning,probabilistic context-free grammars,0,train,label_file_random,0.11881166696548462
86,85,86,85,perceptrons algorithm,noisy channel model,0,train,label_file_random,0.3531740605831146
86,152,86,152,perceptrons algorithm,conditional probability,0,train,label_file_random,0.3392085134983063
13,166,13,166,abstract meaning representation,structured prediction,0,train,label_file_random,0.3631832003593445
171,49,171,49,robotic locomotion,word sense disambiguation,0,train,label_file_random,0.13878962397575378
127,137,127,137,backpropagation through time,probabilistic context-free grammars,0,train,label_file_random,0.319009393453598
4,71,4,71,ibm translation models,multilingual word,0,train,label_file_random,0.6110137701034546
107,139,107,139,expert systems,spectral clustering,0,train,label_file_random,0.23813705146312714
197,183,197,183,multi-modal learning,hierarchical models,0,train,label_file_random,0.40452054142951965
161,119,161,119,n-gram,tokenization,0,train,label_file_random,0.48026973009109497
66,78,66,78,transliteration,radial basis function network,0,train,label_file_random,0.25292477011680603
105,40,105,40,genetic algorithms,optical character recognition,0,train,label_file_random,0.2767494022846222
188,118,188,118,greedy algorithms,search engine indexing,0,train,label_file_random,0.4444581866264343
12,52,12,52,semantic role labeling,automatic summarization,0,train,label_file_random,0.4238091707229614
140,22,140,22,particle filter,q learning,0,train,label_file_random,0.3549397885799408
88,12,88,12,decision trees,semantic role labeling,0,train,label_file_random,0.2731338441371918
112,60,112,60,graphical models,one-shot learning,0,train,label_file_random,0.3038700819015503
30,144,30,144,penn treebank,spelling correction,0,train,label_file_random,0.4003344774246216
42,156,42,156,latent dirichlet allocation,bias-variance tradeoff,0,train,label_file_random,0.09306389838457108
46,158,46,158,hidden markov models,image retrieval,0,train,label_file_random,0.27544283866882324
168,73,168,73,normalization,linear regression,0,train,label_file_random,0.4213990867137909
87,149,87,149,svm,compositional semantics,0,train,label_file_random,0.3002770245075226
177,197,177,197,kullback-leibler divergence,multi-modal learning,0,train,label_file_random,0.25524798035621643
87,187,87,187,svm,citation networks,0,train,label_file_random,0.26980140805244446
92,45,92,45,harmonic functions,bayes theorem,0,train,label_file_random,0.2434121072292328
144,43,144,43,spelling correction,latent semantic indexing,0,train,label_file_random,0.36758169531822205
58,114,58,114,morphological disambiguation,k means,0,train,label_file_random,0.24183231592178345
13,63,13,63,abstract meaning representation,distributional semantics,0,train,label_file_random,0.5136580467224121
16,151,16,151,context free grammar,chomsky hierarchy,0,train,label_file_random,0.60096275806427
130,144,130,144,speech synthesis,spelling correction,0,train,label_file_random,0.3828461468219757
165,7,165,7,monte carlo tree search,scientific article summarization,0,train,label_file_random,0.23430918157100677
158,139,158,139,image retrieval,spectral clustering,0,train,label_file_random,0.4211767613887787
33,155,33,155,combinatory categorial grammar,bag of words model,0,train,label_file_random,0.39540600776672363
141,167,141,167,prosody,feature learning,0,train,label_file_random,0.43965938687324524
137,192,137,192,probabilistic context-free grammars,game playing in ai,0,train,label_file_random,0.21190114319324493
179,106,179,106,query expansion,ensemble learning,0,train,label_file_random,0.24819409847259521
121,154,121,154,constraint satisfaction,artificial neural network,0,train,label_file_random,0.3146688938140869
177,1,177,1,kullback-leibler divergence,generative adversarial networks,0,train,label_file_random,0.40588897466659546
68,133,68,133,chat bots,inference,0,train,label_file_random,0.29578322172164917
126,96,126,96,facial recognition systems,cnn's,0,train,label_file_random,0.4943923354148865
78,57,78,57,radial basis function network,discourse model,0,train,label_file_random,0.2251725196838379
94,179,94,179,topic modeling,query expansion,0,train,label_file_random,0.49154841899871826
100,68,100,68,phonetics,chat bots,0,train,label_file_random,0.15147623419761658
177,35,177,35,kullback-leibler divergence,event detection,0,train,label_file_random,0.1988026201725006
122,147,122,147,beam search,gibbs sampling,0,train,label_file_random,0.2776281237602234
187,57,187,57,citation networks,discourse model,0,train,label_file_random,0.38201332092285156
26,90,26,90,logistic regression,k-nn,0,train,label_file_random,0.40694138407707214
153,65,153,65,linear discriminant analysis,a* search,0,train,label_file_random,0.20622634887695312
24,149,24,149,backpropagation,compositional semantics,0,train,label_file_random,0.35995736718177795
62,58,62,58,bootstrapping,morphological disambiguation,0,train,label_file_random,0.2171308696269989
96,138,96,138,cnn's,paraphrasing,0,train,label_file_random,0.27059197425842285
19,152,19,152,transfer learning,conditional probability,0,train,label_file_random,0.3010599613189697
153,48,153,48,linear discriminant analysis,deep belief networks,0,train,label_file_random,0.2970960736274719
75,37,75,37,newton method,named entity recognition,0,train,label_file_random,0.23237086832523346
140,37,140,37,particle filter,named entity recognition,0,train,label_file_random,0.24687933921813965
187,169,187,169,citation networks,regularization,0,train,label_file_random,0.2511606812477112
146,183,146,183,gated recurrent units,hierarchical models,0,train,label_file_random,0.37233760952949524
41,49,41,49,automated essay scoring,word sense disambiguation,0,train,label_file_random,0.3864216208457947
78,121,78,121,radial basis function network,constraint satisfaction,0,train,label_file_random,0.1917441487312317
50,200,50,200,part of speech tagging,descriptive statistics and hypothesis testing,0,train,label_file_random,0.2616742253303528
100,13,100,13,phonetics,abstract meaning representation,0,train,label_file_random,0.14661286771297455
104,22,104,22,spectral methods,q learning,0,train,label_file_random,0.1284807175397873
160,123,160,123,object detection,recommendation system,0,train,label_file_random,0.1995256394147873
46,205,46,205,hidden markov models,dual decomposition,0,train,label_file_random,0.288323312997818
126,102,126,102,facial recognition systems,crowdsourcing,0,train,label_file_random,0.29609692096710205
154,50,154,50,artificial neural network,part of speech tagging,0,train,label_file_random,0.2665192484855652
129,110,129,110,shift-reduce parsing,bagging,0,train,label_file_random,0.2430633306503296
162,90,162,90,singular-value decomposition,k-nn,0,train,label_file_random,0.36565667390823364
7,98,7,98,scientific article summarization,markov decision processes,0,train,label_file_random,0.18441444635391235
41,134,41,134,automated essay scoring,long short-term memory networks,0,train,label_file_random,0.2904273271560669
19,139,19,139,transfer learning,spectral clustering,0,train,label_file_random,0.3366966247558594
10,125,10,125,attention models,differential calculus,0,train,label_file_random,0.3303449749946594
5,176,5,176,bleu,activation functions,0,train,label_file_random,0.16436126828193665
149,81,149,81,compositional semantics,expectation-maximization (em) algorithm,0,train,label_file_random,0.19337379932403564
58,195,58,195,morphological disambiguation,highway networks,0,train,label_file_random,0.3301961123943329
122,75,122,75,beam search,newton method,0,train,label_file_random,0.3348332941532135
179,159,179,159,query expansion,imagenet,0,train,label_file_random,0.19516204297542572
125,51,125,51,differential calculus,question answering,0,train,label_file_random,0.1606147587299347
191,68,191,68,seq2seq,chat bots,0,train,label_file_random,0.4825124740600586
77,76,77,76,random forest,dual problems,0,train,label_file_random,0.2354966700077057
205,201,205,201,dual decomposition,information theory: coding,0,train,label_file_random,0.3852230906486511
184,168,184,168,smoothing and backoff,normalization,0,train,label_file_random,0.3587791323661804
65,57,65,57,a* search,discourse model,0,train,label_file_random,0.2836771309375763
180,131,180,131,bio text mining,caption generation,0,train,label_file_random,0.32730168104171753
85,83,85,83,noisy channel model,first-order logic,0,train,label_file_random,0.22616848349571228
76,69,76,69,dual problems,dialog systems,0,train,label_file_random,0.12542426586151123
96,40,96,40,cnn's,optical character recognition,0,train,label_file_random,0.46098792552948
56,187,56,187,variational bayes,citation networks,0,train,label_file_random,0.2787943482398987
17,138,17,138,context sensitive grammar,paraphrasing,0,train,label_file_random,0.3119604289531708
85,120,85,120,noisy channel model,textual entailment,0,train,label_file_random,0.228225439786911
126,58,126,58,facial recognition systems,morphological disambiguation,0,train,label_file_random,0.21509018540382385
47,134,47,134,conditional random fields,long short-term memory networks,0,train,label_file_random,0.274832546710968
62,169,62,169,bootstrapping,regularization,0,train,label_file_random,0.3663996458053589
205,156,205,156,dual decomposition,bias-variance tradeoff,0,train,label_file_random,0.37888842821121216
165,31,165,31,monte carlo tree search,dependency parsing,0,train,label_file_random,0.19483165442943573
35,122,35,122,event detection,beam search,0,train,label_file_random,0.3637659549713135
142,200,142,200,dynamic programming,descriptive statistics and hypothesis testing,0,train,label_file_random,0.24320170283317566
121,127,121,127,constraint satisfaction,backpropagation through time,0,train,label_file_random,0.2533365488052368
163,38,163,38,t-sne,word segmentation,0,train,label_file_random,0.19771821796894073
183,162,183,162,hierarchical models,singular-value decomposition,0,train,label_file_random,0.3601827621459961
26,88,26,88,logistic regression,decision trees,0,train,label_file_random,0.5177232027053833
99,132,99,132,autonomous cars,linear programming,0,train,label_file_random,0.23430423438549042
63,140,63,140,distributional semantics,particle filter,0,train,label_file_random,0.07664360851049423
122,91,122,91,beam search,random walks,0,train,label_file_random,0.4451711177825928
141,48,141,48,prosody,deep belief networks,0,train,label_file_random,0.314642071723938
177,86,177,86,kullback-leibler divergence,perceptrons algorithm,0,train,label_file_random,0.33225011825561523
7,35,7,35,scientific article summarization,event detection,0,train,label_file_random,0.4535931646823883
21,86,21,86,reinforcement learning,perceptrons algorithm,0,train,label_file_random,0.3849465250968933
160,127,160,127,object detection,backpropagation through time,0,train,label_file_random,0.20564061403274536
149,118,149,118,compositional semantics,search engine indexing,0,train,label_file_random,0.3147544264793396
31,0,31,0,dependency parsing,anaphora resolution,0,train,label_file_random,0.5966433882713318
54,90,54,90,recursive neural network,k-nn,0,train,label_file_random,0.24955621361732483
109,94,109,94,text mining,topic modeling,0,train,label_file_random,0.5715798139572144
32,100,32,100,tree adjoining grammar,phonetics,0,train,label_file_random,0.18620778620243073
94,49,94,49,topic modeling,word sense disambiguation,0,train,label_file_random,0.42816632986068726
145,121,145,121,log-linear models,constraint satisfaction,0,train,label_file_random,0.2330801784992218
163,43,163,43,t-sne,latent semantic indexing,0,train,label_file_random,0.44639337062835693
126,69,126,69,facial recognition systems,dialog systems,0,train,label_file_random,0.25443732738494873
44,14,44,14,language identification,coreference and coreference resolution,0,train,label_file_random,0.33407536149024963
183,56,183,56,hierarchical models,variational bayes,0,train,label_file_random,0.49563276767730713
172,46,172,46,human-robot interaction,hidden markov models,0,train,label_file_random,0.35734090209007263
15,132,15,132,machine reading comprehension,linear programming,0,train,label_file_random,0.3200629949569702
91,196,91,196,random walks,stack lstm,0,train,label_file_random,0.23660123348236084
9,62,9,62,sentence simplification,bootstrapping,0,train,label_file_random,0.2179361879825592
18,132,18,132,domain adaptation,linear programming,0,train,label_file_random,0.35816794633865356
167,39,167,39,feature learning,sentence boundary recognition,0,train,label_file_random,0.37009379267692566
141,128,141,128,prosody,grammar checker,0,train,label_file_random,0.3109772503376007
104,0,104,0,spectral methods,anaphora resolution,0,train,label_file_random,0.17727570235729218
13,198,13,198,abstract meaning representation,linear algebra,0,train,label_file_random,0.314743310213089
83,146,83,146,first-order logic,gated recurrent units,0,train,label_file_random,0.23614591360092163
32,71,32,71,tree adjoining grammar,multilingual word,0,train,label_file_random,0.27007967233657837
144,166,144,166,spelling correction,structured prediction,0,train,label_file_random,0.3145955502986908
172,63,172,63,human-robot interaction,distributional semantics,0,train,label_file_random,0.22258260846138
128,50,128,50,grammar checker,part of speech tagging,0,train,label_file_random,0.5744577646255493
62,76,62,76,bootstrapping,dual problems,0,train,label_file_random,0.20792663097381592
165,151,165,151,monte carlo tree search,chomsky hierarchy,0,train,label_file_random,0.14951133728027344
9,54,9,54,sentence simplification,recursive neural network,0,train,label_file_random,0.41844871640205383
0,173,0,173,anaphora resolution,network theory,0,train,label_file_random,0.24585917592048645
91,6,91,6,random walks,rouge,0,train,label_file_random,0.27501076459884644
34,188,34,188,relation extraction,greedy algorithms,0,train,label_file_random,0.297970712184906
136,161,136,161,natural language interfaces,n-gram,0,train,label_file_random,0.4835186302661896
106,52,106,52,ensemble learning,automatic summarization,0,train,label_file_random,0.30059975385665894
166,2,166,2,structured prediction,neural machine translation,0,train,label_file_random,0.5080375075340271
39,138,39,138,sentence boundary recognition,paraphrasing,0,train,label_file_random,0.4668808579444885
55,94,55,94,multi-document summarization,topic modeling,0,train,label_file_random,0.586050808429718
196,148,196,148,stack lstm,statistical machine translation,0,train,label_file_random,0.3657364249229431
140,48,140,48,particle filter,deep belief networks,0,train,label_file_random,0.2460174560546875
82,9,82,9,dimensionality reduction,sentence simplification,0,train,label_file_random,0.3050662875175476
171,37,171,37,robotic locomotion,named entity recognition,0,train,label_file_random,0.16948652267456055
77,56,77,56,random forest,variational bayes,0,train,label_file_random,0.24057811498641968
188,155,188,155,greedy algorithms,bag of words model,0,train,label_file_random,0.269854336977005
12,23,12,23,semantic role labeling,dqn,0,train,label_file_random,0.2398383617401123
149,6,149,6,compositional semantics,rouge,0,train,label_file_random,0.3893415629863739
87,194,87,194,svm,lambda calculus,0,train,label_file_random,0.2688850164413452
118,42,118,42,search engine indexing,latent dirichlet allocation,0,train,label_file_random,0.410705029964447
61,11,61,11,neural turing machine,knowledge graph,0,train,label_file_random,0.2794618606567383
125,187,125,187,differential calculus,citation networks,0,train,label_file_random,0.2540242373943329
3,68,3,68,variational autoencoders,chat bots,0,train,label_file_random,0.2500448524951935
74,127,74,127,convex optimization,backpropagation through time,0,train,label_file_random,0.3019891083240509
35,110,35,110,event detection,bagging,0,train,label_file_random,0.2796069085597992
205,71,205,71,dual decomposition,multilingual word,0,train,label_file_random,0.28729739785194397
105,106,105,106,genetic algorithms,ensemble learning,0,train,label_file_random,0.3059421479701996
138,177,138,177,paraphrasing,kullback-leibler divergence,0,train,label_file_random,0.22978155314922333
119,174,119,174,tokenization,entropy,0,train,label_file_random,0.25379815697669983
123,68,123,68,recommendation system,chat bots,0,train,label_file_random,0.31142643094062805
122,53,122,53,beam search,supertagging,0,train,label_file_random,0.3067849278450012
56,73,56,73,variational bayes,linear regression,0,train,label_file_random,0.22709821164608002
38,77,38,77,word segmentation,random forest,0,train,label_file_random,0.20502832531929016
144,197,144,197,spelling correction,multi-modal learning,0,train,label_file_random,0.23656012117862701
180,171,180,171,bio text mining,robotic locomotion,0,train,label_file_random,0.13362349569797516
151,77,151,77,chomsky hierarchy,random forest,0,train,label_file_random,0.13506343960762024
144,193,144,193,spelling correction,graph convolutional networks,0,train,label_file_random,0.1608435958623886
150,83,150,83,edit distance,first-order logic,0,train,label_file_random,0.24480557441711426
150,87,150,87,edit distance,svm,0,train,label_file_random,0.3018447160720825
75,186,75,186,newton method,crawling the web,0,train,label_file_random,0.2761939465999603
57,81,57,81,discourse model,expectation-maximization (em) algorithm,0,train,label_file_random,0.25143271684646606
181,127,181,127,collaborative filtering,backpropagation through time,0,train,label_file_random,0.30186694860458374
175,192,175,192,cross entropy,game playing in ai,0,train,label_file_random,0.22801372408866882
73,175,73,175,linear regression,cross entropy,0,train,label_file_random,0.44236618280410767
85,5,85,5,noisy channel model,bleu,0,train,label_file_random,0.29263392090797424
62,135,62,135,bootstrapping,wordnet,0,train,label_file_random,0.16916167736053467
27,116,27,116,semantic parsing,propositional logic,0,train,label_file_random,0.5095687508583069
40,183,40,183,optical character recognition,hierarchical models,0,train,label_file_random,0.28333574533462524
189,4,189,4,pointer networks,ibm translation models,0,train,label_file_random,0.3228566348552704
143,11,143,11,language acquisition,knowledge graph,0,train,label_file_random,0.3255462050437927
156,53,156,53,bias-variance tradeoff,supertagging,0,train,label_file_random,0.16455397009849548
165,86,165,86,monte carlo tree search,perceptrons algorithm,0,train,label_file_random,0.2562190890312195
91,165,91,165,random walks,monte carlo tree search,0,train,label_file_random,0.4311135709285736
108,21,108,21,bayesian network,reinforcement learning,0,train,label_file_random,0.3115241527557373
165,129,165,129,monte carlo tree search,shift-reduce parsing,0,train,label_file_random,0.18449974060058594
54,109,54,109,recursive neural network,text mining,0,train,label_file_random,0.28905346989631653
5,104,5,104,bleu,spectral methods,0,train,label_file_random,0.12663255631923676
75,104,75,104,newton method,spectral methods,0,train,label_file_random,0.3736521899700165
154,18,154,18,artificial neural network,domain adaptation,0,train,label_file_random,0.3519444167613983
58,110,58,110,morphological disambiguation,bagging,0,train,label_file_random,0.21881942451000214
23,81,23,81,dqn,expectation-maximization (em) algorithm,0,train,label_file_random,0.18953248858451843
117,112,117,112,gradient descent,graphical models,0,train,label_file_random,0.2602584958076477
103,87,103,87,matrix factorization,svm,0,train,label_file_random,0.4195641875267029
188,156,188,156,greedy algorithms,bias-variance tradeoff,0,train,label_file_random,0.3949517607688904
145,59,145,59,log-linear models,weakly-supervised learning,0,train,label_file_random,0.3265409469604492
115,186,115,186,earley parsing,crawling the web,0,train,label_file_random,0.31750720739364624
52,167,52,167,automatic summarization,feature learning,0,train,label_file_random,0.41207876801490784
22,166,22,166,q learning,structured prediction,0,train,label_file_random,0.28248298168182373
27,68,27,68,semantic parsing,chat bots,0,train,label_file_random,0.42608243227005005
99,145,99,145,autonomous cars,log-linear models,0,train,label_file_random,0.23995378613471985
176,86,176,86,activation functions,perceptrons algorithm,0,train,label_file_random,0.5741744637489319
187,120,187,120,citation networks,textual entailment,0,train,label_file_random,0.3284814655780792
111,113,111,113,maximum likelihood estimation,markov chain monte carlo,0,train,label_file_random,0.4537951946258545
147,108,147,108,gibbs sampling,bayesian network,0,train,label_file_random,0.5560137629508972
133,146,133,146,inference,gated recurrent units,0,train,label_file_random,0.3574817180633545
24,99,24,99,backpropagation,autonomous cars,0,train,label_file_random,0.28190743923187256
61,46,61,46,neural turing machine,hidden markov models,0,train,label_file_random,0.42670106887817383
19,2,19,2,transfer learning,neural machine translation,0,train,label_file_random,0.41648000478744507
36,108,36,108,language modeling,bayesian network,0,train,label_file_random,0.3915426433086395
140,101,140,101,particle filter,speech recognition,0,train,label_file_random,0.28457799553871155
181,134,181,134,collaborative filtering,long short-term memory networks,0,train,label_file_random,0.21026717126369476
96,5,96,5,cnn's,bleu,0,train,label_file_random,0.1861082762479782
4,90,4,90,ibm translation models,k-nn,0,train,label_file_random,0.18482181429862976
65,1,65,1,a* search,generative adversarial networks,0,train,label_file_random,0.2163674235343933
56,171,56,171,variational bayes,robotic locomotion,0,train,label_file_random,0.2610238194465637
56,94,56,94,variational bayes,topic modeling,0,train,label_file_random,0.3778423070907593
63,1,63,1,distributional semantics,generative adversarial networks,0,train,label_file_random,0.24263915419578552
194,155,194,155,lambda calculus,bag of words model,0,train,label_file_random,0.19804972410202026
35,114,35,114,event detection,k means,0,train,label_file_random,0.22857984900474548
3,79,3,79,variational autoencoders,kernel function,0,train,label_file_random,0.31698161363601685
6,129,6,129,rouge,shift-reduce parsing,0,train,label_file_random,0.3123593032360077
80,34,80,34,boltzmann machine,relation extraction,0,train,label_file_random,0.2556878924369812
19,110,19,110,transfer learning,bagging,0,train,label_file_random,0.3917386829853058
23,190,23,190,dqn,document representation,0,train,label_file_random,0.16465964913368225
107,177,107,177,expert systems,kullback-leibler divergence,0,train,label_file_random,0.27238795161247253
197,160,197,160,multi-modal learning,object detection,0,train,label_file_random,0.3830280900001526
130,93,130,93,speech synthesis,pagerank,0,train,label_file_random,0.09507758170366287
64,182,64,182,shallow parsing,character level language models,0,train,label_file_random,0.5270302295684814
173,99,173,99,network theory,autonomous cars,0,train,label_file_random,0.16548889875411987
65,9,65,9,a* search,sentence simplification,0,train,label_file_random,0.21317718923091888
12,151,12,151,semantic role labeling,chomsky hierarchy,0,train,label_file_random,0.3290214240550995
137,35,137,35,probabilistic context-free grammars,event detection,0,train,label_file_random,0.41455090045928955
117,153,117,153,gradient descent,linear discriminant analysis,0,train,label_file_random,0.33595922589302063
12,25,12,25,semantic role labeling,word embedding,0,train,label_file_random,0.5289937853813171
191,72,191,72,seq2seq,evaluation metrics,0,train,label_file_random,0.22040614485740662
10,131,10,131,attention models,caption generation,0,train,label_file_random,0.4611027240753174
106,25,106,25,ensemble learning,word embedding,0,train,label_file_random,0.2654731273651123
115,113,115,113,earley parsing,markov chain monte carlo,0,train,label_file_random,0.2599206566810608
141,96,141,96,prosody,cnn's,0,train,label_file_random,0.16829904913902283
142,15,142,15,dynamic programming,machine reading comprehension,0,train,label_file_random,0.3198014497756958
122,94,122,94,beam search,topic modeling,0,train,label_file_random,0.34160977602005005
72,160,72,160,evaluation metrics,object detection,0,train,label_file_random,0.22182753682136536
91,0,91,0,random walks,anaphora resolution,0,train,label_file_random,0.22881659865379333
56,108,56,108,variational bayes,bayesian network,0,train,label_file_random,0.5198162198066711
51,44,51,44,question answering,language identification,0,train,label_file_random,0.4321304261684418
107,167,107,167,expert systems,feature learning,0,train,label_file_random,0.4024968147277832
3,153,3,153,variational autoencoders,linear discriminant analysis,0,train,label_file_random,0.24763424694538116
74,57,74,57,convex optimization,discourse model,0,train,label_file_random,0.19202333688735962
83,113,83,113,first-order logic,markov chain monte carlo,0,train,label_file_random,0.2080419957637787
20,197,20,197,capsule networks,multi-modal learning,0,train,label_file_random,0.45308470726013184
80,109,80,109,boltzmann machine,text mining,0,train,label_file_random,0.28631943464279175
153,168,153,168,linear discriminant analysis,normalization,0,train,label_file_random,0.3220350742340088
2,198,2,198,neural machine translation,linear algebra,0,train,label_file_random,0.3077785074710846
2,94,2,94,neural machine translation,topic modeling,0,train,label_file_random,0.32656100392341614
150,91,150,91,edit distance,random walks,0,train,label_file_random,0.26636025309562683
29,57,29,57,sentiment analysis,discourse model,0,train,label_file_random,0.42440688610076904
189,83,189,83,pointer networks,first-order logic,0,train,label_file_random,0.23077905178070068
123,129,123,129,recommendation system,shift-reduce parsing,0,train,label_file_random,0.13030141592025757
129,36,129,36,shift-reduce parsing,language modeling,0,train,label_file_random,0.5012208223342896
37,33,37,33,named entity recognition,combinatory categorial grammar,0,train,label_file_random,0.433019757270813
144,201,144,201,spelling correction,information theory: coding,0,train,label_file_random,0.3180508017539978
162,97,162,97,singular-value decomposition,knowledge representation,0,train,label_file_random,0.32478365302085876
5,125,5,125,bleu,differential calculus,0,train,label_file_random,0.11531997472047806
1,193,1,193,generative adversarial networks,graph convolutional networks,0,train,label_file_random,0.4071148633956909
202,22,202,22,data structures and algorithms,q learning,0,train,label_file_random,0.2817930281162262
178,14,178,14,bidirectional recurrent neural networks,coreference and coreference resolution,0,train,label_file_random,0.2854703962802887
154,62,154,62,artificial neural network,bootstrapping,0,train,label_file_random,0.2759982943534851
30,90,30,90,penn treebank,k-nn,0,train,label_file_random,0.2124074101448059
36,200,36,200,language modeling,descriptive statistics and hypothesis testing,0,train,label_file_random,0.4128683805465698
26,173,26,173,logistic regression,network theory,0,train,label_file_random,0.3069613575935364
162,134,162,134,singular-value decomposition,long short-term memory networks,0,train,label_file_random,0.2588369846343994
149,200,149,200,compositional semantics,descriptive statistics and hypothesis testing,0,train,label_file_random,0.3047763407230377
80,31,80,31,boltzmann machine,dependency parsing,0,train,label_file_random,0.2888071835041046
18,131,18,131,domain adaptation,caption generation,0,train,label_file_random,0.307911217212677
131,158,131,158,caption generation,image retrieval,0,train,label_file_random,0.5108834505081177
60,73,60,73,one-shot learning,linear regression,0,train,label_file_random,0.27984172105789185
