concept_id,concept,aliases,slide_snippets,embedding_source,embedding_token,embedding_model
0,random_graph,random_graph,"[""random_graph . mathematics . knowledge_representation_and_reasoning . algorithm_design . natural_language_processing . natural_language . algorithm . combinatorics . system_programming . unix . mathematical_induction . mathematical_proof . computer_vision . image_processing . randomness . computer_science . number_theory . database . data_(computing) . machine_learning . graph_theory . type_system . programming_language . variable_(computer_science) . computer_programming . logic . distributed_c""]",bert,,sentence-transformers/all-mpnet-base-v2
1,mathematics,mathematics,"[""random_graph . mathematics . knowledge_representation_and_reasoning . algorithm_design . natural_language_processing . natural_language . algorithm . combinatorics . system_programming . unix . mathematical_induction . mathematical_proof . computer_vision . image_processing . randomness . computer_science . number_theory . database . data_(computing) . machine_learning . graph_theory . type_system . programming_language . variable_(computer_science) . computer_programming . logic . distributed_c"", ""complexity . statistical_inference . data . martingale_(probability_theory) . markov_chain . arithmetic_logic_unit . digital_electronics . data_mining . artificial_intelligence . divide_and_conquer_algorithm . robotics . robot . computer_security . cache_coherence . shared_memory . parsing . finite-state_machine . malware . authentication . firewall_(computing) . information_assurance . relational_model . compiler . computer_architecture . atomicity_(database_systems) . bioinformatics . b-tree ."", ""index_(database) . computational_chemistry . suffix_tree . string_searching_algorithm . 3d_modeling . analysis_of_algorithms . finite_set . fourier_analysis . polynomial . vector_processor . parallel_computing . mobile_device . newton's_method . approximation . symbol_table . formal_language . document_classification . cryptography . reinforcement_learning . foundations_of_mathematics . partial_differential_equation . dynamic_programming . stochastic_process . continuous_function . computational""]",bert,,sentence-transformers/all-mpnet-base-v2
2,knowledge_representation_and_reasoning,knowledge_representation_and_reasoning,"[""random_graph . mathematics . knowledge_representation_and_reasoning . algorithm_design . natural_language_processing . natural_language . algorithm . combinatorics . system_programming . unix . mathematical_induction . mathematical_proof . computer_vision . image_processing . randomness . computer_science . number_theory . database . data_(computing) . machine_learning . graph_theory . type_system . programming_language . variable_(computer_science) . computer_programming . logic . distributed_c""]",bert,,sentence-transformers/all-mpnet-base-v2
3,algorithm_design,algorithm_design,"[""random_graph . mathematics . knowledge_representation_and_reasoning . algorithm_design . natural_language_processing . natural_language . algorithm . combinatorics . system_programming . unix . mathematical_induction . mathematical_proof . computer_vision . image_processing . randomness . computer_science . number_theory . database . data_(computing) . machine_learning . graph_theory . type_system . programming_language . variable_(computer_science) . computer_programming . logic . distributed_c""]",bert,,sentence-transformers/all-mpnet-base-v2
4,natural_language_processing,natural_language_processing,"[""random_graph . mathematics . knowledge_representation_and_reasoning . algorithm_design . natural_language_processing . natural_language . algorithm . combinatorics . system_programming . unix . mathematical_induction . mathematical_proof . computer_vision . image_processing . randomness . computer_science . number_theory . database . data_(computing) . machine_learning . graph_theory . type_system . programming_language . variable_(computer_science) . computer_programming . logic . distributed_c""]",bert,,sentence-transformers/all-mpnet-base-v2
5,natural_language,natural_language,"[""random_graph . mathematics . knowledge_representation_and_reasoning . algorithm_design . natural_language_processing . natural_language . algorithm . combinatorics . system_programming . unix . mathematical_induction . mathematical_proof . computer_vision . image_processing . randomness . computer_science . number_theory . database . data_(computing) . machine_learning . graph_theory . type_system . programming_language . variable_(computer_science) . computer_programming . logic . distributed_c""]",bert,,sentence-transformers/all-mpnet-base-v2
6,algorithm,algorithm,"[""random_graph . mathematics . knowledge_representation_and_reasoning . algorithm_design . natural_language_processing . natural_language . algorithm . combinatorics . system_programming . unix . mathematical_induction . mathematical_proof . computer_vision . image_processing . randomness . computer_science . number_theory . database . data_(computing) . machine_learning . graph_theory . type_system . programming_language . variable_(computer_science) . computer_programming . logic . distributed_c"", ""complexity . statistical_inference . data . martingale_(probability_theory) . markov_chain . arithmetic_logic_unit . digital_electronics . data_mining . artificial_intelligence . divide_and_conquer_algorithm . robotics . robot . computer_security . cache_coherence . shared_memory . parsing . finite-state_machine . malware . authentication . firewall_(computing) . information_assurance . relational_model . compiler . computer_architecture . atomicity_(database_systems) . bioinformatics . b-tree ."", ""index_(database) . computational_chemistry . suffix_tree . string_searching_algorithm . 3d_modeling . analysis_of_algorithms . finite_set . fourier_analysis . polynomial . vector_processor . parallel_computing . mobile_device . newton's_method . approximation . symbol_table . formal_language . document_classification . cryptography . reinforcement_learning . foundations_of_mathematics . partial_differential_equation . dynamic_programming . stochastic_process . continuous_function . computational""]",bert,,sentence-transformers/all-mpnet-base-v2
7,combinatorics,combinatorics,"[""random_graph . mathematics . knowledge_representation_and_reasoning . algorithm_design . natural_language_processing . natural_language . algorithm . combinatorics . system_programming . unix . mathematical_induction . mathematical_proof . computer_vision . image_processing . randomness . computer_science . number_theory . database . data_(computing) . machine_learning . graph_theory . type_system . programming_language . variable_(computer_science) . computer_programming . logic . distributed_c""]",bert,,sentence-transformers/all-mpnet-base-v2
8,system_programming,system_programming,"[""random_graph . mathematics . knowledge_representation_and_reasoning . algorithm_design . natural_language_processing . natural_language . algorithm . combinatorics . system_programming . unix . mathematical_induction . mathematical_proof . computer_vision . image_processing . randomness . computer_science . number_theory . database . data_(computing) . machine_learning . graph_theory . type_system . programming_language . variable_(computer_science) . computer_programming . logic . distributed_c""]",bert,,sentence-transformers/all-mpnet-base-v2
9,unix,unix,"[""random_graph . mathematics . knowledge_representation_and_reasoning . algorithm_design . natural_language_processing . natural_language . algorithm . combinatorics . system_programming . unix . mathematical_induction . mathematical_proof . computer_vision . image_processing . randomness . computer_science . number_theory . database . data_(computing) . machine_learning . graph_theory . type_system . programming_language . variable_(computer_science) . computer_programming . logic . distributed_c""]",bert,,sentence-transformers/all-mpnet-base-v2
10,mathematical_induction,mathematical_induction,"[""random_graph . mathematics . knowledge_representation_and_reasoning . algorithm_design . natural_language_processing . natural_language . algorithm . combinatorics . system_programming . unix . mathematical_induction . mathematical_proof . computer_vision . image_processing . randomness . computer_science . number_theory . database . data_(computing) . machine_learning . graph_theory . type_system . programming_language . variable_(computer_science) . computer_programming . logic . distributed_c""]",bert,,sentence-transformers/all-mpnet-base-v2
11,mathematical_proof,mathematical_proof,"[""random_graph . mathematics . knowledge_representation_and_reasoning . algorithm_design . natural_language_processing . natural_language . algorithm . combinatorics . system_programming . unix . mathematical_induction . mathematical_proof . computer_vision . image_processing . randomness . computer_science . number_theory . database . data_(computing) . machine_learning . graph_theory . type_system . programming_language . variable_(computer_science) . computer_programming . logic . distributed_c""]",bert,,sentence-transformers/all-mpnet-base-v2
12,computer_vision,computer_vision,"[""random_graph . mathematics . knowledge_representation_and_reasoning . algorithm_design . natural_language_processing . natural_language . algorithm . combinatorics . system_programming . unix . mathematical_induction . mathematical_proof . computer_vision . image_processing . randomness . computer_science . number_theory . database . data_(computing) . machine_learning . graph_theory . type_system . programming_language . variable_(computer_science) . computer_programming . logic . distributed_c""]",bert,,sentence-transformers/all-mpnet-base-v2
13,image_processing,image_processing,"[""random_graph . mathematics . knowledge_representation_and_reasoning . algorithm_design . natural_language_processing . natural_language . algorithm . combinatorics . system_programming . unix . mathematical_induction . mathematical_proof . computer_vision . image_processing . randomness . computer_science . number_theory . database . data_(computing) . machine_learning . graph_theory . type_system . programming_language . variable_(computer_science) . computer_programming . logic . distributed_c""]",bert,,sentence-transformers/all-mpnet-base-v2
14,randomness,randomness,"[""random_graph . mathematics . knowledge_representation_and_reasoning . algorithm_design . natural_language_processing . natural_language . algorithm . combinatorics . system_programming . unix . mathematical_induction . mathematical_proof . computer_vision . image_processing . randomness . computer_science . number_theory . database . data_(computing) . machine_learning . graph_theory . type_system . programming_language . variable_(computer_science) . computer_programming . logic . distributed_c""]",bert,,sentence-transformers/all-mpnet-base-v2
15,computer_science,computer_science,"[""random_graph . mathematics . knowledge_representation_and_reasoning . algorithm_design . natural_language_processing . natural_language . algorithm . combinatorics . system_programming . unix . mathematical_induction . mathematical_proof . computer_vision . image_processing . randomness . computer_science . number_theory . database . data_(computing) . machine_learning . graph_theory . type_system . programming_language . variable_(computer_science) . computer_programming . logic . distributed_c"", ""complexity . statistical_inference . data . martingale_(probability_theory) . markov_chain . arithmetic_logic_unit . digital_electronics . data_mining . artificial_intelligence . divide_and_conquer_algorithm . robotics . robot . computer_security . cache_coherence . shared_memory . parsing . finite-state_machine . malware . authentication . firewall_(computing) . information_assurance . relational_model . compiler . computer_architecture . atomicity_(database_systems) . bioinformatics . b-tree ."", ""index_(database) . computational_chemistry . suffix_tree . string_searching_algorithm . 3d_modeling . analysis_of_algorithms . finite_set . fourier_analysis . polynomial . vector_processor . parallel_computing . mobile_device . newton's_method . approximation . symbol_table . formal_language . document_classification . cryptography . reinforcement_learning . foundations_of_mathematics . partial_differential_equation . dynamic_programming . stochastic_process . continuous_function . computational""]",bert,,sentence-transformers/all-mpnet-base-v2
16,number_theory,number_theory,"[""random_graph . mathematics . knowledge_representation_and_reasoning . algorithm_design . natural_language_processing . natural_language . algorithm . combinatorics . system_programming . unix . mathematical_induction . mathematical_proof . computer_vision . image_processing . randomness . computer_science . number_theory . database . data_(computing) . machine_learning . graph_theory . type_system . programming_language . variable_(computer_science) . computer_programming . logic . distributed_c""]",bert,,sentence-transformers/all-mpnet-base-v2
17,database,database,"[""random_graph . mathematics . knowledge_representation_and_reasoning . algorithm_design . natural_language_processing . natural_language . algorithm . combinatorics . system_programming . unix . mathematical_induction . mathematical_proof . computer_vision . image_processing . randomness . computer_science . number_theory . database . data_(computing) . machine_learning . graph_theory . type_system . programming_language . variable_(computer_science) . computer_programming . logic . distributed_c"", ""complexity . statistical_inference . data . martingale_(probability_theory) . markov_chain . arithmetic_logic_unit . digital_electronics . data_mining . artificial_intelligence . divide_and_conquer_algorithm . robotics . robot . computer_security . cache_coherence . shared_memory . parsing . finite-state_machine . malware . authentication . firewall_(computing) . information_assurance . relational_model . compiler . computer_architecture . atomicity_(database_systems) . bioinformatics . b-tree ."", ""index_(database) . computational_chemistry . suffix_tree . string_searching_algorithm . 3d_modeling . analysis_of_algorithms . finite_set . fourier_analysis . polynomial . vector_processor . parallel_computing . mobile_device . newton's_method . approximation . symbol_table . formal_language . document_classification . cryptography . reinforcement_learning . foundations_of_mathematics . partial_differential_equation . dynamic_programming . stochastic_process . continuous_function . computational""]",bert,,sentence-transformers/all-mpnet-base-v2
18,data_(computing),data_(computing),"[""random_graph . mathematics . knowledge_representation_and_reasoning . algorithm_design . natural_language_processing . natural_language . algorithm . combinatorics . system_programming . unix . mathematical_induction . mathematical_proof . computer_vision . image_processing . randomness . computer_science . number_theory . database . data_(computing) . machine_learning . graph_theory . type_system . programming_language . variable_(computer_science) . computer_programming . logic . distributed_c""]",bert,,sentence-transformers/all-mpnet-base-v2
19,machine_learning,machine_learning,"[""random_graph . mathematics . knowledge_representation_and_reasoning . algorithm_design . natural_language_processing . natural_language . algorithm . combinatorics . system_programming . unix . mathematical_induction . mathematical_proof . computer_vision . image_processing . randomness . computer_science . number_theory . database . data_(computing) . machine_learning . graph_theory . type_system . programming_language . variable_(computer_science) . computer_programming . logic . distributed_c""]",bert,,sentence-transformers/all-mpnet-base-v2
20,graph_theory,graph_theory,"[""random_graph . mathematics . knowledge_representation_and_reasoning . algorithm_design . natural_language_processing . natural_language . algorithm . combinatorics . system_programming . unix . mathematical_induction . mathematical_proof . computer_vision . image_processing . randomness . computer_science . number_theory . database . data_(computing) . machine_learning . graph_theory . type_system . programming_language . variable_(computer_science) . computer_programming . logic . distributed_c""]",bert,,sentence-transformers/all-mpnet-base-v2
21,type_system,type_system,"[""random_graph . mathematics . knowledge_representation_and_reasoning . algorithm_design . natural_language_processing . natural_language . algorithm . combinatorics . system_programming . unix . mathematical_induction . mathematical_proof . computer_vision . image_processing . randomness . computer_science . number_theory . database . data_(computing) . machine_learning . graph_theory . type_system . programming_language . variable_(computer_science) . computer_programming . logic . distributed_c""]",bert,,sentence-transformers/all-mpnet-base-v2
22,programming_language,programming_language,"[""random_graph . mathematics . knowledge_representation_and_reasoning . algorithm_design . natural_language_processing . natural_language . algorithm . combinatorics . system_programming . unix . mathematical_induction . mathematical_proof . computer_vision . image_processing . randomness . computer_science . number_theory . database . data_(computing) . machine_learning . graph_theory . type_system . programming_language . variable_(computer_science) . computer_programming . logic . distributed_c"", ""complexity . statistical_inference . data . martingale_(probability_theory) . markov_chain . arithmetic_logic_unit . digital_electronics . data_mining . artificial_intelligence . divide_and_conquer_algorithm . robotics . robot . computer_security . cache_coherence . shared_memory . parsing . finite-state_machine . malware . authentication . firewall_(computing) . information_assurance . relational_model . compiler . computer_architecture . atomicity_(database_systems) . bioinformatics . b-tree ."", ""index_(database) . computational_chemistry . suffix_tree . string_searching_algorithm . 3d_modeling . analysis_of_algorithms . finite_set . fourier_analysis . polynomial . vector_processor . parallel_computing . mobile_device . newton's_method . approximation . symbol_table . formal_language . document_classification . cryptography . reinforcement_learning . foundations_of_mathematics . partial_differential_equation . dynamic_programming . stochastic_process . continuous_function . computational""]",bert,,sentence-transformers/all-mpnet-base-v2
23,variable_(computer_science),variable_(computer_science),"[""random_graph . mathematics . knowledge_representation_and_reasoning . algorithm_design . natural_language_processing . natural_language . algorithm . combinatorics . system_programming . unix . mathematical_induction . mathematical_proof . computer_vision . image_processing . randomness . computer_science . number_theory . database . data_(computing) . machine_learning . graph_theory . type_system . programming_language . variable_(computer_science) . computer_programming . logic . distributed_c""]",bert,,sentence-transformers/all-mpnet-base-v2
24,computer_programming,computer_programming,"[""random_graph . mathematics . knowledge_representation_and_reasoning . algorithm_design . natural_language_processing . natural_language . algorithm . combinatorics . system_programming . unix . mathematical_induction . mathematical_proof . computer_vision . image_processing . randomness . computer_science . number_theory . database . data_(computing) . machine_learning . graph_theory . type_system . programming_language . variable_(computer_science) . computer_programming . logic . distributed_c""]",bert,,sentence-transformers/all-mpnet-base-v2
25,logic,logic,"[""random_graph . mathematics . knowledge_representation_and_reasoning . algorithm_design . natural_language_processing . natural_language . algorithm . combinatorics . system_programming . unix . mathematical_induction . mathematical_proof . computer_vision . image_processing . randomness . computer_science . number_theory . database . data_(computing) . machine_learning . graph_theory . type_system . programming_language . variable_(computer_science) . computer_programming . logic . distributed_c"", ""complexity . statistical_inference . data . martingale_(probability_theory) . markov_chain . arithmetic_logic_unit . digital_electronics . data_mining . artificial_intelligence . divide_and_conquer_algorithm . robotics . robot . computer_security . cache_coherence . shared_memory . parsing . finite-state_machine . malware . authentication . firewall_(computing) . information_assurance . relational_model . compiler . computer_architecture . atomicity_(database_systems) . bioinformatics . b-tree ."", ""autonomous_robot . np_(complexity) . genetic_algorithm . speech_recognition . internet . routing . motion_planning . sql . python_(programming_language) . calculus . correlation_and_dependence . monad_(functional_programming) . pipeline_(computing) . data_warehouse . programmer . interpolation . cluster_analysis . predicate_logic . finite_difference . graphics_processing_unit . transaction_processing . wireless_sensor_network . information_security . web_browser . cpu_cache . design_pattern_(com""]",bert,,sentence-transformers/all-mpnet-base-v2
26,distributed_computing,distributed_computing,"[""random_graph . mathematics . knowledge_representation_and_reasoning . algorithm_design . natural_language_processing . natural_language . algorithm . combinatorics . system_programming . unix . mathematical_induction . mathematical_proof . computer_vision . image_processing . randomness . computer_science . number_theory . database . data_(computing) . machine_learning . graph_theory . type_system . programming_language . variable_(computer_science) . computer_programming . logic . distributed_c""]",bert,,sentence-transformers/all-mpnet-base-v2
27,operating_system,operating_system,"[""random_graph . mathematics . knowledge_representation_and_reasoning . algorithm_design . natural_language_processing . natural_language . algorithm . combinatorics . system_programming . unix . mathematical_induction . mathematical_proof . computer_vision . image_processing . randomness . computer_science . number_theory . database . data_(computing) . machine_learning . graph_theory . type_system . programming_language . variable_(computer_science) . computer_programming . logic . distributed_c""]",bert,,sentence-transformers/all-mpnet-base-v2
28,monte_carlo_method,monte_carlo_method,"[""random_graph . mathematics . knowledge_representation_and_reasoning . algorithm_design . natural_language_processing . natural_language . algorithm . combinatorics . system_programming . unix . mathematical_induction . mathematical_proof . computer_vision . image_processing . randomness . computer_science . number_theory . database . data_(computing) . machine_learning . graph_theory . type_system . programming_language . variable_(computer_science) . computer_programming . logic . distributed_c""]",bert,,sentence-transformers/all-mpnet-base-v2
29,computation,computation,"[""random_graph . mathematics . knowledge_representation_and_reasoning . algorithm_design . natural_language_processing . natural_language . algorithm . combinatorics . system_programming . unix . mathematical_induction . mathematical_proof . computer_vision . image_processing . randomness . computer_science . number_theory . database . data_(computing) . machine_learning . graph_theory . type_system . programming_language . variable_(computer_science) . computer_programming . logic . distributed_c"", ""complexity . statistical_inference . data . martingale_(probability_theory) . markov_chain . arithmetic_logic_unit . digital_electronics . data_mining . artificial_intelligence . divide_and_conquer_algorithm . robotics . robot . computer_security . cache_coherence . shared_memory . parsing . finite-state_machine . malware . authentication . firewall_(computing) . information_assurance . relational_model . compiler . computer_architecture . atomicity_(database_systems) . bioinformatics . b-tree ."", ""index_(database) . computational_chemistry . suffix_tree . string_searching_algorithm . 3d_modeling . analysis_of_algorithms . finite_set . fourier_analysis . polynomial . vector_processor . parallel_computing . mobile_device . newton's_method . approximation . symbol_table . formal_language . document_classification . cryptography . reinforcement_learning . foundations_of_mathematics . partial_differential_equation . dynamic_programming . stochastic_process . continuous_function . computational""]",bert,,sentence-transformers/all-mpnet-base-v2
30,first-order_logic,first-order_logic,"[""random_graph . mathematics . knowledge_representation_and_reasoning . algorithm_design . natural_language_processing . natural_language . algorithm . combinatorics . system_programming . unix . mathematical_induction . mathematical_proof . computer_vision . image_processing . randomness . computer_science . number_theory . database . data_(computing) . machine_learning . graph_theory . type_system . programming_language . variable_(computer_science) . computer_programming . logic . distributed_c""]",bert,,sentence-transformers/all-mpnet-base-v2
31,recursion,recursion,"[""random_graph . mathematics . knowledge_representation_and_reasoning . algorithm_design . natural_language_processing . natural_language . algorithm . combinatorics . system_programming . unix . mathematical_induction . mathematical_proof . computer_vision . image_processing . randomness . computer_science . number_theory . database . data_(computing) . machine_learning . graph_theory . type_system . programming_language . variable_(computer_science) . computer_programming . logic . distributed_c"", ""recursively_enumerable_set . machine_translation . integer . propositional_calculus . c++ . inter-process_communication . regular_expression . security . theoretical_computer_science . hidden_markov_model . sentiment_analysis . quantum_computer . communication . mathematical_optimization . linear_algebra . concurrency_control . database_management_system . java_(programming_language) . synchronization . boundary_value_problem . ordinary_differential_equation . probability . recurrence_relation .""]",bert,,sentence-transformers/all-mpnet-base-v2
32,lexical_analysis,lexical_analysis,"[""random_graph . mathematics . knowledge_representation_and_reasoning . algorithm_design . natural_language_processing . natural_language . algorithm . combinatorics . system_programming . unix . mathematical_induction . mathematical_proof . computer_vision . image_processing . randomness . computer_science . number_theory . database . data_(computing) . machine_learning . graph_theory . type_system . programming_language . variable_(computer_science) . computer_programming . logic . distributed_c""]",bert,,sentence-transformers/all-mpnet-base-v2
33,formal_grammar,formal_grammar,"[""random_graph . mathematics . knowledge_representation_and_reasoning . algorithm_design . natural_language_processing . natural_language . algorithm . combinatorics . system_programming . unix . mathematical_induction . mathematical_proof . computer_vision . image_processing . randomness . computer_science . number_theory . database . data_(computing) . machine_learning . graph_theory . type_system . programming_language . variable_(computer_science) . computer_programming . logic . distributed_c""]",bert,,sentence-transformers/all-mpnet-base-v2
34,shortest_path_problem,shortest_path_problem,"[""random_graph . mathematics . knowledge_representation_and_reasoning . algorithm_design . natural_language_processing . natural_language . algorithm . combinatorics . system_programming . unix . mathematical_induction . mathematical_proof . computer_vision . image_processing . randomness . computer_science . number_theory . database . data_(computing) . machine_learning . graph_theory . type_system . programming_language . variable_(computer_science) . computer_programming . logic . distributed_c""]",bert,,sentence-transformers/all-mpnet-base-v2
35,np-complete,np-complete,"[""random_graph . mathematics . knowledge_representation_and_reasoning . algorithm_design . natural_language_processing . natural_language . algorithm . combinatorics . system_programming . unix . mathematical_induction . mathematical_proof . computer_vision . image_processing . randomness . computer_science . number_theory . database . data_(computing) . machine_learning . graph_theory . type_system . programming_language . variable_(computer_science) . computer_programming . logic . distributed_c""]",bert,,sentence-transformers/all-mpnet-base-v2
36,probability_theory,probability_theory,"[""random_graph . mathematics . knowledge_representation_and_reasoning . algorithm_design . natural_language_processing . natural_language . algorithm . combinatorics . system_programming . unix . mathematical_induction . mathematical_proof . computer_vision . image_processing . randomness . computer_science . number_theory . database . data_(computing) . machine_learning . graph_theory . type_system . programming_language . variable_(computer_science) . computer_programming . logic . distributed_c"", ""complexity . statistical_inference . data . martingale_(probability_theory) . markov_chain . arithmetic_logic_unit . digital_electronics . data_mining . artificial_intelligence . divide_and_conquer_algorithm . robotics . robot . computer_security . cache_coherence . shared_memory . parsing . finite-state_machine . malware . authentication . firewall_(computing) . information_assurance . relational_model . compiler . computer_architecture . atomicity_(database_systems) . bioinformatics . b-tree .""]",bert,,sentence-transformers/all-mpnet-base-v2
37,algebra,algebra,"[""random_graph . mathematics . knowledge_representation_and_reasoning . algorithm_design . natural_language_processing . natural_language . algorithm . combinatorics . system_programming . unix . mathematical_induction . mathematical_proof . computer_vision . image_processing . randomness . computer_science . number_theory . database . data_(computing) . machine_learning . graph_theory . type_system . programming_language . variable_(computer_science) . computer_programming . logic . distributed_c"", ""recursively_enumerable_set . machine_translation . integer . propositional_calculus . c++ . inter-process_communication . regular_expression . security . theoretical_computer_science . hidden_markov_model . sentiment_analysis . quantum_computer . communication . mathematical_optimization . linear_algebra . concurrency_control . database_management_system . java_(programming_language) . synchronization . boundary_value_problem . ordinary_differential_equation . probability . recurrence_relation .""]",bert,,sentence-transformers/all-mpnet-base-v2
38,graphical_user_interface,graphical_user_interface,"[""random_graph . mathematics . knowledge_representation_and_reasoning . algorithm_design . natural_language_processing . natural_language . algorithm . combinatorics . system_programming . unix . mathematical_induction . mathematical_proof . computer_vision . image_processing . randomness . computer_science . number_theory . database . data_(computing) . machine_learning . graph_theory . type_system . programming_language . variable_(computer_science) . computer_programming . logic . distributed_c""]",bert,,sentence-transformers/all-mpnet-base-v2
39,computer,computer,"[""random_graph . mathematics . knowledge_representation_and_reasoning . algorithm_design . natural_language_processing . natural_language . algorithm . combinatorics . system_programming . unix . mathematical_induction . mathematical_proof . computer_vision . image_processing . randomness . computer_science . number_theory . database . data_(computing) . machine_learning . graph_theory . type_system . programming_language . variable_(computer_science) . computer_programming . logic . distributed_c"", ""complexity . statistical_inference . data . martingale_(probability_theory) . markov_chain . arithmetic_logic_unit . digital_electronics . data_mining . artificial_intelligence . divide_and_conquer_algorithm . robotics . robot . computer_security . cache_coherence . shared_memory . parsing . finite-state_machine . malware . authentication . firewall_(computing) . information_assurance . relational_model . compiler . computer_architecture . atomicity_(database_systems) . bioinformatics . b-tree ."", ""index_(database) . computational_chemistry . suffix_tree . string_searching_algorithm . 3d_modeling . analysis_of_algorithms . finite_set . fourier_analysis . polynomial . vector_processor . parallel_computing . mobile_device . newton's_method . approximation . symbol_table . formal_language . document_classification . cryptography . reinforcement_learning . foundations_of_mathematics . partial_differential_equation . dynamic_programming . stochastic_process . continuous_function . computational""]",bert,,sentence-transformers/all-mpnet-base-v2
40,profiling_(computer_programming),profiling_(computer_programming),"[""random_graph . mathematics . knowledge_representation_and_reasoning . algorithm_design . natural_language_processing . natural_language . algorithm . combinatorics . system_programming . unix . mathematical_induction . mathematical_proof . computer_vision . image_processing . randomness . computer_science . number_theory . database . data_(computing) . machine_learning . graph_theory . type_system . programming_language . variable_(computer_science) . computer_programming . logic . distributed_c""]",bert,,sentence-transformers/all-mpnet-base-v2
41,complexity_class,complexity_class,"[""random_graph . mathematics . knowledge_representation_and_reasoning . algorithm_design . natural_language_processing . natural_language . algorithm . combinatorics . system_programming . unix . mathematical_induction . mathematical_proof . computer_vision . image_processing . randomness . computer_science . number_theory . database . data_(computing) . machine_learning . graph_theory . type_system . programming_language . variable_(computer_science) . computer_programming . logic . distributed_c""]",bert,,sentence-transformers/all-mpnet-base-v2
42,computer_graphics,computer_graphics,"[""random_graph . mathematics . knowledge_representation_and_reasoning . algorithm_design . natural_language_processing . natural_language . algorithm . combinatorics . system_programming . unix . mathematical_induction . mathematical_proof . computer_vision . image_processing . randomness . computer_science . number_theory . database . data_(computing) . machine_learning . graph_theory . type_system . programming_language . variable_(computer_science) . computer_programming . logic . distributed_c"", ""complexity . statistical_inference . data . martingale_(probability_theory) . markov_chain . arithmetic_logic_unit . digital_electronics . data_mining . artificial_intelligence . divide_and_conquer_algorithm . robotics . robot . computer_security . cache_coherence . shared_memory . parsing . finite-state_machine . malware . authentication . firewall_(computing) . information_assurance . relational_model . compiler . computer_architecture . atomicity_(database_systems) . bioinformatics . b-tree ."", ""index_(database) . computational_chemistry . suffix_tree . string_searching_algorithm . 3d_modeling . analysis_of_algorithms . finite_set . fourier_analysis . polynomial . vector_processor . parallel_computing . mobile_device . newton's_method . approximation . symbol_table . formal_language . document_classification . cryptography . reinforcement_learning . foundations_of_mathematics . partial_differential_equation . dynamic_programming . stochastic_process . continuous_function . computational""]",bert,,sentence-transformers/all-mpnet-base-v2
43,geometry,geometry,"[""random_graph . mathematics . knowledge_representation_and_reasoning . algorithm_design . natural_language_processing . natural_language . algorithm . combinatorics . system_programming . unix . mathematical_induction . mathematical_proof . computer_vision . image_processing . randomness . computer_science . number_theory . database . data_(computing) . machine_learning . graph_theory . type_system . programming_language . variable_(computer_science) . computer_programming . logic . distributed_c""]",bert,,sentence-transformers/all-mpnet-base-v2
44,relational_database,relational_database,"[""random_graph . mathematics . knowledge_representation_and_reasoning . algorithm_design . natural_language_processing . natural_language . algorithm . combinatorics . system_programming . unix . mathematical_induction . mathematical_proof . computer_vision . image_processing . randomness . computer_science . number_theory . database . data_(computing) . machine_learning . graph_theory . type_system . programming_language . variable_(computer_science) . computer_programming . logic . distributed_c"", ""recursively_enumerable_set . machine_translation . integer . propositional_calculus . c++ . inter-process_communication . regular_expression . security . theoretical_computer_science . hidden_markov_model . sentiment_analysis . quantum_computer . communication . mathematical_optimization . linear_algebra . concurrency_control . database_management_system . java_(programming_language) . synchronization . boundary_value_problem . ordinary_differential_equation . probability . recurrence_relation .""]",bert,,sentence-transformers/all-mpnet-base-v2
45,software_development,software_development,"[""random_graph . mathematics . knowledge_representation_and_reasoning . algorithm_design . natural_language_processing . natural_language . algorithm . combinatorics . system_programming . unix . mathematical_induction . mathematical_proof . computer_vision . image_processing . randomness . computer_science . number_theory . database . data_(computing) . machine_learning . graph_theory . type_system . programming_language . variable_(computer_science) . computer_programming . logic . distributed_c""]",bert,,sentence-transformers/all-mpnet-base-v2
46,software_design,software_design,"[""random_graph . mathematics . knowledge_representation_and_reasoning . algorithm_design . natural_language_processing . natural_language . algorithm . combinatorics . system_programming . unix . mathematical_induction . mathematical_proof . computer_vision . image_processing . randomness . computer_science . number_theory . database . data_(computing) . machine_learning . graph_theory . type_system . programming_language . variable_(computer_science) . computer_programming . logic . distributed_c""]",bert,,sentence-transformers/all-mpnet-base-v2
47,geometric_modeling,geometric_modeling,"[""random_graph . mathematics . knowledge_representation_and_reasoning . algorithm_design . natural_language_processing . natural_language . algorithm . combinatorics . system_programming . unix . mathematical_induction . mathematical_proof . computer_vision . image_processing . randomness . computer_science . number_theory . database . data_(computing) . machine_learning . graph_theory . type_system . programming_language . variable_(computer_science) . computer_programming . logic . distributed_c""]",bert,,sentence-transformers/all-mpnet-base-v2
48,computational_geometry,computational_geometry,"[""random_graph . mathematics . knowledge_representation_and_reasoning . algorithm_design . natural_language_processing . natural_language . algorithm . combinatorics . system_programming . unix . mathematical_induction . mathematical_proof . computer_vision . image_processing . randomness . computer_science . number_theory . database . data_(computing) . machine_learning . graph_theory . type_system . programming_language . variable_(computer_science) . computer_programming . logic . distributed_c""]",bert,,sentence-transformers/all-mpnet-base-v2
49,computational_complexity_theory,computational_complexity_theory,"[""random_graph . mathematics . knowledge_representation_and_reasoning . algorithm_design . natural_language_processing . natural_language . algorithm . combinatorics . system_programming . unix . mathematical_induction . mathematical_proof . computer_vision . image_processing . randomness . computer_science . number_theory . database . data_(computing) . machine_learning . graph_theory . type_system . programming_language . variable_(computer_science) . computer_programming . logic . distributed_c""]",bert,,sentence-transformers/all-mpnet-base-v2
50,complexity,complexity,"[""random_graph . mathematics . knowledge_representation_and_reasoning . algorithm_design . natural_language_processing . natural_language . algorithm . combinatorics . system_programming . unix . mathematical_induction . mathematical_proof . computer_vision . image_processing . randomness . computer_science . number_theory . database . data_(computing) . machine_learning . graph_theory . type_system . programming_language . variable_(computer_science) . computer_programming . logic . distributed_c"", ""complexity . statistical_inference . data . martingale_(probability_theory) . markov_chain . arithmetic_logic_unit . digital_electronics . data_mining . artificial_intelligence . divide_and_conquer_algorithm . robotics . robot . computer_security . cache_coherence . shared_memory . parsing . finite-state_machine . malware . authentication . firewall_(computing) . information_assurance . relational_model . compiler . computer_architecture . atomicity_(database_systems) . bioinformatics . b-tree ."", ""recursively_enumerable_set . machine_translation . integer . propositional_calculus . c++ . inter-process_communication . regular_expression . security . theoretical_computer_science . hidden_markov_model . sentiment_analysis . quantum_computer . communication . mathematical_optimization . linear_algebra . concurrency_control . database_management_system . java_(programming_language) . synchronization . boundary_value_problem . ordinary_differential_equation . probability . recurrence_relation .""]",bert,,sentence-transformers/all-mpnet-base-v2
51,statistical_inference,statistical_inference,"[""complexity . statistical_inference . data . martingale_(probability_theory) . markov_chain . arithmetic_logic_unit . digital_electronics . data_mining . artificial_intelligence . divide_and_conquer_algorithm . robotics . robot . computer_security . cache_coherence . shared_memory . parsing . finite-state_machine . malware . authentication . firewall_(computing) . information_assurance . relational_model . compiler . computer_architecture . atomicity_(database_systems) . bioinformatics . b-tree .""]",bert,,sentence-transformers/all-mpnet-base-v2
52,data,data,"[""random_graph . mathematics . knowledge_representation_and_reasoning . algorithm_design . natural_language_processing . natural_language . algorithm . combinatorics . system_programming . unix . mathematical_induction . mathematical_proof . computer_vision . image_processing . randomness . computer_science . number_theory . database . data_(computing) . machine_learning . graph_theory . type_system . programming_language . variable_(computer_science) . computer_programming . logic . distributed_c"", ""complexity . statistical_inference . data . martingale_(probability_theory) . markov_chain . arithmetic_logic_unit . digital_electronics . data_mining . artificial_intelligence . divide_and_conquer_algorithm . robotics . robot . computer_security . cache_coherence . shared_memory . parsing . finite-state_machine . malware . authentication . firewall_(computing) . information_assurance . relational_model . compiler . computer_architecture . atomicity_(database_systems) . bioinformatics . b-tree ."", ""index_(database) . computational_chemistry . suffix_tree . string_searching_algorithm . 3d_modeling . analysis_of_algorithms . finite_set . fourier_analysis . polynomial . vector_processor . parallel_computing . mobile_device . newton's_method . approximation . symbol_table . formal_language . document_classification . cryptography . reinforcement_learning . foundations_of_mathematics . partial_differential_equation . dynamic_programming . stochastic_process . continuous_function . computational""]",bert,,sentence-transformers/all-mpnet-base-v2
53,martingale_(probability_theory),martingale_(probability_theory),"[""complexity . statistical_inference . data . martingale_(probability_theory) . markov_chain . arithmetic_logic_unit . digital_electronics . data_mining . artificial_intelligence . divide_and_conquer_algorithm . robotics . robot . computer_security . cache_coherence . shared_memory . parsing . finite-state_machine . malware . authentication . firewall_(computing) . information_assurance . relational_model . compiler . computer_architecture . atomicity_(database_systems) . bioinformatics . b-tree .""]",bert,,sentence-transformers/all-mpnet-base-v2
54,markov_chain,markov_chain,"[""complexity . statistical_inference . data . martingale_(probability_theory) . markov_chain . arithmetic_logic_unit . digital_electronics . data_mining . artificial_intelligence . divide_and_conquer_algorithm . robotics . robot . computer_security . cache_coherence . shared_memory . parsing . finite-state_machine . malware . authentication . firewall_(computing) . information_assurance . relational_model . compiler . computer_architecture . atomicity_(database_systems) . bioinformatics . b-tree .""]",bert,,sentence-transformers/all-mpnet-base-v2
55,arithmetic_logic_unit,arithmetic_logic_unit,"[""complexity . statistical_inference . data . martingale_(probability_theory) . markov_chain . arithmetic_logic_unit . digital_electronics . data_mining . artificial_intelligence . divide_and_conquer_algorithm . robotics . robot . computer_security . cache_coherence . shared_memory . parsing . finite-state_machine . malware . authentication . firewall_(computing) . information_assurance . relational_model . compiler . computer_architecture . atomicity_(database_systems) . bioinformatics . b-tree .""]",bert,,sentence-transformers/all-mpnet-base-v2
56,digital_electronics,digital_electronics,"[""complexity . statistical_inference . data . martingale_(probability_theory) . markov_chain . arithmetic_logic_unit . digital_electronics . data_mining . artificial_intelligence . divide_and_conquer_algorithm . robotics . robot . computer_security . cache_coherence . shared_memory . parsing . finite-state_machine . malware . authentication . firewall_(computing) . information_assurance . relational_model . compiler . computer_architecture . atomicity_(database_systems) . bioinformatics . b-tree .""]",bert,,sentence-transformers/all-mpnet-base-v2
57,data_mining,data_mining,"[""complexity . statistical_inference . data . martingale_(probability_theory) . markov_chain . arithmetic_logic_unit . digital_electronics . data_mining . artificial_intelligence . divide_and_conquer_algorithm . robotics . robot . computer_security . cache_coherence . shared_memory . parsing . finite-state_machine . malware . authentication . firewall_(computing) . information_assurance . relational_model . compiler . computer_architecture . atomicity_(database_systems) . bioinformatics . b-tree .""]",bert,,sentence-transformers/all-mpnet-base-v2
58,artificial_intelligence,artificial_intelligence,"[""complexity . statistical_inference . data . martingale_(probability_theory) . markov_chain . arithmetic_logic_unit . digital_electronics . data_mining . artificial_intelligence . divide_and_conquer_algorithm . robotics . robot . computer_security . cache_coherence . shared_memory . parsing . finite-state_machine . malware . authentication . firewall_(computing) . information_assurance . relational_model . compiler . computer_architecture . atomicity_(database_systems) . bioinformatics . b-tree .""]",bert,,sentence-transformers/all-mpnet-base-v2
59,divide_and_conquer_algorithm,divide_and_conquer_algorithm,"[""complexity . statistical_inference . data . martingale_(probability_theory) . markov_chain . arithmetic_logic_unit . digital_electronics . data_mining . artificial_intelligence . divide_and_conquer_algorithm . robotics . robot . computer_security . cache_coherence . shared_memory . parsing . finite-state_machine . malware . authentication . firewall_(computing) . information_assurance . relational_model . compiler . computer_architecture . atomicity_(database_systems) . bioinformatics . b-tree .""]",bert,,sentence-transformers/all-mpnet-base-v2
60,robotics,robotics,"[""complexity . statistical_inference . data . martingale_(probability_theory) . markov_chain . arithmetic_logic_unit . digital_electronics . data_mining . artificial_intelligence . divide_and_conquer_algorithm . robotics . robot . computer_security . cache_coherence . shared_memory . parsing . finite-state_machine . malware . authentication . firewall_(computing) . information_assurance . relational_model . compiler . computer_architecture . atomicity_(database_systems) . bioinformatics . b-tree .""]",bert,,sentence-transformers/all-mpnet-base-v2
61,robot,robot,"[""complexity . statistical_inference . data . martingale_(probability_theory) . markov_chain . arithmetic_logic_unit . digital_electronics . data_mining . artificial_intelligence . divide_and_conquer_algorithm . robotics . robot . computer_security . cache_coherence . shared_memory . parsing . finite-state_machine . malware . authentication . firewall_(computing) . information_assurance . relational_model . compiler . computer_architecture . atomicity_(database_systems) . bioinformatics . b-tree ."", ""autonomous_robot . np_(complexity) . genetic_algorithm . speech_recognition . internet . routing . motion_planning . sql . python_(programming_language) . calculus . correlation_and_dependence . monad_(functional_programming) . pipeline_(computing) . data_warehouse . programmer . interpolation . cluster_analysis . predicate_logic . finite_difference . graphics_processing_unit . transaction_processing . wireless_sensor_network . information_security . web_browser . cpu_cache . design_pattern_(com""]",bert,,sentence-transformers/all-mpnet-base-v2
62,computer_security,computer_security,"[""complexity . statistical_inference . data . martingale_(probability_theory) . markov_chain . arithmetic_logic_unit . digital_electronics . data_mining . artificial_intelligence . divide_and_conquer_algorithm . robotics . robot . computer_security . cache_coherence . shared_memory . parsing . finite-state_machine . malware . authentication . firewall_(computing) . information_assurance . relational_model . compiler . computer_architecture . atomicity_(database_systems) . bioinformatics . b-tree .""]",bert,,sentence-transformers/all-mpnet-base-v2
63,cache_coherence,cache_coherence,"[""complexity . statistical_inference . data . martingale_(probability_theory) . markov_chain . arithmetic_logic_unit . digital_electronics . data_mining . artificial_intelligence . divide_and_conquer_algorithm . robotics . robot . computer_security . cache_coherence . shared_memory . parsing . finite-state_machine . malware . authentication . firewall_(computing) . information_assurance . relational_model . compiler . computer_architecture . atomicity_(database_systems) . bioinformatics . b-tree .""]",bert,,sentence-transformers/all-mpnet-base-v2
64,shared_memory,shared_memory,"[""complexity . statistical_inference . data . martingale_(probability_theory) . markov_chain . arithmetic_logic_unit . digital_electronics . data_mining . artificial_intelligence . divide_and_conquer_algorithm . robotics . robot . computer_security . cache_coherence . shared_memory . parsing . finite-state_machine . malware . authentication . firewall_(computing) . information_assurance . relational_model . compiler . computer_architecture . atomicity_(database_systems) . bioinformatics . b-tree .""]",bert,,sentence-transformers/all-mpnet-base-v2
65,parsing,parsing,"[""complexity . statistical_inference . data . martingale_(probability_theory) . markov_chain . arithmetic_logic_unit . digital_electronics . data_mining . artificial_intelligence . divide_and_conquer_algorithm . robotics . robot . computer_security . cache_coherence . shared_memory . parsing . finite-state_machine . malware . authentication . firewall_(computing) . information_assurance . relational_model . compiler . computer_architecture . atomicity_(database_systems) . bioinformatics . b-tree .""]",bert,,sentence-transformers/all-mpnet-base-v2
66,finite-state_machine,finite-state_machine,"[""complexity . statistical_inference . data . martingale_(probability_theory) . markov_chain . arithmetic_logic_unit . digital_electronics . data_mining . artificial_intelligence . divide_and_conquer_algorithm . robotics . robot . computer_security . cache_coherence . shared_memory . parsing . finite-state_machine . malware . authentication . firewall_(computing) . information_assurance . relational_model . compiler . computer_architecture . atomicity_(database_systems) . bioinformatics . b-tree .""]",bert,,sentence-transformers/all-mpnet-base-v2
67,malware,malware,"[""complexity . statistical_inference . data . martingale_(probability_theory) . markov_chain . arithmetic_logic_unit . digital_electronics . data_mining . artificial_intelligence . divide_and_conquer_algorithm . robotics . robot . computer_security . cache_coherence . shared_memory . parsing . finite-state_machine . malware . authentication . firewall_(computing) . information_assurance . relational_model . compiler . computer_architecture . atomicity_(database_systems) . bioinformatics . b-tree .""]",bert,,sentence-transformers/all-mpnet-base-v2
68,authentication,authentication,"[""complexity . statistical_inference . data . martingale_(probability_theory) . markov_chain . arithmetic_logic_unit . digital_electronics . data_mining . artificial_intelligence . divide_and_conquer_algorithm . robotics . robot . computer_security . cache_coherence . shared_memory . parsing . finite-state_machine . malware . authentication . firewall_(computing) . information_assurance . relational_model . compiler . computer_architecture . atomicity_(database_systems) . bioinformatics . b-tree .""]",bert,,sentence-transformers/all-mpnet-base-v2
69,firewall_(computing),firewall_(computing),"[""complexity . statistical_inference . data . martingale_(probability_theory) . markov_chain . arithmetic_logic_unit . digital_electronics . data_mining . artificial_intelligence . divide_and_conquer_algorithm . robotics . robot . computer_security . cache_coherence . shared_memory . parsing . finite-state_machine . malware . authentication . firewall_(computing) . information_assurance . relational_model . compiler . computer_architecture . atomicity_(database_systems) . bioinformatics . b-tree .""]",bert,,sentence-transformers/all-mpnet-base-v2
70,information_assurance,information_assurance,"[""complexity . statistical_inference . data . martingale_(probability_theory) . markov_chain . arithmetic_logic_unit . digital_electronics . data_mining . artificial_intelligence . divide_and_conquer_algorithm . robotics . robot . computer_security . cache_coherence . shared_memory . parsing . finite-state_machine . malware . authentication . firewall_(computing) . information_assurance . relational_model . compiler . computer_architecture . atomicity_(database_systems) . bioinformatics . b-tree .""]",bert,,sentence-transformers/all-mpnet-base-v2
71,relational_model,relational_model,"[""complexity . statistical_inference . data . martingale_(probability_theory) . markov_chain . arithmetic_logic_unit . digital_electronics . data_mining . artificial_intelligence . divide_and_conquer_algorithm . robotics . robot . computer_security . cache_coherence . shared_memory . parsing . finite-state_machine . malware . authentication . firewall_(computing) . information_assurance . relational_model . compiler . computer_architecture . atomicity_(database_systems) . bioinformatics . b-tree .""]",bert,,sentence-transformers/all-mpnet-base-v2
72,compiler,compiler,"[""complexity . statistical_inference . data . martingale_(probability_theory) . markov_chain . arithmetic_logic_unit . digital_electronics . data_mining . artificial_intelligence . divide_and_conquer_algorithm . robotics . robot . computer_security . cache_coherence . shared_memory . parsing . finite-state_machine . malware . authentication . firewall_(computing) . information_assurance . relational_model . compiler . computer_architecture . atomicity_(database_systems) . bioinformatics . b-tree ."", ""recursively_enumerable_set . machine_translation . integer . propositional_calculus . c++ . inter-process_communication . regular_expression . security . theoretical_computer_science . hidden_markov_model . sentiment_analysis . quantum_computer . communication . mathematical_optimization . linear_algebra . concurrency_control . database_management_system . java_(programming_language) . synchronization . boundary_value_problem . ordinary_differential_equation . probability . recurrence_relation .""]",bert,,sentence-transformers/all-mpnet-base-v2
73,computer_architecture,computer_architecture,"[""complexity . statistical_inference . data . martingale_(probability_theory) . markov_chain . arithmetic_logic_unit . digital_electronics . data_mining . artificial_intelligence . divide_and_conquer_algorithm . robotics . robot . computer_security . cache_coherence . shared_memory . parsing . finite-state_machine . malware . authentication . firewall_(computing) . information_assurance . relational_model . compiler . computer_architecture . atomicity_(database_systems) . bioinformatics . b-tree .""]",bert,,sentence-transformers/all-mpnet-base-v2
74,atomicity_(database_systems),atomicity_(database_systems),"[""complexity . statistical_inference . data . martingale_(probability_theory) . markov_chain . arithmetic_logic_unit . digital_electronics . data_mining . artificial_intelligence . divide_and_conquer_algorithm . robotics . robot . computer_security . cache_coherence . shared_memory . parsing . finite-state_machine . malware . authentication . firewall_(computing) . information_assurance . relational_model . compiler . computer_architecture . atomicity_(database_systems) . bioinformatics . b-tree .""]",bert,,sentence-transformers/all-mpnet-base-v2
75,bioinformatics,bioinformatics,"[""complexity . statistical_inference . data . martingale_(probability_theory) . markov_chain . arithmetic_logic_unit . digital_electronics . data_mining . artificial_intelligence . divide_and_conquer_algorithm . robotics . robot . computer_security . cache_coherence . shared_memory . parsing . finite-state_machine . malware . authentication . firewall_(computing) . information_assurance . relational_model . compiler . computer_architecture . atomicity_(database_systems) . bioinformatics . b-tree .""]",bert,,sentence-transformers/all-mpnet-base-v2
76,b-tree,b-tree,"[""complexity . statistical_inference . data . martingale_(probability_theory) . markov_chain . arithmetic_logic_unit . digital_electronics . data_mining . artificial_intelligence . divide_and_conquer_algorithm . robotics . robot . computer_security . cache_coherence . shared_memory . parsing . finite-state_machine . malware . authentication . firewall_(computing) . information_assurance . relational_model . compiler . computer_architecture . atomicity_(database_systems) . bioinformatics . b-tree .""]",bert,,sentence-transformers/all-mpnet-base-v2
77,data_structure,data_structure,"[""complexity . statistical_inference . data . martingale_(probability_theory) . markov_chain . arithmetic_logic_unit . digital_electronics . data_mining . artificial_intelligence . divide_and_conquer_algorithm . robotics . robot . computer_security . cache_coherence . shared_memory . parsing . finite-state_machine . malware . authentication . firewall_(computing) . information_assurance . relational_model . compiler . computer_architecture . atomicity_(database_systems) . bioinformatics . b-tree ."", ""javascript . decision_theory . memory_management . halting_problem . linear_system . syntax . round-off_error . structured_programming . hidden_line_removal . queue_(data_structure) . array_data_structure . nonlinear_system . application_programming_interface . processor_register . stack_(data_structure) . scientific_visualization . garbage_collection_(computer_science) . prolog . logic_programming . dynamic_memory_allocation . software_testing . telecommunications_network . stochastic . 3d_comp""]",bert,,sentence-transformers/all-mpnet-base-v2
78,pagerank,pagerank,"[""complexity . statistical_inference . data . martingale_(probability_theory) . markov_chain . arithmetic_logic_unit . digital_electronics . data_mining . artificial_intelligence . divide_and_conquer_algorithm . robotics . robot . computer_security . cache_coherence . shared_memory . parsing . finite-state_machine . malware . authentication . firewall_(computing) . information_assurance . relational_model . compiler . computer_architecture . atomicity_(database_systems) . bioinformatics . b-tree .""]",bert,,sentence-transformers/all-mpnet-base-v2
79,expected_value,expected_value,"[""complexity . statistical_inference . data . martingale_(probability_theory) . markov_chain . arithmetic_logic_unit . digital_electronics . data_mining . artificial_intelligence . divide_and_conquer_algorithm . robotics . robot . computer_security . cache_coherence . shared_memory . parsing . finite-state_machine . malware . authentication . firewall_(computing) . information_assurance . relational_model . compiler . computer_architecture . atomicity_(database_systems) . bioinformatics . b-tree .""]",bert,,sentence-transformers/all-mpnet-base-v2
80,computer_network,computer_network,"[""complexity . statistical_inference . data . martingale_(probability_theory) . markov_chain . arithmetic_logic_unit . digital_electronics . data_mining . artificial_intelligence . divide_and_conquer_algorithm . robotics . robot . computer_security . cache_coherence . shared_memory . parsing . finite-state_machine . malware . authentication . firewall_(computing) . information_assurance . relational_model . compiler . computer_architecture . atomicity_(database_systems) . bioinformatics . b-tree .""]",bert,,sentence-transformers/all-mpnet-base-v2
81,concurrency_(computer_science),concurrency_(computer_science),"[""complexity . statistical_inference . data . martingale_(probability_theory) . markov_chain . arithmetic_logic_unit . digital_electronics . data_mining . artificial_intelligence . divide_and_conquer_algorithm . robotics . robot . computer_security . cache_coherence . shared_memory . parsing . finite-state_machine . malware . authentication . firewall_(computing) . information_assurance . relational_model . compiler . computer_architecture . atomicity_(database_systems) . bioinformatics . b-tree .""]",bert,,sentence-transformers/all-mpnet-base-v2
82,iterative_method,iterative_method,"[""complexity . statistical_inference . data . martingale_(probability_theory) . markov_chain . arithmetic_logic_unit . digital_electronics . data_mining . artificial_intelligence . divide_and_conquer_algorithm . robotics . robot . computer_security . cache_coherence . shared_memory . parsing . finite-state_machine . malware . authentication . firewall_(computing) . information_assurance . relational_model . compiler . computer_architecture . atomicity_(database_systems) . bioinformatics . b-tree .""]",bert,,sentence-transformers/all-mpnet-base-v2
83,multi-core_processor,multi-core_processor,"[""complexity . statistical_inference . data . martingale_(probability_theory) . markov_chain . arithmetic_logic_unit . digital_electronics . data_mining . artificial_intelligence . divide_and_conquer_algorithm . robotics . robot . computer_security . cache_coherence . shared_memory . parsing . finite-state_machine . malware . authentication . firewall_(computing) . information_assurance . relational_model . compiler . computer_architecture . atomicity_(database_systems) . bioinformatics . b-tree .""]",bert,,sentence-transformers/all-mpnet-base-v2
84,thread_(computer_science),thread_(computer_science),"[""complexity . statistical_inference . data . martingale_(probability_theory) . markov_chain . arithmetic_logic_unit . digital_electronics . data_mining . artificial_intelligence . divide_and_conquer_algorithm . robotics . robot . computer_security . cache_coherence . shared_memory . parsing . finite-state_machine . malware . authentication . firewall_(computing) . information_assurance . relational_model . compiler . computer_architecture . atomicity_(database_systems) . bioinformatics . b-tree .""]",bert,,sentence-transformers/all-mpnet-base-v2
85,software_engineering,software_engineering,"[""complexity . statistical_inference . data . martingale_(probability_theory) . markov_chain . arithmetic_logic_unit . digital_electronics . data_mining . artificial_intelligence . divide_and_conquer_algorithm . robotics . robot . computer_security . cache_coherence . shared_memory . parsing . finite-state_machine . malware . authentication . firewall_(computing) . information_assurance . relational_model . compiler . computer_architecture . atomicity_(database_systems) . bioinformatics . b-tree .""]",bert,,sentence-transformers/all-mpnet-base-v2
86,large_deviations_theory,large_deviations_theory,"[""complexity . statistical_inference . data . martingale_(probability_theory) . markov_chain . arithmetic_logic_unit . digital_electronics . data_mining . artificial_intelligence . divide_and_conquer_algorithm . robotics . robot . computer_security . cache_coherence . shared_memory . parsing . finite-state_machine . malware . authentication . firewall_(computing) . information_assurance . relational_model . compiler . computer_architecture . atomicity_(database_systems) . bioinformatics . b-tree .""]",bert,,sentence-transformers/all-mpnet-base-v2
87,control_flow,control_flow,"[""complexity . statistical_inference . data . martingale_(probability_theory) . markov_chain . arithmetic_logic_unit . digital_electronics . data_mining . artificial_intelligence . divide_and_conquer_algorithm . robotics . robot . computer_security . cache_coherence . shared_memory . parsing . finite-state_machine . malware . authentication . firewall_(computing) . information_assurance . relational_model . compiler . computer_architecture . atomicity_(database_systems) . bioinformatics . b-tree .""]",bert,,sentence-transformers/all-mpnet-base-v2
88,human-computer_interaction,human-computer_interaction,"[""complexity . statistical_inference . data . martingale_(probability_theory) . markov_chain . arithmetic_logic_unit . digital_electronics . data_mining . artificial_intelligence . divide_and_conquer_algorithm . robotics . robot . computer_security . cache_coherence . shared_memory . parsing . finite-state_machine . malware . authentication . firewall_(computing) . information_assurance . relational_model . compiler . computer_architecture . atomicity_(database_systems) . bioinformatics . b-tree .""]",bert,,sentence-transformers/all-mpnet-base-v2
89,interactivity,interactivity,"[""complexity . statistical_inference . data . martingale_(probability_theory) . markov_chain . arithmetic_logic_unit . digital_electronics . data_mining . artificial_intelligence . divide_and_conquer_algorithm . robotics . robot . computer_security . cache_coherence . shared_memory . parsing . finite-state_machine . malware . authentication . firewall_(computing) . information_assurance . relational_model . compiler . computer_architecture . atomicity_(database_systems) . bioinformatics . b-tree .""]",bert,,sentence-transformers/all-mpnet-base-v2
90,programming_paradigm,programming_paradigm,"[""complexity . statistical_inference . data . martingale_(probability_theory) . markov_chain . arithmetic_logic_unit . digital_electronics . data_mining . artificial_intelligence . divide_and_conquer_algorithm . robotics . robot . computer_security . cache_coherence . shared_memory . parsing . finite-state_machine . malware . authentication . firewall_(computing) . information_assurance . relational_model . compiler . computer_architecture . atomicity_(database_systems) . bioinformatics . b-tree .""]",bert,,sentence-transformers/all-mpnet-base-v2
91,matrix_(mathematics),matrix_(mathematics),"[""complexity . statistical_inference . data . martingale_(probability_theory) . markov_chain . arithmetic_logic_unit . digital_electronics . data_mining . artificial_intelligence . divide_and_conquer_algorithm . robotics . robot . computer_security . cache_coherence . shared_memory . parsing . finite-state_machine . malware . authentication . firewall_(computing) . information_assurance . relational_model . compiler . computer_architecture . atomicity_(database_systems) . bioinformatics . b-tree .""]",bert,,sentence-transformers/all-mpnet-base-v2
92,visualization_(computer_graphics),visualization_(computer_graphics),"[""complexity . statistical_inference . data . martingale_(probability_theory) . markov_chain . arithmetic_logic_unit . digital_electronics . data_mining . artificial_intelligence . divide_and_conquer_algorithm . robotics . robot . computer_security . cache_coherence . shared_memory . parsing . finite-state_machine . malware . authentication . firewall_(computing) . information_assurance . relational_model . compiler . computer_architecture . atomicity_(database_systems) . bioinformatics . b-tree .""]",bert,,sentence-transformers/all-mpnet-base-v2
93,graphical_model,graphical_model,"[""complexity . statistical_inference . data . martingale_(probability_theory) . markov_chain . arithmetic_logic_unit . digital_electronics . data_mining . artificial_intelligence . divide_and_conquer_algorithm . robotics . robot . computer_security . cache_coherence . shared_memory . parsing . finite-state_machine . malware . authentication . firewall_(computing) . information_assurance . relational_model . compiler . computer_architecture . atomicity_(database_systems) . bioinformatics . b-tree .""]",bert,,sentence-transformers/all-mpnet-base-v2
94,random_variable,random_variable,"[""complexity . statistical_inference . data . martingale_(probability_theory) . markov_chain . arithmetic_logic_unit . digital_electronics . data_mining . artificial_intelligence . divide_and_conquer_algorithm . robotics . robot . computer_security . cache_coherence . shared_memory . parsing . finite-state_machine . malware . authentication . firewall_(computing) . information_assurance . relational_model . compiler . computer_architecture . atomicity_(database_systems) . bioinformatics . b-tree .""]",bert,,sentence-transformers/all-mpnet-base-v2
95,string_(computer_science),string_(computer_science),"[""complexity . statistical_inference . data . martingale_(probability_theory) . markov_chain . arithmetic_logic_unit . digital_electronics . data_mining . artificial_intelligence . divide_and_conquer_algorithm . robotics . robot . computer_security . cache_coherence . shared_memory . parsing . finite-state_machine . malware . authentication . firewall_(computing) . information_assurance . relational_model . compiler . computer_architecture . atomicity_(database_systems) . bioinformatics . b-tree .""]",bert,,sentence-transformers/all-mpnet-base-v2
96,query_language,query_language,"[""complexity . statistical_inference . data . martingale_(probability_theory) . markov_chain . arithmetic_logic_unit . digital_electronics . data_mining . artificial_intelligence . divide_and_conquer_algorithm . robotics . robot . computer_security . cache_coherence . shared_memory . parsing . finite-state_machine . malware . authentication . firewall_(computing) . information_assurance . relational_model . compiler . computer_architecture . atomicity_(database_systems) . bioinformatics . b-tree .""]",bert,,sentence-transformers/all-mpnet-base-v2
97,theory_of_computation,theory_of_computation,"[""complexity . statistical_inference . data . martingale_(probability_theory) . markov_chain . arithmetic_logic_unit . digital_electronics . data_mining . artificial_intelligence . divide_and_conquer_algorithm . robotics . robot . computer_security . cache_coherence . shared_memory . parsing . finite-state_machine . malware . authentication . firewall_(computing) . information_assurance . relational_model . compiler . computer_architecture . atomicity_(database_systems) . bioinformatics . b-tree .""]",bert,,sentence-transformers/all-mpnet-base-v2
98,object-oriented_programming,object-oriented_programming,"[""complexity . statistical_inference . data . martingale_(probability_theory) . markov_chain . arithmetic_logic_unit . digital_electronics . data_mining . artificial_intelligence . divide_and_conquer_algorithm . robotics . robot . computer_security . cache_coherence . shared_memory . parsing . finite-state_machine . malware . authentication . firewall_(computing) . information_assurance . relational_model . compiler . computer_architecture . atomicity_(database_systems) . bioinformatics . b-tree ."", ""javascript . decision_theory . memory_management . halting_problem . linear_system . syntax . round-off_error . structured_programming . hidden_line_removal . queue_(data_structure) . array_data_structure . nonlinear_system . application_programming_interface . processor_register . stack_(data_structure) . scientific_visualization . garbage_collection_(computer_science) . prolog . logic_programming . dynamic_memory_allocation . software_testing . telecommunications_network . stochastic . 3d_comp""]",bert,,sentence-transformers/all-mpnet-base-v2
99,high-level_programming_language,high-level_programming_language,"[""complexity . statistical_inference . data . martingale_(probability_theory) . markov_chain . arithmetic_logic_unit . digital_electronics . data_mining . artificial_intelligence . divide_and_conquer_algorithm . robotics . robot . computer_security . cache_coherence . shared_memory . parsing . finite-state_machine . malware . authentication . firewall_(computing) . information_assurance . relational_model . compiler . computer_architecture . atomicity_(database_systems) . bioinformatics . b-tree .""]",bert,,sentence-transformers/all-mpnet-base-v2
100,index_(database),index_(database),"[""index_(database) . computational_chemistry . suffix_tree . string_searching_algorithm . 3d_modeling . analysis_of_algorithms . finite_set . fourier_analysis . polynomial . vector_processor . parallel_computing . mobile_device . newton's_method . approximation . symbol_table . formal_language . document_classification . cryptography . reinforcement_learning . foundations_of_mathematics . partial_differential_equation . dynamic_programming . stochastic_process . continuous_function . computational""]",bert,,sentence-transformers/all-mpnet-base-v2
101,computational_chemistry,computational_chemistry,"[""index_(database) . computational_chemistry . suffix_tree . string_searching_algorithm . 3d_modeling . analysis_of_algorithms . finite_set . fourier_analysis . polynomial . vector_processor . parallel_computing . mobile_device . newton's_method . approximation . symbol_table . formal_language . document_classification . cryptography . reinforcement_learning . foundations_of_mathematics . partial_differential_equation . dynamic_programming . stochastic_process . continuous_function . computational""]",bert,,sentence-transformers/all-mpnet-base-v2
102,suffix_tree,suffix_tree,"[""index_(database) . computational_chemistry . suffix_tree . string_searching_algorithm . 3d_modeling . analysis_of_algorithms . finite_set . fourier_analysis . polynomial . vector_processor . parallel_computing . mobile_device . newton's_method . approximation . symbol_table . formal_language . document_classification . cryptography . reinforcement_learning . foundations_of_mathematics . partial_differential_equation . dynamic_programming . stochastic_process . continuous_function . computational""]",bert,,sentence-transformers/all-mpnet-base-v2
103,string_searching_algorithm,string_searching_algorithm,"[""index_(database) . computational_chemistry . suffix_tree . string_searching_algorithm . 3d_modeling . analysis_of_algorithms . finite_set . fourier_analysis . polynomial . vector_processor . parallel_computing . mobile_device . newton's_method . approximation . symbol_table . formal_language . document_classification . cryptography . reinforcement_learning . foundations_of_mathematics . partial_differential_equation . dynamic_programming . stochastic_process . continuous_function . computational""]",bert,,sentence-transformers/all-mpnet-base-v2
104,3d_modeling,3d_modeling,"[""index_(database) . computational_chemistry . suffix_tree . string_searching_algorithm . 3d_modeling . analysis_of_algorithms . finite_set . fourier_analysis . polynomial . vector_processor . parallel_computing . mobile_device . newton's_method . approximation . symbol_table . formal_language . document_classification . cryptography . reinforcement_learning . foundations_of_mathematics . partial_differential_equation . dynamic_programming . stochastic_process . continuous_function . computational""]",bert,,sentence-transformers/all-mpnet-base-v2
105,analysis_of_algorithms,analysis_of_algorithms,"[""index_(database) . computational_chemistry . suffix_tree . string_searching_algorithm . 3d_modeling . analysis_of_algorithms . finite_set . fourier_analysis . polynomial . vector_processor . parallel_computing . mobile_device . newton's_method . approximation . symbol_table . formal_language . document_classification . cryptography . reinforcement_learning . foundations_of_mathematics . partial_differential_equation . dynamic_programming . stochastic_process . continuous_function . computational""]",bert,,sentence-transformers/all-mpnet-base-v2
106,finite_set,finite_set,"[""index_(database) . computational_chemistry . suffix_tree . string_searching_algorithm . 3d_modeling . analysis_of_algorithms . finite_set . fourier_analysis . polynomial . vector_processor . parallel_computing . mobile_device . newton's_method . approximation . symbol_table . formal_language . document_classification . cryptography . reinforcement_learning . foundations_of_mathematics . partial_differential_equation . dynamic_programming . stochastic_process . continuous_function . computational""]",bert,,sentence-transformers/all-mpnet-base-v2
107,fourier_analysis,fourier_analysis,"[""index_(database) . computational_chemistry . suffix_tree . string_searching_algorithm . 3d_modeling . analysis_of_algorithms . finite_set . fourier_analysis . polynomial . vector_processor . parallel_computing . mobile_device . newton's_method . approximation . symbol_table . formal_language . document_classification . cryptography . reinforcement_learning . foundations_of_mathematics . partial_differential_equation . dynamic_programming . stochastic_process . continuous_function . computational""]",bert,,sentence-transformers/all-mpnet-base-v2
108,polynomial,polynomial,"[""index_(database) . computational_chemistry . suffix_tree . string_searching_algorithm . 3d_modeling . analysis_of_algorithms . finite_set . fourier_analysis . polynomial . vector_processor . parallel_computing . mobile_device . newton's_method . approximation . symbol_table . formal_language . document_classification . cryptography . reinforcement_learning . foundations_of_mathematics . partial_differential_equation . dynamic_programming . stochastic_process . continuous_function . computational""]",bert,,sentence-transformers/all-mpnet-base-v2
109,vector_processor,vector_processor,"[""index_(database) . computational_chemistry . suffix_tree . string_searching_algorithm . 3d_modeling . analysis_of_algorithms . finite_set . fourier_analysis . polynomial . vector_processor . parallel_computing . mobile_device . newton's_method . approximation . symbol_table . formal_language . document_classification . cryptography . reinforcement_learning . foundations_of_mathematics . partial_differential_equation . dynamic_programming . stochastic_process . continuous_function . computational""]",bert,,sentence-transformers/all-mpnet-base-v2
110,parallel_computing,parallel_computing,"[""index_(database) . computational_chemistry . suffix_tree . string_searching_algorithm . 3d_modeling . analysis_of_algorithms . finite_set . fourier_analysis . polynomial . vector_processor . parallel_computing . mobile_device . newton's_method . approximation . symbol_table . formal_language . document_classification . cryptography . reinforcement_learning . foundations_of_mathematics . partial_differential_equation . dynamic_programming . stochastic_process . continuous_function . computational""]",bert,,sentence-transformers/all-mpnet-base-v2
111,mobile_device,mobile_device,"[""index_(database) . computational_chemistry . suffix_tree . string_searching_algorithm . 3d_modeling . analysis_of_algorithms . finite_set . fourier_analysis . polynomial . vector_processor . parallel_computing . mobile_device . newton's_method . approximation . symbol_table . formal_language . document_classification . cryptography . reinforcement_learning . foundations_of_mathematics . partial_differential_equation . dynamic_programming . stochastic_process . continuous_function . computational""]",bert,,sentence-transformers/all-mpnet-base-v2
112,newton's_method,newton's_method,"[""index_(database) . computational_chemistry . suffix_tree . string_searching_algorithm . 3d_modeling . analysis_of_algorithms . finite_set . fourier_analysis . polynomial . vector_processor . parallel_computing . mobile_device . newton's_method . approximation . symbol_table . formal_language . document_classification . cryptography . reinforcement_learning . foundations_of_mathematics . partial_differential_equation . dynamic_programming . stochastic_process . continuous_function . computational""]",bert,,sentence-transformers/all-mpnet-base-v2
113,approximation,approximation,"[""index_(database) . computational_chemistry . suffix_tree . string_searching_algorithm . 3d_modeling . analysis_of_algorithms . finite_set . fourier_analysis . polynomial . vector_processor . parallel_computing . mobile_device . newton's_method . approximation . symbol_table . formal_language . document_classification . cryptography . reinforcement_learning . foundations_of_mathematics . partial_differential_equation . dynamic_programming . stochastic_process . continuous_function . computational"", ""user_interface . web_search_engine . computer_software . packet_switching . shading . lazy_evaluation . computability . program_analysis . sparse_matrix . big_data . arithmetic . graph_coloring . user_interface_design . cryptanalysis . internet_protocol_suite . introduction_to_algorithms . matlab . pushdown_automaton . database_design . ml_(programming_language) . polymorphism_(computer_science) . scheduling_(computing) . microprocessor . least_squares . integral . exponential_family . automatic""]",bert,,sentence-transformers/all-mpnet-base-v2
114,symbol_table,symbol_table,"[""index_(database) . computational_chemistry . suffix_tree . string_searching_algorithm . 3d_modeling . analysis_of_algorithms . finite_set . fourier_analysis . polynomial . vector_processor . parallel_computing . mobile_device . newton's_method . approximation . symbol_table . formal_language . document_classification . cryptography . reinforcement_learning . foundations_of_mathematics . partial_differential_equation . dynamic_programming . stochastic_process . continuous_function . computational""]",bert,,sentence-transformers/all-mpnet-base-v2
115,formal_language,formal_language,"[""index_(database) . computational_chemistry . suffix_tree . string_searching_algorithm . 3d_modeling . analysis_of_algorithms . finite_set . fourier_analysis . polynomial . vector_processor . parallel_computing . mobile_device . newton's_method . approximation . symbol_table . formal_language . document_classification . cryptography . reinforcement_learning . foundations_of_mathematics . partial_differential_equation . dynamic_programming . stochastic_process . continuous_function . computational""]",bert,,sentence-transformers/all-mpnet-base-v2
116,document_classification,document_classification,"[""index_(database) . computational_chemistry . suffix_tree . string_searching_algorithm . 3d_modeling . analysis_of_algorithms . finite_set . fourier_analysis . polynomial . vector_processor . parallel_computing . mobile_device . newton's_method . approximation . symbol_table . formal_language . document_classification . cryptography . reinforcement_learning . foundations_of_mathematics . partial_differential_equation . dynamic_programming . stochastic_process . continuous_function . computational""]",bert,,sentence-transformers/all-mpnet-base-v2
117,cryptography,cryptography,"[""index_(database) . computational_chemistry . suffix_tree . string_searching_algorithm . 3d_modeling . analysis_of_algorithms . finite_set . fourier_analysis . polynomial . vector_processor . parallel_computing . mobile_device . newton's_method . approximation . symbol_table . formal_language . document_classification . cryptography . reinforcement_learning . foundations_of_mathematics . partial_differential_equation . dynamic_programming . stochastic_process . continuous_function . computational"", ""public-key_cryptography . instruction_set . design_of_experiments . web_server . differential_equation . higher-order_function . congestion_control . kinematics . statistics . semantics . denotational_semantics . bayesian_probability . mutual_exclusion . formal_methods . symmetric_multiprocessing . procedural_programming . quantum_cryptography . linked_list . support_vector_machine . tensor . generic_programming . database_transaction . cryptographic_hash_function . entropy . very_long_instructi""]",bert,,sentence-transformers/all-mpnet-base-v2
118,reinforcement_learning,reinforcement_learning,"[""index_(database) . computational_chemistry . suffix_tree . string_searching_algorithm . 3d_modeling . analysis_of_algorithms . finite_set . fourier_analysis . polynomial . vector_processor . parallel_computing . mobile_device . newton's_method . approximation . symbol_table . formal_language . document_classification . cryptography . reinforcement_learning . foundations_of_mathematics . partial_differential_equation . dynamic_programming . stochastic_process . continuous_function . computational""]",bert,,sentence-transformers/all-mpnet-base-v2
119,foundations_of_mathematics,foundations_of_mathematics,"[""index_(database) . computational_chemistry . suffix_tree . string_searching_algorithm . 3d_modeling . analysis_of_algorithms . finite_set . fourier_analysis . polynomial . vector_processor . parallel_computing . mobile_device . newton's_method . approximation . symbol_table . formal_language . document_classification . cryptography . reinforcement_learning . foundations_of_mathematics . partial_differential_equation . dynamic_programming . stochastic_process . continuous_function . computational""]",bert,,sentence-transformers/all-mpnet-base-v2
120,partial_differential_equation,partial_differential_equation,"[""index_(database) . computational_chemistry . suffix_tree . string_searching_algorithm . 3d_modeling . analysis_of_algorithms . finite_set . fourier_analysis . polynomial . vector_processor . parallel_computing . mobile_device . newton's_method . approximation . symbol_table . formal_language . document_classification . cryptography . reinforcement_learning . foundations_of_mathematics . partial_differential_equation . dynamic_programming . stochastic_process . continuous_function . computational""]",bert,,sentence-transformers/all-mpnet-base-v2
121,dynamic_programming,dynamic_programming,"[""index_(database) . computational_chemistry . suffix_tree . string_searching_algorithm . 3d_modeling . analysis_of_algorithms . finite_set . fourier_analysis . polynomial . vector_processor . parallel_computing . mobile_device . newton's_method . approximation . symbol_table . formal_language . document_classification . cryptography . reinforcement_learning . foundations_of_mathematics . partial_differential_equation . dynamic_programming . stochastic_process . continuous_function . computational""]",bert,,sentence-transformers/all-mpnet-base-v2
122,stochastic_process,stochastic_process,"[""index_(database) . computational_chemistry . suffix_tree . string_searching_algorithm . 3d_modeling . analysis_of_algorithms . finite_set . fourier_analysis . polynomial . vector_processor . parallel_computing . mobile_device . newton's_method . approximation . symbol_table . formal_language . document_classification . cryptography . reinforcement_learning . foundations_of_mathematics . partial_differential_equation . dynamic_programming . stochastic_process . continuous_function . computational""]",bert,,sentence-transformers/all-mpnet-base-v2
123,continuous_function,continuous_function,"[""index_(database) . computational_chemistry . suffix_tree . string_searching_algorithm . 3d_modeling . analysis_of_algorithms . finite_set . fourier_analysis . polynomial . vector_processor . parallel_computing . mobile_device . newton's_method . approximation . symbol_table . formal_language . document_classification . cryptography . reinforcement_learning . foundations_of_mathematics . partial_differential_equation . dynamic_programming . stochastic_process . continuous_function . computational""]",bert,,sentence-transformers/all-mpnet-base-v2
124,computational_science,computational_science,"[""index_(database) . computational_chemistry . suffix_tree . string_searching_algorithm . 3d_modeling . analysis_of_algorithms . finite_set . fourier_analysis . polynomial . vector_processor . parallel_computing . mobile_device . newton's_method . approximation . symbol_table . formal_language . document_classification . cryptography . reinforcement_learning . foundations_of_mathematics . partial_differential_equation . dynamic_programming . stochastic_process . continuous_function . computational""]",bert,,sentence-transformers/all-mpnet-base-v2
125,haskell_(programming_language),haskell_(programming_language),"[""index_(database) . computational_chemistry . suffix_tree . string_searching_algorithm . 3d_modeling . analysis_of_algorithms . finite_set . fourier_analysis . polynomial . vector_processor . parallel_computing . mobile_device . newton's_method . approximation . symbol_table . formal_language . document_classification . cryptography . reinforcement_learning . foundations_of_mathematics . partial_differential_equation . dynamic_programming . stochastic_process . continuous_function . computational""]",bert,,sentence-transformers/all-mpnet-base-v2
126,abstraction_(computer_science),abstraction_(computer_science),"[""index_(database) . computational_chemistry . suffix_tree . string_searching_algorithm . 3d_modeling . analysis_of_algorithms . finite_set . fourier_analysis . polynomial . vector_processor . parallel_computing . mobile_device . newton's_method . approximation . symbol_table . formal_language . document_classification . cryptography . reinforcement_learning . foundations_of_mathematics . partial_differential_equation . dynamic_programming . stochastic_process . continuous_function . computational""]",bert,,sentence-transformers/all-mpnet-base-v2
127,rendering_(computer_graphics),rendering_(computer_graphics),"[""index_(database) . computational_chemistry . suffix_tree . string_searching_algorithm . 3d_modeling . analysis_of_algorithms . finite_set . fourier_analysis . polynomial . vector_processor . parallel_computing . mobile_device . newton's_method . approximation . symbol_table . formal_language . document_classification . cryptography . reinforcement_learning . foundations_of_mathematics . partial_differential_equation . dynamic_programming . stochastic_process . continuous_function . computational""]",bert,,sentence-transformers/all-mpnet-base-v2
128,inequality_(mathematics),inequality_(mathematics),"[""index_(database) . computational_chemistry . suffix_tree . string_searching_algorithm . 3d_modeling . analysis_of_algorithms . finite_set . fourier_analysis . polynomial . vector_processor . parallel_computing . mobile_device . newton's_method . approximation . symbol_table . formal_language . document_classification . cryptography . reinforcement_learning . foundations_of_mathematics . partial_differential_equation . dynamic_programming . stochastic_process . continuous_function . computational""]",bert,,sentence-transformers/all-mpnet-base-v2
129,central_processing_unit,central_processing_unit,"[""index_(database) . computational_chemistry . suffix_tree . string_searching_algorithm . 3d_modeling . analysis_of_algorithms . finite_set . fourier_analysis . polynomial . vector_processor . parallel_computing . mobile_device . newton's_method . approximation . symbol_table . formal_language . document_classification . cryptography . reinforcement_learning . foundations_of_mathematics . partial_differential_equation . dynamic_programming . stochastic_process . continuous_function . computational""]",bert,,sentence-transformers/all-mpnet-base-v2
130,computational_problem,computational_problem,"[""index_(database) . computational_chemistry . suffix_tree . string_searching_algorithm . 3d_modeling . analysis_of_algorithms . finite_set . fourier_analysis . polynomial . vector_processor . parallel_computing . mobile_device . newton's_method . approximation . symbol_table . formal_language . document_classification . cryptography . reinforcement_learning . foundations_of_mathematics . partial_differential_equation . dynamic_programming . stochastic_process . continuous_function . computational""]",bert,,sentence-transformers/all-mpnet-base-v2
131,image_analysis,image_analysis,"[""index_(database) . computational_chemistry . suffix_tree . string_searching_algorithm . 3d_modeling . analysis_of_algorithms . finite_set . fourier_analysis . polynomial . vector_processor . parallel_computing . mobile_device . newton's_method . approximation . symbol_table . formal_language . document_classification . cryptography . reinforcement_learning . foundations_of_mathematics . partial_differential_equation . dynamic_programming . stochastic_process . continuous_function . computational""]",bert,,sentence-transformers/all-mpnet-base-v2
132,functional_programming,functional_programming,"[""index_(database) . computational_chemistry . suffix_tree . string_searching_algorithm . 3d_modeling . analysis_of_algorithms . finite_set . fourier_analysis . polynomial . vector_processor . parallel_computing . mobile_device . newton's_method . approximation . symbol_table . formal_language . document_classification . cryptography . reinforcement_learning . foundations_of_mathematics . partial_differential_equation . dynamic_programming . stochastic_process . continuous_function . computational"", ""autonomous_robot . np_(complexity) . genetic_algorithm . speech_recognition . internet . routing . motion_planning . sql . python_(programming_language) . calculus . correlation_and_dependence . monad_(functional_programming) . pipeline_(computing) . data_warehouse . programmer . interpolation . cluster_analysis . predicate_logic . finite_difference . graphics_processing_unit . transaction_processing . wireless_sensor_network . information_security . web_browser . cpu_cache . design_pattern_(com""]",bert,,sentence-transformers/all-mpnet-base-v2
133,data_type,data_type,"[""index_(database) . computational_chemistry . suffix_tree . string_searching_algorithm . 3d_modeling . analysis_of_algorithms . finite_set . fourier_analysis . polynomial . vector_processor . parallel_computing . mobile_device . newton's_method . approximation . symbol_table . formal_language . document_classification . cryptography . reinforcement_learning . foundations_of_mathematics . partial_differential_equation . dynamic_programming . stochastic_process . continuous_function . computational"", ""recursively_enumerable_set . machine_translation . integer . propositional_calculus . c++ . inter-process_communication . regular_expression . security . theoretical_computer_science . hidden_markov_model . sentiment_analysis . quantum_computer . communication . mathematical_optimization . linear_algebra . concurrency_control . database_management_system . java_(programming_language) . synchronization . boundary_value_problem . ordinary_differential_equation . probability . recurrence_relation .""]",bert,,sentence-transformers/all-mpnet-base-v2
134,p_versus_np_problem,p_versus_np_problem,"[""index_(database) . computational_chemistry . suffix_tree . string_searching_algorithm . 3d_modeling . analysis_of_algorithms . finite_set . fourier_analysis . polynomial . vector_processor . parallel_computing . mobile_device . newton's_method . approximation . symbol_table . formal_language . document_classification . cryptography . reinforcement_learning . foundations_of_mathematics . partial_differential_equation . dynamic_programming . stochastic_process . continuous_function . computational""]",bert,,sentence-transformers/all-mpnet-base-v2
135,scripting_language,scripting_language,"[""index_(database) . computational_chemistry . suffix_tree . string_searching_algorithm . 3d_modeling . analysis_of_algorithms . finite_set . fourier_analysis . polynomial . vector_processor . parallel_computing . mobile_device . newton's_method . approximation . symbol_table . formal_language . document_classification . cryptography . reinforcement_learning . foundations_of_mathematics . partial_differential_equation . dynamic_programming . stochastic_process . continuous_function . computational""]",bert,,sentence-transformers/all-mpnet-base-v2
136,scope_(computer_science),scope_(computer_science),"[""index_(database) . computational_chemistry . suffix_tree . string_searching_algorithm . 3d_modeling . analysis_of_algorithms . finite_set . fourier_analysis . polynomial . vector_processor . parallel_computing . mobile_device . newton's_method . approximation . symbol_table . formal_language . document_classification . cryptography . reinforcement_learning . foundations_of_mathematics . partial_differential_equation . dynamic_programming . stochastic_process . continuous_function . computational""]",bert,,sentence-transformers/all-mpnet-base-v2
137,modular_programming,modular_programming,"[""index_(database) . computational_chemistry . suffix_tree . string_searching_algorithm . 3d_modeling . analysis_of_algorithms . finite_set . fourier_analysis . polynomial . vector_processor . parallel_computing . mobile_device . newton's_method . approximation . symbol_table . formal_language . document_classification . cryptography . reinforcement_learning . foundations_of_mathematics . partial_differential_equation . dynamic_programming . stochastic_process . continuous_function . computational""]",bert,,sentence-transformers/all-mpnet-base-v2
138,graphics,graphics,"[""random_graph . mathematics . knowledge_representation_and_reasoning . algorithm_design . natural_language_processing . natural_language . algorithm . combinatorics . system_programming . unix . mathematical_induction . mathematical_proof . computer_vision . image_processing . randomness . computer_science . number_theory . database . data_(computing) . machine_learning . graph_theory . type_system . programming_language . variable_(computer_science) . computer_programming . logic . distributed_c"", ""complexity . statistical_inference . data . martingale_(probability_theory) . markov_chain . arithmetic_logic_unit . digital_electronics . data_mining . artificial_intelligence . divide_and_conquer_algorithm . robotics . robot . computer_security . cache_coherence . shared_memory . parsing . finite-state_machine . malware . authentication . firewall_(computing) . information_assurance . relational_model . compiler . computer_architecture . atomicity_(database_systems) . bioinformatics . b-tree ."", ""index_(database) . computational_chemistry . suffix_tree . string_searching_algorithm . 3d_modeling . analysis_of_algorithms . finite_set . fourier_analysis . polynomial . vector_processor . parallel_computing . mobile_device . newton's_method . approximation . symbol_table . formal_language . document_classification . cryptography . reinforcement_learning . foundations_of_mathematics . partial_differential_equation . dynamic_programming . stochastic_process . continuous_function . computational""]",bert,,sentence-transformers/all-mpnet-base-v2
139,computing,computing,"[""random_graph . mathematics . knowledge_representation_and_reasoning . algorithm_design . natural_language_processing . natural_language . algorithm . combinatorics . system_programming . unix . mathematical_induction . mathematical_proof . computer_vision . image_processing . randomness . computer_science . number_theory . database . data_(computing) . machine_learning . graph_theory . type_system . programming_language . variable_(computer_science) . computer_programming . logic . distributed_c"", ""complexity . statistical_inference . data . martingale_(probability_theory) . markov_chain . arithmetic_logic_unit . digital_electronics . data_mining . artificial_intelligence . divide_and_conquer_algorithm . robotics . robot . computer_security . cache_coherence . shared_memory . parsing . finite-state_machine . malware . authentication . firewall_(computing) . information_assurance . relational_model . compiler . computer_architecture . atomicity_(database_systems) . bioinformatics . b-tree ."", ""index_(database) . computational_chemistry . suffix_tree . string_searching_algorithm . 3d_modeling . analysis_of_algorithms . finite_set . fourier_analysis . polynomial . vector_processor . parallel_computing . mobile_device . newton's_method . approximation . symbol_table . formal_language . document_classification . cryptography . reinforcement_learning . foundations_of_mathematics . partial_differential_equation . dynamic_programming . stochastic_process . continuous_function . computational""]",bert,,sentence-transformers/all-mpnet-base-v2
140,unsupervised_learning,unsupervised_learning,"[""index_(database) . computational_chemistry . suffix_tree . string_searching_algorithm . 3d_modeling . analysis_of_algorithms . finite_set . fourier_analysis . polynomial . vector_processor . parallel_computing . mobile_device . newton's_method . approximation . symbol_table . formal_language . document_classification . cryptography . reinforcement_learning . foundations_of_mathematics . partial_differential_equation . dynamic_programming . stochastic_process . continuous_function . computational""]",bert,,sentence-transformers/all-mpnet-base-v2
141,list_of_undecidable_problems,list_of_undecidable_problems,"[""index_(database) . computational_chemistry . suffix_tree . string_searching_algorithm . 3d_modeling . analysis_of_algorithms . finite_set . fourier_analysis . polynomial . vector_processor . parallel_computing . mobile_device . newton's_method . approximation . symbol_table . formal_language . document_classification . cryptography . reinforcement_learning . foundations_of_mathematics . partial_differential_equation . dynamic_programming . stochastic_process . continuous_function . computational""]",bert,,sentence-transformers/all-mpnet-base-v2
142,ray_tracing_(graphics),ray_tracing_(graphics),"[""index_(database) . computational_chemistry . suffix_tree . string_searching_algorithm . 3d_modeling . analysis_of_algorithms . finite_set . fourier_analysis . polynomial . vector_processor . parallel_computing . mobile_device . newton's_method . approximation . symbol_table . formal_language . document_classification . cryptography . reinforcement_learning . foundations_of_mathematics . partial_differential_equation . dynamic_programming . stochastic_process . continuous_function . computational""]",bert,,sentence-transformers/all-mpnet-base-v2
143,social_network,social_network,"[""index_(database) . computational_chemistry . suffix_tree . string_searching_algorithm . 3d_modeling . analysis_of_algorithms . finite_set . fourier_analysis . polynomial . vector_processor . parallel_computing . mobile_device . newton's_method . approximation . symbol_table . formal_language . document_classification . cryptography . reinforcement_learning . foundations_of_mathematics . partial_differential_equation . dynamic_programming . stochastic_process . continuous_function . computational""]",bert,,sentence-transformers/all-mpnet-base-v2
144,statistical_hypothesis_testing,statistical_hypothesis_testing,"[""index_(database) . computational_chemistry . suffix_tree . string_searching_algorithm . 3d_modeling . analysis_of_algorithms . finite_set . fourier_analysis . polynomial . vector_processor . parallel_computing . mobile_device . newton's_method . approximation . symbol_table . formal_language . document_classification . cryptography . reinforcement_learning . foundations_of_mathematics . partial_differential_equation . dynamic_programming . stochastic_process . continuous_function . computational""]",bert,,sentence-transformers/all-mpnet-base-v2
145,numerical_analysis,numerical_analysis,"[""index_(database) . computational_chemistry . suffix_tree . string_searching_algorithm . 3d_modeling . analysis_of_algorithms . finite_set . fourier_analysis . polynomial . vector_processor . parallel_computing . mobile_device . newton's_method . approximation . symbol_table . formal_language . document_classification . cryptography . reinforcement_learning . foundations_of_mathematics . partial_differential_equation . dynamic_programming . stochastic_process . continuous_function . computational""]",bert,,sentence-transformers/all-mpnet-base-v2
146,communications_protocol,communications_protocol,"[""index_(database) . computational_chemistry . suffix_tree . string_searching_algorithm . 3d_modeling . analysis_of_algorithms . finite_set . fourier_analysis . polynomial . vector_processor . parallel_computing . mobile_device . newton's_method . approximation . symbol_table . formal_language . document_classification . cryptography . reinforcement_learning . foundations_of_mathematics . partial_differential_equation . dynamic_programming . stochastic_process . continuous_function . computational""]",bert,,sentence-transformers/all-mpnet-base-v2
147,question_answering,question_answering,"[""index_(database) . computational_chemistry . suffix_tree . string_searching_algorithm . 3d_modeling . analysis_of_algorithms . finite_set . fourier_analysis . polynomial . vector_processor . parallel_computing . mobile_device . newton's_method . approximation . symbol_table . formal_language . document_classification . cryptography . reinforcement_learning . foundations_of_mathematics . partial_differential_equation . dynamic_programming . stochastic_process . continuous_function . computational""]",bert,,sentence-transformers/all-mpnet-base-v2
148,expert_system,expert_system,"[""index_(database) . computational_chemistry . suffix_tree . string_searching_algorithm . 3d_modeling . analysis_of_algorithms . finite_set . fourier_analysis . polynomial . vector_processor . parallel_computing . mobile_device . newton's_method . approximation . symbol_table . formal_language . document_classification . cryptography . reinforcement_learning . foundations_of_mathematics . partial_differential_equation . dynamic_programming . stochastic_process . continuous_function . computational""]",bert,,sentence-transformers/all-mpnet-base-v2
149,information_theory,information_theory,"[""index_(database) . computational_chemistry . suffix_tree . string_searching_algorithm . 3d_modeling . analysis_of_algorithms . finite_set . fourier_analysis . polynomial . vector_processor . parallel_computing . mobile_device . newton's_method . approximation . symbol_table . formal_language . document_classification . cryptography . reinforcement_learning . foundations_of_mathematics . partial_differential_equation . dynamic_programming . stochastic_process . continuous_function . computational""]",bert,,sentence-transformers/all-mpnet-base-v2
150,recursively_enumerable_set,recursively_enumerable_set,"[""recursively_enumerable_set . machine_translation . integer . propositional_calculus . c++ . inter-process_communication . regular_expression . security . theoretical_computer_science . hidden_markov_model . sentiment_analysis . quantum_computer . communication . mathematical_optimization . linear_algebra . concurrency_control . database_management_system . java_(programming_language) . synchronization . boundary_value_problem . ordinary_differential_equation . probability . recurrence_relation .""]",bert,,sentence-transformers/all-mpnet-base-v2
151,machine_translation,machine_translation,"[""recursively_enumerable_set . machine_translation . integer . propositional_calculus . c++ . inter-process_communication . regular_expression . security . theoretical_computer_science . hidden_markov_model . sentiment_analysis . quantum_computer . communication . mathematical_optimization . linear_algebra . concurrency_control . database_management_system . java_(programming_language) . synchronization . boundary_value_problem . ordinary_differential_equation . probability . recurrence_relation .""]",bert,,sentence-transformers/all-mpnet-base-v2
152,integer,integer,"[""recursively_enumerable_set . machine_translation . integer . propositional_calculus . c++ . inter-process_communication . regular_expression . security . theoretical_computer_science . hidden_markov_model . sentiment_analysis . quantum_computer . communication . mathematical_optimization . linear_algebra . concurrency_control . database_management_system . java_(programming_language) . synchronization . boundary_value_problem . ordinary_differential_equation . probability . recurrence_relation .""]",bert,,sentence-transformers/all-mpnet-base-v2
153,propositional_calculus,propositional_calculus,"[""recursively_enumerable_set . machine_translation . integer . propositional_calculus . c++ . inter-process_communication . regular_expression . security . theoretical_computer_science . hidden_markov_model . sentiment_analysis . quantum_computer . communication . mathematical_optimization . linear_algebra . concurrency_control . database_management_system . java_(programming_language) . synchronization . boundary_value_problem . ordinary_differential_equation . probability . recurrence_relation .""]",bert,,sentence-transformers/all-mpnet-base-v2
154,c++,c++,"[""recursively_enumerable_set . machine_translation . integer . propositional_calculus . c++ . inter-process_communication . regular_expression . security . theoretical_computer_science . hidden_markov_model . sentiment_analysis . quantum_computer . communication . mathematical_optimization . linear_algebra . concurrency_control . database_management_system . java_(programming_language) . synchronization . boundary_value_problem . ordinary_differential_equation . probability . recurrence_relation .""]",bert,,sentence-transformers/all-mpnet-base-v2
155,inter-process_communication,inter-process_communication,"[""recursively_enumerable_set . machine_translation . integer . propositional_calculus . c++ . inter-process_communication . regular_expression . security . theoretical_computer_science . hidden_markov_model . sentiment_analysis . quantum_computer . communication . mathematical_optimization . linear_algebra . concurrency_control . database_management_system . java_(programming_language) . synchronization . boundary_value_problem . ordinary_differential_equation . probability . recurrence_relation .""]",bert,,sentence-transformers/all-mpnet-base-v2
156,regular_expression,regular_expression,"[""recursively_enumerable_set . machine_translation . integer . propositional_calculus . c++ . inter-process_communication . regular_expression . security . theoretical_computer_science . hidden_markov_model . sentiment_analysis . quantum_computer . communication . mathematical_optimization . linear_algebra . concurrency_control . database_management_system . java_(programming_language) . synchronization . boundary_value_problem . ordinary_differential_equation . probability . recurrence_relation .""]",bert,,sentence-transformers/all-mpnet-base-v2
157,security,security,"[""complexity . statistical_inference . data . martingale_(probability_theory) . markov_chain . arithmetic_logic_unit . digital_electronics . data_mining . artificial_intelligence . divide_and_conquer_algorithm . robotics . robot . computer_security . cache_coherence . shared_memory . parsing . finite-state_machine . malware . authentication . firewall_(computing) . information_assurance . relational_model . compiler . computer_architecture . atomicity_(database_systems) . bioinformatics . b-tree ."", ""recursively_enumerable_set . machine_translation . integer . propositional_calculus . c++ . inter-process_communication . regular_expression . security . theoretical_computer_science . hidden_markov_model . sentiment_analysis . quantum_computer . communication . mathematical_optimization . linear_algebra . concurrency_control . database_management_system . java_(programming_language) . synchronization . boundary_value_problem . ordinary_differential_equation . probability . recurrence_relation ."", ""autonomous_robot . np_(complexity) . genetic_algorithm . speech_recognition . internet . routing . motion_planning . sql . python_(programming_language) . calculus . correlation_and_dependence . monad_(functional_programming) . pipeline_(computing) . data_warehouse . programmer . interpolation . cluster_analysis . predicate_logic . finite_difference . graphics_processing_unit . transaction_processing . wireless_sensor_network . information_security . web_browser . cpu_cache . design_pattern_(com""]",bert,,sentence-transformers/all-mpnet-base-v2
158,theoretical_computer_science,theoretical_computer_science,"[""recursively_enumerable_set . machine_translation . integer . propositional_calculus . c++ . inter-process_communication . regular_expression . security . theoretical_computer_science . hidden_markov_model . sentiment_analysis . quantum_computer . communication . mathematical_optimization . linear_algebra . concurrency_control . database_management_system . java_(programming_language) . synchronization . boundary_value_problem . ordinary_differential_equation . probability . recurrence_relation .""]",bert,,sentence-transformers/all-mpnet-base-v2
159,hidden_markov_model,hidden_markov_model,"[""recursively_enumerable_set . machine_translation . integer . propositional_calculus . c++ . inter-process_communication . regular_expression . security . theoretical_computer_science . hidden_markov_model . sentiment_analysis . quantum_computer . communication . mathematical_optimization . linear_algebra . concurrency_control . database_management_system . java_(programming_language) . synchronization . boundary_value_problem . ordinary_differential_equation . probability . recurrence_relation .""]",bert,,sentence-transformers/all-mpnet-base-v2
160,sentiment_analysis,sentiment_analysis,"[""recursively_enumerable_set . machine_translation . integer . propositional_calculus . c++ . inter-process_communication . regular_expression . security . theoretical_computer_science . hidden_markov_model . sentiment_analysis . quantum_computer . communication . mathematical_optimization . linear_algebra . concurrency_control . database_management_system . java_(programming_language) . synchronization . boundary_value_problem . ordinary_differential_equation . probability . recurrence_relation .""]",bert,,sentence-transformers/all-mpnet-base-v2
161,quantum_computer,quantum_computer,"[""recursively_enumerable_set . machine_translation . integer . propositional_calculus . c++ . inter-process_communication . regular_expression . security . theoretical_computer_science . hidden_markov_model . sentiment_analysis . quantum_computer . communication . mathematical_optimization . linear_algebra . concurrency_control . database_management_system . java_(programming_language) . synchronization . boundary_value_problem . ordinary_differential_equation . probability . recurrence_relation .""]",bert,,sentence-transformers/all-mpnet-base-v2
162,communication,communication,"[""index_(database) . computational_chemistry . suffix_tree . string_searching_algorithm . 3d_modeling . analysis_of_algorithms . finite_set . fourier_analysis . polynomial . vector_processor . parallel_computing . mobile_device . newton's_method . approximation . symbol_table . formal_language . document_classification . cryptography . reinforcement_learning . foundations_of_mathematics . partial_differential_equation . dynamic_programming . stochastic_process . continuous_function . computational"", ""recursively_enumerable_set . machine_translation . integer . propositional_calculus . c++ . inter-process_communication . regular_expression . security . theoretical_computer_science . hidden_markov_model . sentiment_analysis . quantum_computer . communication . mathematical_optimization . linear_algebra . concurrency_control . database_management_system . java_(programming_language) . synchronization . boundary_value_problem . ordinary_differential_equation . probability . recurrence_relation ."", ""javascript . decision_theory . memory_management . halting_problem . linear_system . syntax . round-off_error . structured_programming . hidden_line_removal . queue_(data_structure) . array_data_structure . nonlinear_system . application_programming_interface . processor_register . stack_(data_structure) . scientific_visualization . garbage_collection_(computer_science) . prolog . logic_programming . dynamic_memory_allocation . software_testing . telecommunications_network . stochastic . 3d_comp""]",bert,,sentence-transformers/all-mpnet-base-v2
163,mathematical_optimization,mathematical_optimization,"[""recursively_enumerable_set . machine_translation . integer . propositional_calculus . c++ . inter-process_communication . regular_expression . security . theoretical_computer_science . hidden_markov_model . sentiment_analysis . quantum_computer . communication . mathematical_optimization . linear_algebra . concurrency_control . database_management_system . java_(programming_language) . synchronization . boundary_value_problem . ordinary_differential_equation . probability . recurrence_relation .""]",bert,,sentence-transformers/all-mpnet-base-v2
164,linear_algebra,linear_algebra,"[""recursively_enumerable_set . machine_translation . integer . propositional_calculus . c++ . inter-process_communication . regular_expression . security . theoretical_computer_science . hidden_markov_model . sentiment_analysis . quantum_computer . communication . mathematical_optimization . linear_algebra . concurrency_control . database_management_system . java_(programming_language) . synchronization . boundary_value_problem . ordinary_differential_equation . probability . recurrence_relation .""]",bert,,sentence-transformers/all-mpnet-base-v2
165,concurrency_control,concurrency_control,"[""recursively_enumerable_set . machine_translation . integer . propositional_calculus . c++ . inter-process_communication . regular_expression . security . theoretical_computer_science . hidden_markov_model . sentiment_analysis . quantum_computer . communication . mathematical_optimization . linear_algebra . concurrency_control . database_management_system . java_(programming_language) . synchronization . boundary_value_problem . ordinary_differential_equation . probability . recurrence_relation .""]",bert,,sentence-transformers/all-mpnet-base-v2
166,database_management_system,database_management_system,"[""recursively_enumerable_set . machine_translation . integer . propositional_calculus . c++ . inter-process_communication . regular_expression . security . theoretical_computer_science . hidden_markov_model . sentiment_analysis . quantum_computer . communication . mathematical_optimization . linear_algebra . concurrency_control . database_management_system . java_(programming_language) . synchronization . boundary_value_problem . ordinary_differential_equation . probability . recurrence_relation .""]",bert,,sentence-transformers/all-mpnet-base-v2
167,java_(programming_language),java_(programming_language),"[""recursively_enumerable_set . machine_translation . integer . propositional_calculus . c++ . inter-process_communication . regular_expression . security . theoretical_computer_science . hidden_markov_model . sentiment_analysis . quantum_computer . communication . mathematical_optimization . linear_algebra . concurrency_control . database_management_system . java_(programming_language) . synchronization . boundary_value_problem . ordinary_differential_equation . probability . recurrence_relation .""]",bert,,sentence-transformers/all-mpnet-base-v2
168,synchronization,synchronization,"[""recursively_enumerable_set . machine_translation . integer . propositional_calculus . c++ . inter-process_communication . regular_expression . security . theoretical_computer_science . hidden_markov_model . sentiment_analysis . quantum_computer . communication . mathematical_optimization . linear_algebra . concurrency_control . database_management_system . java_(programming_language) . synchronization . boundary_value_problem . ordinary_differential_equation . probability . recurrence_relation .""]",bert,,sentence-transformers/all-mpnet-base-v2
169,boundary_value_problem,boundary_value_problem,"[""recursively_enumerable_set . machine_translation . integer . propositional_calculus . c++ . inter-process_communication . regular_expression . security . theoretical_computer_science . hidden_markov_model . sentiment_analysis . quantum_computer . communication . mathematical_optimization . linear_algebra . concurrency_control . database_management_system . java_(programming_language) . synchronization . boundary_value_problem . ordinary_differential_equation . probability . recurrence_relation .""]",bert,,sentence-transformers/all-mpnet-base-v2
170,ordinary_differential_equation,ordinary_differential_equation,"[""recursively_enumerable_set . machine_translation . integer . propositional_calculus . c++ . inter-process_communication . regular_expression . security . theoretical_computer_science . hidden_markov_model . sentiment_analysis . quantum_computer . communication . mathematical_optimization . linear_algebra . concurrency_control . database_management_system . java_(programming_language) . synchronization . boundary_value_problem . ordinary_differential_equation . probability . recurrence_relation .""]",bert,,sentence-transformers/all-mpnet-base-v2
171,probability,probability,"[""random_graph . mathematics . knowledge_representation_and_reasoning . algorithm_design . natural_language_processing . natural_language . algorithm . combinatorics . system_programming . unix . mathematical_induction . mathematical_proof . computer_vision . image_processing . randomness . computer_science . number_theory . database . data_(computing) . machine_learning . graph_theory . type_system . programming_language . variable_(computer_science) . computer_programming . logic . distributed_c"", ""complexity . statistical_inference . data . martingale_(probability_theory) . markov_chain . arithmetic_logic_unit . digital_electronics . data_mining . artificial_intelligence . divide_and_conquer_algorithm . robotics . robot . computer_security . cache_coherence . shared_memory . parsing . finite-state_machine . malware . authentication . firewall_(computing) . information_assurance . relational_model . compiler . computer_architecture . atomicity_(database_systems) . bioinformatics . b-tree ."", ""recursively_enumerable_set . machine_translation . integer . propositional_calculus . c++ . inter-process_communication . regular_expression . security . theoretical_computer_science . hidden_markov_model . sentiment_analysis . quantum_computer . communication . mathematical_optimization . linear_algebra . concurrency_control . database_management_system . java_(programming_language) . synchronization . boundary_value_problem . ordinary_differential_equation . probability . recurrence_relation .""]",bert,,sentence-transformers/all-mpnet-base-v2
172,recurrence_relation,recurrence_relation,"[""recursively_enumerable_set . machine_translation . integer . propositional_calculus . c++ . inter-process_communication . regular_expression . security . theoretical_computer_science . hidden_markov_model . sentiment_analysis . quantum_computer . communication . mathematical_optimization . linear_algebra . concurrency_control . database_management_system . java_(programming_language) . synchronization . boundary_value_problem . ordinary_differential_equation . probability . recurrence_relation .""]",bert,,sentence-transformers/all-mpnet-base-v2
173,abstract_data_type,abstract_data_type,"[""recursively_enumerable_set . machine_translation . integer . propositional_calculus . c++ . inter-process_communication . regular_expression . security . theoretical_computer_science . hidden_markov_model . sentiment_analysis . quantum_computer . communication . mathematical_optimization . linear_algebra . concurrency_control . database_management_system . java_(programming_language) . synchronization . boundary_value_problem . ordinary_differential_equation . probability . recurrence_relation .""]",bert,,sentence-transformers/all-mpnet-base-v2
174,relational_database_management_system,relational_database_management_system,"[""recursively_enumerable_set . machine_translation . integer . propositional_calculus . c++ . inter-process_communication . regular_expression . security . theoretical_computer_science . hidden_markov_model . sentiment_analysis . quantum_computer . communication . mathematical_optimization . linear_algebra . concurrency_control . database_management_system . java_(programming_language) . synchronization . boundary_value_problem . ordinary_differential_equation . probability . recurrence_relation .""]",bert,,sentence-transformers/all-mpnet-base-v2
175,relational_algebra,relational_algebra,"[""recursively_enumerable_set . machine_translation . integer . propositional_calculus . c++ . inter-process_communication . regular_expression . security . theoretical_computer_science . hidden_markov_model . sentiment_analysis . quantum_computer . communication . mathematical_optimization . linear_algebra . concurrency_control . database_management_system . java_(programming_language) . synchronization . boundary_value_problem . ordinary_differential_equation . probability . recurrence_relation .""]",bert,,sentence-transformers/all-mpnet-base-v2
176,conditional_probability,conditional_probability,"[""recursively_enumerable_set . machine_translation . integer . propositional_calculus . c++ . inter-process_communication . regular_expression . security . theoretical_computer_science . hidden_markov_model . sentiment_analysis . quantum_computer . communication . mathematical_optimization . linear_algebra . concurrency_control . database_management_system . java_(programming_language) . synchronization . boundary_value_problem . ordinary_differential_equation . probability . recurrence_relation .""]",bert,,sentence-transformers/all-mpnet-base-v2
177,undecidable_problem,undecidable_problem,"[""index_(database) . computational_chemistry . suffix_tree . string_searching_algorithm . 3d_modeling . analysis_of_algorithms . finite_set . fourier_analysis . polynomial . vector_processor . parallel_computing . mobile_device . newton's_method . approximation . symbol_table . formal_language . document_classification . cryptography . reinforcement_learning . foundations_of_mathematics . partial_differential_equation . dynamic_programming . stochastic_process . continuous_function . computational"", ""recursively_enumerable_set . machine_translation . integer . propositional_calculus . c++ . inter-process_communication . regular_expression . security . theoretical_computer_science . hidden_markov_model . sentiment_analysis . quantum_computer . communication . mathematical_optimization . linear_algebra . concurrency_control . database_management_system . java_(programming_language) . synchronization . boundary_value_problem . ordinary_differential_equation . probability . recurrence_relation .""]",bert,,sentence-transformers/all-mpnet-base-v2
178,poisson_distribution,poisson_distribution,"[""recursively_enumerable_set . machine_translation . integer . propositional_calculus . c++ . inter-process_communication . regular_expression . security . theoretical_computer_science . hidden_markov_model . sentiment_analysis . quantum_computer . communication . mathematical_optimization . linear_algebra . concurrency_control . database_management_system . java_(programming_language) . synchronization . boundary_value_problem . ordinary_differential_equation . probability . recurrence_relation .""]",bert,,sentence-transformers/all-mpnet-base-v2
179,automated_theorem_proving,automated_theorem_proving,"[""recursively_enumerable_set . machine_translation . integer . propositional_calculus . c++ . inter-process_communication . regular_expression . security . theoretical_computer_science . hidden_markov_model . sentiment_analysis . quantum_computer . communication . mathematical_optimization . linear_algebra . concurrency_control . database_management_system . java_(programming_language) . synchronization . boundary_value_problem . ordinary_differential_equation . probability . recurrence_relation .""]",bert,,sentence-transformers/all-mpnet-base-v2
180,computer_animation,computer_animation,"[""recursively_enumerable_set . machine_translation . integer . propositional_calculus . c++ . inter-process_communication . regular_expression . security . theoretical_computer_science . hidden_markov_model . sentiment_analysis . quantum_computer . communication . mathematical_optimization . linear_algebra . concurrency_control . database_management_system . java_(programming_language) . synchronization . boundary_value_problem . ordinary_differential_equation . probability . recurrence_relation .""]",bert,,sentence-transformers/all-mpnet-base-v2
181,random_walk,random_walk,"[""recursively_enumerable_set . machine_translation . integer . propositional_calculus . c++ . inter-process_communication . regular_expression . security . theoretical_computer_science . hidden_markov_model . sentiment_analysis . quantum_computer . communication . mathematical_optimization . linear_algebra . concurrency_control . database_management_system . java_(programming_language) . synchronization . boundary_value_problem . ordinary_differential_equation . probability . recurrence_relation .""]",bert,,sentence-transformers/all-mpnet-base-v2
182,reason,reason,"[""random_graph . mathematics . knowledge_representation_and_reasoning . algorithm_design . natural_language_processing . natural_language . algorithm . combinatorics . system_programming . unix . mathematical_induction . mathematical_proof . computer_vision . image_processing . randomness . computer_science . number_theory . database . data_(computing) . machine_learning . graph_theory . type_system . programming_language . variable_(computer_science) . computer_programming . logic . distributed_c"", ""recursively_enumerable_set . machine_translation . integer . propositional_calculus . c++ . inter-process_communication . regular_expression . security . theoretical_computer_science . hidden_markov_model . sentiment_analysis . quantum_computer . communication . mathematical_optimization . linear_algebra . concurrency_control . database_management_system . java_(programming_language) . synchronization . boundary_value_problem . ordinary_differential_equation . probability . recurrence_relation .""]",bert,,sentence-transformers/all-mpnet-base-v2
183,compiler_optimization,compiler_optimization,"[""recursively_enumerable_set . machine_translation . integer . propositional_calculus . c++ . inter-process_communication . regular_expression . security . theoretical_computer_science . hidden_markov_model . sentiment_analysis . quantum_computer . communication . mathematical_optimization . linear_algebra . concurrency_control . database_management_system . java_(programming_language) . synchronization . boundary_value_problem . ordinary_differential_equation . probability . recurrence_relation .""]",bert,,sentence-transformers/all-mpnet-base-v2
184,assembly_language,assembly_language,"[""recursively_enumerable_set . machine_translation . integer . propositional_calculus . c++ . inter-process_communication . regular_expression . security . theoretical_computer_science . hidden_markov_model . sentiment_analysis . quantum_computer . communication . mathematical_optimization . linear_algebra . concurrency_control . database_management_system . java_(programming_language) . synchronization . boundary_value_problem . ordinary_differential_equation . probability . recurrence_relation .""]",bert,,sentence-transformers/all-mpnet-base-v2
185,embedded_system,embedded_system,"[""recursively_enumerable_set . machine_translation . integer . propositional_calculus . c++ . inter-process_communication . regular_expression . security . theoretical_computer_science . hidden_markov_model . sentiment_analysis . quantum_computer . communication . mathematical_optimization . linear_algebra . concurrency_control . database_management_system . java_(programming_language) . synchronization . boundary_value_problem . ordinary_differential_equation . probability . recurrence_relation .""]",bert,,sentence-transformers/all-mpnet-base-v2
186,concurrent_computing,concurrent_computing,"[""recursively_enumerable_set . machine_translation . integer . propositional_calculus . c++ . inter-process_communication . regular_expression . security . theoretical_computer_science . hidden_markov_model . sentiment_analysis . quantum_computer . communication . mathematical_optimization . linear_algebra . concurrency_control . database_management_system . java_(programming_language) . synchronization . boundary_value_problem . ordinary_differential_equation . probability . recurrence_relation .""]",bert,,sentence-transformers/all-mpnet-base-v2
187,signal_processing,signal_processing,"[""recursively_enumerable_set . machine_translation . integer . propositional_calculus . c++ . inter-process_communication . regular_expression . security . theoretical_computer_science . hidden_markov_model . sentiment_analysis . quantum_computer . communication . mathematical_optimization . linear_algebra . concurrency_control . database_management_system . java_(programming_language) . synchronization . boundary_value_problem . ordinary_differential_equation . probability . recurrence_relation .""]",bert,,sentence-transformers/all-mpnet-base-v2
188,pattern_matching,pattern_matching,"[""recursively_enumerable_set . machine_translation . integer . propositional_calculus . c++ . inter-process_communication . regular_expression . security . theoretical_computer_science . hidden_markov_model . sentiment_analysis . quantum_computer . communication . mathematical_optimization . linear_algebra . concurrency_control . database_management_system . java_(programming_language) . synchronization . boundary_value_problem . ordinary_differential_equation . probability . recurrence_relation .""]",bert,,sentence-transformers/all-mpnet-base-v2
189,estimation_theory,estimation_theory,"[""recursively_enumerable_set . machine_translation . integer . propositional_calculus . c++ . inter-process_communication . regular_expression . security . theoretical_computer_science . hidden_markov_model . sentiment_analysis . quantum_computer . communication . mathematical_optimization . linear_algebra . concurrency_control . database_management_system . java_(programming_language) . synchronization . boundary_value_problem . ordinary_differential_equation . probability . recurrence_relation .""]",bert,,sentence-transformers/all-mpnet-base-v2
190,recursion_(computer_science),recursion_(computer_science),"[""recursively_enumerable_set . machine_translation . integer . propositional_calculus . c++ . inter-process_communication . regular_expression . security . theoretical_computer_science . hidden_markov_model . sentiment_analysis . quantum_computer . communication . mathematical_optimization . linear_algebra . concurrency_control . database_management_system . java_(programming_language) . synchronization . boundary_value_problem . ordinary_differential_equation . probability . recurrence_relation .""]",bert,,sentence-transformers/all-mpnet-base-v2
191,game_theory,game_theory,"[""recursively_enumerable_set . machine_translation . integer . propositional_calculus . c++ . inter-process_communication . regular_expression . security . theoretical_computer_science . hidden_markov_model . sentiment_analysis . quantum_computer . communication . mathematical_optimization . linear_algebra . concurrency_control . database_management_system . java_(programming_language) . synchronization . boundary_value_problem . ordinary_differential_equation . probability . recurrence_relation .""]",bert,,sentence-transformers/all-mpnet-base-v2
192,mathematical_model,mathematical_model,"[""recursively_enumerable_set . machine_translation . integer . propositional_calculus . c++ . inter-process_communication . regular_expression . security . theoretical_computer_science . hidden_markov_model . sentiment_analysis . quantum_computer . communication . mathematical_optimization . linear_algebra . concurrency_control . database_management_system . java_(programming_language) . synchronization . boundary_value_problem . ordinary_differential_equation . probability . recurrence_relation .""]",bert,,sentence-transformers/all-mpnet-base-v2
193,image,image,"[""random_graph . mathematics . knowledge_representation_and_reasoning . algorithm_design . natural_language_processing . natural_language . algorithm . combinatorics . system_programming . unix . mathematical_induction . mathematical_proof . computer_vision . image_processing . randomness . computer_science . number_theory . database . data_(computing) . machine_learning . graph_theory . type_system . programming_language . variable_(computer_science) . computer_programming . logic . distributed_c"", ""index_(database) . computational_chemistry . suffix_tree . string_searching_algorithm . 3d_modeling . analysis_of_algorithms . finite_set . fourier_analysis . polynomial . vector_processor . parallel_computing . mobile_device . newton's_method . approximation . symbol_table . formal_language . document_classification . cryptography . reinforcement_learning . foundations_of_mathematics . partial_differential_equation . dynamic_programming . stochastic_process . continuous_function . computational"", ""recursively_enumerable_set . machine_translation . integer . propositional_calculus . c++ . inter-process_communication . regular_expression . security . theoretical_computer_science . hidden_markov_model . sentiment_analysis . quantum_computer . communication . mathematical_optimization . linear_algebra . concurrency_control . database_management_system . java_(programming_language) . synchronization . boundary_value_problem . ordinary_differential_equation . probability . recurrence_relation .""]",bert,,sentence-transformers/all-mpnet-base-v2
194,network_security,network_security,"[""recursively_enumerable_set . machine_translation . integer . propositional_calculus . c++ . inter-process_communication . regular_expression . security . theoretical_computer_science . hidden_markov_model . sentiment_analysis . quantum_computer . communication . mathematical_optimization . linear_algebra . concurrency_control . database_management_system . java_(programming_language) . synchronization . boundary_value_problem . ordinary_differential_equation . probability . recurrence_relation .""]",bert,,sentence-transformers/all-mpnet-base-v2
195,time_complexity,time_complexity,"[""recursively_enumerable_set . machine_translation . integer . propositional_calculus . c++ . inter-process_communication . regular_expression . security . theoretical_computer_science . hidden_markov_model . sentiment_analysis . quantum_computer . communication . mathematical_optimization . linear_algebra . concurrency_control . database_management_system . java_(programming_language) . synchronization . boundary_value_problem . ordinary_differential_equation . probability . recurrence_relation .""]",bert,,sentence-transformers/all-mpnet-base-v2
196,turing_machine,turing_machine,"[""recursively_enumerable_set . machine_translation . integer . propositional_calculus . c++ . inter-process_communication . regular_expression . security . theoretical_computer_science . hidden_markov_model . sentiment_analysis . quantum_computer . communication . mathematical_optimization . linear_algebra . concurrency_control . database_management_system . java_(programming_language) . synchronization . boundary_value_problem . ordinary_differential_equation . probability . recurrence_relation .""]",bert,,sentence-transformers/all-mpnet-base-v2
197,kalman_filter,kalman_filter,"[""recursively_enumerable_set . machine_translation . integer . propositional_calculus . c++ . inter-process_communication . regular_expression . security . theoretical_computer_science . hidden_markov_model . sentiment_analysis . quantum_computer . communication . mathematical_optimization . linear_algebra . concurrency_control . database_management_system . java_(programming_language) . synchronization . boundary_value_problem . ordinary_differential_equation . probability . recurrence_relation .""]",bert,,sentence-transformers/all-mpnet-base-v2
198,coding_theory,coding_theory,"[""recursively_enumerable_set . machine_translation . integer . propositional_calculus . c++ . inter-process_communication . regular_expression . security . theoretical_computer_science . hidden_markov_model . sentiment_analysis . quantum_computer . communication . mathematical_optimization . linear_algebra . concurrency_control . database_management_system . java_(programming_language) . synchronization . boundary_value_problem . ordinary_differential_equation . probability . recurrence_relation .""]",bert,,sentence-transformers/all-mpnet-base-v2
199,uncertainty,uncertainty,"[""recursively_enumerable_set . machine_translation . integer . propositional_calculus . c++ . inter-process_communication . regular_expression . security . theoretical_computer_science . hidden_markov_model . sentiment_analysis . quantum_computer . communication . mathematical_optimization . linear_algebra . concurrency_control . database_management_system . java_(programming_language) . synchronization . boundary_value_problem . ordinary_differential_equation . probability . recurrence_relation .""]",bert,,sentence-transformers/all-mpnet-base-v2
200,autonomous_robot,autonomous_robot,"[""autonomous_robot . np_(complexity) . genetic_algorithm . speech_recognition . internet . routing . motion_planning . sql . python_(programming_language) . calculus . correlation_and_dependence . monad_(functional_programming) . pipeline_(computing) . data_warehouse . programmer . interpolation . cluster_analysis . predicate_logic . finite_difference . graphics_processing_unit . transaction_processing . wireless_sensor_network . information_security . web_browser . cpu_cache . design_pattern_(com""]",bert,,sentence-transformers/all-mpnet-base-v2
201,np_(complexity),np_(complexity),"[""autonomous_robot . np_(complexity) . genetic_algorithm . speech_recognition . internet . routing . motion_planning . sql . python_(programming_language) . calculus . correlation_and_dependence . monad_(functional_programming) . pipeline_(computing) . data_warehouse . programmer . interpolation . cluster_analysis . predicate_logic . finite_difference . graphics_processing_unit . transaction_processing . wireless_sensor_network . information_security . web_browser . cpu_cache . design_pattern_(com""]",bert,,sentence-transformers/all-mpnet-base-v2
202,genetic_algorithm,genetic_algorithm,"[""autonomous_robot . np_(complexity) . genetic_algorithm . speech_recognition . internet . routing . motion_planning . sql . python_(programming_language) . calculus . correlation_and_dependence . monad_(functional_programming) . pipeline_(computing) . data_warehouse . programmer . interpolation . cluster_analysis . predicate_logic . finite_difference . graphics_processing_unit . transaction_processing . wireless_sensor_network . information_security . web_browser . cpu_cache . design_pattern_(com""]",bert,,sentence-transformers/all-mpnet-base-v2
203,speech_recognition,speech_recognition,"[""autonomous_robot . np_(complexity) . genetic_algorithm . speech_recognition . internet . routing . motion_planning . sql . python_(programming_language) . calculus . correlation_and_dependence . monad_(functional_programming) . pipeline_(computing) . data_warehouse . programmer . interpolation . cluster_analysis . predicate_logic . finite_difference . graphics_processing_unit . transaction_processing . wireless_sensor_network . information_security . web_browser . cpu_cache . design_pattern_(com""]",bert,,sentence-transformers/all-mpnet-base-v2
204,internet,internet,"[""autonomous_robot . np_(complexity) . genetic_algorithm . speech_recognition . internet . routing . motion_planning . sql . python_(programming_language) . calculus . correlation_and_dependence . monad_(functional_programming) . pipeline_(computing) . data_warehouse . programmer . interpolation . cluster_analysis . predicate_logic . finite_difference . graphics_processing_unit . transaction_processing . wireless_sensor_network . information_security . web_browser . cpu_cache . design_pattern_(com"", ""user_interface . web_search_engine . computer_software . packet_switching . shading . lazy_evaluation . computability . program_analysis . sparse_matrix . big_data . arithmetic . graph_coloring . user_interface_design . cryptanalysis . internet_protocol_suite . introduction_to_algorithms . matlab . pushdown_automaton . database_design . ml_(programming_language) . polymorphism_(computer_science) . scheduling_(computing) . microprocessor . least_squares . integral . exponential_family . automatic""]",bert,,sentence-transformers/all-mpnet-base-v2
205,routing,routing,"[""autonomous_robot . np_(complexity) . genetic_algorithm . speech_recognition . internet . routing . motion_planning . sql . python_(programming_language) . calculus . correlation_and_dependence . monad_(functional_programming) . pipeline_(computing) . data_warehouse . programmer . interpolation . cluster_analysis . predicate_logic . finite_difference . graphics_processing_unit . transaction_processing . wireless_sensor_network . information_security . web_browser . cpu_cache . design_pattern_(com""]",bert,,sentence-transformers/all-mpnet-base-v2
206,motion_planning,motion_planning,"[""autonomous_robot . np_(complexity) . genetic_algorithm . speech_recognition . internet . routing . motion_planning . sql . python_(programming_language) . calculus . correlation_and_dependence . monad_(functional_programming) . pipeline_(computing) . data_warehouse . programmer . interpolation . cluster_analysis . predicate_logic . finite_difference . graphics_processing_unit . transaction_processing . wireless_sensor_network . information_security . web_browser . cpu_cache . design_pattern_(com""]",bert,,sentence-transformers/all-mpnet-base-v2
207,sql,sql,"[""autonomous_robot . np_(complexity) . genetic_algorithm . speech_recognition . internet . routing . motion_planning . sql . python_(programming_language) . calculus . correlation_and_dependence . monad_(functional_programming) . pipeline_(computing) . data_warehouse . programmer . interpolation . cluster_analysis . predicate_logic . finite_difference . graphics_processing_unit . transaction_processing . wireless_sensor_network . information_security . web_browser . cpu_cache . design_pattern_(com"", ""run_time_(program_lifecycle_phase) . performance_tuning . database_normalization . encryption . lexical_semantics . scientific_modelling . eigenvalues_and_eigenvectors . medicine . linguistics . open_source . data_model . vector_space . multimodal_interaction . instruction_pipeline . simulation . methodology . philosophy . type_theory . intelligence . physics . infinity . genetics . data_compression . complex_systems . molecular_biology . genomics . grammar . electronic_commerce . prototype . de""]",bert,,sentence-transformers/all-mpnet-base-v2
208,python_(programming_language),python_(programming_language),"[""autonomous_robot . np_(complexity) . genetic_algorithm . speech_recognition . internet . routing . motion_planning . sql . python_(programming_language) . calculus . correlation_and_dependence . monad_(functional_programming) . pipeline_(computing) . data_warehouse . programmer . interpolation . cluster_analysis . predicate_logic . finite_difference . graphics_processing_unit . transaction_processing . wireless_sensor_network . information_security . web_browser . cpu_cache . design_pattern_(com""]",bert,,sentence-transformers/all-mpnet-base-v2
209,calculus,calculus,"[""recursively_enumerable_set . machine_translation . integer . propositional_calculus . c++ . inter-process_communication . regular_expression . security . theoretical_computer_science . hidden_markov_model . sentiment_analysis . quantum_computer . communication . mathematical_optimization . linear_algebra . concurrency_control . database_management_system . java_(programming_language) . synchronization . boundary_value_problem . ordinary_differential_equation . probability . recurrence_relation ."", ""autonomous_robot . np_(complexity) . genetic_algorithm . speech_recognition . internet . routing . motion_planning . sql . python_(programming_language) . calculus . correlation_and_dependence . monad_(functional_programming) . pipeline_(computing) . data_warehouse . programmer . interpolation . cluster_analysis . predicate_logic . finite_difference . graphics_processing_unit . transaction_processing . wireless_sensor_network . information_security . web_browser . cpu_cache . design_pattern_(com"", ""user_interface . web_search_engine . computer_software . packet_switching . shading . lazy_evaluation . computability . program_analysis . sparse_matrix . big_data . arithmetic . graph_coloring . user_interface_design . cryptanalysis . internet_protocol_suite . introduction_to_algorithms . matlab . pushdown_automaton . database_design . ml_(programming_language) . polymorphism_(computer_science) . scheduling_(computing) . microprocessor . least_squares . integral . exponential_family . automatic""]",bert,,sentence-transformers/all-mpnet-base-v2
210,correlation_and_dependence,correlation_and_dependence,"[""autonomous_robot . np_(complexity) . genetic_algorithm . speech_recognition . internet . routing . motion_planning . sql . python_(programming_language) . calculus . correlation_and_dependence . monad_(functional_programming) . pipeline_(computing) . data_warehouse . programmer . interpolation . cluster_analysis . predicate_logic . finite_difference . graphics_processing_unit . transaction_processing . wireless_sensor_network . information_security . web_browser . cpu_cache . design_pattern_(com""]",bert,,sentence-transformers/all-mpnet-base-v2
211,monad_(functional_programming),monad_(functional_programming),"[""autonomous_robot . np_(complexity) . genetic_algorithm . speech_recognition . internet . routing . motion_planning . sql . python_(programming_language) . calculus . correlation_and_dependence . monad_(functional_programming) . pipeline_(computing) . data_warehouse . programmer . interpolation . cluster_analysis . predicate_logic . finite_difference . graphics_processing_unit . transaction_processing . wireless_sensor_network . information_security . web_browser . cpu_cache . design_pattern_(com""]",bert,,sentence-transformers/all-mpnet-base-v2
212,pipeline_(computing),pipeline_(computing),"[""autonomous_robot . np_(complexity) . genetic_algorithm . speech_recognition . internet . routing . motion_planning . sql . python_(programming_language) . calculus . correlation_and_dependence . monad_(functional_programming) . pipeline_(computing) . data_warehouse . programmer . interpolation . cluster_analysis . predicate_logic . finite_difference . graphics_processing_unit . transaction_processing . wireless_sensor_network . information_security . web_browser . cpu_cache . design_pattern_(com""]",bert,,sentence-transformers/all-mpnet-base-v2
213,data_warehouse,data_warehouse,"[""autonomous_robot . np_(complexity) . genetic_algorithm . speech_recognition . internet . routing . motion_planning . sql . python_(programming_language) . calculus . correlation_and_dependence . monad_(functional_programming) . pipeline_(computing) . data_warehouse . programmer . interpolation . cluster_analysis . predicate_logic . finite_difference . graphics_processing_unit . transaction_processing . wireless_sensor_network . information_security . web_browser . cpu_cache . design_pattern_(com""]",bert,,sentence-transformers/all-mpnet-base-v2
214,programmer,programmer,"[""autonomous_robot . np_(complexity) . genetic_algorithm . speech_recognition . internet . routing . motion_planning . sql . python_(programming_language) . calculus . correlation_and_dependence . monad_(functional_programming) . pipeline_(computing) . data_warehouse . programmer . interpolation . cluster_analysis . predicate_logic . finite_difference . graphics_processing_unit . transaction_processing . wireless_sensor_network . information_security . web_browser . cpu_cache . design_pattern_(com""]",bert,,sentence-transformers/all-mpnet-base-v2
215,interpolation,interpolation,"[""autonomous_robot . np_(complexity) . genetic_algorithm . speech_recognition . internet . routing . motion_planning . sql . python_(programming_language) . calculus . correlation_and_dependence . monad_(functional_programming) . pipeline_(computing) . data_warehouse . programmer . interpolation . cluster_analysis . predicate_logic . finite_difference . graphics_processing_unit . transaction_processing . wireless_sensor_network . information_security . web_browser . cpu_cache . design_pattern_(com""]",bert,,sentence-transformers/all-mpnet-base-v2
216,cluster_analysis,cluster_analysis,"[""autonomous_robot . np_(complexity) . genetic_algorithm . speech_recognition . internet . routing . motion_planning . sql . python_(programming_language) . calculus . correlation_and_dependence . monad_(functional_programming) . pipeline_(computing) . data_warehouse . programmer . interpolation . cluster_analysis . predicate_logic . finite_difference . graphics_processing_unit . transaction_processing . wireless_sensor_network . information_security . web_browser . cpu_cache . design_pattern_(com""]",bert,,sentence-transformers/all-mpnet-base-v2
217,predicate_logic,predicate_logic,"[""autonomous_robot . np_(complexity) . genetic_algorithm . speech_recognition . internet . routing . motion_planning . sql . python_(programming_language) . calculus . correlation_and_dependence . monad_(functional_programming) . pipeline_(computing) . data_warehouse . programmer . interpolation . cluster_analysis . predicate_logic . finite_difference . graphics_processing_unit . transaction_processing . wireless_sensor_network . information_security . web_browser . cpu_cache . design_pattern_(com""]",bert,,sentence-transformers/all-mpnet-base-v2
218,finite_difference,finite_difference,"[""autonomous_robot . np_(complexity) . genetic_algorithm . speech_recognition . internet . routing . motion_planning . sql . python_(programming_language) . calculus . correlation_and_dependence . monad_(functional_programming) . pipeline_(computing) . data_warehouse . programmer . interpolation . cluster_analysis . predicate_logic . finite_difference . graphics_processing_unit . transaction_processing . wireless_sensor_network . information_security . web_browser . cpu_cache . design_pattern_(com""]",bert,,sentence-transformers/all-mpnet-base-v2
219,graphics_processing_unit,graphics_processing_unit,"[""autonomous_robot . np_(complexity) . genetic_algorithm . speech_recognition . internet . routing . motion_planning . sql . python_(programming_language) . calculus . correlation_and_dependence . monad_(functional_programming) . pipeline_(computing) . data_warehouse . programmer . interpolation . cluster_analysis . predicate_logic . finite_difference . graphics_processing_unit . transaction_processing . wireless_sensor_network . information_security . web_browser . cpu_cache . design_pattern_(com""]",bert,,sentence-transformers/all-mpnet-base-v2
220,transaction_processing,transaction_processing,"[""autonomous_robot . np_(complexity) . genetic_algorithm . speech_recognition . internet . routing . motion_planning . sql . python_(programming_language) . calculus . correlation_and_dependence . monad_(functional_programming) . pipeline_(computing) . data_warehouse . programmer . interpolation . cluster_analysis . predicate_logic . finite_difference . graphics_processing_unit . transaction_processing . wireless_sensor_network . information_security . web_browser . cpu_cache . design_pattern_(com""]",bert,,sentence-transformers/all-mpnet-base-v2
221,wireless_sensor_network,wireless_sensor_network,"[""autonomous_robot . np_(complexity) . genetic_algorithm . speech_recognition . internet . routing . motion_planning . sql . python_(programming_language) . calculus . correlation_and_dependence . monad_(functional_programming) . pipeline_(computing) . data_warehouse . programmer . interpolation . cluster_analysis . predicate_logic . finite_difference . graphics_processing_unit . transaction_processing . wireless_sensor_network . information_security . web_browser . cpu_cache . design_pattern_(com""]",bert,,sentence-transformers/all-mpnet-base-v2
222,information_security,information_security,"[""autonomous_robot . np_(complexity) . genetic_algorithm . speech_recognition . internet . routing . motion_planning . sql . python_(programming_language) . calculus . correlation_and_dependence . monad_(functional_programming) . pipeline_(computing) . data_warehouse . programmer . interpolation . cluster_analysis . predicate_logic . finite_difference . graphics_processing_unit . transaction_processing . wireless_sensor_network . information_security . web_browser . cpu_cache . design_pattern_(com""]",bert,,sentence-transformers/all-mpnet-base-v2
223,web_browser,web_browser,"[""autonomous_robot . np_(complexity) . genetic_algorithm . speech_recognition . internet . routing . motion_planning . sql . python_(programming_language) . calculus . correlation_and_dependence . monad_(functional_programming) . pipeline_(computing) . data_warehouse . programmer . interpolation . cluster_analysis . predicate_logic . finite_difference . graphics_processing_unit . transaction_processing . wireless_sensor_network . information_security . web_browser . cpu_cache . design_pattern_(com""]",bert,,sentence-transformers/all-mpnet-base-v2
224,cpu_cache,cpu_cache,"[""autonomous_robot . np_(complexity) . genetic_algorithm . speech_recognition . internet . routing . motion_planning . sql . python_(programming_language) . calculus . correlation_and_dependence . monad_(functional_programming) . pipeline_(computing) . data_warehouse . programmer . interpolation . cluster_analysis . predicate_logic . finite_difference . graphics_processing_unit . transaction_processing . wireless_sensor_network . information_security . web_browser . cpu_cache . design_pattern_(com""]",bert,,sentence-transformers/all-mpnet-base-v2
225,design_pattern_(computer_science),design_pattern_(computer_science),"[""autonomous_robot . np_(complexity) . genetic_algorithm . speech_recognition . internet . routing . motion_planning . sql . python_(programming_language) . calculus . correlation_and_dependence . monad_(functional_programming) . pipeline_(computing) . data_warehouse . programmer . interpolation . cluster_analysis . predicate_logic . finite_difference . graphics_processing_unit . transaction_processing . wireless_sensor_network . information_security . web_browser . cpu_cache . design_pattern_(com""]",bert,,sentence-transformers/all-mpnet-base-v2
226,randomized_algorithm,randomized_algorithm,"[""autonomous_robot . np_(complexity) . genetic_algorithm . speech_recognition . internet . routing . motion_planning . sql . python_(programming_language) . calculus . correlation_and_dependence . monad_(functional_programming) . pipeline_(computing) . data_warehouse . programmer . interpolation . cluster_analysis . predicate_logic . finite_difference . graphics_processing_unit . transaction_processing . wireless_sensor_network . information_security . web_browser . cpu_cache . design_pattern_(com""]",bert,,sentence-transformers/all-mpnet-base-v2
227,object_(computer_science),object_(computer_science),"[""autonomous_robot . np_(complexity) . genetic_algorithm . speech_recognition . internet . routing . motion_planning . sql . python_(programming_language) . calculus . correlation_and_dependence . monad_(functional_programming) . pipeline_(computing) . data_warehouse . programmer . interpolation . cluster_analysis . predicate_logic . finite_difference . graphics_processing_unit . transaction_processing . wireless_sensor_network . information_security . web_browser . cpu_cache . design_pattern_(com""]",bert,,sentence-transformers/all-mpnet-base-v2
228,application_software,application_software,"[""autonomous_robot . np_(complexity) . genetic_algorithm . speech_recognition . internet . routing . motion_planning . sql . python_(programming_language) . calculus . correlation_and_dependence . monad_(functional_programming) . pipeline_(computing) . data_warehouse . programmer . interpolation . cluster_analysis . predicate_logic . finite_difference . graphics_processing_unit . transaction_processing . wireless_sensor_network . information_security . web_browser . cpu_cache . design_pattern_(com""]",bert,,sentence-transformers/all-mpnet-base-v2
229,neural_network,neural_network,"[""autonomous_robot . np_(complexity) . genetic_algorithm . speech_recognition . internet . routing . motion_planning . sql . python_(programming_language) . calculus . correlation_and_dependence . monad_(functional_programming) . pipeline_(computing) . data_warehouse . programmer . interpolation . cluster_analysis . predicate_logic . finite_difference . graphics_processing_unit . transaction_processing . wireless_sensor_network . information_security . web_browser . cpu_cache . design_pattern_(com""]",bert,,sentence-transformers/all-mpnet-base-v2
230,parametric_polymorphism,parametric_polymorphism,"[""autonomous_robot . np_(complexity) . genetic_algorithm . speech_recognition . internet . routing . motion_planning . sql . python_(programming_language) . calculus . correlation_and_dependence . monad_(functional_programming) . pipeline_(computing) . data_warehouse . programmer . interpolation . cluster_analysis . predicate_logic . finite_difference . graphics_processing_unit . transaction_processing . wireless_sensor_network . information_security . web_browser . cpu_cache . design_pattern_(com""]",bert,,sentence-transformers/all-mpnet-base-v2
231,best _worst_and_average_case,best _worst_and_average_case,"[""autonomous_robot . np_(complexity) . genetic_algorithm . speech_recognition . internet . routing . motion_planning . sql . python_(programming_language) . calculus . correlation_and_dependence . monad_(functional_programming) . pipeline_(computing) . data_warehouse . programmer . interpolation . cluster_analysis . predicate_logic . finite_difference . graphics_processing_unit . transaction_processing . wireless_sensor_network . information_security . web_browser . cpu_cache . design_pattern_(com""]",bert,,sentence-transformers/all-mpnet-base-v2
232,model_checking,model_checking,"[""autonomous_robot . np_(complexity) . genetic_algorithm . speech_recognition . internet . routing . motion_planning . sql . python_(programming_language) . calculus . correlation_and_dependence . monad_(functional_programming) . pipeline_(computing) . data_warehouse . programmer . interpolation . cluster_analysis . predicate_logic . finite_difference . graphics_processing_unit . transaction_processing . wireless_sensor_network . information_security . web_browser . cpu_cache . design_pattern_(com""]",bert,,sentence-transformers/all-mpnet-base-v2
233,context-free_language,context-free_language,"[""autonomous_robot . np_(complexity) . genetic_algorithm . speech_recognition . internet . routing . motion_planning . sql . python_(programming_language) . calculus . correlation_and_dependence . monad_(functional_programming) . pipeline_(computing) . data_warehouse . programmer . interpolation . cluster_analysis . predicate_logic . finite_difference . graphics_processing_unit . transaction_processing . wireless_sensor_network . information_security . web_browser . cpu_cache . design_pattern_(com""]",bert,,sentence-transformers/all-mpnet-base-v2
234,discrete_mathematics,discrete_mathematics,"[""autonomous_robot . np_(complexity) . genetic_algorithm . speech_recognition . internet . routing . motion_planning . sql . python_(programming_language) . calculus . correlation_and_dependence . monad_(functional_programming) . pipeline_(computing) . data_warehouse . programmer . interpolation . cluster_analysis . predicate_logic . finite_difference . graphics_processing_unit . transaction_processing . wireless_sensor_network . information_security . web_browser . cpu_cache . design_pattern_(com""]",bert,,sentence-transformers/all-mpnet-base-v2
235,pspace,pspace,"[""autonomous_robot . np_(complexity) . genetic_algorithm . speech_recognition . internet . routing . motion_planning . sql . python_(programming_language) . calculus . correlation_and_dependence . monad_(functional_programming) . pipeline_(computing) . data_warehouse . programmer . interpolation . cluster_analysis . predicate_logic . finite_difference . graphics_processing_unit . transaction_processing . wireless_sensor_network . information_security . web_browser . cpu_cache . design_pattern_(com""]",bert,,sentence-transformers/all-mpnet-base-v2
236,graph_(mathematics),graph_(mathematics),"[""autonomous_robot . np_(complexity) . genetic_algorithm . speech_recognition . internet . routing . motion_planning . sql . python_(programming_language) . calculus . correlation_and_dependence . monad_(functional_programming) . pipeline_(computing) . data_warehouse . programmer . interpolation . cluster_analysis . predicate_logic . finite_difference . graphics_processing_unit . transaction_processing . wireless_sensor_network . information_security . web_browser . cpu_cache . design_pattern_(com""]",bert,,sentence-transformers/all-mpnet-base-v2
237,semantics_of_programming_languages,semantics_of_programming_languages,"[""autonomous_robot . np_(complexity) . genetic_algorithm . speech_recognition . internet . routing . motion_planning . sql . python_(programming_language) . calculus . correlation_and_dependence . monad_(functional_programming) . pipeline_(computing) . data_warehouse . programmer . interpolation . cluster_analysis . predicate_logic . finite_difference . graphics_processing_unit . transaction_processing . wireless_sensor_network . information_security . web_browser . cpu_cache . design_pattern_(com""]",bert,,sentence-transformers/all-mpnet-base-v2
238,hash_table,hash_table,"[""autonomous_robot . np_(complexity) . genetic_algorithm . speech_recognition . internet . routing . motion_planning . sql . python_(programming_language) . calculus . correlation_and_dependence . monad_(functional_programming) . pipeline_(computing) . data_warehouse . programmer . interpolation . cluster_analysis . predicate_logic . finite_difference . graphics_processing_unit . transaction_processing . wireless_sensor_network . information_security . web_browser . cpu_cache . design_pattern_(com""]",bert,,sentence-transformers/all-mpnet-base-v2
239,deadlock,deadlock,"[""autonomous_robot . np_(complexity) . genetic_algorithm . speech_recognition . internet . routing . motion_planning . sql . python_(programming_language) . calculus . correlation_and_dependence . monad_(functional_programming) . pipeline_(computing) . data_warehouse . programmer . interpolation . cluster_analysis . predicate_logic . finite_difference . graphics_processing_unit . transaction_processing . wireless_sensor_network . information_security . web_browser . cpu_cache . design_pattern_(com""]",bert,,sentence-transformers/all-mpnet-base-v2
240,system_call,system_call,"[""autonomous_robot . np_(complexity) . genetic_algorithm . speech_recognition . internet . routing . motion_planning . sql . python_(programming_language) . calculus . correlation_and_dependence . monad_(functional_programming) . pipeline_(computing) . data_warehouse . programmer . interpolation . cluster_analysis . predicate_logic . finite_difference . graphics_processing_unit . transaction_processing . wireless_sensor_network . information_security . web_browser . cpu_cache . design_pattern_(com""]",bert,,sentence-transformers/all-mpnet-base-v2
241,lisp_(programming_language),lisp_(programming_language),"[""autonomous_robot . np_(complexity) . genetic_algorithm . speech_recognition . internet . routing . motion_planning . sql . python_(programming_language) . calculus . correlation_and_dependence . monad_(functional_programming) . pipeline_(computing) . data_warehouse . programmer . interpolation . cluster_analysis . predicate_logic . finite_difference . graphics_processing_unit . transaction_processing . wireless_sensor_network . information_security . web_browser . cpu_cache . design_pattern_(com""]",bert,,sentence-transformers/all-mpnet-base-v2
242,gradient_descent,gradient_descent,"[""autonomous_robot . np_(complexity) . genetic_algorithm . speech_recognition . internet . routing . motion_planning . sql . python_(programming_language) . calculus . correlation_and_dependence . monad_(functional_programming) . pipeline_(computing) . data_warehouse . programmer . interpolation . cluster_analysis . predicate_logic . finite_difference . graphics_processing_unit . transaction_processing . wireless_sensor_network . information_security . web_browser . cpu_cache . design_pattern_(com""]",bert,,sentence-transformers/all-mpnet-base-v2
243,problem_solving,problem_solving,"[""autonomous_robot . np_(complexity) . genetic_algorithm . speech_recognition . internet . routing . motion_planning . sql . python_(programming_language) . calculus . correlation_and_dependence . monad_(functional_programming) . pipeline_(computing) . data_warehouse . programmer . interpolation . cluster_analysis . predicate_logic . finite_difference . graphics_processing_unit . transaction_processing . wireless_sensor_network . information_security . web_browser . cpu_cache . design_pattern_(com""]",bert,,sentence-transformers/all-mpnet-base-v2
244,perl,perl,"[""autonomous_robot . np_(complexity) . genetic_algorithm . speech_recognition . internet . routing . motion_planning . sql . python_(programming_language) . calculus . correlation_and_dependence . monad_(functional_programming) . pipeline_(computing) . data_warehouse . programmer . interpolation . cluster_analysis . predicate_logic . finite_difference . graphics_processing_unit . transaction_processing . wireless_sensor_network . information_security . web_browser . cpu_cache . design_pattern_(com""]",bert,,sentence-transformers/all-mpnet-base-v2
245,pattern_recognition,pattern_recognition,"[""autonomous_robot . np_(complexity) . genetic_algorithm . speech_recognition . internet . routing . motion_planning . sql . python_(programming_language) . calculus . correlation_and_dependence . monad_(functional_programming) . pipeline_(computing) . data_warehouse . programmer . interpolation . cluster_analysis . predicate_logic . finite_difference . graphics_processing_unit . transaction_processing . wireless_sensor_network . information_security . web_browser . cpu_cache . design_pattern_(com""]",bert,,sentence-transformers/all-mpnet-base-v2
246,volume_rendering,volume_rendering,"[""autonomous_robot . np_(complexity) . genetic_algorithm . speech_recognition . internet . routing . motion_planning . sql . python_(programming_language) . calculus . correlation_and_dependence . monad_(functional_programming) . pipeline_(computing) . data_warehouse . programmer . interpolation . cluster_analysis . predicate_logic . finite_difference . graphics_processing_unit . transaction_processing . wireless_sensor_network . information_security . web_browser . cpu_cache . design_pattern_(com""]",bert,,sentence-transformers/all-mpnet-base-v2
247,randomization,randomization,"[""autonomous_robot . np_(complexity) . genetic_algorithm . speech_recognition . internet . routing . motion_planning . sql . python_(programming_language) . calculus . correlation_and_dependence . monad_(functional_programming) . pipeline_(computing) . data_warehouse . programmer . interpolation . cluster_analysis . predicate_logic . finite_difference . graphics_processing_unit . transaction_processing . wireless_sensor_network . information_security . web_browser . cpu_cache . design_pattern_(com""]",bert,,sentence-transformers/all-mpnet-base-v2
248,parallel_algorithm,parallel_algorithm,"[""autonomous_robot . np_(complexity) . genetic_algorithm . speech_recognition . internet . routing . motion_planning . sql . python_(programming_language) . calculus . correlation_and_dependence . monad_(functional_programming) . pipeline_(computing) . data_warehouse . programmer . interpolation . cluster_analysis . predicate_logic . finite_difference . graphics_processing_unit . transaction_processing . wireless_sensor_network . information_security . web_browser . cpu_cache . design_pattern_(com""]",bert,,sentence-transformers/all-mpnet-base-v2
249,interaction_design,interaction_design,"[""autonomous_robot . np_(complexity) . genetic_algorithm . speech_recognition . internet . routing . motion_planning . sql . python_(programming_language) . calculus . correlation_and_dependence . monad_(functional_programming) . pipeline_(computing) . data_warehouse . programmer . interpolation . cluster_analysis . predicate_logic . finite_difference . graphics_processing_unit . transaction_processing . wireless_sensor_network . information_security . web_browser . cpu_cache . design_pattern_(com""]",bert,,sentence-transformers/all-mpnet-base-v2
250,user_interface,user_interface,"[""random_graph . mathematics . knowledge_representation_and_reasoning . algorithm_design . natural_language_processing . natural_language . algorithm . combinatorics . system_programming . unix . mathematical_induction . mathematical_proof . computer_vision . image_processing . randomness . computer_science . number_theory . database . data_(computing) . machine_learning . graph_theory . type_system . programming_language . variable_(computer_science) . computer_programming . logic . distributed_c"", ""user_interface . web_search_engine . computer_software . packet_switching . shading . lazy_evaluation . computability . program_analysis . sparse_matrix . big_data . arithmetic . graph_coloring . user_interface_design . cryptanalysis . internet_protocol_suite . introduction_to_algorithms . matlab . pushdown_automaton . database_design . ml_(programming_language) . polymorphism_(computer_science) . scheduling_(computing) . microprocessor . least_squares . integral . exponential_family . automatic""]",bert,,sentence-transformers/all-mpnet-base-v2
251,web_search_engine,web_search_engine,"[""user_interface . web_search_engine . computer_software . packet_switching . shading . lazy_evaluation . computability . program_analysis . sparse_matrix . big_data . arithmetic . graph_coloring . user_interface_design . cryptanalysis . internet_protocol_suite . introduction_to_algorithms . matlab . pushdown_automaton . database_design . ml_(programming_language) . polymorphism_(computer_science) . scheduling_(computing) . microprocessor . least_squares . integral . exponential_family . automatic""]",bert,,sentence-transformers/all-mpnet-base-v2
252,computer_software,computer_software,"[""user_interface . web_search_engine . computer_software . packet_switching . shading . lazy_evaluation . computability . program_analysis . sparse_matrix . big_data . arithmetic . graph_coloring . user_interface_design . cryptanalysis . internet_protocol_suite . introduction_to_algorithms . matlab . pushdown_automaton . database_design . ml_(programming_language) . polymorphism_(computer_science) . scheduling_(computing) . microprocessor . least_squares . integral . exponential_family . automatic""]",bert,,sentence-transformers/all-mpnet-base-v2
253,packet_switching,packet_switching,"[""user_interface . web_search_engine . computer_software . packet_switching . shading . lazy_evaluation . computability . program_analysis . sparse_matrix . big_data . arithmetic . graph_coloring . user_interface_design . cryptanalysis . internet_protocol_suite . introduction_to_algorithms . matlab . pushdown_automaton . database_design . ml_(programming_language) . polymorphism_(computer_science) . scheduling_(computing) . microprocessor . least_squares . integral . exponential_family . automatic""]",bert,,sentence-transformers/all-mpnet-base-v2
254,shading,shading,"[""user_interface . web_search_engine . computer_software . packet_switching . shading . lazy_evaluation . computability . program_analysis . sparse_matrix . big_data . arithmetic . graph_coloring . user_interface_design . cryptanalysis . internet_protocol_suite . introduction_to_algorithms . matlab . pushdown_automaton . database_design . ml_(programming_language) . polymorphism_(computer_science) . scheduling_(computing) . microprocessor . least_squares . integral . exponential_family . automatic""]",bert,,sentence-transformers/all-mpnet-base-v2
255,lazy_evaluation,lazy_evaluation,"[""user_interface . web_search_engine . computer_software . packet_switching . shading . lazy_evaluation . computability . program_analysis . sparse_matrix . big_data . arithmetic . graph_coloring . user_interface_design . cryptanalysis . internet_protocol_suite . introduction_to_algorithms . matlab . pushdown_automaton . database_design . ml_(programming_language) . polymorphism_(computer_science) . scheduling_(computing) . microprocessor . least_squares . integral . exponential_family . automatic""]",bert,,sentence-transformers/all-mpnet-base-v2
256,computability,computability,"[""user_interface . web_search_engine . computer_software . packet_switching . shading . lazy_evaluation . computability . program_analysis . sparse_matrix . big_data . arithmetic . graph_coloring . user_interface_design . cryptanalysis . internet_protocol_suite . introduction_to_algorithms . matlab . pushdown_automaton . database_design . ml_(programming_language) . polymorphism_(computer_science) . scheduling_(computing) . microprocessor . least_squares . integral . exponential_family . automatic""]",bert,,sentence-transformers/all-mpnet-base-v2
257,program_analysis,program_analysis,"[""user_interface . web_search_engine . computer_software . packet_switching . shading . lazy_evaluation . computability . program_analysis . sparse_matrix . big_data . arithmetic . graph_coloring . user_interface_design . cryptanalysis . internet_protocol_suite . introduction_to_algorithms . matlab . pushdown_automaton . database_design . ml_(programming_language) . polymorphism_(computer_science) . scheduling_(computing) . microprocessor . least_squares . integral . exponential_family . automatic""]",bert,,sentence-transformers/all-mpnet-base-v2
258,sparse_matrix,sparse_matrix,"[""user_interface . web_search_engine . computer_software . packet_switching . shading . lazy_evaluation . computability . program_analysis . sparse_matrix . big_data . arithmetic . graph_coloring . user_interface_design . cryptanalysis . internet_protocol_suite . introduction_to_algorithms . matlab . pushdown_automaton . database_design . ml_(programming_language) . polymorphism_(computer_science) . scheduling_(computing) . microprocessor . least_squares . integral . exponential_family . automatic""]",bert,,sentence-transformers/all-mpnet-base-v2
259,big_data,big_data,"[""user_interface . web_search_engine . computer_software . packet_switching . shading . lazy_evaluation . computability . program_analysis . sparse_matrix . big_data . arithmetic . graph_coloring . user_interface_design . cryptanalysis . internet_protocol_suite . introduction_to_algorithms . matlab . pushdown_automaton . database_design . ml_(programming_language) . polymorphism_(computer_science) . scheduling_(computing) . microprocessor . least_squares . integral . exponential_family . automatic""]",bert,,sentence-transformers/all-mpnet-base-v2
260,arithmetic,arithmetic,"[""complexity . statistical_inference . data . martingale_(probability_theory) . markov_chain . arithmetic_logic_unit . digital_electronics . data_mining . artificial_intelligence . divide_and_conquer_algorithm . robotics . robot . computer_security . cache_coherence . shared_memory . parsing . finite-state_machine . malware . authentication . firewall_(computing) . information_assurance . relational_model . compiler . computer_architecture . atomicity_(database_systems) . bioinformatics . b-tree ."", ""user_interface . web_search_engine . computer_software . packet_switching . shading . lazy_evaluation . computability . program_analysis . sparse_matrix . big_data . arithmetic . graph_coloring . user_interface_design . cryptanalysis . internet_protocol_suite . introduction_to_algorithms . matlab . pushdown_automaton . database_design . ml_(programming_language) . polymorphism_(computer_science) . scheduling_(computing) . microprocessor . least_squares . integral . exponential_family . automatic"", ""javascript . decision_theory . memory_management . halting_problem . linear_system . syntax . round-off_error . structured_programming . hidden_line_removal . queue_(data_structure) . array_data_structure . nonlinear_system . application_programming_interface . processor_register . stack_(data_structure) . scientific_visualization . garbage_collection_(computer_science) . prolog . logic_programming . dynamic_memory_allocation . software_testing . telecommunications_network . stochastic . 3d_comp""]",bert,,sentence-transformers/all-mpnet-base-v2
261,graph_coloring,graph_coloring,"[""user_interface . web_search_engine . computer_software . packet_switching . shading . lazy_evaluation . computability . program_analysis . sparse_matrix . big_data . arithmetic . graph_coloring . user_interface_design . cryptanalysis . internet_protocol_suite . introduction_to_algorithms . matlab . pushdown_automaton . database_design . ml_(programming_language) . polymorphism_(computer_science) . scheduling_(computing) . microprocessor . least_squares . integral . exponential_family . automatic""]",bert,,sentence-transformers/all-mpnet-base-v2
262,user_interface_design,user_interface_design,"[""user_interface . web_search_engine . computer_software . packet_switching . shading . lazy_evaluation . computability . program_analysis . sparse_matrix . big_data . arithmetic . graph_coloring . user_interface_design . cryptanalysis . internet_protocol_suite . introduction_to_algorithms . matlab . pushdown_automaton . database_design . ml_(programming_language) . polymorphism_(computer_science) . scheduling_(computing) . microprocessor . least_squares . integral . exponential_family . automatic""]",bert,,sentence-transformers/all-mpnet-base-v2
263,cryptanalysis,cryptanalysis,"[""user_interface . web_search_engine . computer_software . packet_switching . shading . lazy_evaluation . computability . program_analysis . sparse_matrix . big_data . arithmetic . graph_coloring . user_interface_design . cryptanalysis . internet_protocol_suite . introduction_to_algorithms . matlab . pushdown_automaton . database_design . ml_(programming_language) . polymorphism_(computer_science) . scheduling_(computing) . microprocessor . least_squares . integral . exponential_family . automatic""]",bert,,sentence-transformers/all-mpnet-base-v2
264,internet_protocol_suite,internet_protocol_suite,"[""user_interface . web_search_engine . computer_software . packet_switching . shading . lazy_evaluation . computability . program_analysis . sparse_matrix . big_data . arithmetic . graph_coloring . user_interface_design . cryptanalysis . internet_protocol_suite . introduction_to_algorithms . matlab . pushdown_automaton . database_design . ml_(programming_language) . polymorphism_(computer_science) . scheduling_(computing) . microprocessor . least_squares . integral . exponential_family . automatic""]",bert,,sentence-transformers/all-mpnet-base-v2
265,introduction_to_algorithms,introduction_to_algorithms,"[""user_interface . web_search_engine . computer_software . packet_switching . shading . lazy_evaluation . computability . program_analysis . sparse_matrix . big_data . arithmetic . graph_coloring . user_interface_design . cryptanalysis . internet_protocol_suite . introduction_to_algorithms . matlab . pushdown_automaton . database_design . ml_(programming_language) . polymorphism_(computer_science) . scheduling_(computing) . microprocessor . least_squares . integral . exponential_family . automatic""]",bert,,sentence-transformers/all-mpnet-base-v2
266,matlab,matlab,"[""user_interface . web_search_engine . computer_software . packet_switching . shading . lazy_evaluation . computability . program_analysis . sparse_matrix . big_data . arithmetic . graph_coloring . user_interface_design . cryptanalysis . internet_protocol_suite . introduction_to_algorithms . matlab . pushdown_automaton . database_design . ml_(programming_language) . polymorphism_(computer_science) . scheduling_(computing) . microprocessor . least_squares . integral . exponential_family . automatic""]",bert,,sentence-transformers/all-mpnet-base-v2
267,pushdown_automaton,pushdown_automaton,"[""user_interface . web_search_engine . computer_software . packet_switching . shading . lazy_evaluation . computability . program_analysis . sparse_matrix . big_data . arithmetic . graph_coloring . user_interface_design . cryptanalysis . internet_protocol_suite . introduction_to_algorithms . matlab . pushdown_automaton . database_design . ml_(programming_language) . polymorphism_(computer_science) . scheduling_(computing) . microprocessor . least_squares . integral . exponential_family . automatic""]",bert,,sentence-transformers/all-mpnet-base-v2
268,database_design,database_design,"[""user_interface . web_search_engine . computer_software . packet_switching . shading . lazy_evaluation . computability . program_analysis . sparse_matrix . big_data . arithmetic . graph_coloring . user_interface_design . cryptanalysis . internet_protocol_suite . introduction_to_algorithms . matlab . pushdown_automaton . database_design . ml_(programming_language) . polymorphism_(computer_science) . scheduling_(computing) . microprocessor . least_squares . integral . exponential_family . automatic""]",bert,,sentence-transformers/all-mpnet-base-v2
269,ml_(programming_language),ml_(programming_language),"[""user_interface . web_search_engine . computer_software . packet_switching . shading . lazy_evaluation . computability . program_analysis . sparse_matrix . big_data . arithmetic . graph_coloring . user_interface_design . cryptanalysis . internet_protocol_suite . introduction_to_algorithms . matlab . pushdown_automaton . database_design . ml_(programming_language) . polymorphism_(computer_science) . scheduling_(computing) . microprocessor . least_squares . integral . exponential_family . automatic""]",bert,,sentence-transformers/all-mpnet-base-v2
270,polymorphism_(computer_science),polymorphism_(computer_science),"[""user_interface . web_search_engine . computer_software . packet_switching . shading . lazy_evaluation . computability . program_analysis . sparse_matrix . big_data . arithmetic . graph_coloring . user_interface_design . cryptanalysis . internet_protocol_suite . introduction_to_algorithms . matlab . pushdown_automaton . database_design . ml_(programming_language) . polymorphism_(computer_science) . scheduling_(computing) . microprocessor . least_squares . integral . exponential_family . automatic""]",bert,,sentence-transformers/all-mpnet-base-v2
271,scheduling_(computing),scheduling_(computing),"[""user_interface . web_search_engine . computer_software . packet_switching . shading . lazy_evaluation . computability . program_analysis . sparse_matrix . big_data . arithmetic . graph_coloring . user_interface_design . cryptanalysis . internet_protocol_suite . introduction_to_algorithms . matlab . pushdown_automaton . database_design . ml_(programming_language) . polymorphism_(computer_science) . scheduling_(computing) . microprocessor . least_squares . integral . exponential_family . automatic""]",bert,,sentence-transformers/all-mpnet-base-v2
272,microprocessor,microprocessor,"[""user_interface . web_search_engine . computer_software . packet_switching . shading . lazy_evaluation . computability . program_analysis . sparse_matrix . big_data . arithmetic . graph_coloring . user_interface_design . cryptanalysis . internet_protocol_suite . introduction_to_algorithms . matlab . pushdown_automaton . database_design . ml_(programming_language) . polymorphism_(computer_science) . scheduling_(computing) . microprocessor . least_squares . integral . exponential_family . automatic""]",bert,,sentence-transformers/all-mpnet-base-v2
273,least_squares,least_squares,"[""user_interface . web_search_engine . computer_software . packet_switching . shading . lazy_evaluation . computability . program_analysis . sparse_matrix . big_data . arithmetic . graph_coloring . user_interface_design . cryptanalysis . internet_protocol_suite . introduction_to_algorithms . matlab . pushdown_automaton . database_design . ml_(programming_language) . polymorphism_(computer_science) . scheduling_(computing) . microprocessor . least_squares . integral . exponential_family . automatic""]",bert,,sentence-transformers/all-mpnet-base-v2
274,integral,integral,"[""user_interface . web_search_engine . computer_software . packet_switching . shading . lazy_evaluation . computability . program_analysis . sparse_matrix . big_data . arithmetic . graph_coloring . user_interface_design . cryptanalysis . internet_protocol_suite . introduction_to_algorithms . matlab . pushdown_automaton . database_design . ml_(programming_language) . polymorphism_(computer_science) . scheduling_(computing) . microprocessor . least_squares . integral . exponential_family . automatic""]",bert,,sentence-transformers/all-mpnet-base-v2
275,exponential_family,exponential_family,"[""user_interface . web_search_engine . computer_software . packet_switching . shading . lazy_evaluation . computability . program_analysis . sparse_matrix . big_data . arithmetic . graph_coloring . user_interface_design . cryptanalysis . internet_protocol_suite . introduction_to_algorithms . matlab . pushdown_automaton . database_design . ml_(programming_language) . polymorphism_(computer_science) . scheduling_(computing) . microprocessor . least_squares . integral . exponential_family . automatic""]",bert,,sentence-transformers/all-mpnet-base-v2
276,automatic_programming,automatic_programming,"[""user_interface . web_search_engine . computer_software . packet_switching . shading . lazy_evaluation . computability . program_analysis . sparse_matrix . big_data . arithmetic . graph_coloring . user_interface_design . cryptanalysis . internet_protocol_suite . introduction_to_algorithms . matlab . pushdown_automaton . database_design . ml_(programming_language) . polymorphism_(computer_science) . scheduling_(computing) . microprocessor . least_squares . integral . exponential_family . automatic""]",bert,,sentence-transformers/all-mpnet-base-v2
277,linear_programming,linear_programming,"[""user_interface . web_search_engine . computer_software . packet_switching . shading . lazy_evaluation . computability . program_analysis . sparse_matrix . big_data . arithmetic . graph_coloring . user_interface_design . cryptanalysis . internet_protocol_suite . introduction_to_algorithms . matlab . pushdown_automaton . database_design . ml_(programming_language) . polymorphism_(computer_science) . scheduling_(computing) . microprocessor . least_squares . integral . exponential_family . automatic""]",bert,,sentence-transformers/all-mpnet-base-v2
278,imperative_programming,imperative_programming,"[""user_interface . web_search_engine . computer_software . packet_switching . shading . lazy_evaluation . computability . program_analysis . sparse_matrix . big_data . arithmetic . graph_coloring . user_interface_design . cryptanalysis . internet_protocol_suite . introduction_to_algorithms . matlab . pushdown_automaton . database_design . ml_(programming_language) . polymorphism_(computer_science) . scheduling_(computing) . microprocessor . least_squares . integral . exponential_family . automatic""]",bert,,sentence-transformers/all-mpnet-base-v2
279,kernel_(computing),kernel_(computing),"[""user_interface . web_search_engine . computer_software . packet_switching . shading . lazy_evaluation . computability . program_analysis . sparse_matrix . big_data . arithmetic . graph_coloring . user_interface_design . cryptanalysis . internet_protocol_suite . introduction_to_algorithms . matlab . pushdown_automaton . database_design . ml_(programming_language) . polymorphism_(computer_science) . scheduling_(computing) . microprocessor . least_squares . integral . exponential_family . automatic""]",bert,,sentence-transformers/all-mpnet-base-v2
280,sufficient_statistic,sufficient_statistic,"[""user_interface . web_search_engine . computer_software . packet_switching . shading . lazy_evaluation . computability . program_analysis . sparse_matrix . big_data . arithmetic . graph_coloring . user_interface_design . cryptanalysis . internet_protocol_suite . introduction_to_algorithms . matlab . pushdown_automaton . database_design . ml_(programming_language) . polymorphism_(computer_science) . scheduling_(computing) . microprocessor . least_squares . integral . exponential_family . automatic""]",bert,,sentence-transformers/all-mpnet-base-v2
281,automata_theory,automata_theory,"[""user_interface . web_search_engine . computer_software . packet_switching . shading . lazy_evaluation . computability . program_analysis . sparse_matrix . big_data . arithmetic . graph_coloring . user_interface_design . cryptanalysis . internet_protocol_suite . introduction_to_algorithms . matlab . pushdown_automaton . database_design . ml_(programming_language) . polymorphism_(computer_science) . scheduling_(computing) . microprocessor . least_squares . integral . exponential_family . automatic""]",bert,,sentence-transformers/all-mpnet-base-v2
282,distributed_algorithms,distributed_algorithms,"[""user_interface . web_search_engine . computer_software . packet_switching . shading . lazy_evaluation . computability . program_analysis . sparse_matrix . big_data . arithmetic . graph_coloring . user_interface_design . cryptanalysis . internet_protocol_suite . introduction_to_algorithms . matlab . pushdown_automaton . database_design . ml_(programming_language) . polymorphism_(computer_science) . scheduling_(computing) . microprocessor . least_squares . integral . exponential_family . automatic""]",bert,,sentence-transformers/all-mpnet-base-v2
283,semidefinite_programming,semidefinite_programming,"[""user_interface . web_search_engine . computer_software . packet_switching . shading . lazy_evaluation . computability . program_analysis . sparse_matrix . big_data . arithmetic . graph_coloring . user_interface_design . cryptanalysis . internet_protocol_suite . introduction_to_algorithms . matlab . pushdown_automaton . database_design . ml_(programming_language) . polymorphism_(computer_science) . scheduling_(computing) . microprocessor . least_squares . integral . exponential_family . automatic""]",bert,,sentence-transformers/all-mpnet-base-v2
284,approximation_algorithm,approximation_algorithm,"[""user_interface . web_search_engine . computer_software . packet_switching . shading . lazy_evaluation . computability . program_analysis . sparse_matrix . big_data . arithmetic . graph_coloring . user_interface_design . cryptanalysis . internet_protocol_suite . introduction_to_algorithms . matlab . pushdown_automaton . database_design . ml_(programming_language) . polymorphism_(computer_science) . scheduling_(computing) . microprocessor . least_squares . integral . exponential_family . automatic""]",bert,,sentence-transformers/all-mpnet-base-v2
285,database_system,database_system,"[""complexity . statistical_inference . data . martingale_(probability_theory) . markov_chain . arithmetic_logic_unit . digital_electronics . data_mining . artificial_intelligence . divide_and_conquer_algorithm . robotics . robot . computer_security . cache_coherence . shared_memory . parsing . finite-state_machine . malware . authentication . firewall_(computing) . information_assurance . relational_model . compiler . computer_architecture . atomicity_(database_systems) . bioinformatics . b-tree ."", ""user_interface . web_search_engine . computer_software . packet_switching . shading . lazy_evaluation . computability . program_analysis . sparse_matrix . big_data . arithmetic . graph_coloring . user_interface_design . cryptanalysis . internet_protocol_suite . introduction_to_algorithms . matlab . pushdown_automaton . database_design . ml_(programming_language) . polymorphism_(computer_science) . scheduling_(computing) . microprocessor . least_squares . integral . exponential_family . automatic""]",bert,,sentence-transformers/all-mpnet-base-v2
286,superscalar,superscalar,"[""user_interface . web_search_engine . computer_software . packet_switching . shading . lazy_evaluation . computability . program_analysis . sparse_matrix . big_data . arithmetic . graph_coloring . user_interface_design . cryptanalysis . internet_protocol_suite . introduction_to_algorithms . matlab . pushdown_automaton . database_design . ml_(programming_language) . polymorphism_(computer_science) . scheduling_(computing) . microprocessor . least_squares . integral . exponential_family . automatic""]",bert,,sentence-transformers/all-mpnet-base-v2
287,model_of_computation,model_of_computation,"[""user_interface . web_search_engine . computer_software . packet_switching . shading . lazy_evaluation . computability . program_analysis . sparse_matrix . big_data . arithmetic . graph_coloring . user_interface_design . cryptanalysis . internet_protocol_suite . introduction_to_algorithms . matlab . pushdown_automaton . database_design . ml_(programming_language) . polymorphism_(computer_science) . scheduling_(computing) . microprocessor . least_squares . integral . exponential_family . automatic""]",bert,,sentence-transformers/all-mpnet-base-v2
288,peer-to-peer,peer-to-peer,"[""user_interface . web_search_engine . computer_software . packet_switching . shading . lazy_evaluation . computability . program_analysis . sparse_matrix . big_data . arithmetic . graph_coloring . user_interface_design . cryptanalysis . internet_protocol_suite . introduction_to_algorithms . matlab . pushdown_automaton . database_design . ml_(programming_language) . polymorphism_(computer_science) . scheduling_(computing) . microprocessor . least_squares . integral . exponential_family . automatic""]",bert,,sentence-transformers/all-mpnet-base-v2
289,c_(programming_language),c_(programming_language),"[""user_interface . web_search_engine . computer_software . packet_switching . shading . lazy_evaluation . computability . program_analysis . sparse_matrix . big_data . arithmetic . graph_coloring . user_interface_design . cryptanalysis . internet_protocol_suite . introduction_to_algorithms . matlab . pushdown_automaton . database_design . ml_(programming_language) . polymorphism_(computer_science) . scheduling_(computing) . microprocessor . least_squares . integral . exponential_family . automatic""]",bert,,sentence-transformers/all-mpnet-base-v2
290,asymptotic_analysis,asymptotic_analysis,"[""user_interface . web_search_engine . computer_software . packet_switching . shading . lazy_evaluation . computability . program_analysis . sparse_matrix . big_data . arithmetic . graph_coloring . user_interface_design . cryptanalysis . internet_protocol_suite . introduction_to_algorithms . matlab . pushdown_automaton . database_design . ml_(programming_language) . polymorphism_(computer_science) . scheduling_(computing) . microprocessor . least_squares . integral . exponential_family . automatic""]",bert,,sentence-transformers/all-mpnet-base-v2
291,traffic_analysis,traffic_analysis,"[""user_interface . web_search_engine . computer_software . packet_switching . shading . lazy_evaluation . computability . program_analysis . sparse_matrix . big_data . arithmetic . graph_coloring . user_interface_design . cryptanalysis . internet_protocol_suite . introduction_to_algorithms . matlab . pushdown_automaton . database_design . ml_(programming_language) . polymorphism_(computer_science) . scheduling_(computing) . microprocessor . least_squares . integral . exponential_family . automatic""]",bert,,sentence-transformers/all-mpnet-base-v2
292,automated_planning_and_scheduling,automated_planning_and_scheduling,"[""user_interface . web_search_engine . computer_software . packet_switching . shading . lazy_evaluation . computability . program_analysis . sparse_matrix . big_data . arithmetic . graph_coloring . user_interface_design . cryptanalysis . internet_protocol_suite . introduction_to_algorithms . matlab . pushdown_automaton . database_design . ml_(programming_language) . polymorphism_(computer_science) . scheduling_(computing) . microprocessor . least_squares . integral . exponential_family . automatic""]",bert,,sentence-transformers/all-mpnet-base-v2
293,combinational_logic,combinational_logic,"[""user_interface . web_search_engine . computer_software . packet_switching . shading . lazy_evaluation . computability . program_analysis . sparse_matrix . big_data . arithmetic . graph_coloring . user_interface_design . cryptanalysis . internet_protocol_suite . introduction_to_algorithms . matlab . pushdown_automaton . database_design . ml_(programming_language) . polymorphism_(computer_science) . scheduling_(computing) . microprocessor . least_squares . integral . exponential_family . automatic""]",bert,,sentence-transformers/all-mpnet-base-v2
294,quantum_mechanics,quantum_mechanics,"[""user_interface . web_search_engine . computer_software . packet_switching . shading . lazy_evaluation . computability . program_analysis . sparse_matrix . big_data . arithmetic . graph_coloring . user_interface_design . cryptanalysis . internet_protocol_suite . introduction_to_algorithms . matlab . pushdown_automaton . database_design . ml_(programming_language) . polymorphism_(computer_science) . scheduling_(computing) . microprocessor . least_squares . integral . exponential_family . automatic""]",bert,,sentence-transformers/all-mpnet-base-v2
295,computational_learning_theory,computational_learning_theory,"[""user_interface . web_search_engine . computer_software . packet_switching . shading . lazy_evaluation . computability . program_analysis . sparse_matrix . big_data . arithmetic . graph_coloring . user_interface_design . cryptanalysis . internet_protocol_suite . introduction_to_algorithms . matlab . pushdown_automaton . database_design . ml_(programming_language) . polymorphism_(computer_science) . scheduling_(computing) . microprocessor . least_squares . integral . exponential_family . automatic""]",bert,,sentence-transformers/all-mpnet-base-v2
296,calculus_of_variations,calculus_of_variations,"[""user_interface . web_search_engine . computer_software . packet_switching . shading . lazy_evaluation . computability . program_analysis . sparse_matrix . big_data . arithmetic . graph_coloring . user_interface_design . cryptanalysis . internet_protocol_suite . introduction_to_algorithms . matlab . pushdown_automaton . database_design . ml_(programming_language) . polymorphism_(computer_science) . scheduling_(computing) . microprocessor . least_squares . integral . exponential_family . automatic""]",bert,,sentence-transformers/all-mpnet-base-v2
297,regular_language,regular_language,"[""user_interface . web_search_engine . computer_software . packet_switching . shading . lazy_evaluation . computability . program_analysis . sparse_matrix . big_data . arithmetic . graph_coloring . user_interface_design . cryptanalysis . internet_protocol_suite . introduction_to_algorithms . matlab . pushdown_automaton . database_design . ml_(programming_language) . polymorphism_(computer_science) . scheduling_(computing) . microprocessor . least_squares . integral . exponential_family . automatic""]",bert,,sentence-transformers/all-mpnet-base-v2
298,cloud_computing,cloud_computing,"[""user_interface . web_search_engine . computer_software . packet_switching . shading . lazy_evaluation . computability . program_analysis . sparse_matrix . big_data . arithmetic . graph_coloring . user_interface_design . cryptanalysis . internet_protocol_suite . introduction_to_algorithms . matlab . pushdown_automaton . database_design . ml_(programming_language) . polymorphism_(computer_science) . scheduling_(computing) . microprocessor . least_squares . integral . exponential_family . automatic""]",bert,,sentence-transformers/all-mpnet-base-v2
299,spanning_tree,spanning_tree,"[""user_interface . web_search_engine . computer_software . packet_switching . shading . lazy_evaluation . computability . program_analysis . sparse_matrix . big_data . arithmetic . graph_coloring . user_interface_design . cryptanalysis . internet_protocol_suite . introduction_to_algorithms . matlab . pushdown_automaton . database_design . ml_(programming_language) . polymorphism_(computer_science) . scheduling_(computing) . microprocessor . least_squares . integral . exponential_family . automatic""]",bert,,sentence-transformers/all-mpnet-base-v2
300,javascript,javascript,"[""javascript . decision_theory . memory_management . halting_problem . linear_system . syntax . round-off_error . structured_programming . hidden_line_removal . queue_(data_structure) . array_data_structure . nonlinear_system . application_programming_interface . processor_register . stack_(data_structure) . scientific_visualization . garbage_collection_(computer_science) . prolog . logic_programming . dynamic_memory_allocation . software_testing . telecommunications_network . stochastic . 3d_comp""]",bert,,sentence-transformers/all-mpnet-base-v2
301,decision_theory,decision_theory,"[""javascript . decision_theory . memory_management . halting_problem . linear_system . syntax . round-off_error . structured_programming . hidden_line_removal . queue_(data_structure) . array_data_structure . nonlinear_system . application_programming_interface . processor_register . stack_(data_structure) . scientific_visualization . garbage_collection_(computer_science) . prolog . logic_programming . dynamic_memory_allocation . software_testing . telecommunications_network . stochastic . 3d_comp""]",bert,,sentence-transformers/all-mpnet-base-v2
302,memory_management,memory_management,"[""javascript . decision_theory . memory_management . halting_problem . linear_system . syntax . round-off_error . structured_programming . hidden_line_removal . queue_(data_structure) . array_data_structure . nonlinear_system . application_programming_interface . processor_register . stack_(data_structure) . scientific_visualization . garbage_collection_(computer_science) . prolog . logic_programming . dynamic_memory_allocation . software_testing . telecommunications_network . stochastic . 3d_comp""]",bert,,sentence-transformers/all-mpnet-base-v2
303,halting_problem,halting_problem,"[""javascript . decision_theory . memory_management . halting_problem . linear_system . syntax . round-off_error . structured_programming . hidden_line_removal . queue_(data_structure) . array_data_structure . nonlinear_system . application_programming_interface . processor_register . stack_(data_structure) . scientific_visualization . garbage_collection_(computer_science) . prolog . logic_programming . dynamic_memory_allocation . software_testing . telecommunications_network . stochastic . 3d_comp""]",bert,,sentence-transformers/all-mpnet-base-v2
304,linear_system,linear_system,"[""javascript . decision_theory . memory_management . halting_problem . linear_system . syntax . round-off_error . structured_programming . hidden_line_removal . queue_(data_structure) . array_data_structure . nonlinear_system . application_programming_interface . processor_register . stack_(data_structure) . scientific_visualization . garbage_collection_(computer_science) . prolog . logic_programming . dynamic_memory_allocation . software_testing . telecommunications_network . stochastic . 3d_comp""]",bert,,sentence-transformers/all-mpnet-base-v2
305,syntax,syntax,"[""javascript . decision_theory . memory_management . halting_problem . linear_system . syntax . round-off_error . structured_programming . hidden_line_removal . queue_(data_structure) . array_data_structure . nonlinear_system . application_programming_interface . processor_register . stack_(data_structure) . scientific_visualization . garbage_collection_(computer_science) . prolog . logic_programming . dynamic_memory_allocation . software_testing . telecommunications_network . stochastic . 3d_comp""]",bert,,sentence-transformers/all-mpnet-base-v2
306,round-off_error,round-off_error,"[""javascript . decision_theory . memory_management . halting_problem . linear_system . syntax . round-off_error . structured_programming . hidden_line_removal . queue_(data_structure) . array_data_structure . nonlinear_system . application_programming_interface . processor_register . stack_(data_structure) . scientific_visualization . garbage_collection_(computer_science) . prolog . logic_programming . dynamic_memory_allocation . software_testing . telecommunications_network . stochastic . 3d_comp""]",bert,,sentence-transformers/all-mpnet-base-v2
307,structured_programming,structured_programming,"[""javascript . decision_theory . memory_management . halting_problem . linear_system . syntax . round-off_error . structured_programming . hidden_line_removal . queue_(data_structure) . array_data_structure . nonlinear_system . application_programming_interface . processor_register . stack_(data_structure) . scientific_visualization . garbage_collection_(computer_science) . prolog . logic_programming . dynamic_memory_allocation . software_testing . telecommunications_network . stochastic . 3d_comp""]",bert,,sentence-transformers/all-mpnet-base-v2
308,hidden_line_removal,hidden_line_removal,"[""javascript . decision_theory . memory_management . halting_problem . linear_system . syntax . round-off_error . structured_programming . hidden_line_removal . queue_(data_structure) . array_data_structure . nonlinear_system . application_programming_interface . processor_register . stack_(data_structure) . scientific_visualization . garbage_collection_(computer_science) . prolog . logic_programming . dynamic_memory_allocation . software_testing . telecommunications_network . stochastic . 3d_comp""]",bert,,sentence-transformers/all-mpnet-base-v2
309,queue_(data_structure),queue_(data_structure),"[""javascript . decision_theory . memory_management . halting_problem . linear_system . syntax . round-off_error . structured_programming . hidden_line_removal . queue_(data_structure) . array_data_structure . nonlinear_system . application_programming_interface . processor_register . stack_(data_structure) . scientific_visualization . garbage_collection_(computer_science) . prolog . logic_programming . dynamic_memory_allocation . software_testing . telecommunications_network . stochastic . 3d_comp""]",bert,,sentence-transformers/all-mpnet-base-v2
310,array_data_structure,array_data_structure,"[""javascript . decision_theory . memory_management . halting_problem . linear_system . syntax . round-off_error . structured_programming . hidden_line_removal . queue_(data_structure) . array_data_structure . nonlinear_system . application_programming_interface . processor_register . stack_(data_structure) . scientific_visualization . garbage_collection_(computer_science) . prolog . logic_programming . dynamic_memory_allocation . software_testing . telecommunications_network . stochastic . 3d_comp""]",bert,,sentence-transformers/all-mpnet-base-v2
311,nonlinear_system,nonlinear_system,"[""javascript . decision_theory . memory_management . halting_problem . linear_system . syntax . round-off_error . structured_programming . hidden_line_removal . queue_(data_structure) . array_data_structure . nonlinear_system . application_programming_interface . processor_register . stack_(data_structure) . scientific_visualization . garbage_collection_(computer_science) . prolog . logic_programming . dynamic_memory_allocation . software_testing . telecommunications_network . stochastic . 3d_comp""]",bert,,sentence-transformers/all-mpnet-base-v2
312,application_programming_interface,application_programming_interface,"[""javascript . decision_theory . memory_management . halting_problem . linear_system . syntax . round-off_error . structured_programming . hidden_line_removal . queue_(data_structure) . array_data_structure . nonlinear_system . application_programming_interface . processor_register . stack_(data_structure) . scientific_visualization . garbage_collection_(computer_science) . prolog . logic_programming . dynamic_memory_allocation . software_testing . telecommunications_network . stochastic . 3d_comp""]",bert,,sentence-transformers/all-mpnet-base-v2
313,processor_register,processor_register,"[""javascript . decision_theory . memory_management . halting_problem . linear_system . syntax . round-off_error . structured_programming . hidden_line_removal . queue_(data_structure) . array_data_structure . nonlinear_system . application_programming_interface . processor_register . stack_(data_structure) . scientific_visualization . garbage_collection_(computer_science) . prolog . logic_programming . dynamic_memory_allocation . software_testing . telecommunications_network . stochastic . 3d_comp""]",bert,,sentence-transformers/all-mpnet-base-v2
314,stack_(data_structure),stack_(data_structure),"[""javascript . decision_theory . memory_management . halting_problem . linear_system . syntax . round-off_error . structured_programming . hidden_line_removal . queue_(data_structure) . array_data_structure . nonlinear_system . application_programming_interface . processor_register . stack_(data_structure) . scientific_visualization . garbage_collection_(computer_science) . prolog . logic_programming . dynamic_memory_allocation . software_testing . telecommunications_network . stochastic . 3d_comp""]",bert,,sentence-transformers/all-mpnet-base-v2
315,scientific_visualization,scientific_visualization,"[""javascript . decision_theory . memory_management . halting_problem . linear_system . syntax . round-off_error . structured_programming . hidden_line_removal . queue_(data_structure) . array_data_structure . nonlinear_system . application_programming_interface . processor_register . stack_(data_structure) . scientific_visualization . garbage_collection_(computer_science) . prolog . logic_programming . dynamic_memory_allocation . software_testing . telecommunications_network . stochastic . 3d_comp""]",bert,,sentence-transformers/all-mpnet-base-v2
316,garbage_collection_(computer_science),garbage_collection_(computer_science),"[""javascript . decision_theory . memory_management . halting_problem . linear_system . syntax . round-off_error . structured_programming . hidden_line_removal . queue_(data_structure) . array_data_structure . nonlinear_system . application_programming_interface . processor_register . stack_(data_structure) . scientific_visualization . garbage_collection_(computer_science) . prolog . logic_programming . dynamic_memory_allocation . software_testing . telecommunications_network . stochastic . 3d_comp""]",bert,,sentence-transformers/all-mpnet-base-v2
317,prolog,prolog,"[""javascript . decision_theory . memory_management . halting_problem . linear_system . syntax . round-off_error . structured_programming . hidden_line_removal . queue_(data_structure) . array_data_structure . nonlinear_system . application_programming_interface . processor_register . stack_(data_structure) . scientific_visualization . garbage_collection_(computer_science) . prolog . logic_programming . dynamic_memory_allocation . software_testing . telecommunications_network . stochastic . 3d_comp""]",bert,,sentence-transformers/all-mpnet-base-v2
318,logic_programming,logic_programming,"[""javascript . decision_theory . memory_management . halting_problem . linear_system . syntax . round-off_error . structured_programming . hidden_line_removal . queue_(data_structure) . array_data_structure . nonlinear_system . application_programming_interface . processor_register . stack_(data_structure) . scientific_visualization . garbage_collection_(computer_science) . prolog . logic_programming . dynamic_memory_allocation . software_testing . telecommunications_network . stochastic . 3d_comp""]",bert,,sentence-transformers/all-mpnet-base-v2
319,dynamic_memory_allocation,dynamic_memory_allocation,"[""javascript . decision_theory . memory_management . halting_problem . linear_system . syntax . round-off_error . structured_programming . hidden_line_removal . queue_(data_structure) . array_data_structure . nonlinear_system . application_programming_interface . processor_register . stack_(data_structure) . scientific_visualization . garbage_collection_(computer_science) . prolog . logic_programming . dynamic_memory_allocation . software_testing . telecommunications_network . stochastic . 3d_comp""]",bert,,sentence-transformers/all-mpnet-base-v2
320,software_testing,software_testing,"[""javascript . decision_theory . memory_management . halting_problem . linear_system . syntax . round-off_error . structured_programming . hidden_line_removal . queue_(data_structure) . array_data_structure . nonlinear_system . application_programming_interface . processor_register . stack_(data_structure) . scientific_visualization . garbage_collection_(computer_science) . prolog . logic_programming . dynamic_memory_allocation . software_testing . telecommunications_network . stochastic . 3d_comp""]",bert,,sentence-transformers/all-mpnet-base-v2
321,telecommunications_network,telecommunications_network,"[""javascript . decision_theory . memory_management . halting_problem . linear_system . syntax . round-off_error . structured_programming . hidden_line_removal . queue_(data_structure) . array_data_structure . nonlinear_system . application_programming_interface . processor_register . stack_(data_structure) . scientific_visualization . garbage_collection_(computer_science) . prolog . logic_programming . dynamic_memory_allocation . software_testing . telecommunications_network . stochastic . 3d_comp""]",bert,,sentence-transformers/all-mpnet-base-v2
322,stochastic,stochastic,"[""index_(database) . computational_chemistry . suffix_tree . string_searching_algorithm . 3d_modeling . analysis_of_algorithms . finite_set . fourier_analysis . polynomial . vector_processor . parallel_computing . mobile_device . newton's_method . approximation . symbol_table . formal_language . document_classification . cryptography . reinforcement_learning . foundations_of_mathematics . partial_differential_equation . dynamic_programming . stochastic_process . continuous_function . computational"", ""javascript . decision_theory . memory_management . halting_problem . linear_system . syntax . round-off_error . structured_programming . hidden_line_removal . queue_(data_structure) . array_data_structure . nonlinear_system . application_programming_interface . processor_register . stack_(data_structure) . scientific_visualization . garbage_collection_(computer_science) . prolog . logic_programming . dynamic_memory_allocation . software_testing . telecommunications_network . stochastic . 3d_comp""]",bert,,sentence-transformers/all-mpnet-base-v2
323,3d_computer_graphics,3d_computer_graphics,"[""javascript . decision_theory . memory_management . halting_problem . linear_system . syntax . round-off_error . structured_programming . hidden_line_removal . queue_(data_structure) . array_data_structure . nonlinear_system . application_programming_interface . processor_register . stack_(data_structure) . scientific_visualization . garbage_collection_(computer_science) . prolog . logic_programming . dynamic_memory_allocation . software_testing . telecommunications_network . stochastic . 3d_comp""]",bert,,sentence-transformers/all-mpnet-base-v2
324,osi_model,osi_model,"[""javascript . decision_theory . memory_management . halting_problem . linear_system . syntax . round-off_error . structured_programming . hidden_line_removal . queue_(data_structure) . array_data_structure . nonlinear_system . application_programming_interface . processor_register . stack_(data_structure) . scientific_visualization . garbage_collection_(computer_science) . prolog . logic_programming . dynamic_memory_allocation . software_testing . telecommunications_network . stochastic . 3d_comp""]",bert,,sentence-transformers/all-mpnet-base-v2
325,bayesian_network,bayesian_network,"[""javascript . decision_theory . memory_management . halting_problem . linear_system . syntax . round-off_error . structured_programming . hidden_line_removal . queue_(data_structure) . array_data_structure . nonlinear_system . application_programming_interface . processor_register . stack_(data_structure) . scientific_visualization . garbage_collection_(computer_science) . prolog . logic_programming . dynamic_memory_allocation . software_testing . telecommunications_network . stochastic . 3d_comp""]",bert,,sentence-transformers/all-mpnet-base-v2
326,modular_arithmetic,modular_arithmetic,"[""javascript . decision_theory . memory_management . halting_problem . linear_system . syntax . round-off_error . structured_programming . hidden_line_removal . queue_(data_structure) . array_data_structure . nonlinear_system . application_programming_interface . processor_register . stack_(data_structure) . scientific_visualization . garbage_collection_(computer_science) . prolog . logic_programming . dynamic_memory_allocation . software_testing . telecommunications_network . stochastic . 3d_comp""]",bert,,sentence-transformers/all-mpnet-base-v2
327,file_system,file_system,"[""javascript . decision_theory . memory_management . halting_problem . linear_system . syntax . round-off_error . structured_programming . hidden_line_removal . queue_(data_structure) . array_data_structure . nonlinear_system . application_programming_interface . processor_register . stack_(data_structure) . scientific_visualization . garbage_collection_(computer_science) . prolog . logic_programming . dynamic_memory_allocation . software_testing . telecommunications_network . stochastic . 3d_comp""]",bert,,sentence-transformers/all-mpnet-base-v2
328,vulnerability_(computing),vulnerability_(computing),"[""javascript . decision_theory . memory_management . halting_problem . linear_system . syntax . round-off_error . structured_programming . hidden_line_removal . queue_(data_structure) . array_data_structure . nonlinear_system . application_programming_interface . processor_register . stack_(data_structure) . scientific_visualization . garbage_collection_(computer_science) . prolog . logic_programming . dynamic_memory_allocation . software_testing . telecommunications_network . stochastic . 3d_comp""]",bert,,sentence-transformers/all-mpnet-base-v2
329,economics,economics,"[""javascript . decision_theory . memory_management . halting_problem . linear_system . syntax . round-off_error . structured_programming . hidden_line_removal . queue_(data_structure) . array_data_structure . nonlinear_system . application_programming_interface . processor_register . stack_(data_structure) . scientific_visualization . garbage_collection_(computer_science) . prolog . logic_programming . dynamic_memory_allocation . software_testing . telecommunications_network . stochastic . 3d_comp""]",bert,,sentence-transformers/all-mpnet-base-v2
330,query_optimization,query_optimization,"[""javascript . decision_theory . memory_management . halting_problem . linear_system . syntax . round-off_error . structured_programming . hidden_line_removal . queue_(data_structure) . array_data_structure . nonlinear_system . application_programming_interface . processor_register . stack_(data_structure) . scientific_visualization . garbage_collection_(computer_science) . prolog . logic_programming . dynamic_memory_allocation . software_testing . telecommunications_network . stochastic . 3d_comp""]",bert,,sentence-transformers/all-mpnet-base-v2
331,multiplication,multiplication,"[""javascript . decision_theory . memory_management . halting_problem . linear_system . syntax . round-off_error . structured_programming . hidden_line_removal . queue_(data_structure) . array_data_structure . nonlinear_system . application_programming_interface . processor_register . stack_(data_structure) . scientific_visualization . garbage_collection_(computer_science) . prolog . logic_programming . dynamic_memory_allocation . software_testing . telecommunications_network . stochastic . 3d_comp""]",bert,,sentence-transformers/all-mpnet-base-v2
332,message_passing_interface,message_passing_interface,"[""javascript . decision_theory . memory_management . halting_problem . linear_system . syntax . round-off_error . structured_programming . hidden_line_removal . queue_(data_structure) . array_data_structure . nonlinear_system . application_programming_interface . processor_register . stack_(data_structure) . scientific_visualization . garbage_collection_(computer_science) . prolog . logic_programming . dynamic_memory_allocation . software_testing . telecommunications_network . stochastic . 3d_comp""]",bert,,sentence-transformers/all-mpnet-base-v2
333,html,html,"[""javascript . decision_theory . memory_management . halting_problem . linear_system . syntax . round-off_error . structured_programming . hidden_line_removal . queue_(data_structure) . array_data_structure . nonlinear_system . application_programming_interface . processor_register . stack_(data_structure) . scientific_visualization . garbage_collection_(computer_science) . prolog . logic_programming . dynamic_memory_allocation . software_testing . telecommunications_network . stochastic . 3d_comp""]",bert,,sentence-transformers/all-mpnet-base-v2
334,personal_computer,personal_computer,"[""javascript . decision_theory . memory_management . halting_problem . linear_system . syntax . round-off_error . structured_programming . hidden_line_removal . queue_(data_structure) . array_data_structure . nonlinear_system . application_programming_interface . processor_register . stack_(data_structure) . scientific_visualization . garbage_collection_(computer_science) . prolog . logic_programming . dynamic_memory_allocation . software_testing . telecommunications_network . stochastic . 3d_comp""]",bert,,sentence-transformers/all-mpnet-base-v2
335,lock_(computer_science),lock_(computer_science),"[""javascript . decision_theory . memory_management . halting_problem . linear_system . syntax . round-off_error . structured_programming . hidden_line_removal . queue_(data_structure) . array_data_structure . nonlinear_system . application_programming_interface . processor_register . stack_(data_structure) . scientific_visualization . garbage_collection_(computer_science) . prolog . logic_programming . dynamic_memory_allocation . software_testing . telecommunications_network . stochastic . 3d_comp""]",bert,,sentence-transformers/all-mpnet-base-v2
336,server_(computing),server_(computing),"[""javascript . decision_theory . memory_management . halting_problem . linear_system . syntax . round-off_error . structured_programming . hidden_line_removal . queue_(data_structure) . array_data_structure . nonlinear_system . application_programming_interface . processor_register . stack_(data_structure) . scientific_visualization . garbage_collection_(computer_science) . prolog . logic_programming . dynamic_memory_allocation . software_testing . telecommunications_network . stochastic . 3d_comp""]",bert,,sentence-transformers/all-mpnet-base-v2
337,world_wide_web,world_wide_web,"[""javascript . decision_theory . memory_management . halting_problem . linear_system . syntax . round-off_error . structured_programming . hidden_line_removal . queue_(data_structure) . array_data_structure . nonlinear_system . application_programming_interface . processor_register . stack_(data_structure) . scientific_visualization . garbage_collection_(computer_science) . prolog . logic_programming . dynamic_memory_allocation . software_testing . telecommunications_network . stochastic . 3d_comp""]",bert,,sentence-transformers/all-mpnet-base-v2
338,mapreduce,mapreduce,"[""javascript . decision_theory . memory_management . halting_problem . linear_system . syntax . round-off_error . structured_programming . hidden_line_removal . queue_(data_structure) . array_data_structure . nonlinear_system . application_programming_interface . processor_register . stack_(data_structure) . scientific_visualization . garbage_collection_(computer_science) . prolog . logic_programming . dynamic_memory_allocation . software_testing . telecommunications_network . stochastic . 3d_comp""]",bert,,sentence-transformers/all-mpnet-base-v2
339,finite_element_method,finite_element_method,"[""javascript . decision_theory . memory_management . halting_problem . linear_system . syntax . round-off_error . structured_programming . hidden_line_removal . queue_(data_structure) . array_data_structure . nonlinear_system . application_programming_interface . processor_register . stack_(data_structure) . scientific_visualization . garbage_collection_(computer_science) . prolog . logic_programming . dynamic_memory_allocation . software_testing . telecommunications_network . stochastic . 3d_comp""]",bert,,sentence-transformers/all-mpnet-base-v2
340,virtual_memory,virtual_memory,"[""javascript . decision_theory . memory_management . halting_problem . linear_system . syntax . round-off_error . structured_programming . hidden_line_removal . queue_(data_structure) . array_data_structure . nonlinear_system . application_programming_interface . processor_register . stack_(data_structure) . scientific_visualization . garbage_collection_(computer_science) . prolog . logic_programming . dynamic_memory_allocation . software_testing . telecommunications_network . stochastic . 3d_comp""]",bert,,sentence-transformers/all-mpnet-base-v2
341,interface_(computing),interface_(computing),"[""javascript . decision_theory . memory_management . halting_problem . linear_system . syntax . round-off_error . structured_programming . hidden_line_removal . queue_(data_structure) . array_data_structure . nonlinear_system . application_programming_interface . processor_register . stack_(data_structure) . scientific_visualization . garbage_collection_(computer_science) . prolog . logic_programming . dynamic_memory_allocation . software_testing . telecommunications_network . stochastic . 3d_comp""]",bert,,sentence-transformers/all-mpnet-base-v2
342,scalability,scalability,"[""javascript . decision_theory . memory_management . halting_problem . linear_system . syntax . round-off_error . structured_programming . hidden_line_removal . queue_(data_structure) . array_data_structure . nonlinear_system . application_programming_interface . processor_register . stack_(data_structure) . scientific_visualization . garbage_collection_(computer_science) . prolog . logic_programming . dynamic_memory_allocation . software_testing . telecommunications_network . stochastic . 3d_comp""]",bert,,sentence-transformers/all-mpnet-base-v2
343,memory_hierarchy,memory_hierarchy,"[""javascript . decision_theory . memory_management . halting_problem . linear_system . syntax . round-off_error . structured_programming . hidden_line_removal . queue_(data_structure) . array_data_structure . nonlinear_system . application_programming_interface . processor_register . stack_(data_structure) . scientific_visualization . garbage_collection_(computer_science) . prolog . logic_programming . dynamic_memory_allocation . software_testing . telecommunications_network . stochastic . 3d_comp""]",bert,,sentence-transformers/all-mpnet-base-v2
344,digital_signature,digital_signature,"[""javascript . decision_theory . memory_management . halting_problem . linear_system . syntax . round-off_error . structured_programming . hidden_line_removal . queue_(data_structure) . array_data_structure . nonlinear_system . application_programming_interface . processor_register . stack_(data_structure) . scientific_visualization . garbage_collection_(computer_science) . prolog . logic_programming . dynamic_memory_allocation . software_testing . telecommunications_network . stochastic . 3d_comp""]",bert,,sentence-transformers/all-mpnet-base-v2
345,amortized_analysis,amortized_analysis,"[""javascript . decision_theory . memory_management . halting_problem . linear_system . syntax . round-off_error . structured_programming . hidden_line_removal . queue_(data_structure) . array_data_structure . nonlinear_system . application_programming_interface . processor_register . stack_(data_structure) . scientific_visualization . garbage_collection_(computer_science) . prolog . logic_programming . dynamic_memory_allocation . software_testing . telecommunications_network . stochastic . 3d_comp""]",bert,,sentence-transformers/all-mpnet-base-v2
346,input/output,input/output,"[""javascript . decision_theory . memory_management . halting_problem . linear_system . syntax . round-off_error . structured_programming . hidden_line_removal . queue_(data_structure) . array_data_structure . nonlinear_system . application_programming_interface . processor_register . stack_(data_structure) . scientific_visualization . garbage_collection_(computer_science) . prolog . logic_programming . dynamic_memory_allocation . software_testing . telecommunications_network . stochastic . 3d_comp""]",bert,,sentence-transformers/all-mpnet-base-v2
347,microcode,microcode,"[""javascript . decision_theory . memory_management . halting_problem . linear_system . syntax . round-off_error . structured_programming . hidden_line_removal . queue_(data_structure) . array_data_structure . nonlinear_system . application_programming_interface . processor_register . stack_(data_structure) . scientific_visualization . garbage_collection_(computer_science) . prolog . logic_programming . dynamic_memory_allocation . software_testing . telecommunications_network . stochastic . 3d_comp""]",bert,,sentence-transformers/all-mpnet-base-v2
348,formal_verification,formal_verification,"[""javascript . decision_theory . memory_management . halting_problem . linear_system . syntax . round-off_error . structured_programming . hidden_line_removal . queue_(data_structure) . array_data_structure . nonlinear_system . application_programming_interface . processor_register . stack_(data_structure) . scientific_visualization . garbage_collection_(computer_science) . prolog . logic_programming . dynamic_memory_allocation . software_testing . telecommunications_network . stochastic . 3d_comp""]",bert,,sentence-transformers/all-mpnet-base-v2
349,inheritance_(object-oriented_programming),inheritance_(object-oriented_programming),"[""javascript . decision_theory . memory_management . halting_problem . linear_system . syntax . round-off_error . structured_programming . hidden_line_removal . queue_(data_structure) . array_data_structure . nonlinear_system . application_programming_interface . processor_register . stack_(data_structure) . scientific_visualization . garbage_collection_(computer_science) . prolog . logic_programming . dynamic_memory_allocation . software_testing . telecommunications_network . stochastic . 3d_comp""]",bert,,sentence-transformers/all-mpnet-base-v2
350,public-key_cryptography,public-key_cryptography,"[""public-key_cryptography . instruction_set . design_of_experiments . web_server . differential_equation . higher-order_function . congestion_control . kinematics . statistics . semantics . denotational_semantics . bayesian_probability . mutual_exclusion . formal_methods . symmetric_multiprocessing . procedural_programming . quantum_cryptography . linked_list . support_vector_machine . tensor . generic_programming . database_transaction . cryptographic_hash_function . entropy . very_long_instructi""]",bert,,sentence-transformers/all-mpnet-base-v2
351,instruction_set,instruction_set,"[""public-key_cryptography . instruction_set . design_of_experiments . web_server . differential_equation . higher-order_function . congestion_control . kinematics . statistics . semantics . denotational_semantics . bayesian_probability . mutual_exclusion . formal_methods . symmetric_multiprocessing . procedural_programming . quantum_cryptography . linked_list . support_vector_machine . tensor . generic_programming . database_transaction . cryptographic_hash_function . entropy . very_long_instructi""]",bert,,sentence-transformers/all-mpnet-base-v2
352,design_of_experiments,design_of_experiments,"[""public-key_cryptography . instruction_set . design_of_experiments . web_server . differential_equation . higher-order_function . congestion_control . kinematics . statistics . semantics . denotational_semantics . bayesian_probability . mutual_exclusion . formal_methods . symmetric_multiprocessing . procedural_programming . quantum_cryptography . linked_list . support_vector_machine . tensor . generic_programming . database_transaction . cryptographic_hash_function . entropy . very_long_instructi""]",bert,,sentence-transformers/all-mpnet-base-v2
353,web_server,web_server,"[""public-key_cryptography . instruction_set . design_of_experiments . web_server . differential_equation . higher-order_function . congestion_control . kinematics . statistics . semantics . denotational_semantics . bayesian_probability . mutual_exclusion . formal_methods . symmetric_multiprocessing . procedural_programming . quantum_cryptography . linked_list . support_vector_machine . tensor . generic_programming . database_transaction . cryptographic_hash_function . entropy . very_long_instructi""]",bert,,sentence-transformers/all-mpnet-base-v2
354,differential_equation,differential_equation,"[""index_(database) . computational_chemistry . suffix_tree . string_searching_algorithm . 3d_modeling . analysis_of_algorithms . finite_set . fourier_analysis . polynomial . vector_processor . parallel_computing . mobile_device . newton's_method . approximation . symbol_table . formal_language . document_classification . cryptography . reinforcement_learning . foundations_of_mathematics . partial_differential_equation . dynamic_programming . stochastic_process . continuous_function . computational"", ""recursively_enumerable_set . machine_translation . integer . propositional_calculus . c++ . inter-process_communication . regular_expression . security . theoretical_computer_science . hidden_markov_model . sentiment_analysis . quantum_computer . communication . mathematical_optimization . linear_algebra . concurrency_control . database_management_system . java_(programming_language) . synchronization . boundary_value_problem . ordinary_differential_equation . probability . recurrence_relation ."", ""public-key_cryptography . instruction_set . design_of_experiments . web_server . differential_equation . higher-order_function . congestion_control . kinematics . statistics . semantics . denotational_semantics . bayesian_probability . mutual_exclusion . formal_methods . symmetric_multiprocessing . procedural_programming . quantum_cryptography . linked_list . support_vector_machine . tensor . generic_programming . database_transaction . cryptographic_hash_function . entropy . very_long_instructi""]",bert,,sentence-transformers/all-mpnet-base-v2
355,higher-order_function,higher-order_function,"[""public-key_cryptography . instruction_set . design_of_experiments . web_server . differential_equation . higher-order_function . congestion_control . kinematics . statistics . semantics . denotational_semantics . bayesian_probability . mutual_exclusion . formal_methods . symmetric_multiprocessing . procedural_programming . quantum_cryptography . linked_list . support_vector_machine . tensor . generic_programming . database_transaction . cryptographic_hash_function . entropy . very_long_instructi""]",bert,,sentence-transformers/all-mpnet-base-v2
356,congestion_control,congestion_control,"[""public-key_cryptography . instruction_set . design_of_experiments . web_server . differential_equation . higher-order_function . congestion_control . kinematics . statistics . semantics . denotational_semantics . bayesian_probability . mutual_exclusion . formal_methods . symmetric_multiprocessing . procedural_programming . quantum_cryptography . linked_list . support_vector_machine . tensor . generic_programming . database_transaction . cryptographic_hash_function . entropy . very_long_instructi""]",bert,,sentence-transformers/all-mpnet-base-v2
357,kinematics,kinematics,"[""public-key_cryptography . instruction_set . design_of_experiments . web_server . differential_equation . higher-order_function . congestion_control . kinematics . statistics . semantics . denotational_semantics . bayesian_probability . mutual_exclusion . formal_methods . symmetric_multiprocessing . procedural_programming . quantum_cryptography . linked_list . support_vector_machine . tensor . generic_programming . database_transaction . cryptographic_hash_function . entropy . very_long_instructi""]",bert,,sentence-transformers/all-mpnet-base-v2
358,statistics,statistics,"[""public-key_cryptography . instruction_set . design_of_experiments . web_server . differential_equation . higher-order_function . congestion_control . kinematics . statistics . semantics . denotational_semantics . bayesian_probability . mutual_exclusion . formal_methods . symmetric_multiprocessing . procedural_programming . quantum_cryptography . linked_list . support_vector_machine . tensor . generic_programming . database_transaction . cryptographic_hash_function . entropy . very_long_instructi""]",bert,,sentence-transformers/all-mpnet-base-v2
359,semantics,semantics,"[""autonomous_robot . np_(complexity) . genetic_algorithm . speech_recognition . internet . routing . motion_planning . sql . python_(programming_language) . calculus . correlation_and_dependence . monad_(functional_programming) . pipeline_(computing) . data_warehouse . programmer . interpolation . cluster_analysis . predicate_logic . finite_difference . graphics_processing_unit . transaction_processing . wireless_sensor_network . information_security . web_browser . cpu_cache . design_pattern_(com"", ""public-key_cryptography . instruction_set . design_of_experiments . web_server . differential_equation . higher-order_function . congestion_control . kinematics . statistics . semantics . denotational_semantics . bayesian_probability . mutual_exclusion . formal_methods . symmetric_multiprocessing . procedural_programming . quantum_cryptography . linked_list . support_vector_machine . tensor . generic_programming . database_transaction . cryptographic_hash_function . entropy . very_long_instructi"", ""run_time_(program_lifecycle_phase) . performance_tuning . database_normalization . encryption . lexical_semantics . scientific_modelling . eigenvalues_and_eigenvectors . medicine . linguistics . open_source . data_model . vector_space . multimodal_interaction . instruction_pipeline . simulation . methodology . philosophy . type_theory . intelligence . physics . infinity . genetics . data_compression . complex_systems . molecular_biology . genomics . grammar . electronic_commerce . prototype . de""]",bert,,sentence-transformers/all-mpnet-base-v2
360,denotational_semantics,denotational_semantics,"[""public-key_cryptography . instruction_set . design_of_experiments . web_server . differential_equation . higher-order_function . congestion_control . kinematics . statistics . semantics . denotational_semantics . bayesian_probability . mutual_exclusion . formal_methods . symmetric_multiprocessing . procedural_programming . quantum_cryptography . linked_list . support_vector_machine . tensor . generic_programming . database_transaction . cryptographic_hash_function . entropy . very_long_instructi""]",bert,,sentence-transformers/all-mpnet-base-v2
361,bayesian_probability,bayesian_probability,"[""public-key_cryptography . instruction_set . design_of_experiments . web_server . differential_equation . higher-order_function . congestion_control . kinematics . statistics . semantics . denotational_semantics . bayesian_probability . mutual_exclusion . formal_methods . symmetric_multiprocessing . procedural_programming . quantum_cryptography . linked_list . support_vector_machine . tensor . generic_programming . database_transaction . cryptographic_hash_function . entropy . very_long_instructi""]",bert,,sentence-transformers/all-mpnet-base-v2
362,mutual_exclusion,mutual_exclusion,"[""public-key_cryptography . instruction_set . design_of_experiments . web_server . differential_equation . higher-order_function . congestion_control . kinematics . statistics . semantics . denotational_semantics . bayesian_probability . mutual_exclusion . formal_methods . symmetric_multiprocessing . procedural_programming . quantum_cryptography . linked_list . support_vector_machine . tensor . generic_programming . database_transaction . cryptographic_hash_function . entropy . very_long_instructi""]",bert,,sentence-transformers/all-mpnet-base-v2
363,formal_methods,formal_methods,"[""public-key_cryptography . instruction_set . design_of_experiments . web_server . differential_equation . higher-order_function . congestion_control . kinematics . statistics . semantics . denotational_semantics . bayesian_probability . mutual_exclusion . formal_methods . symmetric_multiprocessing . procedural_programming . quantum_cryptography . linked_list . support_vector_machine . tensor . generic_programming . database_transaction . cryptographic_hash_function . entropy . very_long_instructi""]",bert,,sentence-transformers/all-mpnet-base-v2
364,symmetric_multiprocessing,symmetric_multiprocessing,"[""public-key_cryptography . instruction_set . design_of_experiments . web_server . differential_equation . higher-order_function . congestion_control . kinematics . statistics . semantics . denotational_semantics . bayesian_probability . mutual_exclusion . formal_methods . symmetric_multiprocessing . procedural_programming . quantum_cryptography . linked_list . support_vector_machine . tensor . generic_programming . database_transaction . cryptographic_hash_function . entropy . very_long_instructi""]",bert,,sentence-transformers/all-mpnet-base-v2
365,procedural_programming,procedural_programming,"[""public-key_cryptography . instruction_set . design_of_experiments . web_server . differential_equation . higher-order_function . congestion_control . kinematics . statistics . semantics . denotational_semantics . bayesian_probability . mutual_exclusion . formal_methods . symmetric_multiprocessing . procedural_programming . quantum_cryptography . linked_list . support_vector_machine . tensor . generic_programming . database_transaction . cryptographic_hash_function . entropy . very_long_instructi""]",bert,,sentence-transformers/all-mpnet-base-v2
366,quantum_cryptography,quantum_cryptography,"[""public-key_cryptography . instruction_set . design_of_experiments . web_server . differential_equation . higher-order_function . congestion_control . kinematics . statistics . semantics . denotational_semantics . bayesian_probability . mutual_exclusion . formal_methods . symmetric_multiprocessing . procedural_programming . quantum_cryptography . linked_list . support_vector_machine . tensor . generic_programming . database_transaction . cryptographic_hash_function . entropy . very_long_instructi""]",bert,,sentence-transformers/all-mpnet-base-v2
367,linked_list,linked_list,"[""public-key_cryptography . instruction_set . design_of_experiments . web_server . differential_equation . higher-order_function . congestion_control . kinematics . statistics . semantics . denotational_semantics . bayesian_probability . mutual_exclusion . formal_methods . symmetric_multiprocessing . procedural_programming . quantum_cryptography . linked_list . support_vector_machine . tensor . generic_programming . database_transaction . cryptographic_hash_function . entropy . very_long_instructi""]",bert,,sentence-transformers/all-mpnet-base-v2
368,support_vector_machine,support_vector_machine,"[""public-key_cryptography . instruction_set . design_of_experiments . web_server . differential_equation . higher-order_function . congestion_control . kinematics . statistics . semantics . denotational_semantics . bayesian_probability . mutual_exclusion . formal_methods . symmetric_multiprocessing . procedural_programming . quantum_cryptography . linked_list . support_vector_machine . tensor . generic_programming . database_transaction . cryptographic_hash_function . entropy . very_long_instructi""]",bert,,sentence-transformers/all-mpnet-base-v2
369,tensor,tensor,"[""public-key_cryptography . instruction_set . design_of_experiments . web_server . differential_equation . higher-order_function . congestion_control . kinematics . statistics . semantics . denotational_semantics . bayesian_probability . mutual_exclusion . formal_methods . symmetric_multiprocessing . procedural_programming . quantum_cryptography . linked_list . support_vector_machine . tensor . generic_programming . database_transaction . cryptographic_hash_function . entropy . very_long_instructi""]",bert,,sentence-transformers/all-mpnet-base-v2
370,generic_programming,generic_programming,"[""public-key_cryptography . instruction_set . design_of_experiments . web_server . differential_equation . higher-order_function . congestion_control . kinematics . statistics . semantics . denotational_semantics . bayesian_probability . mutual_exclusion . formal_methods . symmetric_multiprocessing . procedural_programming . quantum_cryptography . linked_list . support_vector_machine . tensor . generic_programming . database_transaction . cryptographic_hash_function . entropy . very_long_instructi""]",bert,,sentence-transformers/all-mpnet-base-v2
371,database_transaction,database_transaction,"[""public-key_cryptography . instruction_set . design_of_experiments . web_server . differential_equation . higher-order_function . congestion_control . kinematics . statistics . semantics . denotational_semantics . bayesian_probability . mutual_exclusion . formal_methods . symmetric_multiprocessing . procedural_programming . quantum_cryptography . linked_list . support_vector_machine . tensor . generic_programming . database_transaction . cryptographic_hash_function . entropy . very_long_instructi""]",bert,,sentence-transformers/all-mpnet-base-v2
372,cryptographic_hash_function,cryptographic_hash_function,"[""public-key_cryptography . instruction_set . design_of_experiments . web_server . differential_equation . higher-order_function . congestion_control . kinematics . statistics . semantics . denotational_semantics . bayesian_probability . mutual_exclusion . formal_methods . symmetric_multiprocessing . procedural_programming . quantum_cryptography . linked_list . support_vector_machine . tensor . generic_programming . database_transaction . cryptographic_hash_function . entropy . very_long_instructi""]",bert,,sentence-transformers/all-mpnet-base-v2
373,entropy,entropy,"[""public-key_cryptography . instruction_set . design_of_experiments . web_server . differential_equation . higher-order_function . congestion_control . kinematics . statistics . semantics . denotational_semantics . bayesian_probability . mutual_exclusion . formal_methods . symmetric_multiprocessing . procedural_programming . quantum_cryptography . linked_list . support_vector_machine . tensor . generic_programming . database_transaction . cryptographic_hash_function . entropy . very_long_instructi""]",bert,,sentence-transformers/all-mpnet-base-v2
374,very_long_instruction_word,very_long_instruction_word,"[""public-key_cryptography . instruction_set . design_of_experiments . web_server . differential_equation . higher-order_function . congestion_control . kinematics . statistics . semantics . denotational_semantics . bayesian_probability . mutual_exclusion . formal_methods . symmetric_multiprocessing . procedural_programming . quantum_cryptography . linked_list . support_vector_machine . tensor . generic_programming . database_transaction . cryptographic_hash_function . entropy . very_long_instructi""]",bert,,sentence-transformers/all-mpnet-base-v2
375,software_framework,software_framework,"[""public-key_cryptography . instruction_set . design_of_experiments . web_server . differential_equation . higher-order_function . congestion_control . kinematics . statistics . semantics . denotational_semantics . bayesian_probability . mutual_exclusion . formal_methods . symmetric_multiprocessing . procedural_programming . quantum_cryptography . linked_list . support_vector_machine . tensor . generic_programming . database_transaction . cryptographic_hash_function . entropy . very_long_instructi""]",bert,,sentence-transformers/all-mpnet-base-v2
376,sequence_alignment,sequence_alignment,"[""public-key_cryptography . instruction_set . design_of_experiments . web_server . differential_equation . higher-order_function . congestion_control . kinematics . statistics . semantics . denotational_semantics . bayesian_probability . mutual_exclusion . formal_methods . symmetric_multiprocessing . procedural_programming . quantum_cryptography . linked_list . support_vector_machine . tensor . generic_programming . database_transaction . cryptographic_hash_function . entropy . very_long_instructi""]",bert,,sentence-transformers/all-mpnet-base-v2
377,flow_network,flow_network,"[""public-key_cryptography . instruction_set . design_of_experiments . web_server . differential_equation . higher-order_function . congestion_control . kinematics . statistics . semantics . denotational_semantics . bayesian_probability . mutual_exclusion . formal_methods . symmetric_multiprocessing . procedural_programming . quantum_cryptography . linked_list . support_vector_machine . tensor . generic_programming . database_transaction . cryptographic_hash_function . entropy . very_long_instructi""]",bert,,sentence-transformers/all-mpnet-base-v2
378,motion_capture,motion_capture,"[""public-key_cryptography . instruction_set . design_of_experiments . web_server . differential_equation . higher-order_function . congestion_control . kinematics . statistics . semantics . denotational_semantics . bayesian_probability . mutual_exclusion . formal_methods . symmetric_multiprocessing . procedural_programming . quantum_cryptography . linked_list . support_vector_machine . tensor . generic_programming . database_transaction . cryptographic_hash_function . entropy . very_long_instructi""]",bert,,sentence-transformers/all-mpnet-base-v2
379,feature_extraction,feature_extraction,"[""public-key_cryptography . instruction_set . design_of_experiments . web_server . differential_equation . higher-order_function . congestion_control . kinematics . statistics . semantics . denotational_semantics . bayesian_probability . mutual_exclusion . formal_methods . symmetric_multiprocessing . procedural_programming . quantum_cryptography . linked_list . support_vector_machine . tensor . generic_programming . database_transaction . cryptographic_hash_function . entropy . very_long_instructi""]",bert,,sentence-transformers/all-mpnet-base-v2
380,markov_process,markov_process,"[""public-key_cryptography . instruction_set . design_of_experiments . web_server . differential_equation . higher-order_function . congestion_control . kinematics . statistics . semantics . denotational_semantics . bayesian_probability . mutual_exclusion . formal_methods . symmetric_multiprocessing . procedural_programming . quantum_cryptography . linked_list . support_vector_machine . tensor . generic_programming . database_transaction . cryptographic_hash_function . entropy . very_long_instructi""]",bert,,sentence-transformers/all-mpnet-base-v2
381,computer_simulation,computer_simulation,"[""public-key_cryptography . instruction_set . design_of_experiments . web_server . differential_equation . higher-order_function . congestion_control . kinematics . statistics . semantics . denotational_semantics . bayesian_probability . mutual_exclusion . formal_methods . symmetric_multiprocessing . procedural_programming . quantum_cryptography . linked_list . support_vector_machine . tensor . generic_programming . database_transaction . cryptographic_hash_function . entropy . very_long_instructi""]",bert,,sentence-transformers/all-mpnet-base-v2
382,mechanical_engineering,mechanical_engineering,"[""public-key_cryptography . instruction_set . design_of_experiments . web_server . differential_equation . higher-order_function . congestion_control . kinematics . statistics . semantics . denotational_semantics . bayesian_probability . mutual_exclusion . formal_methods . symmetric_multiprocessing . procedural_programming . quantum_cryptography . linked_list . support_vector_machine . tensor . generic_programming . database_transaction . cryptographic_hash_function . entropy . very_long_instructi""]",bert,,sentence-transformers/all-mpnet-base-v2
383,fast_fourier_transform,fast_fourier_transform,"[""public-key_cryptography . instruction_set . design_of_experiments . web_server . differential_equation . higher-order_function . congestion_control . kinematics . statistics . semantics . denotational_semantics . bayesian_probability . mutual_exclusion . formal_methods . symmetric_multiprocessing . procedural_programming . quantum_cryptography . linked_list . support_vector_machine . tensor . generic_programming . database_transaction . cryptographic_hash_function . entropy . very_long_instructi""]",bert,,sentence-transformers/all-mpnet-base-v2
384,part-of-speech_tagging,part-of-speech_tagging,"[""public-key_cryptography . instruction_set . design_of_experiments . web_server . differential_equation . higher-order_function . congestion_control . kinematics . statistics . semantics . denotational_semantics . bayesian_probability . mutual_exclusion . formal_methods . symmetric_multiprocessing . procedural_programming . quantum_cryptography . linked_list . support_vector_machine . tensor . generic_programming . database_transaction . cryptographic_hash_function . entropy . very_long_instructi""]",bert,,sentence-transformers/all-mpnet-base-v2
385,fixed_point_(mathematics),fixed_point_(mathematics),"[""public-key_cryptography . instruction_set . design_of_experiments . web_server . differential_equation . higher-order_function . congestion_control . kinematics . statistics . semantics . denotational_semantics . bayesian_probability . mutual_exclusion . formal_methods . symmetric_multiprocessing . procedural_programming . quantum_cryptography . linked_list . support_vector_machine . tensor . generic_programming . database_transaction . cryptographic_hash_function . entropy . very_long_instructi""]",bert,,sentence-transformers/all-mpnet-base-v2
386,virtual_reality,virtual_reality,"[""public-key_cryptography . instruction_set . design_of_experiments . web_server . differential_equation . higher-order_function . congestion_control . kinematics . statistics . semantics . denotational_semantics . bayesian_probability . mutual_exclusion . formal_methods . symmetric_multiprocessing . procedural_programming . quantum_cryptography . linked_list . support_vector_machine . tensor . generic_programming . database_transaction . cryptographic_hash_function . entropy . very_long_instructi""]",bert,,sentence-transformers/all-mpnet-base-v2
387,message_passing,message_passing,"[""javascript . decision_theory . memory_management . halting_problem . linear_system . syntax . round-off_error . structured_programming . hidden_line_removal . queue_(data_structure) . array_data_structure . nonlinear_system . application_programming_interface . processor_register . stack_(data_structure) . scientific_visualization . garbage_collection_(computer_science) . prolog . logic_programming . dynamic_memory_allocation . software_testing . telecommunications_network . stochastic . 3d_comp"", ""public-key_cryptography . instruction_set . design_of_experiments . web_server . differential_equation . higher-order_function . congestion_control . kinematics . statistics . semantics . denotational_semantics . bayesian_probability . mutual_exclusion . formal_methods . symmetric_multiprocessing . procedural_programming . quantum_cryptography . linked_list . support_vector_machine . tensor . generic_programming . database_transaction . cryptographic_hash_function . entropy . very_long_instructi""]",bert,,sentence-transformers/all-mpnet-base-v2
388,web_service,web_service,"[""public-key_cryptography . instruction_set . design_of_experiments . web_server . differential_equation . higher-order_function . congestion_control . kinematics . statistics . semantics . denotational_semantics . bayesian_probability . mutual_exclusion . formal_methods . symmetric_multiprocessing . procedural_programming . quantum_cryptography . linked_list . support_vector_machine . tensor . generic_programming . database_transaction . cryptographic_hash_function . entropy . very_long_instructi""]",bert,,sentence-transformers/all-mpnet-base-v2
389,prediction,prediction,"[""public-key_cryptography . instruction_set . design_of_experiments . web_server . differential_equation . higher-order_function . congestion_control . kinematics . statistics . semantics . denotational_semantics . bayesian_probability . mutual_exclusion . formal_methods . symmetric_multiprocessing . procedural_programming . quantum_cryptography . linked_list . support_vector_machine . tensor . generic_programming . database_transaction . cryptographic_hash_function . entropy . very_long_instructi""]",bert,,sentence-transformers/all-mpnet-base-v2
390,floating_point,floating_point,"[""public-key_cryptography . instruction_set . design_of_experiments . web_server . differential_equation . higher-order_function . congestion_control . kinematics . statistics . semantics . denotational_semantics . bayesian_probability . mutual_exclusion . formal_methods . symmetric_multiprocessing . procedural_programming . quantum_cryptography . linked_list . support_vector_machine . tensor . generic_programming . database_transaction . cryptographic_hash_function . entropy . very_long_instructi""]",bert,,sentence-transformers/all-mpnet-base-v2
391,context-free_grammar,context-free_grammar,"[""public-key_cryptography . instruction_set . design_of_experiments . web_server . differential_equation . higher-order_function . congestion_control . kinematics . statistics . semantics . denotational_semantics . bayesian_probability . mutual_exclusion . formal_methods . symmetric_multiprocessing . procedural_programming . quantum_cryptography . linked_list . support_vector_machine . tensor . generic_programming . database_transaction . cryptographic_hash_function . entropy . very_long_instructi""]",bert,,sentence-transformers/all-mpnet-base-v2
392,programming_style,programming_style,"[""public-key_cryptography . instruction_set . design_of_experiments . web_server . differential_equation . higher-order_function . congestion_control . kinematics . statistics . semantics . denotational_semantics . bayesian_probability . mutual_exclusion . formal_methods . symmetric_multiprocessing . procedural_programming . quantum_cryptography . linked_list . support_vector_machine . tensor . generic_programming . database_transaction . cryptographic_hash_function . entropy . very_long_instructi""]",bert,,sentence-transformers/all-mpnet-base-v2
393,program_optimization,program_optimization,"[""public-key_cryptography . instruction_set . design_of_experiments . web_server . differential_equation . higher-order_function . congestion_control . kinematics . statistics . semantics . denotational_semantics . bayesian_probability . mutual_exclusion . formal_methods . symmetric_multiprocessing . procedural_programming . quantum_cryptography . linked_list . support_vector_machine . tensor . generic_programming . database_transaction . cryptographic_hash_function . entropy . very_long_instructi""]",bert,,sentence-transformers/all-mpnet-base-v2
394,data_analysis,data_analysis,"[""public-key_cryptography . instruction_set . design_of_experiments . web_server . differential_equation . higher-order_function . congestion_control . kinematics . statistics . semantics . denotational_semantics . bayesian_probability . mutual_exclusion . formal_methods . symmetric_multiprocessing . procedural_programming . quantum_cryptography . linked_list . support_vector_machine . tensor . generic_programming . database_transaction . cryptographic_hash_function . entropy . very_long_instructi""]",bert,,sentence-transformers/all-mpnet-base-v2
395,wavelet,wavelet,"[""public-key_cryptography . instruction_set . design_of_experiments . web_server . differential_equation . higher-order_function . congestion_control . kinematics . statistics . semantics . denotational_semantics . bayesian_probability . mutual_exclusion . formal_methods . symmetric_multiprocessing . procedural_programming . quantum_cryptography . linked_list . support_vector_machine . tensor . generic_programming . database_transaction . cryptographic_hash_function . entropy . very_long_instructi""]",bert,,sentence-transformers/all-mpnet-base-v2
396,inference,inference,"[""complexity . statistical_inference . data . martingale_(probability_theory) . markov_chain . arithmetic_logic_unit . digital_electronics . data_mining . artificial_intelligence . divide_and_conquer_algorithm . robotics . robot . computer_security . cache_coherence . shared_memory . parsing . finite-state_machine . malware . authentication . firewall_(computing) . information_assurance . relational_model . compiler . computer_architecture . atomicity_(database_systems) . bioinformatics . b-tree ."", ""public-key_cryptography . instruction_set . design_of_experiments . web_server . differential_equation . higher-order_function . congestion_control . kinematics . statistics . semantics . denotational_semantics . bayesian_probability . mutual_exclusion . formal_methods . symmetric_multiprocessing . procedural_programming . quantum_cryptography . linked_list . support_vector_machine . tensor . generic_programming . database_transaction . cryptographic_hash_function . entropy . very_long_instructi""]",bert,,sentence-transformers/all-mpnet-base-v2
397,computer_multitasking,computer_multitasking,"[""public-key_cryptography . instruction_set . design_of_experiments . web_server . differential_equation . higher-order_function . congestion_control . kinematics . statistics . semantics . denotational_semantics . bayesian_probability . mutual_exclusion . formal_methods . symmetric_multiprocessing . procedural_programming . quantum_cryptography . linked_list . support_vector_machine . tensor . generic_programming . database_transaction . cryptographic_hash_function . entropy . very_long_instructi""]",bert,,sentence-transformers/all-mpnet-base-v2
398,debugging,debugging,"[""public-key_cryptography . instruction_set . design_of_experiments . web_server . differential_equation . higher-order_function . congestion_control . kinematics . statistics . semantics . denotational_semantics . bayesian_probability . mutual_exclusion . formal_methods . symmetric_multiprocessing . procedural_programming . quantum_cryptography . linked_list . support_vector_machine . tensor . generic_programming . database_transaction . cryptographic_hash_function . entropy . very_long_instructi""]",bert,,sentence-transformers/all-mpnet-base-v2
399,recommender_system,recommender_system,"[""public-key_cryptography . instruction_set . design_of_experiments . web_server . differential_equation . higher-order_function . congestion_control . kinematics . statistics . semantics . denotational_semantics . bayesian_probability . mutual_exclusion . formal_methods . symmetric_multiprocessing . procedural_programming . quantum_cryptography . linked_list . support_vector_machine . tensor . generic_programming . database_transaction . cryptographic_hash_function . entropy . very_long_instructi""]",bert,,sentence-transformers/all-mpnet-base-v2
400,run_time_(program_lifecycle_phase),run_time_(program_lifecycle_phase),"[""run_time_(program_lifecycle_phase) . performance_tuning . database_normalization . encryption . lexical_semantics . scientific_modelling . eigenvalues_and_eigenvectors . medicine . linguistics . open_source . data_model . vector_space . multimodal_interaction . instruction_pipeline . simulation . methodology . philosophy . type_theory . intelligence . physics . infinity . genetics . data_compression . complex_systems . molecular_biology . genomics . grammar . electronic_commerce . prototype . de""]",bert,,sentence-transformers/all-mpnet-base-v2
401,performance_tuning,performance_tuning,"[""run_time_(program_lifecycle_phase) . performance_tuning . database_normalization . encryption . lexical_semantics . scientific_modelling . eigenvalues_and_eigenvectors . medicine . linguistics . open_source . data_model . vector_space . multimodal_interaction . instruction_pipeline . simulation . methodology . philosophy . type_theory . intelligence . physics . infinity . genetics . data_compression . complex_systems . molecular_biology . genomics . grammar . electronic_commerce . prototype . de""]",bert,,sentence-transformers/all-mpnet-base-v2
402,database_normalization,database_normalization,"[""run_time_(program_lifecycle_phase) . performance_tuning . database_normalization . encryption . lexical_semantics . scientific_modelling . eigenvalues_and_eigenvectors . medicine . linguistics . open_source . data_model . vector_space . multimodal_interaction . instruction_pipeline . simulation . methodology . philosophy . type_theory . intelligence . physics . infinity . genetics . data_compression . complex_systems . molecular_biology . genomics . grammar . electronic_commerce . prototype . de""]",bert,,sentence-transformers/all-mpnet-base-v2
403,encryption,encryption,"[""run_time_(program_lifecycle_phase) . performance_tuning . database_normalization . encryption . lexical_semantics . scientific_modelling . eigenvalues_and_eigenvectors . medicine . linguistics . open_source . data_model . vector_space . multimodal_interaction . instruction_pipeline . simulation . methodology . philosophy . type_theory . intelligence . physics . infinity . genetics . data_compression . complex_systems . molecular_biology . genomics . grammar . electronic_commerce . prototype . de""]",bert,,sentence-transformers/all-mpnet-base-v2
404,lexical_semantics,lexical_semantics,"[""run_time_(program_lifecycle_phase) . performance_tuning . database_normalization . encryption . lexical_semantics . scientific_modelling . eigenvalues_and_eigenvectors . medicine . linguistics . open_source . data_model . vector_space . multimodal_interaction . instruction_pipeline . simulation . methodology . philosophy . type_theory . intelligence . physics . infinity . genetics . data_compression . complex_systems . molecular_biology . genomics . grammar . electronic_commerce . prototype . de""]",bert,,sentence-transformers/all-mpnet-base-v2
405,scientific_modelling,scientific_modelling,"[""run_time_(program_lifecycle_phase) . performance_tuning . database_normalization . encryption . lexical_semantics . scientific_modelling . eigenvalues_and_eigenvectors . medicine . linguistics . open_source . data_model . vector_space . multimodal_interaction . instruction_pipeline . simulation . methodology . philosophy . type_theory . intelligence . physics . infinity . genetics . data_compression . complex_systems . molecular_biology . genomics . grammar . electronic_commerce . prototype . de""]",bert,,sentence-transformers/all-mpnet-base-v2
406,eigenvalues_and_eigenvectors,eigenvalues_and_eigenvectors,"[""run_time_(program_lifecycle_phase) . performance_tuning . database_normalization . encryption . lexical_semantics . scientific_modelling . eigenvalues_and_eigenvectors . medicine . linguistics . open_source . data_model . vector_space . multimodal_interaction . instruction_pipeline . simulation . methodology . philosophy . type_theory . intelligence . physics . infinity . genetics . data_compression . complex_systems . molecular_biology . genomics . grammar . electronic_commerce . prototype . de""]",bert,,sentence-transformers/all-mpnet-base-v2
407,medicine,medicine,"[""run_time_(program_lifecycle_phase) . performance_tuning . database_normalization . encryption . lexical_semantics . scientific_modelling . eigenvalues_and_eigenvectors . medicine . linguistics . open_source . data_model . vector_space . multimodal_interaction . instruction_pipeline . simulation . methodology . philosophy . type_theory . intelligence . physics . infinity . genetics . data_compression . complex_systems . molecular_biology . genomics . grammar . electronic_commerce . prototype . de""]",bert,,sentence-transformers/all-mpnet-base-v2
408,linguistics,linguistics,"[""run_time_(program_lifecycle_phase) . performance_tuning . database_normalization . encryption . lexical_semantics . scientific_modelling . eigenvalues_and_eigenvectors . medicine . linguistics . open_source . data_model . vector_space . multimodal_interaction . instruction_pipeline . simulation . methodology . philosophy . type_theory . intelligence . physics . infinity . genetics . data_compression . complex_systems . molecular_biology . genomics . grammar . electronic_commerce . prototype . de""]",bert,,sentence-transformers/all-mpnet-base-v2
409,open_source,open_source,"[""run_time_(program_lifecycle_phase) . performance_tuning . database_normalization . encryption . lexical_semantics . scientific_modelling . eigenvalues_and_eigenvectors . medicine . linguistics . open_source . data_model . vector_space . multimodal_interaction . instruction_pipeline . simulation . methodology . philosophy . type_theory . intelligence . physics . infinity . genetics . data_compression . complex_systems . molecular_biology . genomics . grammar . electronic_commerce . prototype . de""]",bert,,sentence-transformers/all-mpnet-base-v2
410,data_model,data_model,"[""run_time_(program_lifecycle_phase) . performance_tuning . database_normalization . encryption . lexical_semantics . scientific_modelling . eigenvalues_and_eigenvectors . medicine . linguistics . open_source . data_model . vector_space . multimodal_interaction . instruction_pipeline . simulation . methodology . philosophy . type_theory . intelligence . physics . infinity . genetics . data_compression . complex_systems . molecular_biology . genomics . grammar . electronic_commerce . prototype . de""]",bert,,sentence-transformers/all-mpnet-base-v2
411,vector_space,vector_space,"[""run_time_(program_lifecycle_phase) . performance_tuning . database_normalization . encryption . lexical_semantics . scientific_modelling . eigenvalues_and_eigenvectors . medicine . linguistics . open_source . data_model . vector_space . multimodal_interaction . instruction_pipeline . simulation . methodology . philosophy . type_theory . intelligence . physics . infinity . genetics . data_compression . complex_systems . molecular_biology . genomics . grammar . electronic_commerce . prototype . de""]",bert,,sentence-transformers/all-mpnet-base-v2
412,multimodal_interaction,multimodal_interaction,"[""run_time_(program_lifecycle_phase) . performance_tuning . database_normalization . encryption . lexical_semantics . scientific_modelling . eigenvalues_and_eigenvectors . medicine . linguistics . open_source . data_model . vector_space . multimodal_interaction . instruction_pipeline . simulation . methodology . philosophy . type_theory . intelligence . physics . infinity . genetics . data_compression . complex_systems . molecular_biology . genomics . grammar . electronic_commerce . prototype . de""]",bert,,sentence-transformers/all-mpnet-base-v2
413,instruction_pipeline,instruction_pipeline,"[""run_time_(program_lifecycle_phase) . performance_tuning . database_normalization . encryption . lexical_semantics . scientific_modelling . eigenvalues_and_eigenvectors . medicine . linguistics . open_source . data_model . vector_space . multimodal_interaction . instruction_pipeline . simulation . methodology . philosophy . type_theory . intelligence . physics . infinity . genetics . data_compression . complex_systems . molecular_biology . genomics . grammar . electronic_commerce . prototype . de""]",bert,,sentence-transformers/all-mpnet-base-v2
414,simulation,simulation,"[""public-key_cryptography . instruction_set . design_of_experiments . web_server . differential_equation . higher-order_function . congestion_control . kinematics . statistics . semantics . denotational_semantics . bayesian_probability . mutual_exclusion . formal_methods . symmetric_multiprocessing . procedural_programming . quantum_cryptography . linked_list . support_vector_machine . tensor . generic_programming . database_transaction . cryptographic_hash_function . entropy . very_long_instructi"", ""run_time_(program_lifecycle_phase) . performance_tuning . database_normalization . encryption . lexical_semantics . scientific_modelling . eigenvalues_and_eigenvectors . medicine . linguistics . open_source . data_model . vector_space . multimodal_interaction . instruction_pipeline . simulation . methodology . philosophy . type_theory . intelligence . physics . infinity . genetics . data_compression . complex_systems . molecular_biology . genomics . grammar . electronic_commerce . prototype . de""]",bert,,sentence-transformers/all-mpnet-base-v2
415,methodology,methodology,"[""run_time_(program_lifecycle_phase) . performance_tuning . database_normalization . encryption . lexical_semantics . scientific_modelling . eigenvalues_and_eigenvectors . medicine . linguistics . open_source . data_model . vector_space . multimodal_interaction . instruction_pipeline . simulation . methodology . philosophy . type_theory . intelligence . physics . infinity . genetics . data_compression . complex_systems . molecular_biology . genomics . grammar . electronic_commerce . prototype . de""]",bert,,sentence-transformers/all-mpnet-base-v2
416,philosophy,philosophy,"[""run_time_(program_lifecycle_phase) . performance_tuning . database_normalization . encryption . lexical_semantics . scientific_modelling . eigenvalues_and_eigenvectors . medicine . linguistics . open_source . data_model . vector_space . multimodal_interaction . instruction_pipeline . simulation . methodology . philosophy . type_theory . intelligence . physics . infinity . genetics . data_compression . complex_systems . molecular_biology . genomics . grammar . electronic_commerce . prototype . de""]",bert,,sentence-transformers/all-mpnet-base-v2
417,type_theory,type_theory,"[""run_time_(program_lifecycle_phase) . performance_tuning . database_normalization . encryption . lexical_semantics . scientific_modelling . eigenvalues_and_eigenvectors . medicine . linguistics . open_source . data_model . vector_space . multimodal_interaction . instruction_pipeline . simulation . methodology . philosophy . type_theory . intelligence . physics . infinity . genetics . data_compression . complex_systems . molecular_biology . genomics . grammar . electronic_commerce . prototype . de""]",bert,,sentence-transformers/all-mpnet-base-v2
418,intelligence,intelligence,"[""complexity . statistical_inference . data . martingale_(probability_theory) . markov_chain . arithmetic_logic_unit . digital_electronics . data_mining . artificial_intelligence . divide_and_conquer_algorithm . robotics . robot . computer_security . cache_coherence . shared_memory . parsing . finite-state_machine . malware . authentication . firewall_(computing) . information_assurance . relational_model . compiler . computer_architecture . atomicity_(database_systems) . bioinformatics . b-tree ."", ""run_time_(program_lifecycle_phase) . performance_tuning . database_normalization . encryption . lexical_semantics . scientific_modelling . eigenvalues_and_eigenvectors . medicine . linguistics . open_source . data_model . vector_space . multimodal_interaction . instruction_pipeline . simulation . methodology . philosophy . type_theory . intelligence . physics . infinity . genetics . data_compression . complex_systems . molecular_biology . genomics . grammar . electronic_commerce . prototype . de""]",bert,,sentence-transformers/all-mpnet-base-v2
419,physics,physics,"[""run_time_(program_lifecycle_phase) . performance_tuning . database_normalization . encryption . lexical_semantics . scientific_modelling . eigenvalues_and_eigenvectors . medicine . linguistics . open_source . data_model . vector_space . multimodal_interaction . instruction_pipeline . simulation . methodology . philosophy . type_theory . intelligence . physics . infinity . genetics . data_compression . complex_systems . molecular_biology . genomics . grammar . electronic_commerce . prototype . de""]",bert,,sentence-transformers/all-mpnet-base-v2
420,infinity,infinity,"[""run_time_(program_lifecycle_phase) . performance_tuning . database_normalization . encryption . lexical_semantics . scientific_modelling . eigenvalues_and_eigenvectors . medicine . linguistics . open_source . data_model . vector_space . multimodal_interaction . instruction_pipeline . simulation . methodology . philosophy . type_theory . intelligence . physics . infinity . genetics . data_compression . complex_systems . molecular_biology . genomics . grammar . electronic_commerce . prototype . de""]",bert,,sentence-transformers/all-mpnet-base-v2
421,genetics,genetics,"[""run_time_(program_lifecycle_phase) . performance_tuning . database_normalization . encryption . lexical_semantics . scientific_modelling . eigenvalues_and_eigenvectors . medicine . linguistics . open_source . data_model . vector_space . multimodal_interaction . instruction_pipeline . simulation . methodology . philosophy . type_theory . intelligence . physics . infinity . genetics . data_compression . complex_systems . molecular_biology . genomics . grammar . electronic_commerce . prototype . de""]",bert,,sentence-transformers/all-mpnet-base-v2
422,data_compression,data_compression,"[""run_time_(program_lifecycle_phase) . performance_tuning . database_normalization . encryption . lexical_semantics . scientific_modelling . eigenvalues_and_eigenvectors . medicine . linguistics . open_source . data_model . vector_space . multimodal_interaction . instruction_pipeline . simulation . methodology . philosophy . type_theory . intelligence . physics . infinity . genetics . data_compression . complex_systems . molecular_biology . genomics . grammar . electronic_commerce . prototype . de""]",bert,,sentence-transformers/all-mpnet-base-v2
423,complex_systems,complex_systems,"[""run_time_(program_lifecycle_phase) . performance_tuning . database_normalization . encryption . lexical_semantics . scientific_modelling . eigenvalues_and_eigenvectors . medicine . linguistics . open_source . data_model . vector_space . multimodal_interaction . instruction_pipeline . simulation . methodology . philosophy . type_theory . intelligence . physics . infinity . genetics . data_compression . complex_systems . molecular_biology . genomics . grammar . electronic_commerce . prototype . de""]",bert,,sentence-transformers/all-mpnet-base-v2
424,molecular_biology,molecular_biology,"[""run_time_(program_lifecycle_phase) . performance_tuning . database_normalization . encryption . lexical_semantics . scientific_modelling . eigenvalues_and_eigenvectors . medicine . linguistics . open_source . data_model . vector_space . multimodal_interaction . instruction_pipeline . simulation . methodology . philosophy . type_theory . intelligence . physics . infinity . genetics . data_compression . complex_systems . molecular_biology . genomics . grammar . electronic_commerce . prototype . de""]",bert,,sentence-transformers/all-mpnet-base-v2
425,genomics,genomics,"[""run_time_(program_lifecycle_phase) . performance_tuning . database_normalization . encryption . lexical_semantics . scientific_modelling . eigenvalues_and_eigenvectors . medicine . linguistics . open_source . data_model . vector_space . multimodal_interaction . instruction_pipeline . simulation . methodology . philosophy . type_theory . intelligence . physics . infinity . genetics . data_compression . complex_systems . molecular_biology . genomics . grammar . electronic_commerce . prototype . de""]",bert,,sentence-transformers/all-mpnet-base-v2
426,grammar,grammar,"[""random_graph . mathematics . knowledge_representation_and_reasoning . algorithm_design . natural_language_processing . natural_language . algorithm . combinatorics . system_programming . unix . mathematical_induction . mathematical_proof . computer_vision . image_processing . randomness . computer_science . number_theory . database . data_(computing) . machine_learning . graph_theory . type_system . programming_language . variable_(computer_science) . computer_programming . logic . distributed_c"", ""public-key_cryptography . instruction_set . design_of_experiments . web_server . differential_equation . higher-order_function . congestion_control . kinematics . statistics . semantics . denotational_semantics . bayesian_probability . mutual_exclusion . formal_methods . symmetric_multiprocessing . procedural_programming . quantum_cryptography . linked_list . support_vector_machine . tensor . generic_programming . database_transaction . cryptographic_hash_function . entropy . very_long_instructi"", ""run_time_(program_lifecycle_phase) . performance_tuning . database_normalization . encryption . lexical_semantics . scientific_modelling . eigenvalues_and_eigenvectors . medicine . linguistics . open_source . data_model . vector_space . multimodal_interaction . instruction_pipeline . simulation . methodology . philosophy . type_theory . intelligence . physics . infinity . genetics . data_compression . complex_systems . molecular_biology . genomics . grammar . electronic_commerce . prototype . de""]",bert,,sentence-transformers/all-mpnet-base-v2
427,electronic_commerce,electronic_commerce,"[""run_time_(program_lifecycle_phase) . performance_tuning . database_normalization . encryption . lexical_semantics . scientific_modelling . eigenvalues_and_eigenvectors . medicine . linguistics . open_source . data_model . vector_space . multimodal_interaction . instruction_pipeline . simulation . methodology . philosophy . type_theory . intelligence . physics . infinity . genetics . data_compression . complex_systems . molecular_biology . genomics . grammar . electronic_commerce . prototype . de""]",bert,,sentence-transformers/all-mpnet-base-v2
428,prototype,prototype,"[""run_time_(program_lifecycle_phase) . performance_tuning . database_normalization . encryption . lexical_semantics . scientific_modelling . eigenvalues_and_eigenvectors . medicine . linguistics . open_source . data_model . vector_space . multimodal_interaction . instruction_pipeline . simulation . methodology . philosophy . type_theory . intelligence . physics . infinity . genetics . data_compression . complex_systems . molecular_biology . genomics . grammar . electronic_commerce . prototype . de""]",bert,,sentence-transformers/all-mpnet-base-v2
429,determinism,determinism,"[""run_time_(program_lifecycle_phase) . performance_tuning . database_normalization . encryption . lexical_semantics . scientific_modelling . eigenvalues_and_eigenvectors . medicine . linguistics . open_source . data_model . vector_space . multimodal_interaction . instruction_pipeline . simulation . methodology . philosophy . type_theory . intelligence . physics . infinity . genetics . data_compression . complex_systems . molecular_biology . genomics . grammar . electronic_commerce . prototype . de""]",bert,,sentence-transformers/all-mpnet-base-v2
430,combinatorial_optimization,combinatorial_optimization,"[""run_time_(program_lifecycle_phase) . performance_tuning . database_normalization . encryption . lexical_semantics . scientific_modelling . eigenvalues_and_eigenvectors . medicine . linguistics . open_source . data_model . vector_space . multimodal_interaction . instruction_pipeline . simulation . methodology . philosophy . type_theory . intelligence . physics . infinity . genetics . data_compression . complex_systems . molecular_biology . genomics . grammar . electronic_commerce . prototype . de""]",bert,,sentence-transformers/all-mpnet-base-v2
431,email,email,"[""run_time_(program_lifecycle_phase) . performance_tuning . database_normalization . encryption . lexical_semantics . scientific_modelling . eigenvalues_and_eigenvectors . medicine . linguistics . open_source . data_model . vector_space . multimodal_interaction . instruction_pipeline . simulation . methodology . philosophy . type_theory . intelligence . physics . infinity . genetics . data_compression . complex_systems . molecular_biology . genomics . grammar . electronic_commerce . prototype . de""]",bert,,sentence-transformers/all-mpnet-base-v2
432,cell_(biology),cell_(biology),"[""run_time_(program_lifecycle_phase) . performance_tuning . database_normalization . encryption . lexical_semantics . scientific_modelling . eigenvalues_and_eigenvectors . medicine . linguistics . open_source . data_model . vector_space . multimodal_interaction . instruction_pipeline . simulation . methodology . philosophy . type_theory . intelligence . physics . infinity . genetics . data_compression . complex_systems . molecular_biology . genomics . grammar . electronic_commerce . prototype . de""]",bert,,sentence-transformers/all-mpnet-base-v2
433,information_retrieval,information_retrieval,"[""run_time_(program_lifecycle_phase) . performance_tuning . database_normalization . encryption . lexical_semantics . scientific_modelling . eigenvalues_and_eigenvectors . medicine . linguistics . open_source . data_model . vector_space . multimodal_interaction . instruction_pipeline . simulation . methodology . philosophy . type_theory . intelligence . physics . infinity . genetics . data_compression . complex_systems . molecular_biology . genomics . grammar . electronic_commerce . prototype . de""]",bert,,sentence-transformers/all-mpnet-base-v2
434,structural_induction,structural_induction,"[""run_time_(program_lifecycle_phase) . performance_tuning . database_normalization . encryption . lexical_semantics . scientific_modelling . eigenvalues_and_eigenvectors . medicine . linguistics . open_source . data_model . vector_space . multimodal_interaction . instruction_pipeline . simulation . methodology . philosophy . type_theory . intelligence . physics . infinity . genetics . data_compression . complex_systems . molecular_biology . genomics . grammar . electronic_commerce . prototype . de""]",bert,,sentence-transformers/all-mpnet-base-v2
435,molecular_dynamics,molecular_dynamics,"[""run_time_(program_lifecycle_phase) . performance_tuning . database_normalization . encryption . lexical_semantics . scientific_modelling . eigenvalues_and_eigenvectors . medicine . linguistics . open_source . data_model . vector_space . multimodal_interaction . instruction_pipeline . simulation . methodology . philosophy . type_theory . intelligence . physics . infinity . genetics . data_compression . complex_systems . molecular_biology . genomics . grammar . electronic_commerce . prototype . de""]",bert,,sentence-transformers/all-mpnet-base-v2
436,discretization,discretization,"[""run_time_(program_lifecycle_phase) . performance_tuning . database_normalization . encryption . lexical_semantics . scientific_modelling . eigenvalues_and_eigenvectors . medicine . linguistics . open_source . data_model . vector_space . multimodal_interaction . instruction_pipeline . simulation . methodology . philosophy . type_theory . intelligence . physics . infinity . genetics . data_compression . complex_systems . molecular_biology . genomics . grammar . electronic_commerce . prototype . de""]",bert,,sentence-transformers/all-mpnet-base-v2
437,library,library,"[""run_time_(program_lifecycle_phase) . performance_tuning . database_normalization . encryption . lexical_semantics . scientific_modelling . eigenvalues_and_eigenvectors . medicine . linguistics . open_source . data_model . vector_space . multimodal_interaction . instruction_pipeline . simulation . methodology . philosophy . type_theory . intelligence . physics . infinity . genetics . data_compression . complex_systems . molecular_biology . genomics . grammar . electronic_commerce . prototype . de"", ""aerospace . constraint_satisfaction . remote_procedure_call . library_(computing) . forensic_science . visual_perception . iteration . privacy . top-down_and_bottom-up_design . expander_graph . revision_control . abstract_interpretation . chemistry . usability . probabilistic_method . np-hard . parabola""]",bert,,sentence-transformers/all-mpnet-base-v2
438,exception_handling,exception_handling,"[""run_time_(program_lifecycle_phase) . performance_tuning . database_normalization . encryption . lexical_semantics . scientific_modelling . eigenvalues_and_eigenvectors . medicine . linguistics . open_source . data_model . vector_space . multimodal_interaction . instruction_pipeline . simulation . methodology . philosophy . type_theory . intelligence . physics . infinity . genetics . data_compression . complex_systems . molecular_biology . genomics . grammar . electronic_commerce . prototype . de""]",bert,,sentence-transformers/all-mpnet-base-v2
439,computer_file,computer_file,"[""run_time_(program_lifecycle_phase) . performance_tuning . database_normalization . encryption . lexical_semantics . scientific_modelling . eigenvalues_and_eigenvectors . medicine . linguistics . open_source . data_model . vector_space . multimodal_interaction . instruction_pipeline . simulation . methodology . philosophy . type_theory . intelligence . physics . infinity . genetics . data_compression . complex_systems . molecular_biology . genomics . grammar . electronic_commerce . prototype . de""]",bert,,sentence-transformers/all-mpnet-base-v2
440,literature,literature,"[""run_time_(program_lifecycle_phase) . performance_tuning . database_normalization . encryption . lexical_semantics . scientific_modelling . eigenvalues_and_eigenvectors . medicine . linguistics . open_source . data_model . vector_space . multimodal_interaction . instruction_pipeline . simulation . methodology . philosophy . type_theory . intelligence . physics . infinity . genetics . data_compression . complex_systems . molecular_biology . genomics . grammar . electronic_commerce . prototype . de""]",bert,,sentence-transformers/all-mpnet-base-v2
441,hierarchy,hierarchy,"[""javascript . decision_theory . memory_management . halting_problem . linear_system . syntax . round-off_error . structured_programming . hidden_line_removal . queue_(data_structure) . array_data_structure . nonlinear_system . application_programming_interface . processor_register . stack_(data_structure) . scientific_visualization . garbage_collection_(computer_science) . prolog . logic_programming . dynamic_memory_allocation . software_testing . telecommunications_network . stochastic . 3d_comp"", ""run_time_(program_lifecycle_phase) . performance_tuning . database_normalization . encryption . lexical_semantics . scientific_modelling . eigenvalues_and_eigenvectors . medicine . linguistics . open_source . data_model . vector_space . multimodal_interaction . instruction_pipeline . simulation . methodology . philosophy . type_theory . intelligence . physics . infinity . genetics . data_compression . complex_systems . molecular_biology . genomics . grammar . electronic_commerce . prototype . de""]",bert,,sentence-transformers/all-mpnet-base-v2
442,hash_function,hash_function,"[""public-key_cryptography . instruction_set . design_of_experiments . web_server . differential_equation . higher-order_function . congestion_control . kinematics . statistics . semantics . denotational_semantics . bayesian_probability . mutual_exclusion . formal_methods . symmetric_multiprocessing . procedural_programming . quantum_cryptography . linked_list . support_vector_machine . tensor . generic_programming . database_transaction . cryptographic_hash_function . entropy . very_long_instructi"", ""run_time_(program_lifecycle_phase) . performance_tuning . database_normalization . encryption . lexical_semantics . scientific_modelling . eigenvalues_and_eigenvectors . medicine . linguistics . open_source . data_model . vector_space . multimodal_interaction . instruction_pipeline . simulation . methodology . philosophy . type_theory . intelligence . physics . infinity . genetics . data_compression . complex_systems . molecular_biology . genomics . grammar . electronic_commerce . prototype . de""]",bert,,sentence-transformers/all-mpnet-base-v2
443,decidability_(logic),decidability_(logic),"[""run_time_(program_lifecycle_phase) . performance_tuning . database_normalization . encryption . lexical_semantics . scientific_modelling . eigenvalues_and_eigenvectors . medicine . linguistics . open_source . data_model . vector_space . multimodal_interaction . instruction_pipeline . simulation . methodology . philosophy . type_theory . intelligence . physics . infinity . genetics . data_compression . complex_systems . molecular_biology . genomics . grammar . electronic_commerce . prototype . de""]",bert,,sentence-transformers/all-mpnet-base-v2
444,xml,xml,"[""run_time_(program_lifecycle_phase) . performance_tuning . database_normalization . encryption . lexical_semantics . scientific_modelling . eigenvalues_and_eigenvectors . medicine . linguistics . open_source . data_model . vector_space . multimodal_interaction . instruction_pipeline . simulation . methodology . philosophy . type_theory . intelligence . physics . infinity . genetics . data_compression . complex_systems . molecular_biology . genomics . grammar . electronic_commerce . prototype . de""]",bert,,sentence-transformers/all-mpnet-base-v2
445,nosql,nosql,"[""run_time_(program_lifecycle_phase) . performance_tuning . database_normalization . encryption . lexical_semantics . scientific_modelling . eigenvalues_and_eigenvectors . medicine . linguistics . open_source . data_model . vector_space . multimodal_interaction . instruction_pipeline . simulation . methodology . philosophy . type_theory . intelligence . physics . infinity . genetics . data_compression . complex_systems . molecular_biology . genomics . grammar . electronic_commerce . prototype . de""]",bert,,sentence-transformers/all-mpnet-base-v2
446,project_management,project_management,"[""run_time_(program_lifecycle_phase) . performance_tuning . database_normalization . encryption . lexical_semantics . scientific_modelling . eigenvalues_and_eigenvectors . medicine . linguistics . open_source . data_model . vector_space . multimodal_interaction . instruction_pipeline . simulation . methodology . philosophy . type_theory . intelligence . physics . infinity . genetics . data_compression . complex_systems . molecular_biology . genomics . grammar . electronic_commerce . prototype . de""]",bert,,sentence-transformers/all-mpnet-base-v2
447,architecture,architecture,"[""complexity . statistical_inference . data . martingale_(probability_theory) . markov_chain . arithmetic_logic_unit . digital_electronics . data_mining . artificial_intelligence . divide_and_conquer_algorithm . robotics . robot . computer_security . cache_coherence . shared_memory . parsing . finite-state_machine . malware . authentication . firewall_(computing) . information_assurance . relational_model . compiler . computer_architecture . atomicity_(database_systems) . bioinformatics . b-tree ."", ""run_time_(program_lifecycle_phase) . performance_tuning . database_normalization . encryption . lexical_semantics . scientific_modelling . eigenvalues_and_eigenvectors . medicine . linguistics . open_source . data_model . vector_space . multimodal_interaction . instruction_pipeline . simulation . methodology . philosophy . type_theory . intelligence . physics . infinity . genetics . data_compression . complex_systems . molecular_biology . genomics . grammar . electronic_commerce . prototype . de""]",bert,,sentence-transformers/all-mpnet-base-v2
448,knowledge,knowledge,"[""random_graph . mathematics . knowledge_representation_and_reasoning . algorithm_design . natural_language_processing . natural_language . algorithm . combinatorics . system_programming . unix . mathematical_induction . mathematical_proof . computer_vision . image_processing . randomness . computer_science . number_theory . database . data_(computing) . machine_learning . graph_theory . type_system . programming_language . variable_(computer_science) . computer_programming . logic . distributed_c"", ""run_time_(program_lifecycle_phase) . performance_tuning . database_normalization . encryption . lexical_semantics . scientific_modelling . eigenvalues_and_eigenvectors . medicine . linguistics . open_source . data_model . vector_space . multimodal_interaction . instruction_pipeline . simulation . methodology . philosophy . type_theory . intelligence . physics . infinity . genetics . data_compression . complex_systems . molecular_biology . genomics . grammar . electronic_commerce . prototype . de""]",bert,,sentence-transformers/all-mpnet-base-v2
449,specification_(technical_standard),specification_(technical_standard),"[""run_time_(program_lifecycle_phase) . performance_tuning . database_normalization . encryption . lexical_semantics . scientific_modelling . eigenvalues_and_eigenvectors . medicine . linguistics . open_source . data_model . vector_space . multimodal_interaction . instruction_pipeline . simulation . methodology . philosophy . type_theory . intelligence . physics . infinity . genetics . data_compression . complex_systems . molecular_biology . genomics . grammar . electronic_commerce . prototype . de""]",bert,,sentence-transformers/all-mpnet-base-v2
450,aerospace,aerospace,"[""aerospace . constraint_satisfaction . remote_procedure_call . library_(computing) . forensic_science . visual_perception . iteration . privacy . top-down_and_bottom-up_design . expander_graph . revision_control . abstract_interpretation . chemistry . usability . probabilistic_method . np-hard . parabola""]",bert,,sentence-transformers/all-mpnet-base-v2
451,constraint_satisfaction,constraint_satisfaction,"[""aerospace . constraint_satisfaction . remote_procedure_call . library_(computing) . forensic_science . visual_perception . iteration . privacy . top-down_and_bottom-up_design . expander_graph . revision_control . abstract_interpretation . chemistry . usability . probabilistic_method . np-hard . parabola""]",bert,,sentence-transformers/all-mpnet-base-v2
452,remote_procedure_call,remote_procedure_call,"[""aerospace . constraint_satisfaction . remote_procedure_call . library_(computing) . forensic_science . visual_perception . iteration . privacy . top-down_and_bottom-up_design . expander_graph . revision_control . abstract_interpretation . chemistry . usability . probabilistic_method . np-hard . parabola""]",bert,,sentence-transformers/all-mpnet-base-v2
453,library_(computing),library_(computing),"[""aerospace . constraint_satisfaction . remote_procedure_call . library_(computing) . forensic_science . visual_perception . iteration . privacy . top-down_and_bottom-up_design . expander_graph . revision_control . abstract_interpretation . chemistry . usability . probabilistic_method . np-hard . parabola""]",bert,,sentence-transformers/all-mpnet-base-v2
454,forensic_science,forensic_science,"[""aerospace . constraint_satisfaction . remote_procedure_call . library_(computing) . forensic_science . visual_perception . iteration . privacy . top-down_and_bottom-up_design . expander_graph . revision_control . abstract_interpretation . chemistry . usability . probabilistic_method . np-hard . parabola""]",bert,,sentence-transformers/all-mpnet-base-v2
455,visual_perception,visual_perception,"[""aerospace . constraint_satisfaction . remote_procedure_call . library_(computing) . forensic_science . visual_perception . iteration . privacy . top-down_and_bottom-up_design . expander_graph . revision_control . abstract_interpretation . chemistry . usability . probabilistic_method . np-hard . parabola""]",bert,,sentence-transformers/all-mpnet-base-v2
456,iteration,iteration,"[""aerospace . constraint_satisfaction . remote_procedure_call . library_(computing) . forensic_science . visual_perception . iteration . privacy . top-down_and_bottom-up_design . expander_graph . revision_control . abstract_interpretation . chemistry . usability . probabilistic_method . np-hard . parabola""]",bert,,sentence-transformers/all-mpnet-base-v2
457,privacy,privacy,"[""aerospace . constraint_satisfaction . remote_procedure_call . library_(computing) . forensic_science . visual_perception . iteration . privacy . top-down_and_bottom-up_design . expander_graph . revision_control . abstract_interpretation . chemistry . usability . probabilistic_method . np-hard . parabola""]",bert,,sentence-transformers/all-mpnet-base-v2
458,top-down_and_bottom-up_design,top-down_and_bottom-up_design,"[""aerospace . constraint_satisfaction . remote_procedure_call . library_(computing) . forensic_science . visual_perception . iteration . privacy . top-down_and_bottom-up_design . expander_graph . revision_control . abstract_interpretation . chemistry . usability . probabilistic_method . np-hard . parabola""]",bert,,sentence-transformers/all-mpnet-base-v2
459,expander_graph,expander_graph,"[""aerospace . constraint_satisfaction . remote_procedure_call . library_(computing) . forensic_science . visual_perception . iteration . privacy . top-down_and_bottom-up_design . expander_graph . revision_control . abstract_interpretation . chemistry . usability . probabilistic_method . np-hard . parabola""]",bert,,sentence-transformers/all-mpnet-base-v2
460,revision_control,revision_control,"[""aerospace . constraint_satisfaction . remote_procedure_call . library_(computing) . forensic_science . visual_perception . iteration . privacy . top-down_and_bottom-up_design . expander_graph . revision_control . abstract_interpretation . chemistry . usability . probabilistic_method . np-hard . parabola""]",bert,,sentence-transformers/all-mpnet-base-v2
461,abstract_interpretation,abstract_interpretation,"[""aerospace . constraint_satisfaction . remote_procedure_call . library_(computing) . forensic_science . visual_perception . iteration . privacy . top-down_and_bottom-up_design . expander_graph . revision_control . abstract_interpretation . chemistry . usability . probabilistic_method . np-hard . parabola""]",bert,,sentence-transformers/all-mpnet-base-v2
462,chemistry,chemistry,"[""index_(database) . computational_chemistry . suffix_tree . string_searching_algorithm . 3d_modeling . analysis_of_algorithms . finite_set . fourier_analysis . polynomial . vector_processor . parallel_computing . mobile_device . newton's_method . approximation . symbol_table . formal_language . document_classification . cryptography . reinforcement_learning . foundations_of_mathematics . partial_differential_equation . dynamic_programming . stochastic_process . continuous_function . computational"", ""aerospace . constraint_satisfaction . remote_procedure_call . library_(computing) . forensic_science . visual_perception . iteration . privacy . top-down_and_bottom-up_design . expander_graph . revision_control . abstract_interpretation . chemistry . usability . probabilistic_method . np-hard . parabola""]",bert,,sentence-transformers/all-mpnet-base-v2
463,usability,usability,"[""aerospace . constraint_satisfaction . remote_procedure_call . library_(computing) . forensic_science . visual_perception . iteration . privacy . top-down_and_bottom-up_design . expander_graph . revision_control . abstract_interpretation . chemistry . usability . probabilistic_method . np-hard . parabola""]",bert,,sentence-transformers/all-mpnet-base-v2
464,probabilistic_method,probabilistic_method,"[""aerospace . constraint_satisfaction . remote_procedure_call . library_(computing) . forensic_science . visual_perception . iteration . privacy . top-down_and_bottom-up_design . expander_graph . revision_control . abstract_interpretation . chemistry . usability . probabilistic_method . np-hard . parabola""]",bert,,sentence-transformers/all-mpnet-base-v2
465,np-hard,np-hard,"[""aerospace . constraint_satisfaction . remote_procedure_call . library_(computing) . forensic_science . visual_perception . iteration . privacy . top-down_and_bottom-up_design . expander_graph . revision_control . abstract_interpretation . chemistry . usability . probabilistic_method . np-hard . parabola""]",bert,,sentence-transformers/all-mpnet-base-v2
466,parabola,parabola,"[""aerospace . constraint_satisfaction . remote_procedure_call . library_(computing) . forensic_science . visual_perception . iteration . privacy . top-down_and_bottom-up_design . expander_graph . revision_control . abstract_interpretation . chemistry . usability . probabilistic_method . np-hard . parabola""]",bert,,sentence-transformers/all-mpnet-base-v2
