source_id,target_id,source,target,weight
0,14,random_graph,randomness,0.6555296182632446
0,20,random_graph,graph_theory,0.689958393573761
0,78,random_graph,pagerank,0.5768811106681824
0,93,random_graph,graphical_model,0.6220581531524658
0,94,random_graph,random_variable,0.623146653175354
0,143,random_graph,social_network,0.6849778294563293
0,181,random_graph,random_walk,0.7611883878707886
0,226,random_graph,randomized_algorithm,0.644014835357666
0,236,random_graph,graph_(mathematics),0.7107779383659363
0,247,random_graph,randomization,0.6146308183670044
0,261,random_graph,graph_coloring,0.4856770634651184
0,299,random_graph,spanning_tree,0.5501543283462524
0,322,random_graph,stochastic,0.6242815852165222
0,325,random_graph,bayesian_network,0.6074496507644653
0,459,random_graph,expander_graph,0.6879188418388367
1,7,mathematics,combinatorics,0.5864485502243042
1,11,mathematics,mathematical_proof,0.5618317723274231
1,15,mathematics,computer_science,0.6539420485496521
1,16,mathematics,number_theory,0.5379228591918945
1,19,mathematics,machine_learning,0.6733599305152893
1,36,mathematics,probability_theory,0.651864767074585
1,37,mathematics,algebra,0.7896422147750854
1,43,mathematics,geometry,0.6181108951568604
1,108,mathematics,polynomial,0.573899507522583
1,119,mathematics,foundations_of_mathematics,0.778261125087738
1,124,mathematics,computational_science,0.6180995106697083
1,128,mathematics,inequality_(mathematics),0.4638746976852417
1,139,mathematics,computing,0.6582986116409302
1,152,mathematics,integer,0.5481301546096802
1,158,mathematics,theoretical_computer_science,0.5961854457855225
1,163,mathematics,mathematical_optimization,0.7130882143974304
1,164,mathematics,linear_algebra,0.7226622104644775
1,189,mathematics,estimation_theory,0.5712002515792847
1,191,mathematics,game_theory,0.5301188826560974
1,192,mathematics,mathematical_model,0.7187834978103638
1,209,mathematics,calculus,0.7203277349472046
1,234,mathematics,discrete_mathematics,0.6551526784896851
1,260,mathematics,arithmetic,0.7118291258811951
1,265,mathematics,introduction_to_algorithms,0.7138453722000122
1,266,mathematics,matlab,0.5857049226760864
1,294,mathematics,quantum_mechanics,0.5653359889984131
1,296,mathematics,calculus_of_variations,0.5169588327407837
1,301,mathematics,decision_theory,0.5602074861526489
1,329,mathematics,economics,0.5842861533164978
1,358,mathematics,statistics,0.6400388479232788
1,405,mathematics,scientific_modelling,0.6047151684761047
1,407,mathematics,medicine,0.5299724340438843
1,411,mathematics,vector_space,0.5694984197616577
1,416,mathematics,philosophy,0.5615435838699341
1,419,mathematics,physics,0.6380205154418945
1,423,mathematics,complex_systems,0.5401877164840698
1,440,mathematics,literature,0.5876553058624268
1,462,mathematics,chemistry,0.5045873522758484
2,25,knowledge_representation_and_reasoning,logic,0.7185558080673218
2,30,knowledge_representation_and_reasoning,first-order_logic,0.6106808185577393
2,58,knowledge_representation_and_reasoning,artificial_intelligence,0.6139070391654968
2,148,knowledge_representation_and_reasoning,expert_system,0.6814637780189514
2,153,knowledge_representation_and_reasoning,propositional_calculus,0.5602157711982727
2,182,knowledge_representation_and_reasoning,reason,0.7169881463050842
2,217,knowledge_representation_and_reasoning,predicate_logic,0.7077187299728394
2,317,knowledge_representation_and_reasoning,prolog,0.6522701978683472
2,318,knowledge_representation_and_reasoning,logic_programming,0.6877719759941101
2,359,knowledge_representation_and_reasoning,semantics,0.58461993932724
2,433,knowledge_representation_and_reasoning,information_retrieval,0.5354204177856445
2,448,knowledge_representation_and_reasoning,knowledge,0.8118476867675781
3,6,algorithm_design,algorithm,0.7147696018218994
3,19,algorithm_design,machine_learning,0.60858553647995
3,29,algorithm_design,computation,0.632672131061554
3,46,algorithm_design,software_design,0.6401185989379883
3,105,algorithm_design,analysis_of_algorithms,0.7121302485466003
3,139,algorithm_design,computing,0.6436769962310791
3,202,algorithm_design,genetic_algorithm,0.5589278936386108
3,225,algorithm_design,design_pattern_(computer_science),0.6119632720947266
3,265,algorithm_design,introduction_to_algorithms,0.7358622550964355
3,284,algorithm_design,approximation_algorithm,0.5964679718017578
3,352,algorithm_design,design_of_experiments,0.6015146970748901
3,415,algorithm_design,methodology,0.578889787197113
3,430,algorithm_design,combinatorial_optimization,0.620621919631958
4,5,natural_language_processing,natural_language,0.8474864959716797
4,32,natural_language_processing,lexical_analysis,0.7279900312423706
4,65,natural_language_processing,parsing,0.6637113690376282
4,95,natural_language_processing,string_(computer_science),0.5929595828056335
4,103,natural_language_processing,string_searching_algorithm,0.5331365466117859
4,116,natural_language_processing,document_classification,0.6005675792694092
4,147,natural_language_processing,question_answering,0.6798864006996155
4,151,natural_language_processing,machine_translation,0.6432068347930908
4,160,natural_language_processing,sentiment_analysis,0.7234225273132324
4,203,natural_language_processing,speech_recognition,0.6167962551116943
4,251,natural_language_processing,web_search_engine,0.5007220506668091
4,297,natural_language_processing,regular_language,0.6195863485336304
4,359,natural_language_processing,semantics,0.5937656164169312
4,384,natural_language_processing,part-of-speech_tagging,0.653048574924469
4,404,natural_language_processing,lexical_semantics,0.616618812084198
4,408,natural_language_processing,linguistics,0.6872130036354065
4,431,natural_language_processing,email,0.5516610145568848
4,433,natural_language_processing,information_retrieval,0.5652267932891846
5,32,natural_language,lexical_analysis,0.6734296083450317
5,33,natural_language,formal_grammar,0.6532647609710693
5,65,natural_language,parsing,0.6663594841957092
5,95,natural_language,string_(computer_science),0.5926268100738525
5,115,natural_language,formal_language,0.714419424533844
5,116,natural_language,document_classification,0.5683394074440002
5,147,natural_language,question_answering,0.5972065925598145
5,151,natural_language,machine_translation,0.5922423005104065
5,160,natural_language,sentiment_analysis,0.624802827835083
5,203,natural_language,speech_recognition,0.5964386463165283
5,297,natural_language,regular_language,0.673762857913971
5,359,natural_language,semantics,0.6548916101455688
5,384,natural_language,part-of-speech_tagging,0.6170487999916077
5,404,natural_language,lexical_semantics,0.6487258672714233
5,408,natural_language,linguistics,0.7388168573379517
5,426,natural_language,grammar,0.720079243183136
5,431,natural_language,email,0.5691417455673218
6,19,algorithm,machine_learning,0.7355669736862183
6,29,algorithm,computation,0.8057219982147217
6,39,algorithm,computer,0.6671136617660522
6,57,algorithm,data_mining,0.582162618637085
6,58,algorithm,artificial_intelligence,0.6858124732971191
6,59,algorithm,divide_and_conquer_algorithm,0.45393723249435425
6,82,algorithm,iterative_method,0.5168662071228027
6,105,algorithm,analysis_of_algorithms,0.7001635432243347
6,106,algorithm,finite_set,0.503122091293335
6,130,algorithm,computational_problem,0.6643648147583008
6,139,algorithm,computing,0.7422031760215759
6,163,algorithm,mathematical_optimization,0.6389578580856323
6,190,algorithm,recursion_(computer_science),0.5682556629180908
6,202,algorithm,genetic_algorithm,0.5481972098350525
6,242,algorithm,gradient_descent,0.5966470241546631
6,243,algorithm,problem_solving,0.6366586089134216
6,252,algorithm,computer_software,0.6691084504127502
6,265,algorithm,introduction_to_algorithms,0.7379084229469299
6,277,algorithm,linear_programming,0.5512964129447937
6,389,algorithm,prediction,0.6013994812965393
6,418,algorithm,intelligence,0.6507617235183716
6,421,algorithm,genetics,0.5455097556114197
6,430,algorithm,combinatorial_optimization,0.625482439994812
6,456,algorithm,iteration,0.6779544353485107
7,20,combinatorics,graph_theory,0.5993754267692566
7,29,combinatorics,computation,0.6002714037895203
7,97,combinatorics,theory_of_computation,0.6244174242019653
7,106,combinatorics,finite_set,0.6012769937515259
7,152,combinatorics,integer,0.5237420201301575
7,171,combinatorics,probability,0.5825918912887573
7,201,combinatorics,np_(complexity),0.584261417388916
7,234,combinatorics,discrete_mathematics,0.723509669303894
7,261,combinatorics,graph_coloring,0.5001811981201172
7,265,combinatorics,introduction_to_algorithms,0.5842950344085693
7,430,combinatorics,combinatorial_optimization,0.7268795967102051
8,9,system_programming,unix,0.662506639957428
8,22,system_programming,programming_language,0.7434099912643433
8,24,system_programming,computer_programming,0.7092013359069824
8,27,system_programming,operating_system,0.8415795564651489
8,39,system_programming,computer,0.725670337677002
8,72,system_programming,compiler,0.6887027621269226
8,99,system_programming,high-level_programming_language,0.6664190292358398
8,136,system_programming,scope_(computer_science),0.5914321541786194
8,154,system_programming,c++,0.6428606510162354
8,183,system_programming,compiler_optimization,0.676104724407196
8,185,system_programming,embedded_system,0.6860431432723999
8,208,system_programming,python_(programming_language),0.6597842574119568
8,240,system_programming,system_call,0.7472701668739319
8,252,system_programming,computer_software,0.7624737620353699
8,271,system_programming,scheduling_(computing),0.644115686416626
8,279,system_programming,kernel_(computing),0.6714219450950623
8,289,system_programming,c_(programming_language),0.7339134812355042
8,312,system_programming,application_programming_interface,0.6642028093338013
8,327,system_programming,file_system,0.6471410393714905
8,334,system_programming,personal_computer,0.634942352771759
8,346,system_programming,input/output,0.6077302098274231
8,365,system_programming,procedural_programming,0.6588093638420105
8,375,system_programming,software_framework,0.649992048740387
8,393,system_programming,program_optimization,0.7028509378433228
8,400,system_programming,run_time_(program_lifecycle_phase),0.6440085172653198
8,437,system_programming,library,0.680261492729187
8,438,system_programming,exception_handling,0.5433337688446045
8,453,system_programming,library_(computing),0.6569569110870361
9,27,unix,operating_system,0.6596667170524597
9,39,unix,computer,0.6109310984611511
9,135,unix,scripting_language,0.601468563079834
9,167,unix,java_(programming_language),0.6370675563812256
9,228,unix,application_software,0.6000219583511353
9,252,unix,computer_software,0.6649796962738037
9,279,unix,kernel_(computing),0.6299529075622559
9,298,unix,cloud_computing,0.6001951694488525
9,327,unix,file_system,0.6028515100479126
9,409,unix,open_source,0.5531172156333923
10,11,mathematical_induction,mathematical_proof,0.6475813388824463
10,31,mathematical_induction,recursion,0.5948638916015625
10,119,mathematical_induction,foundations_of_mathematics,0.6111422777175903
10,150,mathematical_induction,recursively_enumerable_set,0.5239689946174622
10,172,mathematical_induction,recurrence_relation,0.5417478084564209
10,179,mathematical_induction,automated_theorem_proving,0.5865719318389893
10,190,mathematical_induction,recursion_(computer_science),0.6483185291290283
10,234,mathematical_induction,discrete_mathematics,0.5430775880813599
10,265,mathematical_induction,introduction_to_algorithms,0.5747359395027161
10,385,mathematical_induction,fixed_point_(mathematics),0.4300667345523834
10,434,mathematical_induction,structural_induction,0.8252049088478088
11,25,mathematical_proof,logic,0.5762445330619812
11,119,mathematical_proof,foundations_of_mathematics,0.6197193264961243
11,179,mathematical_proof,automated_theorem_proving,0.7161926627159119
11,192,mathematical_proof,mathematical_model,0.5298646092414856
11,217,mathematical_proof,predicate_logic,0.5359642505645752
11,318,mathematical_proof,logic_programming,0.515073299407959
11,348,mathematical_proof,formal_verification,0.6904821395874023
11,363,mathematical_proof,formal_methods,0.6622008085250854
11,434,mathematical_proof,structural_induction,0.5126266479492188
12,13,computer_vision,image_processing,0.6807225942611694
12,19,computer_vision,machine_learning,0.6323596239089966
12,29,computer_vision,computation,0.5961818695068359
12,39,computer_vision,computer,0.6894201040267944
12,42,computer_vision,computer_graphics,0.6298143267631531
12,43,computer_vision,geometry,0.5092400312423706
12,48,computer_vision,computational_geometry,0.5079790949821472
12,60,computer_vision,robotics,0.5762543082237244
12,131,computer_vision,image_analysis,0.7721767425537109
12,139,computer_vision,computing,0.6450113654136658
12,180,computer_vision,computer_animation,0.5217288732528687
12,193,computer_vision,image,0.7115094661712646
12,200,computer_vision,autonomous_robot,0.5378949642181396
12,245,computer_vision,pattern_recognition,0.6174509525299072
12,254,computer_vision,shading,0.49880462884902954
12,378,computer_vision,motion_capture,0.5207272171974182
12,386,computer_vision,virtual_reality,0.5479439496994019
12,412,computer_vision,multimodal_interaction,0.505391538143158
12,454,computer_vision,forensic_science,0.49160081148147583
12,455,computer_vision,visual_perception,0.7204490303993225
13,19,image_processing,machine_learning,0.5616850852966309
13,107,image_processing,fourier_analysis,0.535045325756073
13,131,image_processing,image_analysis,0.8069005012512207
13,138,image_processing,graphics,0.5711673498153687
13,187,image_processing,signal_processing,0.6888782978057861
13,193,image_processing,image,0.7722223997116089
13,219,image_processing,graphics_processing_unit,0.5604292154312134
13,245,image_processing,pattern_recognition,0.5983412861824036
13,254,image_processing,shading,0.5004520416259766
13,379,image_processing,feature_extraction,0.5714073181152344
13,383,image_processing,fast_fourier_transform,0.5025115013122559
13,395,image_processing,wavelet,0.5403991937637329
13,454,image_processing,forensic_science,0.44072961807250977
13,455,image_processing,visual_perception,0.6112926006317139
14,36,randomness,probability_theory,0.6549025774002075
14,79,randomness,expected_value,0.5558653473854065
14,86,randomness,large_deviations_theory,0.4725518822669983
14,94,randomness,random_variable,0.7919580936431885
14,122,randomness,stochastic_process,0.6467162370681763
14,171,randomness,probability,0.682403564453125
14,178,randomness,poisson_distribution,0.42186909914016724
14,181,randomness,random_walk,0.6337202787399292
14,199,randomness,uncertainty,0.695264995098114
14,226,randomness,randomized_algorithm,0.797148585319519
14,247,randomness,randomization,0.8300888538360596
14,322,randomness,stochastic,0.7673499584197998
14,373,randomness,entropy,0.6444113850593567
14,429,randomness,determinism,0.7106920480728149
14,464,randomness,probabilistic_method,0.6137151718139648
15,24,computer_science,computer_programming,0.6746619343757629
15,29,computer_science,computation,0.6637924313545227
15,39,computer_science,computer,0.6526581048965454
15,97,computer_science,theory_of_computation,0.6624507904052734
15,119,computer_science,foundations_of_mathematics,0.61708664894104
15,124,computer_science,computational_science,0.7368119955062866
15,139,computer_science,computing,0.6568018198013306
15,158,computer_science,theoretical_computer_science,0.7859400510787964
15,214,computer_science,programmer,0.6269989013671875
15,252,computer_science,computer_software,0.6320310235023499
15,454,computer_science,forensic_science,0.4493812322616577
16,37,number_theory,algebra,0.5136554837226868
16,117,number_theory,cryptography,0.607947826385498
16,119,number_theory,foundations_of_mathematics,0.5630283355712891
16,152,number_theory,integer,0.5577971935272217
16,158,number_theory,theoretical_computer_science,0.4972897171974182
16,234,number_theory,discrete_mathematics,0.5930395722389221
16,260,number_theory,arithmetic,0.6219822764396667
16,326,number_theory,modular_arithmetic,0.7059900760650635
16,350,number_theory,public-key_cryptography,0.5331590175628662
17,18,database,data_(computing),0.7149940133094788
17,44,database,relational_database,0.8372660279273987
17,52,database,data,0.7010200023651123
17,71,database,relational_model,0.7472807765007019
17,76,database,b-tree,0.5990883111953735
17,96,database,query_language,0.6718975901603699
17,100,database,index_(database),0.7232938408851624
17,166,database,database_management_system,0.806208074092865
17,174,database,relational_database_management_system,0.7953729033470154
17,175,database,relational_algebra,0.603018581867218
17,207,database,sql,0.7379270792007446
17,213,database,data_warehouse,0.6727887392044067
17,238,database,hash_table,0.5853343605995178
17,268,database,database_design,0.8183566927909851
17,285,database,database_system,0.8792479038238525
17,371,database,database_transaction,0.6618292331695557
17,402,database,database_normalization,0.6733266115188599
17,410,database,data_model,0.7445505857467651
17,439,database,computer_file,0.6363964080810547
17,442,database,hash_function,0.5254658460617065
17,445,database,nosql,0.6883549690246582
17,448,database,knowledge,0.6557483673095703
18,29,data_(computing),computation,0.6651128530502319
18,39,data_(computing),computer,0.6648848056793213
18,52,data_(computing),data,0.802497386932373
18,57,data_(computing),data_mining,0.6412022113800049
18,77,data_(computing),data_structure,0.6770546436309814
18,92,data_(computing),visualization_(computer_graphics),0.5866084694862366
18,139,data_(computing),computing,0.6982325315475464
18,140,data_(computing),unsupervised_learning,0.551134467124939
18,187,data_(computing),signal_processing,0.586289644241333
18,213,data_(computing),data_warehouse,0.6476542949676514
18,259,data_(computing),big_data,0.6766971945762634
18,285,data_(computing),database_system,0.6701127886772156
18,379,data_(computing),feature_extraction,0.5933406352996826
18,394,data_(computing),data_analysis,0.7119592428207397
18,410,data_(computing),data_model,0.7274433374404907
18,422,data_(computing),data_compression,0.6206350326538086
18,436,data_(computing),discretization,0.536262035369873
18,439,data_(computing),computer_file,0.6444970965385437
19,24,machine_learning,computer_programming,0.7154433727264404
19,29,machine_learning,computation,0.6999944448471069
19,39,machine_learning,computer,0.756081223487854
19,52,machine_learning,data,0.6651900410652161
19,57,machine_learning,data_mining,0.6628372669219971
19,58,machine_learning,artificial_intelligence,0.7636421918869019
19,60,machine_learning,robotics,0.5458917021751404
19,61,machine_learning,robot,0.606384813785553
19,67,machine_learning,malware,0.5838165283203125
19,75,machine_learning,bioinformatics,0.5814900398254395
19,85,machine_learning,software_engineering,0.660311222076416
19,88,machine_learning,human-computer_interaction,0.5462474822998047
19,89,machine_learning,interactivity,0.5652403831481934
19,108,machine_learning,polynomial,0.5565605759620667
19,116,machine_learning,document_classification,0.539959728717804
19,118,machine_learning,reinforcement_learning,0.5733580589294434
19,121,machine_learning,dynamic_programming,0.5437548160552979
19,139,machine_learning,computing,0.7711507081985474
19,140,machine_learning,unsupervised_learning,0.6583812236785889
19,148,machine_learning,expert_system,0.6182857155799866
19,151,machine_learning,machine_translation,0.5551088452339172
19,160,machine_learning,sentiment_analysis,0.5043624639511108
19,163,machine_learning,mathematical_optimization,0.6639682650566101
19,182,machine_learning,reason,0.5867452621459961
19,187,machine_learning,signal_processing,0.5826184749603271
19,191,machine_learning,game_theory,0.48598119616508484
19,192,machine_learning,mathematical_model,0.6373625993728638
19,196,machine_learning,turing_machine,0.6313331127166748
19,200,machine_learning,autonomous_robot,0.5737667083740234
19,202,machine_learning,genetic_algorithm,0.514765739440918
19,203,machine_learning,speech_recognition,0.5273016095161438
19,205,machine_learning,routing,0.6198563575744629
19,212,machine_learning,pipeline_(computing),0.6011437177658081
19,214,machine_learning,programmer,0.7219484448432922
19,216,machine_learning,cluster_analysis,0.5170602202415466
19,225,machine_learning,design_pattern_(computer_science),0.6459978818893433
19,228,machine_learning,application_software,0.6621481776237488
19,229,machine_learning,neural_network,0.5888908505439758
19,243,machine_learning,problem_solving,0.6326184272766113
19,245,machine_learning,pattern_recognition,0.6764092445373535
19,252,machine_learning,computer_software,0.7249810099601746
19,273,machine_learning,least_squares,0.5569360256195068
19,276,machine_learning,automatic_programming,0.6514931321144104
19,277,machine_learning,linear_programming,0.5462814569473267
19,284,machine_learning,approximation_algorithm,0.5222340226173401
19,292,machine_learning,automated_planning_and_scheduling,0.5927740931510925
19,295,machine_learning,computational_learning_theory,0.662953794002533
19,320,machine_learning,software_testing,0.6040262579917908
19,329,machine_learning,economics,0.52276611328125
19,352,machine_learning,design_of_experiments,0.4686008095741272
19,368,machine_learning,support_vector_machine,0.6047939658164978
19,379,machine_learning,feature_extraction,0.5797215104103088
19,381,machine_learning,computer_simulation,0.572320818901062
19,382,machine_learning,mechanical_engineering,0.5494970083236694
19,388,machine_learning,web_service,0.6324528455734253
19,389,machine_learning,prediction,0.6615924835205078
19,394,machine_learning,data_analysis,0.6547796726226807
19,395,machine_learning,wavelet,0.49535828828811646
19,396,machine_learning,inference,0.6840142011642456
19,399,machine_learning,recommender_system,0.48760074377059937
19,401,machine_learning,performance_tuning,0.6451916098594666
19,405,machine_learning,scientific_modelling,0.5757303833961487
19,407,machine_learning,medicine,0.6265262961387634
19,414,machine_learning,simulation,0.5122387409210205
19,415,machine_learning,methodology,0.5825283527374268
19,416,machine_learning,philosophy,0.6173094511032104
19,418,machine_learning,intelligence,0.7420157194137573
19,421,machine_learning,genetics,0.5863245725631714
19,423,machine_learning,complex_systems,0.5557340383529663
19,425,machine_learning,genomics,0.5386715531349182
19,427,machine_learning,electronic_commerce,0.545078694820404
19,428,machine_learning,prototype,0.6027657389640808
19,431,machine_learning,email,0.5484422445297241
19,432,machine_learning,cell_(biology),0.5685266256332397
19,433,machine_learning,information_retrieval,0.5275158882141113
19,440,machine_learning,literature,0.6318219304084778
19,446,machine_learning,project_management,0.6680853366851807
19,448,machine_learning,knowledge,0.6728981137275696
19,450,machine_learning,aerospace,0.5370729565620422
19,462,machine_learning,chemistry,0.4982203245162964
19,463,machine_learning,usability,0.6585709452629089
20,34,graph_theory,shortest_path_problem,0.6154394149780273
20,78,graph_theory,pagerank,0.5815175771713257
20,93,graph_theory,graphical_model,0.574016809463501
20,97,graph_theory,theory_of_computation,0.5978133678436279
20,101,graph_theory,computational_chemistry,0.4896807372570038
20,143,graph_theory,social_network,0.7676712870597839
20,191,graph_theory,game_theory,0.4915429949760437
20,234,graph_theory,discrete_mathematics,0.5755109190940857
20,236,graph_theory,graph_(mathematics),0.8893200755119324
20,261,graph_theory,graph_coloring,0.5718862414360046
20,299,graph_theory,spanning_tree,0.6157472133636475
20,325,graph_theory,bayesian_network,0.5707693696022034
20,377,graph_theory,flow_network,0.5842384099960327
20,387,graph_theory,message_passing,0.5737782716751099
20,459,graph_theory,expander_graph,0.6213104128837585
21,114,type_system,symbol_table,0.589380145072937
21,125,type_system,haskell_(programming_language),0.6685470938682556
21,133,type_system,data_type,0.778229832649231
21,173,type_system,abstract_data_type,0.7627546787261963
21,211,type_system,monad_(functional_programming),0.5757823586463928
21,230,type_system,parametric_polymorphism,0.7835973501205444
21,269,type_system,ml_(programming_language),0.7168669700622559
21,270,type_system,polymorphism_(computer_science),0.6421951055526733
21,341,type_system,interface_(computing),0.5964804291725159
21,370,type_system,generic_programming,0.741446852684021
21,417,type_system,type_theory,0.8328429460525513
22,24,programming_language,computer_programming,0.8260105848312378
22,87,programming_language,control_flow,0.5942325592041016
22,90,programming_language,programming_paradigm,0.6830465793609619
22,98,programming_language,object-oriented_programming,0.6994928121566772
22,99,programming_language,high-level_programming_language,0.7818748950958252
22,115,programming_language,formal_language,0.6805360317230225
22,125,programming_language,haskell_(programming_language),0.6220881938934326
22,135,programming_language,scripting_language,0.8466700315475464
22,136,programming_language,scope_(computer_science),0.5891516208648682
22,137,programming_language,modular_programming,0.6753921508789062
22,151,programming_language,machine_translation,0.5561181306838989
22,167,programming_language,java_(programming_language),0.7157927751541138
22,208,programming_language,python_(programming_language),0.8080790042877197
22,214,programming_language,programmer,0.7711743116378784
22,233,programming_language,context-free_language,0.6034554243087769
22,237,programming_language,semantics_of_programming_languages,0.7733287215232849
22,241,programming_language,lisp_(programming_language),0.6946678161621094
22,244,programming_language,perl,0.5485377907752991
22,252,programming_language,computer_software,0.7631211280822754
22,257,programming_language,program_analysis,0.6375970244407654
22,266,programming_language,matlab,0.597996711730957
22,269,programming_language,ml_(programming_language),0.692386269569397
22,276,programming_language,automatic_programming,0.7485661506652832
22,278,programming_language,imperative_programming,0.6448453068733215
22,289,programming_language,c_(programming_language),0.7355034351348877
22,305,programming_language,syntax,0.7414723038673401
22,307,programming_language,structured_programming,0.7473995089530945
22,312,programming_language,application_programming_interface,0.6581296920776367
22,318,programming_language,logic_programming,0.6432291269302368
22,360,programming_language,denotational_semantics,0.6097984313964844
22,365,programming_language,procedural_programming,0.7007913589477539
22,392,programming_language,programming_style,0.7206094264984131
22,437,programming_language,library,0.6954717636108398
22,453,programming_language,library_(computing),0.6881358027458191
23,39,variable_(computer_science),computer,0.630918025970459
23,72,variable_(computer_science),compiler,0.6057497262954712
23,114,variable_(computer_science),symbol_table,0.6478049755096436
23,136,variable_(computer_science),scope_(computer_science),0.6905272603034973
23,224,variable_(computer_science),cpu_cache,0.6217032670974731
23,289,variable_(computer_science),c_(programming_language),0.6508588790893555
23,302,variable_(computer_science),memory_management,0.6343775987625122
23,310,variable_(computer_science),array_data_structure,0.608250617980957
23,313,variable_(computer_science),processor_register,0.6037311553955078
23,314,variable_(computer_science),stack_(data_structure),0.5005661249160767
23,316,variable_(computer_science),garbage_collection_(computer_science),0.5435613989830017
23,319,variable_(computer_science),dynamic_memory_allocation,0.6414579153060913
24,39,computer_programming,computer,0.7493114471435547
24,45,computer_programming,software_development,0.7210853099822998
24,85,computer_programming,software_engineering,0.691482424736023
24,90,computer_programming,programming_paradigm,0.639323353767395
24,135,computer_programming,scripting_language,0.699123740196228
24,139,computer_programming,computing,0.7301566004753113
24,208,computer_programming,python_(programming_language),0.6842509508132935
24,214,computer_programming,programmer,0.8669884204864502
24,228,computer_programming,application_software,0.6699925661087036
24,243,computer_programming,problem_solving,0.6029227375984192
24,252,computer_programming,computer_software,0.7980548143386841
24,257,computer_programming,program_analysis,0.6573271155357361
24,266,computer_programming,matlab,0.6001418828964233
24,276,computer_programming,automatic_programming,0.7635930180549622
24,278,computer_programming,imperative_programming,0.6328095197677612
24,307,computer_programming,structured_programming,0.7240869998931885
24,320,computer_programming,software_testing,0.6196655035018921
24,365,computer_programming,procedural_programming,0.6668614745140076
24,392,computer_programming,programming_style,0.6953336000442505
24,393,computer_programming,program_optimization,0.6695652008056641
24,398,computer_programming,debugging,0.6210843324661255
24,438,computer_programming,exception_handling,0.5379622578620911
25,30,logic,first-order_logic,0.7175353169441223
25,58,logic,artificial_intelligence,0.6410223841667175
25,148,logic,expert_system,0.6416025161743164
25,153,logic,propositional_calculus,0.7148648500442505
25,179,logic,automated_theorem_proving,0.649500846862793
25,182,logic,reason,0.7501587271690369
25,217,logic,predicate_logic,0.8134725093841553
25,232,logic,model_checking,0.584517776966095
25,305,logic,syntax,0.6629571914672852
25,317,logic,prolog,0.7306218147277832
25,318,logic,logic_programming,0.8174228668212891
25,348,logic,formal_verification,0.5842617750167847
25,359,logic,semantics,0.5938836336135864
25,360,logic,denotational_semantics,0.6053926944732666
25,416,logic,philosophy,0.6030339002609253
25,418,logic,intelligence,0.6435154676437378
25,443,logic,decidability_(logic),0.6000032424926758
25,448,logic,knowledge,0.6867382526397705
25,451,logic,constraint_satisfaction,0.5540175437927246
25,461,logic,abstract_interpretation,0.5882463455200195
26,80,distributed_computing,computer_network,0.7803979516029358
26,110,distributed_computing,parallel_computing,0.8240491151809692
26,155,distributed_computing,inter-process_communication,0.6961866021156311
26,162,distributed_computing,communication,0.7553155422210693
26,186,distributed_computing,concurrent_computing,0.8023619651794434
26,204,distributed_computing,internet,0.6901623010635376
26,248,distributed_computing,parallel_algorithm,0.7362155914306641
26,259,distributed_computing,big_data,0.7032737731933594
26,271,distributed_computing,scheduling_(computing),0.6473289728164673
26,282,distributed_computing,distributed_algorithms,0.8422853946685791
26,288,distributed_computing,peer-to-peer,0.6363987326622009
26,298,distributed_computing,cloud_computing,0.7266920804977417
26,321,distributed_computing,telecommunications_network,0.6398189067840576
26,324,distributed_computing,osi_model,0.6416925191879272
26,332,distributed_computing,message_passing_interface,0.7026805877685547
26,336,distributed_computing,server_(computing),0.6769924163818359
26,338,distributed_computing,mapreduce,0.6556839942932129
26,342,distributed_computing,scalability,0.6322292685508728
26,387,distributed_computing,message_passing,0.5531761050224304
26,397,distributed_computing,computer_multitasking,0.712519645690918
26,452,distributed_computing,remote_procedure_call,0.5976636409759521
27,39,operating_system,computer,0.7005789875984192
27,73,operating_system,computer_architecture,0.7159626483917236
27,185,operating_system,embedded_system,0.7069739103317261
27,240,operating_system,system_call,0.7446828484535217
27,252,operating_system,computer_software,0.7034711837768555
27,271,operating_system,scheduling_(computing),0.670796275138855
27,279,operating_system,kernel_(computing),0.780884861946106
27,302,operating_system,memory_management,0.6448028087615967
27,319,operating_system,dynamic_memory_allocation,0.5914431214332581
27,327,operating_system,file_system,0.6944072246551514
27,334,operating_system,personal_computer,0.6283008456230164
27,340,operating_system,virtual_memory,0.6260898113250732
27,343,operating_system,memory_hierarchy,0.6562095284461975
27,351,operating_system,instruction_set,0.7011178731918335
27,375,operating_system,software_framework,0.6023191213607788
27,400,operating_system,run_time_(program_lifecycle_phase),0.6820460557937622
28,36,monte_carlo_method,probability_theory,0.5358114242553711
28,53,monte_carlo_method,martingale_(probability_theory),0.49886083602905273
28,122,monte_carlo_method,stochastic_process,0.5539102554321289
28,181,monte_carlo_method,random_walk,0.5630553364753723
28,226,monte_carlo_method,randomized_algorithm,0.5812149047851562
28,322,monte_carlo_method,stochastic,0.5403414964675903
28,361,monte_carlo_method,bayesian_probability,0.5467178225517273
28,381,monte_carlo_method,computer_simulation,0.5587465763092041
28,405,monte_carlo_method,scientific_modelling,0.4960109293460846
28,464,monte_carlo_method,probabilistic_method,0.6127762198448181
29,31,computation,recursion,0.6103765964508057
29,35,computation,np-complete,0.6537607312202454
29,37,computation,algebra,0.629774808883667
29,39,computation,computer,0.7456126809120178
29,41,computation,complexity_class,0.6888136863708496
29,48,computation,computational_geometry,0.5146302580833435
29,49,computation,computational_complexity_theory,0.675753116607666
29,50,computation,complexity,0.7633212804794312
29,58,computation,artificial_intelligence,0.6304665803909302
29,59,computation,divide_and_conquer_algorithm,0.3978976011276245
29,87,computation,control_flow,0.5900304317474365
29,92,computation,visualization_(computer_graphics),0.598404049873352
29,97,computation,theory_of_computation,0.7607434391975403
29,105,computation,analysis_of_algorithms,0.7031269073486328
29,106,computation,finite_set,0.5334187150001526
29,108,computation,polynomial,0.5840372443199158
29,124,computation,computational_science,0.6294974684715271
29,130,computation,computational_problem,0.7188234329223633
29,139,computation,computing,0.8241565227508545
29,195,computation,time_complexity,0.6912827491760254
29,196,computation,turing_machine,0.666730523109436
29,198,computation,coding_theory,0.5524778366088867
29,201,computation,np_(complexity),0.7100604772567749
29,212,computation,pipeline_(computing),0.5974472761154175
29,231,computation,best _worst_and_average_case,0.6785586476325989
29,235,computation,pspace,0.5930304527282715
29,236,computation,graph_(mathematics),0.625087559223175
29,243,computation,problem_solving,0.5912413597106934
29,255,computation,lazy_evaluation,0.5508941411972046
29,256,computation,computability,0.6803081631660461
29,265,computation,introduction_to_algorithms,0.7577465772628784
29,287,computation,model_of_computation,0.775417149066925
29,295,computation,computational_learning_theory,0.6657582521438599
29,396,computation,inference,0.626933217048645
29,418,computation,intelligence,0.6471790075302124
29,422,computation,data_compression,0.5654791593551636
29,432,computation,cell_(biology),0.5553618669509888
29,436,computation,discretization,0.5371605157852173
29,443,computation,decidability_(logic),0.5697654485702515
29,455,computation,visual_perception,0.5296527147293091
29,456,computation,iteration,0.6355941295623779
29,465,computation,np-hard,0.6295698881149292
30,115,first-order_logic,formal_language,0.5580771565437317
30,153,first-order_logic,propositional_calculus,0.5904223322868347
30,179,first-order_logic,automated_theorem_proving,0.5674106478691101
30,217,first-order_logic,predicate_logic,0.7910699844360352
30,305,first-order_logic,syntax,0.6102800965309143
30,317,first-order_logic,prolog,0.639031171798706
30,318,first-order_logic,logic_programming,0.6608147621154785
30,448,first-order_logic,knowledge,0.5783858299255371
31,59,recursion,divide_and_conquer_algorithm,0.5641669034957886
31,82,recursion,iterative_method,0.6017285585403442
31,87,recursion,control_flow,0.6511005759239197
31,121,recursion,dynamic_programming,0.5437318086624146
31,150,recursion,recursively_enumerable_set,0.6319377422332764
31,172,recursion,recurrence_relation,0.6854518055915833
31,190,recursion,recursion_(computer_science),0.9438157677650452
31,265,recursion,introduction_to_algorithms,0.6088941097259521
31,307,recursion,structured_programming,0.6152126789093018
31,314,recursion,stack_(data_structure),0.5164193511009216
31,365,recursion,procedural_programming,0.615227460861206
31,385,recursion,fixed_point_(mathematics),0.435688853263855
31,434,recursion,structural_induction,0.6463842988014221
31,441,recursion,hierarchy,0.4954175353050232
31,456,recursion,iteration,0.6200305223464966
32,33,lexical_analysis,formal_grammar,0.6233364343643188
32,65,lexical_analysis,parsing,0.7367804050445557
32,95,lexical_analysis,string_(computer_science),0.6378724575042725
32,103,lexical_analysis,string_searching_algorithm,0.6572551727294922
32,115,lexical_analysis,formal_language,0.6411155462265015
32,116,lexical_analysis,document_classification,0.5403623580932617
32,147,lexical_analysis,question_answering,0.5151535272598267
32,151,lexical_analysis,machine_translation,0.5616569519042969
32,156,lexical_analysis,regular_expression,0.656251847743988
32,160,lexical_analysis,sentiment_analysis,0.6119686365127563
32,188,lexical_analysis,pattern_matching,0.6736759543418884
32,203,lexical_analysis,speech_recognition,0.5657782554626465
32,233,lexical_analysis,context-free_language,0.6482618451118469
32,244,lexical_analysis,perl,0.5599098205566406
32,267,lexical_analysis,pushdown_automaton,0.595304548740387
32,281,lexical_analysis,automata_theory,0.5821069478988647
32,297,lexical_analysis,regular_language,0.7246140241622925
32,333,lexical_analysis,html,0.5351158976554871
32,384,lexical_analysis,part-of-speech_tagging,0.6710793375968933
32,391,lexical_analysis,context-free_grammar,0.6311598420143127
32,404,lexical_analysis,lexical_semantics,0.6008315086364746
32,408,lexical_analysis,linguistics,0.6146630048751831
32,426,lexical_analysis,grammar,0.6143509149551392
33,65,formal_grammar,parsing,0.7716526389122009
33,115,formal_grammar,formal_language,0.8411539196968079
33,156,formal_grammar,regular_expression,0.5602226853370667
33,188,formal_grammar,pattern_matching,0.5840392112731934
33,233,formal_grammar,context-free_language,0.7103571891784668
33,297,formal_grammar,regular_language,0.6826522946357727
33,305,formal_grammar,syntax,0.7337256669998169
33,391,formal_grammar,context-free_grammar,0.7305084466934204
33,408,formal_grammar,linguistics,0.5868462324142456
33,426,formal_grammar,grammar,0.8414233326911926
34,181,shortest_path_problem,random_walk,0.5485302209854126
34,205,shortest_path_problem,routing,0.7200345396995544
34,206,shortest_path_problem,motion_planning,0.5090270638465881
34,236,shortest_path_problem,graph_(mathematics),0.5694135427474976
34,261,shortest_path_problem,graph_coloring,0.4886191487312317
34,265,shortest_path_problem,introduction_to_algorithms,0.5348942279815674
34,299,shortest_path_problem,spanning_tree,0.5471724271774292
34,321,shortest_path_problem,telecommunications_network,0.5307890176773071
34,377,shortest_path_problem,flow_network,0.536137044429779
34,430,shortest_path_problem,combinatorial_optimization,0.5239330530166626
34,465,shortest_path_problem,np-hard,0.5292888283729553
35,41,np-complete,complexity_class,0.6574640274047852
35,50,np-complete,complexity,0.6925464272499084
35,106,np-complete,finite_set,0.5110781192779541
35,108,np-complete,polynomial,0.5850155353546143
35,113,np-complete,approximation,0.6051616668701172
35,130,np-complete,computational_problem,0.6565367579460144
35,134,np-complete,p_versus_np_problem,0.8134075403213501
35,141,np-complete,list_of_undecidable_problems,0.5587265491485596
35,177,np-complete,undecidable_problem,0.6108348369598389
35,201,np-complete,np_(complexity),0.8416360020637512
35,235,np-complete,pspace,0.5903444290161133
35,265,np-complete,introduction_to_algorithms,0.6452317237854004
35,284,np-complete,approximation_algorithm,0.6597646474838257
35,295,np-complete,computational_learning_theory,0.6477296352386475
35,420,np-complete,infinity,0.5314063429832458
35,430,np-complete,combinatorial_optimization,0.6216670274734497
35,451,np-complete,constraint_satisfaction,0.5767359733581543
35,465,np-complete,np-hard,0.7819782495498657
36,51,probability_theory,statistical_inference,0.5755727887153625
36,53,probability_theory,martingale_(probability_theory),0.5484309196472168
36,86,probability_theory,large_deviations_theory,0.5237085223197937
36,93,probability_theory,graphical_model,0.5825560688972473
36,94,probability_theory,random_variable,0.6667962670326233
36,122,probability_theory,stochastic_process,0.5705108642578125
36,149,probability_theory,information_theory,0.6181458234786987
36,171,probability_theory,probability,0.8682615756988525
36,176,probability_theory,conditional_probability,0.6941284537315369
36,178,probability_theory,poisson_distribution,0.5183094143867493
36,189,probability_theory,estimation_theory,0.6759808659553528
36,191,probability_theory,game_theory,0.4762623906135559
36,199,probability_theory,uncertainty,0.6842710971832275
36,274,probability_theory,integral,0.5776869058609009
36,275,probability_theory,exponential_family,0.5469714403152466
36,301,probability_theory,decision_theory,0.681140661239624
36,325,probability_theory,bayesian_network,0.6070112586021423
36,358,probability_theory,statistics,0.6283373832702637
36,361,probability_theory,bayesian_probability,0.8184929490089417
36,373,probability_theory,entropy,0.5899130702018738
36,429,probability_theory,determinism,0.5314139127731323
36,464,probability_theory,probabilistic_method,0.7211818695068359
37,43,algebra,geometry,0.5666486024856567
37,91,algebra,matrix_(mathematics),0.6958291530609131
37,107,algebra,fourier_analysis,0.4962557554244995
37,108,algebra,polynomial,0.6702825427055359
37,128,algebra,inequality_(mathematics),0.4304116368293762
37,152,algebra,integer,0.5615360736846924
37,161,algebra,quantum_computer,0.47717803716659546
37,164,algebra,linear_algebra,0.8777332901954651
37,172,algebra,recurrence_relation,0.4948464035987854
37,175,algebra,relational_algebra,0.623849093914032
37,192,algebra,mathematical_model,0.6279938220977783
37,209,algebra,calculus,0.6695349216461182
37,234,algebra,discrete_mathematics,0.5811954736709595
37,260,algebra,arithmetic,0.7507711052894592
37,265,algebra,introduction_to_algorithms,0.6396450996398926
37,294,algebra,quantum_mechanics,0.5391308665275574
37,304,algebra,linear_system,0.6170372366905212
37,311,algebra,nonlinear_system,0.5783770084381104
37,331,algebra,multiplication,0.6238369941711426
37,354,algebra,differential_equation,0.5360889434814453
37,406,algebra,eigenvalues_and_eigenvectors,0.5698146224021912
37,411,algebra,vector_space,0.6382333040237427
38,88,graphical_user_interface,human-computer_interaction,0.7430329918861389
38,89,graphical_user_interface,interactivity,0.6832438111305237
38,92,graphical_user_interface,visualization_(computer_graphics),0.658710241317749
38,223,graphical_user_interface,web_browser,0.6137573719024658
38,228,graphical_user_interface,application_software,0.713385820388794
38,249,graphical_user_interface,interaction_design,0.6587272882461548
38,250,graphical_user_interface,user_interface,0.9109044075012207
38,262,graphical_user_interface,user_interface_design,0.8648895025253296
38,300,graphical_user_interface,javascript,0.6349693536758423
38,312,graphical_user_interface,application_programming_interface,0.6510701179504395
38,412,graphical_user_interface,multimodal_interaction,0.4718596041202545
38,463,graphical_user_interface,usability,0.6960737109184265
39,40,computer,profiling_(computer_programming),0.5817327499389648
39,56,computer,digital_electronics,0.6882489323616028
39,67,computer,malware,0.5799030065536499
39,73,computer,computer_architecture,0.7715685963630676
39,80,computer,computer_network,0.7170560956001282
39,101,computer,computational_chemistry,0.4780035614967346
39,111,computer,mobile_device,0.5875018835067749
39,124,computer,computational_science,0.6106733083724976
39,129,computer,central_processing_unit,0.6278083324432373
39,131,computer,image_analysis,0.5958154201507568
39,136,computer,scope_(computer_science),0.5805282592773438
39,139,computer,computing,0.8677590489387512
39,151,computer,machine_translation,0.5398971438407898
39,154,computer,c++,0.6505728960037231
39,161,computer,quantum_computer,0.5023217797279358
39,185,computer,embedded_system,0.6457338929176331
39,193,computer,image,0.6150929927825928
39,196,computer,turing_machine,0.6273936033248901
39,203,computer,speech_recognition,0.552114725112915
39,214,computer,programmer,0.6882805824279785
39,219,computer,graphics_processing_unit,0.6539720892906189
39,223,computer,web_browser,0.5994170904159546
39,229,computer,neural_network,0.5762052536010742
39,252,computer,computer_software,0.8263261318206787
39,259,computer,big_data,0.6423130035400391
39,263,computer,cryptanalysis,0.6231746077537537
39,265,computer,introduction_to_algorithms,0.7277008295059204
39,266,computer,matlab,0.5838510394096375
39,272,computer,microprocessor,0.7760056257247925
39,279,computer,kernel_(computing),0.6349847316741943
39,289,computer,c_(programming_language),0.7006903290748596
39,295,computer,computational_learning_theory,0.6512455940246582
39,298,computer,cloud_computing,0.6529855728149414
39,334,computer,personal_computer,0.729816198348999
39,346,computer,input/output,0.6372528076171875
39,368,computer,support_vector_machine,0.5223738551139832
39,381,computer,computer_simulation,0.5699421167373657
39,383,computer,fast_fourier_transform,0.44274473190307617
39,390,computer,floating_point,0.6155714988708496
39,393,computer,program_optimization,0.6891788840293884
39,396,computer,inference,0.6407593488693237
39,399,computer,recommender_system,0.47700178623199463
39,400,computer,run_time_(program_lifecycle_phase),0.6277457475662231
39,407,computer,medicine,0.5334832072257996
39,418,computer,intelligence,0.618475079536438
39,419,computer,physics,0.5653741955757141
39,422,computer,data_compression,0.6025034785270691
39,423,computer,complex_systems,0.5422123074531555
39,425,computer,genomics,0.5196245908737183
39,427,computer,electronic_commerce,0.5244235992431641
39,432,computer,cell_(biology),0.5647721886634827
39,439,computer,computer_file,0.6652154922485352
39,440,computer,literature,0.5917098522186279
39,447,computer,architecture,0.6482512950897217
39,453,computer,library_(computing),0.6345086097717285
40,139,profiling_(computer_programming),computing,0.570888876914978
40,183,profiling_(computer_programming),compiler_optimization,0.5895481109619141
40,257,profiling_(computer_programming),program_analysis,0.5917778015136719
40,289,profiling_(computer_programming),c_(programming_language),0.5731240510940552
40,313,profiling_(computer_programming),processor_register,0.5830428600311279
40,345,profiling_(computer_programming),amortized_analysis,0.4720057547092438
40,393,profiling_(computer_programming),program_optimization,0.6584149599075317
40,398,profiling_(computer_programming),debugging,0.587978184223175
40,400,profiling_(computer_programming),run_time_(program_lifecycle_phase),0.6459029316902161
40,401,profiling_(computer_programming),performance_tuning,0.6310900449752808
41,49,complexity_class,computational_complexity_theory,0.7940070629119873
41,50,complexity_class,complexity,0.770046591758728
41,97,complexity_class,theory_of_computation,0.6731042861938477
41,130,complexity_class,computational_problem,0.6739629507064819
41,134,complexity_class,p_versus_np_problem,0.6993488073348999
41,141,complexity_class,list_of_undecidable_problems,0.5547264218330383
41,150,complexity_class,recursively_enumerable_set,0.5846124291419983
41,158,complexity_class,theoretical_computer_science,0.6004495024681091
41,195,complexity_class,time_complexity,0.6942103505134583
41,201,complexity_class,np_(complexity),0.7860379219055176
41,231,complexity_class,best _worst_and_average_case,0.6761508584022522
41,235,complexity_class,pspace,0.6752805709838867
41,287,complexity_class,model_of_computation,0.6510674357414246
41,290,complexity_class,asymptotic_analysis,0.5774112939834595
41,295,complexity_class,computational_learning_theory,0.6639500260353088
41,303,complexity_class,halting_problem,0.5936379432678223
41,465,complexity_class,np-hard,0.6353929042816162
42,43,computer_graphics,geometry,0.508499026298523
42,47,computer_graphics,geometric_modeling,0.6042919158935547
42,48,computer_graphics,computational_geometry,0.5580301284790039
42,92,computer_graphics,visualization_(computer_graphics),0.6442893743515015
42,104,computer_graphics,3d_modeling,0.6310398578643799
42,127,computer_graphics,rendering_(computer_graphics),0.7639222741127014
42,138,computer_graphics,graphics,0.8669050931930542
42,142,computer_graphics,ray_tracing_(graphics),0.7057318687438965
42,180,computer_graphics,computer_animation,0.7013803124427795
42,246,computer_graphics,volume_rendering,0.5672635436058044
42,254,computer_graphics,shading,0.5977418422698975
42,308,computer_graphics,hidden_line_removal,0.4809965193271637
42,315,computer_graphics,scientific_visualization,0.5800219178199768
42,323,computer_graphics,3d_computer_graphics,0.8045424222946167
42,386,computer_graphics,virtual_reality,0.5769187808036804
43,47,geometry,geometric_modeling,0.7160360813140869
43,48,geometry,computational_geometry,0.774806022644043
43,104,geometry,3d_modeling,0.5238966345787048
43,164,geometry,linear_algebra,0.5476969480514526
43,357,geometry,kinematics,0.5092594623565674
43,411,geometry,vector_space,0.6283637285232544
44,71,relational_database,relational_model,0.8658485412597656
44,96,relational_database,query_language,0.6749526858329773
44,100,relational_database,index_(database),0.6352381110191345
44,166,relational_database,database_management_system,0.7262289524078369
44,174,relational_database,relational_database_management_system,0.9085358381271362
44,175,relational_database,relational_algebra,0.8044320344924927
44,207,relational_database,sql,0.7636377811431885
44,213,relational_database,data_warehouse,0.6190018653869629
44,220,relational_database,transaction_processing,0.6164230108261108
44,268,relational_database,database_design,0.7356841564178467
44,285,relational_database,database_system,0.8066362738609314
44,371,relational_database,database_transaction,0.6651657223701477
44,402,relational_database,database_normalization,0.7035368084907532
44,410,relational_database,data_model,0.7189146280288696
44,445,relational_database,nosql,0.6704089045524597
45,46,software_development,software_design,0.7963751554489136
45,85,software_development,software_engineering,0.8776086568832397
45,214,software_development,programmer,0.7206757664680481
45,228,software_development,application_software,0.6353519558906555
45,252,software_development,computer_software,0.7081404328346252
45,276,software_development,automatic_programming,0.656565248966217
45,320,software_development,software_testing,0.7534717321395874
45,392,software_development,programming_style,0.6516633629798889
45,398,software_development,debugging,0.5462266206741333
45,409,software_development,open_source,0.6176704168319702
45,428,software_development,prototype,0.5957264304161072
45,446,software_development,project_management,0.6896142959594727
45,460,software_development,revision_control,0.6057204008102417
46,85,software_design,software_engineering,0.8061660528182983
46,98,software_design,object-oriented_programming,0.676066517829895
46,126,software_design,abstraction_(computer_science),0.6545794606208801
46,137,software_design,modular_programming,0.7131284475326538
46,214,software_design,programmer,0.677696704864502
46,225,software_design,design_pattern_(computer_science),0.7284383177757263
46,249,software_design,interaction_design,0.5815021395683289
46,252,software_design,computer_software,0.7675296068191528
46,262,software_design,user_interface_design,0.6446871757507324
46,268,software_design,database_design,0.683822751045227
46,312,software_design,application_programming_interface,0.6563727855682373
46,320,software_design,software_testing,0.6187764406204224
46,341,software_design,interface_(computing),0.6718242764472961
46,349,software_design,inheritance_(object-oriented_programming),0.5920889973640442
46,352,software_design,design_of_experiments,0.4857131838798523
46,375,software_design,software_framework,0.6676027774810791
46,409,software_design,open_source,0.5504764318466187
46,415,software_design,methodology,0.5772613883018494
46,428,software_design,prototype,0.6085638999938965
46,446,software_design,project_management,0.5991239547729492
46,447,software_design,architecture,0.6644868850708008
46,449,software_design,specification_(technical_standard),0.6183788776397705
46,458,software_design,top-down_and_bottom-up_design,0.6831977963447571
47,48,geometric_modeling,computational_geometry,0.7364323139190674
47,104,geometric_modeling,3d_modeling,0.7911494374275208
47,138,geometric_modeling,graphics,0.581151008605957
47,192,geometric_modeling,mathematical_model,0.5719067454338074
47,308,geometric_modeling,hidden_line_removal,0.5045878887176514
47,323,geometric_modeling,3d_computer_graphics,0.6237903833389282
47,405,geometric_modeling,scientific_modelling,0.5173718929290771
47,411,geometric_modeling,vector_space,0.4985843896865845
48,104,computational_geometry,3d_modeling,0.5810354948043823
48,124,computational_geometry,computational_science,0.531354546546936
48,138,computational_geometry,graphics,0.5454624891281128
48,308,computational_geometry,hidden_line_removal,0.4433524012565613
48,323,computational_geometry,3d_computer_graphics,0.5099096298217773
48,411,computational_geometry,vector_space,0.508514404296875
49,50,computational_complexity_theory,complexity,0.7026111483573914
49,97,computational_complexity_theory,theory_of_computation,0.7908056974411011
49,130,computational_complexity_theory,computational_problem,0.6983134746551514
49,134,computational_complexity_theory,p_versus_np_problem,0.6418350338935852
49,141,computational_complexity_theory,list_of_undecidable_problems,0.5631650686264038
49,158,computational_complexity_theory,theoretical_computer_science,0.7038409113883972
49,195,computational_complexity_theory,time_complexity,0.6305522918701172
49,201,computational_complexity_theory,np_(complexity),0.7090297937393188
49,235,computational_complexity_theory,pspace,0.5934721231460571
49,256,computational_complexity_theory,computability,0.7189319133758545
49,287,computational_complexity_theory,model_of_computation,0.6717751622200012
49,295,computational_complexity_theory,computational_learning_theory,0.6981609463691711
50,105,complexity,analysis_of_algorithms,0.7009009718894958
50,108,complexity,polynomial,0.5898331999778748
50,113,complexity,approximation,0.6037442088127136
50,134,complexity,p_versus_np_problem,0.663027822971344
50,195,complexity,time_complexity,0.7935055494308472
50,201,complexity,np_(complexity),0.7582017183303833
50,231,complexity,best _worst_and_average_case,0.760704755783081
50,235,complexity,pspace,0.6085574626922607
50,265,complexity,introduction_to_algorithms,0.7289203405380249
50,280,complexity,sufficient_statistic,0.5253094434738159
50,287,complexity,model_of_computation,0.6765605211257935
50,290,complexity,asymptotic_analysis,0.6237574815750122
50,295,complexity,computational_learning_theory,0.7152267694473267
50,342,complexity,scalability,0.6043815612792969
50,373,complexity,entropy,0.5447037220001221
50,420,complexity,infinity,0.5486017465591431
50,423,complexity,complex_systems,0.546372652053833
50,465,complexity,np-hard,0.6593805551528931
50,466,complexity,parabola,0.4517800807952881
51,94,statistical_inference,random_variable,0.5463294982910156
51,144,statistical_inference,statistical_hypothesis_testing,0.7246092557907104
51,171,statistical_inference,probability,0.5853079557418823
51,189,statistical_inference,estimation_theory,0.6153831481933594
51,280,statistical_inference,sufficient_statistic,0.6052019596099854
51,358,statistical_inference,statistics,0.7218588590621948
51,361,statistical_inference,bayesian_probability,0.6038511395454407
51,394,statistical_inference,data_analysis,0.5681108236312866
51,396,statistical_inference,inference,0.7446616888046265
52,57,data,data_mining,0.6469782590866089
52,140,data,unsupervised_learning,0.5701549649238586
52,144,data,statistical_hypothesis_testing,0.4924967885017395
52,210,data,correlation_and_dependence,0.541730523109436
52,215,data,interpolation,0.47404617071151733
52,268,data,database_design,0.6697641015052795
52,280,data,sufficient_statistic,0.5209554433822632
52,358,data,statistics,0.6715734601020813
52,379,data,feature_extraction,0.6386388540267944
52,389,data,prediction,0.6663321256637573
52,394,data,data_analysis,0.7791029810905457
52,395,data,wavelet,0.46444714069366455
52,406,data,eigenvalues_and_eigenvectors,0.5307806730270386
52,410,data,data_model,0.7137694358825684
52,428,data,prototype,0.565987765789032
52,448,data,knowledge,0.6676796674728394
53,54,martingale_(probability_theory),markov_chain,0.6009575724601746
53,79,martingale_(probability_theory),expected_value,0.4980931580066681
53,118,martingale_(probability_theory),reinforcement_learning,0.5289665460586548
53,122,martingale_(probability_theory),stochastic_process,0.5620014071464539
53,181,martingale_(probability_theory),random_walk,0.552711009979248
53,301,martingale_(probability_theory),decision_theory,0.580157995223999
53,322,martingale_(probability_theory),stochastic,0.5690081119537354
53,361,martingale_(probability_theory),bayesian_probability,0.5974122881889343
53,380,martingale_(probability_theory),markov_process,0.6348843574523926
53,429,martingale_(probability_theory),determinism,0.5191082954406738
54,66,markov_chain,finite-state_machine,0.5906937122344971
54,122,markov_chain,stochastic_process,0.6214655637741089
54,159,markov_chain,hidden_markov_model,0.6932669281959534
54,172,markov_chain,recurrence_relation,0.5102744698524475
54,176,markov_chain,conditional_probability,0.6180894374847412
54,181,markov_chain,random_walk,0.6433470249176025
54,197,markov_chain,kalman_filter,0.48359090089797974
54,281,markov_chain,automata_theory,0.5588530898094177
54,322,markov_chain,stochastic,0.5820983648300171
54,325,markov_chain,bayesian_network,0.5505434274673462
54,380,markov_chain,markov_process,0.8663662075996399
55,56,arithmetic_logic_unit,digital_electronics,0.5929519534111023
55,73,arithmetic_logic_unit,computer_architecture,0.5604661703109741
55,109,arithmetic_logic_unit,vector_processor,0.5641763806343079
55,129,arithmetic_logic_unit,central_processing_unit,0.5884876251220703
55,219,arithmetic_logic_unit,graphics_processing_unit,0.608506441116333
55,260,arithmetic_logic_unit,arithmetic,0.6513252854347229
55,272,arithmetic_logic_unit,microprocessor,0.5905479192733765
55,293,arithmetic_logic_unit,combinational_logic,0.6101028919219971
55,326,arithmetic_logic_unit,modular_arithmetic,0.46291232109069824
55,331,arithmetic_logic_unit,multiplication,0.5666741132736206
55,351,arithmetic_logic_unit,instruction_set,0.538634181022644
56,73,digital_electronics,computer_architecture,0.6090673208236694
56,139,digital_electronics,computing,0.6186822652816772
56,185,digital_electronics,embedded_system,0.5747710466384888
56,219,digital_electronics,graphics_processing_unit,0.5875877737998962
56,252,digital_electronics,computer_software,0.5839719772338867
56,272,digital_electronics,microprocessor,0.7231168746948242
56,293,digital_electronics,combinational_logic,0.6028379797935486
56,351,digital_electronics,instruction_set,0.5557746291160583
57,139,data_mining,computing,0.5820155143737793
57,140,data_mining,unsupervised_learning,0.6493380665779114
57,144,data_mining,statistical_hypothesis_testing,0.5027511715888977
57,210,data_mining,correlation_and_dependence,0.5339133739471436
57,215,data_mining,interpolation,0.4571313261985779
57,216,data_mining,cluster_analysis,0.6283636689186096
57,245,data_mining,pattern_recognition,0.6316553354263306
57,389,data_mining,prediction,0.6135022640228271
57,394,data_mining,data_analysis,0.7476979494094849
58,61,artificial_intelligence,robot,0.614812970161438
58,88,artificial_intelligence,human-computer_interaction,0.5469679832458496
58,139,artificial_intelligence,computing,0.6389731764793396
58,147,artificial_intelligence,question_answering,0.5338889360427856
58,148,artificial_intelligence,expert_system,0.7040103673934937
58,182,artificial_intelligence,reason,0.6207811236381531
58,200,artificial_intelligence,autonomous_robot,0.5548205375671387
58,214,artificial_intelligence,programmer,0.6513575911521912
58,292,artificial_intelligence,automated_planning_and_scheduling,0.6005678772926331
58,329,artificial_intelligence,economics,0.5571092963218689
58,416,artificial_intelligence,philosophy,0.709816038608551
58,418,artificial_intelligence,intelligence,0.7987478971481323
58,448,artificial_intelligence,knowledge,0.6664999723434448
59,82,divide_and_conquer_algorithm,iterative_method,0.4338308572769165
59,190,divide_and_conquer_algorithm,recursion_(computer_science),0.6226239204406738
59,231,divide_and_conquer_algorithm,best _worst_and_average_case,0.3994828760623932
59,243,divide_and_conquer_algorithm,problem_solving,0.43244215846061707
59,248,divide_and_conquer_algorithm,parallel_algorithm,0.4435685873031616
59,265,divide_and_conquer_algorithm,introduction_to_algorithms,0.4615474343299866
59,345,divide_and_conquer_algorithm,amortized_analysis,0.3949092924594879
60,61,robotics,robot,0.8636780977249146
60,118,robotics,reinforcement_learning,0.6211802959442139
60,200,robotics,autonomous_robot,0.8222521543502808
60,206,robotics,motion_planning,0.6646211743354797
60,292,robotics,automated_planning_and_scheduling,0.5525563359260559
60,357,robotics,kinematics,0.7008021473884583
60,378,robotics,motion_capture,0.505124568939209
60,382,robotics,mechanical_engineering,0.6134368181228638
60,386,robotics,virtual_reality,0.5375314354896545
60,450,robotics,aerospace,0.5521273016929626
61,118,robot,reinforcement_learning,0.6285569667816162
61,197,robot,kalman_filter,0.4496976137161255
61,200,robot,autonomous_robot,0.8671330809593201
61,206,robot,motion_planning,0.6546173095703125
61,292,robot,automated_planning_and_scheduling,0.6367219686508179
61,357,robot,kinematics,0.6314231157302856
61,378,robot,motion_capture,0.49875980615615845
61,382,robot,mechanical_engineering,0.577469527721405
61,386,robot,virtual_reality,0.5249137878417969
61,414,robot,simulation,0.5270772576332092
61,418,robot,intelligence,0.6042506694793701
61,450,robot,aerospace,0.5218189358711243
62,67,computer_security,malware,0.6493883728981018
62,68,computer_security,authentication,0.7185975313186646
62,69,computer_security,firewall_(computing),0.6353105306625366
62,70,computer_security,information_assurance,0.769845724105835
62,117,computer_security,cryptography,0.7560781836509705
62,157,computer_security,security,0.8581183552742004
62,194,computer_security,network_security,0.7878278493881226
62,222,computer_security,information_security,0.8182612657546997
62,263,computer_security,cryptanalysis,0.7571989297866821
62,328,computer_security,vulnerability_(computing),0.778972864151001
62,344,computer_security,digital_signature,0.5288714170455933
62,350,computer_security,public-key_cryptography,0.5748867988586426
62,366,computer_security,quantum_cryptography,0.5456298589706421
62,403,computer_security,encryption,0.6635754704475403
62,457,computer_security,privacy,0.6766888499259949
63,64,cache_coherence,shared_memory,0.7997206449508667
63,81,cache_coherence,concurrency_(computer_science),0.6363232135772705
63,110,cache_coherence,parallel_computing,0.6440842151641846
63,155,cache_coherence,inter-process_communication,0.6351368427276611
63,165,cache_coherence,concurrency_control,0.6635006666183472
63,168,cache_coherence,synchronization,0.6818549633026123
63,186,cache_coherence,concurrent_computing,0.6852144002914429
63,224,cache_coherence,cpu_cache,0.7657238245010376
63,343,cache_coherence,memory_hierarchy,0.6221714019775391
63,364,cache_coherence,symmetric_multiprocessing,0.6202777624130249
64,84,shared_memory,thread_(computer_science),0.6537075042724609
64,110,shared_memory,parallel_computing,0.6739718914031982
64,155,shared_memory,inter-process_communication,0.7814735174179077
64,165,shared_memory,concurrency_control,0.6829651594161987
64,168,shared_memory,synchronization,0.6964682340621948
64,186,shared_memory,concurrent_computing,0.7287591099739075
64,224,shared_memory,cpu_cache,0.6622366309165955
64,239,shared_memory,deadlock,0.6360776424407959
64,240,shared_memory,system_call,0.6047446727752686
64,302,shared_memory,memory_management,0.7084037065505981
64,309,shared_memory,queue_(data_structure),0.587672233581543
64,316,shared_memory,garbage_collection_(computer_science),0.5761971473693848
64,319,shared_memory,dynamic_memory_allocation,0.6062471270561218
64,327,shared_memory,file_system,0.6333367824554443
64,332,shared_memory,message_passing_interface,0.7041765451431274
64,335,shared_memory,lock_(computer_science),0.6170247793197632
64,340,shared_memory,virtual_memory,0.7336593866348267
64,362,shared_memory,mutual_exclusion,0.6149247884750366
64,364,shared_memory,symmetric_multiprocessing,0.6734756231307983
64,367,shared_memory,linked_list,0.5922870635986328
64,387,shared_memory,message_passing,0.5451910495758057
64,452,shared_memory,remote_procedure_call,0.6043260097503662
65,95,parsing,string_(computer_science),0.6022281646728516
65,103,parsing,string_searching_algorithm,0.559424638748169
65,115,parsing,formal_language,0.6887403130531311
65,188,parsing,pattern_matching,0.6528627872467041
65,233,parsing,context-free_language,0.6802904009819031
65,241,parsing,lisp_(programming_language),0.5870202779769897
65,244,parsing,perl,0.5378603935241699
65,267,parsing,pushdown_automaton,0.5713492631912231
65,305,parsing,syntax,0.784683346748352
65,333,parsing,html,0.5222254991531372
65,360,parsing,denotational_semantics,0.5899088382720947
65,384,parsing,part-of-speech_tagging,0.6360836029052734
65,391,parsing,context-free_grammar,0.6628662943840027
65,408,parsing,linguistics,0.634789764881134
65,426,parsing,grammar,0.7884384989738464
66,115,finite-state_machine,formal_language,0.5568150281906128
66,159,finite-state_machine,hidden_markov_model,0.5733210444450378
66,172,finite-state_machine,recurrence_relation,0.5175275802612305
66,181,finite-state_machine,random_walk,0.5161429047584534
66,196,finite-state_machine,turing_machine,0.5497555136680603
66,267,finite-state_machine,pushdown_automaton,0.6058762073516846
66,281,finite-state_machine,automata_theory,0.6700459718704224
66,297,finite-state_machine,regular_language,0.6090148687362671
66,380,finite-state_machine,markov_process,0.6119338274002075
67,69,malware,firewall_(computing),0.5248647332191467
67,157,malware,security,0.584614098072052
67,194,malware,network_security,0.7114337086677551
67,222,malware,information_security,0.5502364635467529
67,252,malware,computer_software,0.569257378578186
67,263,malware,cryptanalysis,0.6794873476028442
67,291,malware,traffic_analysis,0.6138304471969604
67,328,malware,vulnerability_(computing),0.5709660649299622
68,70,authentication,information_assurance,0.6726590991020203
68,117,authentication,cryptography,0.7056798934936523
68,157,authentication,security,0.7536715865135193
68,194,authentication,network_security,0.6262971758842468
68,222,authentication,information_security,0.7278444170951843
68,263,authentication,cryptanalysis,0.6214653253555298
68,328,authentication,vulnerability_(computing),0.5855188369750977
68,344,authentication,digital_signature,0.6584138870239258
68,350,authentication,public-key_cryptography,0.6390186548233032
68,372,authentication,cryptographic_hash_function,0.5550471544265747
68,403,authentication,encryption,0.7002803683280945
68,442,authentication,hash_function,0.5165584087371826
68,454,authentication,forensic_science,0.4760626554489136
68,457,authentication,privacy,0.6749744415283203
69,70,firewall_(computing),information_assurance,0.5050780773162842
69,80,firewall_(computing),computer_network,0.5400190353393555
69,157,firewall_(computing),security,0.5834354162216187
69,194,firewall_(computing),network_security,0.708080530166626
69,204,firewall_(computing),internet,0.5966488122940063
69,205,firewall_(computing),routing,0.5072246193885803
69,264,firewall_(computing),internet_protocol_suite,0.5362563133239746
69,291,firewall_(computing),traffic_analysis,0.6442958116531372
70,117,information_assurance,cryptography,0.7057579755783081
70,157,information_assurance,security,0.8254474401473999
70,194,information_assurance,network_security,0.6359663009643555
70,222,information_assurance,information_security,0.881748378276825
70,263,information_assurance,cryptanalysis,0.6105211973190308
70,328,information_assurance,vulnerability_(computing),0.6921814680099487
70,344,information_assurance,digital_signature,0.5321561098098755
70,403,information_assurance,encryption,0.7030750513076782
70,457,information_assurance,privacy,0.7571054697036743
71,93,relational_model,graphical_model,0.5515575408935547
71,96,relational_model,query_language,0.7314978837966919
71,166,relational_model,database_management_system,0.7434436082839966
71,174,relational_model,relational_database_management_system,0.8337087035179138
71,175,relational_model,relational_algebra,0.7897094488143921
71,192,relational_model,mathematical_model,0.6192451119422913
71,207,relational_model,sql,0.7744171023368835
71,210,relational_model,correlation_and_dependence,0.5234558582305908
71,268,relational_model,database_design,0.7705296277999878
71,285,relational_model,database_system,0.7185227274894714
71,330,relational_model,query_optimization,0.5856691598892212
71,402,relational_model,database_normalization,0.7322247624397278
71,407,relational_model,medicine,0.5388286113739014
71,410,relational_model,data_model,0.8286163210868835
71,441,relational_model,hierarchy,0.5231326222419739
71,444,relational_model,xml,0.5821481347084045
72,114,compiler,symbol_table,0.6649691462516785
72,154,compiler,c++,0.7075778245925903
72,183,compiler,compiler_optimization,0.8892507553100586
72,184,compiler,assembly_language,0.724785566329956
72,224,compiler,cpu_cache,0.678503155708313
72,289,compiler,c_(programming_language),0.6785366535186768
72,293,compiler,combinational_logic,0.5598905086517334
72,313,compiler,processor_register,0.6962122321128845
72,347,compiler,microcode,0.6374204158782959
72,351,compiler,instruction_set,0.6722374558448792
72,393,compiler,program_optimization,0.7206883430480957
73,83,computer_architecture,multi-core_processor,0.7104342579841614
73,109,computer_architecture,vector_processor,0.7163510322570801
73,129,computer_architecture,central_processing_unit,0.6906105279922485
73,139,computer_architecture,computing,0.7071420550346375
73,154,computer_architecture,c++,0.6189560890197754
73,184,computer_architecture,assembly_language,0.7321557402610779
73,185,computer_architecture,embedded_system,0.6250007152557373
73,219,computer_architecture,graphics_processing_unit,0.6897678375244141
73,224,computer_architecture,cpu_cache,0.7049627304077148
73,229,computer_architecture,neural_network,0.5418471097946167
73,272,computer_architecture,microprocessor,0.7675397992134094
73,286,computer_architecture,superscalar,0.6850869655609131
73,293,computer_architecture,combinational_logic,0.5658942461013794
73,313,computer_architecture,processor_register,0.7379629611968994
73,343,computer_architecture,memory_hierarchy,0.7046886086463928
73,347,computer_architecture,microcode,0.682466983795166
73,351,computer_architecture,instruction_set,0.7745370864868164
73,374,computer_architecture,very_long_instruction_word,0.7004998922348022
73,400,computer_architecture,run_time_(program_lifecycle_phase),0.6186949610710144
73,413,computer_architecture,instruction_pipeline,0.5732877850532532
73,447,computer_architecture,architecture,0.7863513231277466
73,458,computer_architecture,top-down_and_bottom-up_design,0.5913992524147034
74,81,atomicity_(database_systems),concurrency_(computer_science),0.645809531211853
74,155,atomicity_(database_systems),inter-process_communication,0.5935255289077759
74,165,atomicity_(database_systems),concurrency_control,0.7085292339324951
74,168,atomicity_(database_systems),synchronization,0.6968696117401123
74,220,atomicity_(database_systems),transaction_processing,0.7530511617660522
74,282,atomicity_(database_systems),distributed_algorithms,0.5792292952537537
74,285,atomicity_(database_systems),database_system,0.5817821025848389
74,335,atomicity_(database_systems),lock_(computer_science),0.5928372144699097
74,362,atomicity_(database_systems),mutual_exclusion,0.6410903930664062
74,371,atomicity_(database_systems),database_transaction,0.7771527767181396
75,124,bioinformatics,computational_science,0.5488494038581848
75,139,bioinformatics,computing,0.5498621463775635
75,245,bioinformatics,pattern_recognition,0.5637129545211792
75,315,bioinformatics,scientific_visualization,0.510033369064331
75,376,bioinformatics,sequence_alignment,0.6737004518508911
75,407,bioinformatics,medicine,0.6222848892211914
75,421,bioinformatics,genetics,0.6192197203636169
75,424,bioinformatics,molecular_biology,0.7813101410865784
75,425,bioinformatics,genomics,0.7899799346923828
75,432,bioinformatics,cell_(biology),0.6664500832557678
75,435,bioinformatics,molecular_dynamics,0.4666402339935303
75,462,bioinformatics,chemistry,0.5278980135917664
76,77,b-tree,data_structure,0.5551571249961853
76,100,b-tree,index_(database),0.7226356863975525
76,102,b-tree,suffix_tree,0.46971580386161804
76,166,b-tree,database_management_system,0.6612166166305542
76,174,b-tree,relational_database_management_system,0.5539394617080688
76,238,b-tree,hash_table,0.5667040348052979
76,268,b-tree,database_design,0.552903413772583
76,285,b-tree,database_system,0.6051977276802063
76,299,b-tree,spanning_tree,0.5539868474006653
76,330,b-tree,query_optimization,0.5543460249900818
77,91,data_structure,matrix_(mathematics),0.6131744384765625
77,100,data_structure,index_(database),0.6893168091773987
77,102,data_structure,suffix_tree,0.42591819167137146
77,114,data_structure,symbol_table,0.6645427942276001
77,133,data_structure,data_type,0.6805348992347717
77,173,data_structure,abstract_data_type,0.7189059853553772
77,236,data_structure,graph_(mathematics),0.6063361763954163
77,238,data_structure,hash_table,0.6928005218505859
77,255,data_structure,lazy_evaluation,0.5502522587776184
77,258,data_structure,sparse_matrix,0.5568875670433044
77,309,data_structure,queue_(data_structure),0.6222279667854309
77,310,data_structure,array_data_structure,0.8160176277160645
77,314,data_structure,stack_(data_structure),0.6253747940063477
77,327,data_structure,file_system,0.6221660375595093
77,367,data_structure,linked_list,0.7135331630706787
77,369,data_structure,tensor,0.6965398192405701
77,410,data_structure,data_model,0.7218566536903381
77,411,data_structure,vector_space,0.5787383317947388
77,422,data_structure,data_compression,0.5880754590034485
77,439,data_structure,computer_file,0.6119463443756104
77,441,data_structure,hierarchy,0.5400226712226868
77,442,data_structure,hash_function,0.5985636711120605
78,143,pagerank,social_network,0.6776586771011353
78,181,pagerank,random_walk,0.5870965123176575
78,236,pagerank,graph_(mathematics),0.5698293447494507
78,251,pagerank,web_search_engine,0.563967764377594
78,299,pagerank,spanning_tree,0.5019140243530273
78,337,pagerank,world_wide_web,0.5021360516548157
78,399,pagerank,recommender_system,0.49707040190696716
78,433,pagerank,information_retrieval,0.5085272192955017
78,459,pagerank,expander_graph,0.5053356885910034
79,94,expected_value,random_variable,0.6308056116104126
79,171,expected_value,probability,0.5774998664855957
79,231,expected_value,best _worst_and_average_case,0.5478460788726807
79,274,expected_value,integral,0.5416625738143921
79,301,expected_value,decision_theory,0.49980634450912476
79,322,expected_value,stochastic,0.5620344877243042
79,361,expected_value,bayesian_probability,0.4909239411354065
79,389,expected_value,prediction,0.4952053427696228
80,111,computer_network,mobile_device,0.6883867383003235
80,143,computer_network,social_network,0.5073371529579163
80,146,computer_network,communications_protocol,0.6724040508270264
80,162,computer_network,communication,0.8484058976173401
80,185,computer_network,embedded_system,0.650126576423645
80,204,computer_network,internet,0.8389075994491577
80,205,computer_network,routing,0.6933862566947937
80,221,computer_network,wireless_sensor_network,0.6616186499595642
80,253,computer_network,packet_switching,0.6419127583503723
80,259,computer_network,big_data,0.6506619453430176
80,264,computer_network,internet_protocol_suite,0.6384760141372681
80,282,computer_network,distributed_algorithms,0.7708998918533325
80,288,computer_network,peer-to-peer,0.6865473985671997
80,291,computer_network,traffic_analysis,0.5928813815116882
80,298,computer_network,cloud_computing,0.7309457063674927
80,299,computer_network,spanning_tree,0.5751755237579346
80,321,computer_network,telecommunications_network,0.8177468776702881
80,324,computer_network,osi_model,0.6933262348175049
80,336,computer_network,server_(computing),0.6911863088607788
80,342,computer_network,scalability,0.5943390130996704
80,353,computer_network,web_server,0.6656195521354675
80,356,computer_network,congestion_control,0.6627292633056641
80,387,computer_network,message_passing,0.5566322207450867
80,423,computer_network,complex_systems,0.5353341102600098
81,84,concurrency_(computer_science),thread_(computer_science),0.7658158540725708
81,110,concurrency_(computer_science),parallel_computing,0.7443705797195435
81,165,concurrency_(computer_science),concurrency_control,0.8634706735610962
81,168,concurrency_(computer_science),synchronization,0.8164229393005371
81,186,concurrency_(computer_science),concurrent_computing,0.8241073489189148
81,220,concurrency_(computer_science),transaction_processing,0.642552375793457
81,239,concurrency_(computer_science),deadlock,0.712398886680603
81,248,concurrency_(computer_science),parallel_algorithm,0.6747760772705078
81,271,concurrency_(computer_science),scheduling_(computing),0.6475254893302917
81,335,concurrency_(computer_science),lock_(computer_science),0.7153998613357544
81,362,concurrency_(computer_science),mutual_exclusion,0.6580080986022949
81,364,concurrency_(computer_science),symmetric_multiprocessing,0.6732483506202698
81,371,concurrency_(computer_science),database_transaction,0.6449902653694153
81,397,concurrency_(computer_science),computer_multitasking,0.7521812915802002
82,112,iterative_method,newton's_method,0.634535551071167
82,145,iterative_method,numerical_analysis,0.5956516265869141
82,163,iterative_method,mathematical_optimization,0.5569554567337036
82,190,iterative_method,recursion_(computer_science),0.601698637008667
82,242,iterative_method,gradient_descent,0.6513153314590454
82,265,iterative_method,introduction_to_algorithms,0.5287876129150391
82,339,iterative_method,finite_element_method,0.5096244215965271
82,385,iterative_method,fixed_point_(mathematics),0.5227265357971191
82,456,iterative_method,iteration,0.74036705493927
83,109,multi-core_processor,vector_processor,0.729728102684021
83,110,multi-core_processor,parallel_computing,0.7760920524597168
83,129,multi-core_processor,central_processing_unit,0.6673823595046997
83,186,multi-core_processor,concurrent_computing,0.7024734020233154
83,248,multi-core_processor,parallel_algorithm,0.6859784126281738
83,272,multi-core_processor,microprocessor,0.6941753625869751
83,286,multi-core_processor,superscalar,0.6912168264389038
83,364,multi-core_processor,symmetric_multiprocessing,0.8038513660430908
83,374,multi-core_processor,very_long_instruction_word,0.6378927826881409
83,397,multi-core_processor,computer_multitasking,0.693173885345459
84,110,thread_(computer_science),parallel_computing,0.7711795568466187
84,165,thread_(computer_science),concurrency_control,0.7502821683883667
84,168,thread_(computer_science),synchronization,0.720626175403595
84,186,thread_(computer_science),concurrent_computing,0.7645317316055298
84,239,thread_(computer_science),deadlock,0.6166547536849976
84,248,thread_(computer_science),parallel_algorithm,0.6737537384033203
84,271,thread_(computer_science),scheduling_(computing),0.648754894733429
84,335,thread_(computer_science),lock_(computer_science),0.6761667728424072
84,362,thread_(computer_science),mutual_exclusion,0.5811295509338379
84,364,thread_(computer_science),symmetric_multiprocessing,0.6691699028015137
84,397,thread_(computer_science),computer_multitasking,0.7373532056808472
85,214,software_engineering,programmer,0.7205296754837036
85,225,software_engineering,design_pattern_(computer_science),0.6761307120323181
85,252,software_engineering,computer_software,0.7233293056488037
85,320,software_engineering,software_testing,0.7356549501419067
85,382,software_engineering,mechanical_engineering,0.49394020438194275
85,392,software_engineering,programming_style,0.6664915084838867
85,398,software_engineering,debugging,0.5613440275192261
85,409,software_engineering,open_source,0.6345467567443848
85,428,software_engineering,prototype,0.5648461580276489
85,438,software_engineering,exception_handling,0.5628884434700012
85,446,software_engineering,project_management,0.6836408376693726
85,449,software_engineering,specification_(technical_standard),0.5977600812911987
85,460,software_engineering,revision_control,0.6266353130340576
86,149,large_deviations_theory,information_theory,0.4535282850265503
86,189,large_deviations_theory,estimation_theory,0.4741208851337433
86,231,large_deviations_theory,best _worst_and_average_case,0.5314607620239258
86,290,large_deviations_theory,asymptotic_analysis,0.5214664936065674
86,295,large_deviations_theory,computational_learning_theory,0.48472651839256287
86,322,large_deviations_theory,stochastic,0.46706992387771606
86,420,large_deviations_theory,infinity,0.5200605392456055
86,464,large_deviations_theory,probabilistic_method,0.4533993899822235
87,121,control_flow,dynamic_programming,0.5381614565849304
87,212,control_flow,pipeline_(computing),0.640762984752655
87,232,control_flow,model_checking,0.5381758809089661
87,257,control_flow,program_analysis,0.6112226843833923
87,278,control_flow,imperative_programming,0.6599620580673218
87,307,control_flow,structured_programming,0.7003848552703857
87,365,control_flow,procedural_programming,0.6508016586303711
87,377,control_flow,flow_network,0.5621976852416992
87,392,control_flow,programming_style,0.6156924366950989
87,413,control_flow,instruction_pipeline,0.6831265687942505
88,89,human-computer_interaction,interactivity,0.7184403538703918
88,228,human-computer_interaction,application_software,0.5918718576431274
88,249,human-computer_interaction,interaction_design,0.782826840877533
88,250,human-computer_interaction,user_interface,0.839444637298584
88,252,human-computer_interaction,computer_software,0.5468647480010986
88,262,human-computer_interaction,user_interface_design,0.8140765428543091
88,412,human-computer_interaction,multimodal_interaction,0.5212513208389282
88,463,human-computer_interaction,usability,0.6912674903869629
89,228,interactivity,application_software,0.5971830487251282
89,249,interactivity,interaction_design,0.73762446641922
89,250,interactivity,user_interface,0.7161567211151123
89,262,interactivity,user_interface_design,0.6938759684562683
89,300,interactivity,javascript,0.6085542440414429
89,312,interactivity,application_programming_interface,0.5516337156295776
89,412,interactivity,multimodal_interaction,0.486677348613739
89,463,interactivity,usability,0.6799260377883911
90,98,programming_paradigm,object-oriented_programming,0.7401752471923828
90,132,programming_paradigm,functional_programming,0.6247951984405518
90,137,programming_paradigm,modular_programming,0.6296420693397522
90,237,programming_paradigm,semantics_of_programming_languages,0.6404544711112976
90,278,programming_paradigm,imperative_programming,0.7193009257316589
90,307,programming_paradigm,structured_programming,0.7417568564414978
90,365,programming_paradigm,procedural_programming,0.6870039701461792
90,370,programming_paradigm,generic_programming,0.6514102816581726
90,392,programming_paradigm,programming_style,0.7770570516586304
91,164,matrix_(mathematics),linear_algebra,0.7544751763343811
91,172,matrix_(mathematics),recurrence_relation,0.5080864429473877
91,236,matrix_(mathematics),graph_(mathematics),0.5905501842498779
91,258,matrix_(mathematics),sparse_matrix,0.5495901107788086
91,260,matrix_(mathematics),arithmetic,0.581628143787384
91,304,matrix_(mathematics),linear_system,0.6227239370346069
91,310,matrix_(mathematics),array_data_structure,0.6936267614364624
91,331,matrix_(mathematics),multiplication,0.6893984079360962
91,369,matrix_(mathematics),tensor,0.7053556442260742
91,406,matrix_(mathematics),eigenvalues_and_eigenvectors,0.5459635853767395
91,411,matrix_(mathematics),vector_space,0.6246601939201355
92,127,visualization_(computer_graphics),rendering_(computer_graphics),0.550765335559845
92,138,visualization_(computer_graphics),graphics,0.6599292755126953
92,246,visualization_(computer_graphics),volume_rendering,0.4648411273956299
92,249,visualization_(computer_graphics),interaction_design,0.5236737728118896
92,250,visualization_(computer_graphics),user_interface,0.6405250430107117
92,262,visualization_(computer_graphics),user_interface_design,0.6587095260620117
92,315,visualization_(computer_graphics),scientific_visualization,0.8103950023651123
92,394,visualization_(computer_graphics),data_analysis,0.5827427506446838
92,411,visualization_(computer_graphics),vector_space,0.5694986581802368
92,455,visualization_(computer_graphics),visual_perception,0.5323013067245483
92,463,visualization_(computer_graphics),usability,0.579757809638977
93,176,graphical_model,conditional_probability,0.6271553039550781
93,181,graphical_model,random_walk,0.5698515176773071
93,210,graphical_model,correlation_and_dependence,0.5737963914871216
93,236,graphical_model,graph_(mathematics),0.5852776765823364
93,275,graphical_model,exponential_family,0.5068067312240601
93,325,graphical_model,bayesian_network,0.7778170108795166
93,361,graphical_model,bayesian_probability,0.5792898535728455
93,459,graphical_model,expander_graph,0.5234748125076294
94,122,random_variable,stochastic_process,0.6100873351097107
94,171,random_variable,probability,0.7463312149047852
94,176,random_variable,conditional_probability,0.5512523651123047
94,178,random_variable,poisson_distribution,0.4756748676300049
94,181,random_variable,random_walk,0.617958664894104
94,199,random_variable,uncertainty,0.6654232144355774
94,226,random_variable,randomized_algorithm,0.7086038589477539
94,247,random_variable,randomization,0.7119655609130859
94,274,random_variable,integral,0.5540456771850586
94,322,random_variable,stochastic,0.7382529973983765
94,361,random_variable,bayesian_probability,0.6131884455680847
94,373,random_variable,entropy,0.6120606064796448
94,429,random_variable,determinism,0.5823201537132263
94,464,random_variable,probabilistic_method,0.5756034851074219
95,102,string_(computer_science),suffix_tree,0.6200596690177917
95,103,string_(computer_science),string_searching_algorithm,0.6984647512435913
95,115,string_(computer_science),formal_language,0.5986217260360718
95,151,string_(computer_science),machine_translation,0.5363975763320923
95,156,string_(computer_science),regular_expression,0.5827763080596924
95,188,string_(computer_science),pattern_matching,0.6068481802940369
95,244,string_(computer_science),perl,0.5383867025375366
95,267,string_(computer_science),pushdown_automaton,0.5427550077438354
95,297,string_(computer_science),regular_language,0.640997052192688
95,333,string_(computer_science),html,0.5519253611564636
95,376,string_(computer_science),sequence_alignment,0.500300407409668
96,166,query_language,database_management_system,0.7395238280296326
96,174,query_language,relational_database_management_system,0.6909952759742737
96,175,query_language,relational_algebra,0.6711379885673523
96,207,query_language,sql,0.8547096252441406
96,251,query_language,web_search_engine,0.4782380163669586
96,268,query_language,database_design,0.7101702690124512
96,285,query_language,database_system,0.6702580451965332
96,330,query_language,query_optimization,0.7424616813659668
96,433,query_language,information_retrieval,0.546195387840271
97,105,theory_of_computation,analysis_of_algorithms,0.6728962659835815
97,119,theory_of_computation,foundations_of_mathematics,0.6257648468017578
97,149,theory_of_computation,information_theory,0.5753363370895386
97,158,theory_of_computation,theoretical_computer_science,0.7717985510826111
97,196,theory_of_computation,turing_machine,0.6761864423751831
97,198,theory_of_computation,coding_theory,0.5982905626296997
97,256,theory_of_computation,computability,0.7160228490829468
97,281,theory_of_computation,automata_theory,0.6346142888069153
97,287,theory_of_computation,model_of_computation,0.7962719798088074
97,295,theory_of_computation,computational_learning_theory,0.7009062170982361
98,99,object-oriented_programming,high-level_programming_language,0.6679643392562866
98,126,object-oriented_programming,abstraction_(computer_science),0.6832854747772217
98,137,object-oriented_programming,modular_programming,0.718865156173706
98,167,object-oriented_programming,java_(programming_language),0.7107285857200623
98,173,object-oriented_programming,abstract_data_type,0.6939650774002075
98,208,object-oriented_programming,python_(programming_language),0.660868763923645
98,225,object-oriented_programming,design_pattern_(computer_science),0.6844556331634521
98,227,object-oriented_programming,object_(computer_science),0.8861922025680542
98,237,object-oriented_programming,semantics_of_programming_languages,0.6505770683288574
98,270,object-oriented_programming,polymorphism_(computer_science),0.7336384654045105
98,278,object-oriented_programming,imperative_programming,0.6301586031913757
98,307,object-oriented_programming,structured_programming,0.7076243162155151
98,341,object-oriented_programming,interface_(computing),0.6953879594802856
98,349,object-oriented_programming,inheritance_(object-oriented_programming),0.8197982311248779
98,370,object-oriented_programming,generic_programming,0.6834039092063904
98,375,object-oriented_programming,software_framework,0.5950765013694763
98,392,object-oriented_programming,programming_style,0.7114205360412598
98,409,object-oriented_programming,open_source,0.5502171516418457
98,458,object-oriented_programming,top-down_and_bottom-up_design,0.6219371557235718
99,135,high-level_programming_language,scripting_language,0.7792383432388306
99,167,high-level_programming_language,java_(programming_language),0.6439695358276367
99,208,high-level_programming_language,python_(programming_language),0.7261650562286377
99,237,high-level_programming_language,semantics_of_programming_languages,0.6732693910598755
99,276,high-level_programming_language,automatic_programming,0.6544561386108398
99,289,high-level_programming_language,c_(programming_language),0.6931206583976746
99,307,high-level_programming_language,structured_programming,0.677544116973877
99,441,high-level_programming_language,hierarchy,0.4931793808937073
99,458,high-level_programming_language,top-down_and_bottom-up_design,0.6311414837837219
100,102,index_(database),suffix_tree,0.5230704545974731
100,114,index_(database),symbol_table,0.6035637855529785
100,166,index_(database),database_management_system,0.7336000204086304
100,174,index_(database),relational_database_management_system,0.6267217993736267
100,238,index_(database),hash_table,0.737253725528717
100,268,index_(database),database_design,0.642018735408783
100,285,index_(database),database_system,0.7047285437583923
100,310,index_(database),array_data_structure,0.6166178584098816
100,330,index_(database),query_optimization,0.6215556859970093
100,367,index_(database),linked_list,0.5869985222816467
100,442,index_(database),hash_function,0.60420823097229
100,445,index_(database),nosql,0.6070209741592407
101,124,computational_chemistry,computational_science,0.5902171730995178
101,236,computational_chemistry,graph_(mathematics),0.4719792306423187
101,294,computational_chemistry,quantum_mechanics,0.6189324259757996
101,405,computational_chemistry,scientific_modelling,0.5062248110771179
101,419,computational_chemistry,physics,0.5352685451507568
101,424,computational_chemistry,molecular_biology,0.6629760265350342
101,435,computational_chemistry,molecular_dynamics,0.8266656398773193
101,462,computational_chemistry,chemistry,0.8415449857711792
102,103,suffix_tree,string_searching_algorithm,0.5945988297462463
102,156,suffix_tree,regular_expression,0.4383457601070404
102,188,suffix_tree,pattern_matching,0.5527625679969788
102,238,suffix_tree,hash_table,0.4410882294178009
102,297,suffix_tree,regular_language,0.4218357503414154
102,376,suffix_tree,sequence_alignment,0.5610185265541077
103,156,string_searching_algorithm,regular_expression,0.7036595344543457
103,188,string_searching_algorithm,pattern_matching,0.7470743060112
103,244,string_searching_algorithm,perl,0.5258411765098572
103,251,string_searching_algorithm,web_search_engine,0.5045595169067383
103,297,string_searching_algorithm,regular_language,0.601192831993103
103,376,string_searching_algorithm,sequence_alignment,0.5922417044639587
104,127,3d_modeling,rendering_(computer_graphics),0.6290367841720581
104,138,3d_modeling,graphics,0.6125569939613342
104,142,3d_modeling,ray_tracing_(graphics),0.5623023509979248
104,180,3d_modeling,computer_animation,0.4974258840084076
104,246,3d_modeling,volume_rendering,0.5816313028335571
104,254,3d_modeling,shading,0.6105124950408936
104,308,3d_modeling,hidden_line_removal,0.5218906998634338
104,323,3d_modeling,3d_computer_graphics,0.8239158391952515
104,378,3d_modeling,motion_capture,0.4588913321495056
104,386,3d_modeling,virtual_reality,0.5530579090118408
105,195,analysis_of_algorithms,time_complexity,0.7275784611701965
105,231,analysis_of_algorithms,best _worst_and_average_case,0.7187554240226746
105,265,analysis_of_algorithms,introduction_to_algorithms,0.7742960453033447
105,287,analysis_of_algorithms,model_of_computation,0.6532794833183289
105,290,analysis_of_algorithms,asymptotic_analysis,0.7746050357818604
105,345,analysis_of_algorithms,amortized_analysis,0.5402363538742065
106,119,finite_set,foundations_of_mathematics,0.5353606343269348
106,139,finite_set,computing,0.5028672218322754
106,150,finite_set,recursively_enumerable_set,0.63011634349823
106,234,finite_set,discrete_mathematics,0.6702006459236145
106,287,finite_set,model_of_computation,0.5096055269241333
106,430,finite_set,combinatorial_optimization,0.5281696319580078
107,131,fourier_analysis,image_analysis,0.5340602397918701
107,145,fourier_analysis,numerical_analysis,0.5246907472610474
107,164,fourier_analysis,linear_algebra,0.5154740214347839
107,187,fourier_analysis,signal_processing,0.703914999961853
107,379,fourier_analysis,feature_extraction,0.5261237025260925
107,383,fourier_analysis,fast_fourier_transform,0.7742584347724915
107,394,fourier_analysis,data_analysis,0.5105451345443726
107,395,fourier_analysis,wavelet,0.6382825374603271
108,113,polynomial,approximation,0.6356324553489685
108,164,polynomial,linear_algebra,0.5791085958480835
108,215,polynomial,interpolation,0.5336475372314453
108,265,polynomial,introduction_to_algorithms,0.5576537847518921
108,273,polynomial,least_squares,0.563542366027832
108,304,polynomial,linear_system,0.5364574193954468
108,311,polynomial,nonlinear_system,0.5512841939926147
108,436,polynomial,discretization,0.5179393291473389
108,466,polynomial,parabola,0.5042593479156494
109,110,vector_processor,parallel_computing,0.7645257711410522
109,129,vector_processor,central_processing_unit,0.7292477488517761
109,154,vector_processor,c++,0.6414010524749756
109,161,vector_processor,quantum_computer,0.4687201976776123
109,219,vector_processor,graphics_processing_unit,0.7839940190315247
109,224,vector_processor,cpu_cache,0.6691615581512451
109,248,vector_processor,parallel_algorithm,0.6720161437988281
109,272,vector_processor,microprocessor,0.7424253225326538
109,286,vector_processor,superscalar,0.7354860305786133
109,293,vector_processor,combinational_logic,0.5865845084190369
109,313,vector_processor,processor_register,0.7311074733734131
109,331,vector_processor,multiplication,0.6834053993225098
109,347,vector_processor,microcode,0.6233113408088684
109,351,vector_processor,instruction_set,0.7181558609008789
109,369,vector_processor,tensor,0.6531180143356323
109,374,vector_processor,very_long_instruction_word,0.7088371515274048
110,129,parallel_computing,central_processing_unit,0.6586588621139526
110,165,parallel_computing,concurrency_control,0.7298396825790405
110,168,parallel_computing,synchronization,0.7211871147155762
110,186,parallel_computing,concurrent_computing,0.8970804214477539
110,219,parallel_computing,graphics_processing_unit,0.7065790295600891
110,239,parallel_computing,deadlock,0.6185572147369385
110,248,parallel_computing,parallel_algorithm,0.8790431022644043
110,255,parallel_computing,lazy_evaluation,0.5373316407203674
110,259,parallel_computing,big_data,0.6522337198257446
110,271,parallel_computing,scheduling_(computing),0.7260609269142151
110,272,parallel_computing,microprocessor,0.7276261448860168
110,282,parallel_computing,distributed_algorithms,0.719138503074646
110,286,parallel_computing,superscalar,0.6840200424194336
110,298,parallel_computing,cloud_computing,0.6420235633850098
110,332,parallel_computing,message_passing_interface,0.6608700752258301
110,338,parallel_computing,mapreduce,0.6100778579711914
110,342,parallel_computing,scalability,0.6354355812072754
110,346,parallel_computing,input/output,0.612056314945221
110,364,parallel_computing,symmetric_multiprocessing,0.7707468271255493
110,374,parallel_computing,very_long_instruction_word,0.6570407748222351
110,397,parallel_computing,computer_multitasking,0.7848092317581177
110,401,parallel_computing,performance_tuning,0.6593431234359741
111,162,mobile_device,communication,0.5922256708145142
111,185,mobile_device,embedded_system,0.7597173452377319
111,204,mobile_device,internet,0.6119186878204346
111,221,mobile_device,wireless_sensor_network,0.6004722118377686
111,272,mobile_device,microprocessor,0.5719890594482422
111,298,mobile_device,cloud_computing,0.6236546635627747
111,321,mobile_device,telecommunications_network,0.5988240242004395
111,334,mobile_device,personal_computer,0.6539033651351929
112,145,newton's_method,numerical_analysis,0.573493242263794
112,163,newton's_method,mathematical_optimization,0.541954517364502
112,209,newton's_method,calculus,0.4593299627304077
112,218,newton's_method,finite_difference,0.49083268642425537
112,242,newton's_method,gradient_descent,0.6014619469642639
112,265,newton's_method,introduction_to_algorithms,0.4591429531574249
112,273,newton's_method,least_squares,0.5075477361679077
112,339,newton's_method,finite_element_method,0.48381003737449646
112,456,newton's_method,iteration,0.5392109155654907
113,123,approximation,continuous_function,0.6242330074310303
113,215,approximation,interpolation,0.6127645969390869
113,265,approximation,introduction_to_algorithms,0.5870282053947449
113,273,approximation,least_squares,0.6075005531311035
113,284,approximation,approximation_algorithm,0.7906203269958496
113,295,approximation,computational_learning_theory,0.5894680619239807
113,306,approximation,round-off_error,0.5242167711257935
113,311,approximation,nonlinear_system,0.5552122592926025
113,390,approximation,floating_point,0.5679857730865479
113,436,approximation,discretization,0.5406144261360168
113,465,approximation,np-hard,0.5931776762008667
114,173,symbol_table,abstract_data_type,0.6164690256118774
114,184,symbol_table,assembly_language,0.6276355385780334
114,238,symbol_table,hash_table,0.6352887749671936
114,289,symbol_table,c_(programming_language),0.6550542116165161
114,305,symbol_table,syntax,0.6147792935371399
114,310,symbol_table,array_data_structure,0.6187869310379028
114,314,symbol_table,stack_(data_structure),0.520771324634552
115,156,formal_language,regular_expression,0.6051225066184998
115,188,formal_language,pattern_matching,0.583066463470459
115,233,formal_language,context-free_language,0.754798948764801
115,237,formal_language,semantics_of_programming_languages,0.703450083732605
115,241,formal_language,lisp_(programming_language),0.6101899147033691
115,244,formal_language,perl,0.5346770286560059
115,267,formal_language,pushdown_automaton,0.6454911231994629
115,281,formal_language,automata_theory,0.7220686674118042
115,297,formal_language,regular_language,0.7803941965103149
115,305,formal_language,syntax,0.7310799360275269
115,317,formal_language,prolog,0.5858277678489685
115,348,formal_language,formal_verification,0.6047733426094055
115,360,formal_language,denotational_semantics,0.6302465200424194
115,363,formal_language,formal_methods,0.5566196441650391
115,391,formal_language,context-free_grammar,0.6539092659950256
115,408,formal_language,linguistics,0.611569881439209
115,426,formal_language,grammar,0.6681898832321167
116,160,document_classification,sentiment_analysis,0.6462416052818298
116,251,document_classification,web_search_engine,0.48339909315109253
116,333,document_classification,html,0.5731680393218994
116,384,document_classification,part-of-speech_tagging,0.557415246963501
116,431,document_classification,email,0.6220835447311401
116,433,document_classification,information_retrieval,0.606456995010376
116,440,document_classification,literature,0.568909227848053
117,157,cryptography,security,0.7896978855133057
117,222,cryptography,information_security,0.8278681039810181
117,263,cryptography,cryptanalysis,0.7404270768165588
117,326,cryptography,modular_arithmetic,0.5199791789054871
117,328,cryptography,vulnerability_(computing),0.6571236848831177
117,344,cryptography,digital_signature,0.5965651273727417
117,350,cryptography,public-key_cryptography,0.7886573076248169
117,363,cryptography,formal_methods,0.5647312998771667
117,366,cryptography,quantum_cryptography,0.675755500793457
117,372,cryptography,cryptographic_hash_function,0.5995088815689087
117,403,cryptography,encryption,0.8872647285461426
117,442,cryptography,hash_function,0.5173122882843018
117,457,cryptography,privacy,0.778132438659668
118,121,reinforcement_learning,dynamic_programming,0.6702538132667542
118,191,reinforcement_learning,game_theory,0.5467444658279419
118,197,reinforcement_learning,kalman_filter,0.46110475063323975
118,200,reinforcement_learning,autonomous_robot,0.6512560844421387
118,206,reinforcement_learning,motion_planning,0.5789288282394409
118,292,reinforcement_learning,automated_planning_and_scheduling,0.5767619609832764
118,301,reinforcement_learning,decision_theory,0.5520610213279724
118,380,reinforcement_learning,markov_process,0.6220088005065918
118,381,reinforcement_learning,computer_simulation,0.5601970553398132
118,414,reinforcement_learning,simulation,0.5864049792289734
119,158,foundations_of_mathematics,theoretical_computer_science,0.6188294291496277
119,179,foundations_of_mathematics,automated_theorem_proving,0.5916497707366943
119,192,foundations_of_mathematics,mathematical_model,0.6130328178405762
119,234,foundations_of_mathematics,discrete_mathematics,0.6634540557861328
119,256,foundations_of_mathematics,computability,0.6137979030609131
119,265,foundations_of_mathematics,introduction_to_algorithms,0.6385550498962402
119,287,foundations_of_mathematics,model_of_computation,0.616986870765686
119,416,foundations_of_mathematics,philosophy,0.5581631660461426
119,434,foundations_of_mathematics,structural_induction,0.535946249961853
119,443,foundations_of_mathematics,decidability_(logic),0.5673474669456482
120,145,partial_differential_equation,numerical_analysis,0.5500407814979553
120,169,partial_differential_equation,boundary_value_problem,0.6742293834686279
120,170,partial_differential_equation,ordinary_differential_equation,0.7369675636291504
120,209,partial_differential_equation,calculus,0.5656825304031372
120,218,partial_differential_equation,finite_difference,0.558961033821106
120,296,partial_differential_equation,calculus_of_variations,0.5267132520675659
120,311,partial_differential_equation,nonlinear_system,0.5444223880767822
120,339,partial_differential_equation,finite_element_method,0.6384677290916443
120,354,partial_differential_equation,differential_equation,0.764970064163208
120,405,partial_differential_equation,scientific_modelling,0.5622941255569458
120,419,partial_differential_equation,physics,0.5926312208175659
120,435,partial_differential_equation,molecular_dynamics,0.49714308977127075
120,466,partial_differential_equation,parabola,0.45352882146835327
121,163,dynamic_programming,mathematical_optimization,0.5310798287391663
121,278,dynamic_programming,imperative_programming,0.5570657253265381
121,292,dynamic_programming,automated_planning_and_scheduling,0.565238356590271
121,318,dynamic_programming,logic_programming,0.5315127968788147
121,319,dynamic_programming,dynamic_memory_allocation,0.5392162799835205
121,414,dynamic_programming,simulation,0.5107603073120117
121,456,dynamic_programming,iteration,0.534608781337738
122,159,stochastic_process,hidden_markov_model,0.5023350715637207
122,171,stochastic_process,probability,0.5620712041854858
122,181,stochastic_process,random_walk,0.6555924415588379
122,197,stochastic_process,kalman_filter,0.48499125242233276
122,199,stochastic_process,uncertainty,0.5818266868591309
122,226,stochastic_process,randomized_algorithm,0.5503402948379517
122,322,stochastic_process,stochastic,0.8363208770751953
122,380,stochastic_process,markov_process,0.6869307160377502
122,429,stochastic_process,determinism,0.5861297845840454
123,170,continuous_function,ordinary_differential_equation,0.53157639503479
123,209,continuous_function,calculus,0.5600062608718872
123,215,continuous_function,interpolation,0.4990335702896118
123,218,continuous_function,finite_difference,0.5817723870277405
123,229,continuous_function,neural_network,0.5852769613265991
123,242,continuous_function,gradient_descent,0.5697463154792786
123,274,continuous_function,integral,0.54093998670578
123,306,continuous_function,round-off_error,0.4627367854118347
123,311,continuous_function,nonlinear_system,0.5689701437950134
123,354,continuous_function,differential_equation,0.5690282583236694
123,385,continuous_function,fixed_point_(mathematics),0.4682973623275757
123,390,continuous_function,floating_point,0.6084648370742798
123,436,continuous_function,discretization,0.5498737096786499
123,456,continuous_function,iteration,0.5854449272155762
124,139,computational_science,computing,0.6460912227630615
124,145,computational_science,numerical_analysis,0.5915337800979614
124,158,computational_science,theoretical_computer_science,0.6220070123672485
124,164,computational_science,linear_algebra,0.6025432348251343
124,266,computational_science,matlab,0.6082102656364441
124,315,computational_science,scientific_visualization,0.5748934745788574
124,339,computational_science,finite_element_method,0.5349081754684448
124,405,computational_science,scientific_modelling,0.6769894957542419
124,419,computational_science,physics,0.6300471425056458
124,424,computational_science,molecular_biology,0.5679628849029541
124,432,computational_science,cell_(biology),0.5388716459274292
124,435,computational_science,molecular_dynamics,0.5172470808029175
124,454,computational_science,forensic_science,0.4389389455318451
125,132,haskell_(programming_language),functional_programming,0.7811365127563477
125,173,haskell_(programming_language),abstract_data_type,0.6576032042503357
125,211,haskell_(programming_language),monad_(functional_programming),0.7955806255340576
125,230,haskell_(programming_language),parametric_polymorphism,0.6378586292266846
125,269,haskell_(programming_language),ml_(programming_language),0.814083993434906
125,307,haskell_(programming_language),structured_programming,0.6442344188690186
125,355,haskell_(programming_language),higher-order_function,0.5726915001869202
125,370,haskell_(programming_language),generic_programming,0.6591570377349854
125,417,haskell_(programming_language),type_theory,0.6467185616493225
126,136,abstraction_(computer_science),scope_(computer_science),0.5811097621917725
126,137,abstraction_(computer_science),modular_programming,0.6271207332611084
126,173,abstraction_(computer_science),abstract_data_type,0.6728346347808838
126,227,abstraction_(computer_science),object_(computer_science),0.7005863785743713
126,265,abstraction_(computer_science),introduction_to_algorithms,0.6178640127182007
126,270,abstraction_(computer_science),polymorphism_(computer_science),0.6386643648147583
126,341,abstraction_(computer_science),interface_(computing),0.6921544671058655
126,349,abstraction_(computer_science),inheritance_(object-oriented_programming),0.6664747595787048
126,447,abstraction_(computer_science),architecture,0.6150735020637512
126,458,abstraction_(computer_science),top-down_and_bottom-up_design,0.6381756067276001
126,461,abstraction_(computer_science),abstract_interpretation,0.6052824854850769
127,138,rendering_(computer_graphics),graphics,0.7999764680862427
127,142,rendering_(computer_graphics),ray_tracing_(graphics),0.7654205560684204
127,180,rendering_(computer_graphics),computer_animation,0.5805101990699768
127,246,rendering_(computer_graphics),volume_rendering,0.6537916660308838
127,254,rendering_(computer_graphics),shading,0.6465727090835571
127,308,rendering_(computer_graphics),hidden_line_removal,0.5489084124565125
127,323,rendering_(computer_graphics),3d_computer_graphics,0.7689237594604492
127,386,rendering_(computer_graphics),virtual_reality,0.5731229782104492
128,152,inequality_(mathematics),integer,0.44266074895858765
128,163,inequality_(mathematics),mathematical_optimization,0.46671074628829956
128,231,inequality_(mathematics),best _worst_and_average_case,0.4292135238647461
128,265,inequality_(mathematics),introduction_to_algorithms,0.43894702196121216
128,277,inequality_(mathematics),linear_programming,0.47329452633857727
128,283,inequality_(mathematics),semidefinite_programming,0.4983595609664917
128,411,inequality_(mathematics),vector_space,0.43830686807632446
128,451,inequality_(mathematics),constraint_satisfaction,0.5086523294448853
129,186,central_processing_unit,concurrent_computing,0.6386619210243225
129,219,central_processing_unit,graphics_processing_unit,0.7985332012176514
129,272,central_processing_unit,microprocessor,0.7176873683929443
129,313,central_processing_unit,processor_register,0.6418634653091431
129,351,central_processing_unit,instruction_set,0.6448814272880554
130,134,computational_problem,p_versus_np_problem,0.6686849594116211
130,139,computational_problem,computing,0.6485471725463867
130,141,computational_problem,list_of_undecidable_problems,0.6141633987426758
130,177,computational_problem,undecidable_problem,0.6275352239608765
130,201,computational_problem,np_(complexity),0.6817822456359863
130,243,computational_problem,problem_solving,0.7390077710151672
130,303,computational_problem,halting_problem,0.6601539850234985
130,430,computational_problem,combinatorial_optimization,0.6287950873374939
130,451,computational_problem,constraint_satisfaction,0.5785377025604248
131,187,image_analysis,signal_processing,0.5815891623497009
131,193,image_analysis,image,0.8036855459213257
131,216,image_analysis,cluster_analysis,0.5034429430961609
131,245,image_analysis,pattern_recognition,0.5920082926750183
131,265,image_analysis,introduction_to_algorithms,0.55551677942276
131,379,image_analysis,feature_extraction,0.5858286023139954
131,394,image_analysis,data_analysis,0.6102543473243713
131,432,image_analysis,cell_(biology),0.5404763221740723
131,454,image_analysis,forensic_science,0.4860028624534607
131,455,image_analysis,visual_perception,0.5947854518890381
132,167,functional_programming,java_(programming_language),0.6231498718261719
132,173,functional_programming,abstract_data_type,0.6529309749603271
132,211,functional_programming,monad_(functional_programming),0.7432945370674133
132,255,functional_programming,lazy_evaluation,0.5754088759422302
132,269,functional_programming,ml_(programming_language),0.6857169270515442
132,278,functional_programming,imperative_programming,0.6329610347747803
132,307,functional_programming,structured_programming,0.6886110901832581
132,338,functional_programming,mapreduce,0.588432788848877
132,355,functional_programming,higher-order_function,0.6132131814956665
132,365,functional_programming,procedural_programming,0.6955252885818481
132,370,functional_programming,generic_programming,0.6376649737358093
133,152,data_type,integer,0.6150115132331848
133,173,data_type,abstract_data_type,0.7782102227210999
133,230,data_type,parametric_polymorphism,0.7003306746482849
133,306,data_type,round-off_error,0.4654572010040283
133,310,data_type,array_data_structure,0.6292535662651062
133,369,data_type,tensor,0.6742600202560425
133,370,data_type,generic_programming,0.6752722263336182
133,390,data_type,floating_point,0.6292220950126648
133,417,data_type,type_theory,0.6478027105331421
134,177,p_versus_np_problem,undecidable_problem,0.5792840719223022
134,201,p_versus_np_problem,np_(complexity),0.871361494064331
134,231,p_versus_np_problem,best _worst_and_average_case,0.6387259364128113
134,235,p_versus_np_problem,pspace,0.6488864421844482
134,265,p_versus_np_problem,introduction_to_algorithms,0.6391249895095825
134,284,p_versus_np_problem,approximation_algorithm,0.5903109908103943
134,465,p_versus_np_problem,np-hard,0.7793979644775391
135,167,scripting_language,java_(programming_language),0.6941273212432861
135,208,scripting_language,python_(programming_language),0.7792363166809082
135,212,scripting_language,pipeline_(computing),0.5843481421470642
135,237,scripting_language,semantics_of_programming_languages,0.6746256351470947
135,241,scripting_language,lisp_(programming_language),0.6089140176773071
135,276,scripting_language,automatic_programming,0.7204129695892334
135,278,scripting_language,imperative_programming,0.6029633283615112
135,300,scripting_language,javascript,0.6391180753707886
135,305,scripting_language,syntax,0.6742352247238159
135,307,scripting_language,structured_programming,0.7524705529212952
135,365,scripting_language,procedural_programming,0.7062293887138367
135,392,scripting_language,programming_style,0.724833071231842
135,413,scripting_language,instruction_pipeline,0.5999999642372131
136,137,scope_(computer_science),modular_programming,0.5863957405090332
136,227,scope_(computer_science),object_(computer_science),0.6148309707641602
136,252,scope_(computer_science),computer_software,0.5853626728057861
136,289,scope_(computer_science),c_(programming_language),0.6123884320259094
136,307,scope_(computer_science),structured_programming,0.5901522636413574
136,316,scope_(computer_science),garbage_collection_(computer_science),0.5223479270935059
136,398,scope_(computer_science),debugging,0.559120774269104
137,225,modular_programming,design_pattern_(computer_science),0.6751606464385986
137,227,modular_programming,object_(computer_science),0.691604733467102
137,252,modular_programming,computer_software,0.6821395754814148
137,270,modular_programming,polymorphism_(computer_science),0.6896625757217407
137,307,modular_programming,structured_programming,0.7614829540252686
137,326,modular_programming,modular_arithmetic,0.4980320930480957
137,349,modular_programming,inheritance_(object-oriented_programming),0.6264927387237549
137,375,modular_programming,software_framework,0.6045907735824585
137,437,modular_programming,library,0.6917573809623718
137,453,modular_programming,library_(computing),0.6782020330429077
137,458,modular_programming,top-down_and_bottom-up_design,0.6400097608566284
138,142,graphics,ray_tracing_(graphics),0.7032703757286072
138,180,graphics,computer_animation,0.669052004814148
138,193,graphics,image,0.603453516960144
138,219,graphics,graphics_processing_unit,0.7480887174606323
138,246,graphics,volume_rendering,0.5671337842941284
138,254,graphics,shading,0.6017767786979675
138,308,graphics,hidden_line_removal,0.5089601278305054
138,315,graphics,scientific_visualization,0.558746337890625
138,323,graphics,3d_computer_graphics,0.7639344334602356
138,386,graphics,virtual_reality,0.5677950382232666
138,455,graphics,visual_perception,0.5200787782669067
139,140,computing,unsupervised_learning,0.5499987602233887
139,161,computing,quantum_computer,0.4823475480079651
139,192,computing,mathematical_model,0.577101469039917
139,198,computing,coding_theory,0.5675116181373596
139,210,computing,correlation_and_dependence,0.5240572094917297
139,243,computing,problem_solving,0.6146320104598999
139,245,computing,pattern_recognition,0.6049730181694031
139,252,computing,computer_software,0.7958928346633911
139,265,computing,introduction_to_algorithms,0.6944790482521057
139,272,computing,microprocessor,0.720477283000946
139,279,computing,kernel_(computing),0.6096906065940857
139,287,computing,model_of_computation,0.6713075637817383
139,295,computing,computational_learning_theory,0.6829270720481873
139,298,computing,cloud_computing,0.636219322681427
139,334,computing,personal_computer,0.6709833741188049
139,342,computing,scalability,0.6171547174453735
139,358,computing,statistics,0.6136364340782166
139,368,computing,support_vector_machine,0.5500605702400208
139,381,computing,computer_simulation,0.5672498941421509
139,389,computing,prediction,0.6223077774047852
139,390,computing,floating_point,0.5744367837905884
139,396,computing,inference,0.6387363076210022
139,401,computing,performance_tuning,0.6244137287139893
139,406,computing,eigenvalues_and_eigenvectors,0.5357170104980469
139,407,computing,medicine,0.5366745591163635
139,418,computing,intelligence,0.6992276906967163
139,421,computing,genetics,0.545254647731781
139,422,computing,data_compression,0.5800510048866272
139,425,computing,genomics,0.5143831968307495
139,427,computing,electronic_commerce,0.5303211212158203
139,431,computing,email,0.5099738240242004
139,432,computing,cell_(biology),0.5567381978034973
139,439,computing,computer_file,0.6381710171699524
139,440,computing,literature,0.6178127527236938
139,447,computing,architecture,0.6200905442237854
139,448,computing,knowledge,0.6411948204040527
139,455,computing,visual_perception,0.5349168181419373
139,463,computing,usability,0.6259613633155823
140,216,unsupervised_learning,cluster_analysis,0.7312798500061035
140,245,unsupervised_learning,pattern_recognition,0.6354111433029175
140,295,unsupervised_learning,computational_learning_theory,0.5789810419082642
140,368,unsupervised_learning,support_vector_machine,0.5381213426589966
140,379,unsupervised_learning,feature_extraction,0.598351001739502
140,394,unsupervised_learning,data_analysis,0.6024141311645508
141,150,list_of_undecidable_problems,recursively_enumerable_set,0.6408193111419678
141,177,list_of_undecidable_problems,undecidable_problem,0.8761544227600098
141,201,list_of_undecidable_problems,np_(complexity),0.5671830177307129
141,256,list_of_undecidable_problems,computability,0.6878882050514221
141,303,list_of_undecidable_problems,halting_problem,0.7661923170089722
141,443,list_of_undecidable_problems,decidability_(logic),0.7067252397537231
142,180,ray_tracing_(graphics),computer_animation,0.4946295917034149
142,246,ray_tracing_(graphics),volume_rendering,0.6254886388778687
142,254,ray_tracing_(graphics),shading,0.6426486968994141
142,308,ray_tracing_(graphics),hidden_line_removal,0.5274808406829834
142,323,ray_tracing_(graphics),3d_computer_graphics,0.7132704257965088
142,386,ray_tracing_(graphics),virtual_reality,0.4533570408821106
143,181,social_network,random_walk,0.5535688996315002
143,236,social_network,graph_(mathematics),0.7600380778312683
143,261,social_network,graph_coloring,0.45425963401794434
143,299,social_network,spanning_tree,0.5538932085037231
143,325,social_network,bayesian_network,0.5468428730964661
143,377,social_network,flow_network,0.5134089589118958
143,459,social_network,expander_graph,0.5874629020690918
144,171,statistical_hypothesis_testing,probability,0.4945622682571411
144,245,statistical_hypothesis_testing,pattern_recognition,0.47968074679374695
144,280,statistical_hypothesis_testing,sufficient_statistic,0.561780571937561
144,320,statistical_hypothesis_testing,software_testing,0.5783214569091797
144,352,statistical_hypothesis_testing,design_of_experiments,0.4794471859931946
144,358,statistical_hypothesis_testing,statistics,0.7067611813545227
144,394,statistical_hypothesis_testing,data_analysis,0.5813921689987183
144,415,statistical_hypothesis_testing,methodology,0.5473829507827759
145,163,numerical_analysis,mathematical_optimization,0.6154561042785645
145,164,numerical_analysis,linear_algebra,0.6278769969940186
145,169,numerical_analysis,boundary_value_problem,0.6640472412109375
145,170,numerical_analysis,ordinary_differential_equation,0.5550556778907776
145,209,numerical_analysis,calculus,0.629459798336029
145,215,numerical_analysis,interpolation,0.49223965406417847
145,218,numerical_analysis,finite_difference,0.6040888428688049
145,242,numerical_analysis,gradient_descent,0.5853038430213928
145,260,numerical_analysis,arithmetic,0.646571159362793
145,266,numerical_analysis,matlab,0.5908454060554504
145,296,numerical_analysis,calculus_of_variations,0.5223561525344849
145,306,numerical_analysis,round-off_error,0.4542964696884155
145,339,numerical_analysis,finite_element_method,0.655192494392395
145,385,numerical_analysis,fixed_point_(mathematics),0.45415523648262024
145,390,numerical_analysis,floating_point,0.572313666343689
145,456,numerical_analysis,iteration,0.5809251070022583
146,155,communications_protocol,inter-process_communication,0.6890643835067749
146,162,communications_protocol,communication,0.8051486015319824
146,198,communications_protocol,coding_theory,0.5607220530509949
146,204,communications_protocol,internet,0.6411008238792419
146,253,communications_protocol,packet_switching,0.6584104299545288
146,264,communications_protocol,internet_protocol_suite,0.7320029735565186
146,282,communications_protocol,distributed_algorithms,0.6651623845100403
146,288,communications_protocol,peer-to-peer,0.5849362015724182
146,321,communications_protocol,telecommunications_network,0.6299852728843689
146,324,communications_protocol,osi_model,0.6594336628913879
146,332,communications_protocol,message_passing_interface,0.6479315757751465
146,387,communications_protocol,message_passing,0.5970926284790039
146,452,communications_protocol,remote_procedure_call,0.6250208616256714
147,151,question_answering,machine_translation,0.5747382640838623
147,160,question_answering,sentiment_analysis,0.5140320062637329
147,251,question_answering,web_search_engine,0.5236148834228516
147,384,question_answering,part-of-speech_tagging,0.5212295055389404
147,433,question_answering,information_retrieval,0.6495329141616821
147,448,question_answering,knowledge,0.5025309324264526
148,182,expert_system,reason,0.6009891629219055
148,217,expert_system,predicate_logic,0.6039742231369019
148,317,expert_system,prolog,0.6397687196731567
148,318,expert_system,logic_programming,0.6254878044128418
148,325,expert_system,bayesian_network,0.563634991645813
148,418,expert_system,intelligence,0.6094838380813599
148,448,expert_system,knowledge,0.6383424997329712
149,189,information_theory,estimation_theory,0.5789967775344849
149,198,information_theory,coding_theory,0.6913231611251831
149,222,information_theory,information_security,0.5588428974151611
149,265,information_theory,introduction_to_algorithms,0.5535697937011719
149,295,information_theory,computational_learning_theory,0.5878428816795349
149,301,information_theory,decision_theory,0.5688517689704895
149,373,information_theory,entropy,0.7520439624786377
149,422,information_theory,data_compression,0.5867185592651367
150,177,recursively_enumerable_set,undecidable_problem,0.6463847160339355
150,190,recursively_enumerable_set,recursion_(computer_science),0.6605566740036011
150,196,recursively_enumerable_set,turing_machine,0.6350415945053101
150,256,recursively_enumerable_set,computability,0.6503170728683472
150,303,recursively_enumerable_set,halting_problem,0.648274302482605
150,434,recursively_enumerable_set,structural_induction,0.5570904612541199
150,443,recursively_enumerable_set,decidability_(logic),0.6481950283050537
151,203,machine_translation,speech_recognition,0.6131992340087891
151,297,machine_translation,regular_language,0.5490217208862305
152,234,integer,discrete_mathematics,0.6098095178604126
152,260,integer,arithmetic,0.6407452821731567
152,274,integer,integral,0.5209099650382996
152,326,integer,modular_arithmetic,0.45674675703048706
152,390,integer,floating_point,0.5468514561653137
152,430,integer,combinatorial_optimization,0.5452618598937988
153,179,propositional_calculus,automated_theorem_proving,0.5676758289337158
153,209,propositional_calculus,calculus,0.571142852306366
153,217,propositional_calculus,predicate_logic,0.6363577842712402
153,305,propositional_calculus,syntax,0.542153537273407
153,317,propositional_calculus,prolog,0.6481226682662964
153,318,propositional_calculus,logic_programming,0.6560611724853516
153,360,propositional_calculus,denotational_semantics,0.5302011370658875
154,183,c++,compiler_optimization,0.6750200986862183
154,184,c++,assembly_language,0.6220824718475342
154,224,c++,cpu_cache,0.6278769969940186
154,289,c++,c_(programming_language),0.7843778133392334
154,313,c++,processor_register,0.6275200843811035
155,162,inter-process_communication,communication,0.7850103378295898
155,165,inter-process_communication,concurrency_control,0.7564054131507874
155,168,inter-process_communication,synchronization,0.7429035902023315
155,186,inter-process_communication,concurrent_computing,0.6949974298477173
155,212,inter-process_communication,pipeline_(computing),0.5930773019790649
155,220,inter-process_communication,transaction_processing,0.6406663656234741
155,240,inter-process_communication,system_call,0.6065891981124878
155,282,inter-process_communication,distributed_algorithms,0.6792600154876709
155,288,inter-process_communication,peer-to-peer,0.589123010635376
155,332,inter-process_communication,message_passing_interface,0.7555723190307617
155,335,inter-process_communication,lock_(computer_science),0.6098228693008423
155,346,inter-process_communication,input/output,0.6542315483093262
155,362,inter-process_communication,mutual_exclusion,0.6288266181945801
155,364,inter-process_communication,symmetric_multiprocessing,0.66600501537323
155,387,inter-process_communication,message_passing,0.637710452079773
155,397,inter-process_communication,computer_multitasking,0.6981269717216492
155,452,inter-process_communication,remote_procedure_call,0.738065779209137
156,188,regular_expression,pattern_matching,0.7742645740509033
156,244,regular_expression,perl,0.6003543138504028
156,245,regular_expression,pattern_recognition,0.5687671899795532
156,281,regular_expression,automata_theory,0.5938128232955933
156,297,regular_expression,regular_language,0.811408519744873
157,194,security,network_security,0.7454547882080078
157,222,security,information_security,0.8854861855506897
157,263,security,cryptanalysis,0.7046467661857605
157,328,security,vulnerability_(computing),0.7802264094352722
157,344,security,digital_signature,0.5586963891983032
157,350,security,public-key_cryptography,0.6631057262420654
157,366,security,quantum_cryptography,0.5248616933822632
157,403,security,encryption,0.7799260020256042
157,457,security,privacy,0.8360497951507568
158,256,theoretical_computer_science,computability,0.6387639045715332
158,281,theoretical_computer_science,automata_theory,0.5882319808006287
158,287,theoretical_computer_science,model_of_computation,0.599089503288269
158,294,theoretical_computer_science,quantum_mechanics,0.5187009572982788
158,295,theoretical_computer_science,computational_learning_theory,0.6230279207229614
159,192,hidden_markov_model,mathematical_model,0.502217173576355
159,197,hidden_markov_model,kalman_filter,0.5823332667350769
159,245,hidden_markov_model,pattern_recognition,0.5000511407852173
159,281,hidden_markov_model,automata_theory,0.6010921001434326
159,325,hidden_markov_model,bayesian_network,0.4899432063102722
159,361,hidden_markov_model,bayesian_probability,0.4951053857803345
159,380,hidden_markov_model,markov_process,0.7410243153572083
160,384,sentiment_analysis,part-of-speech_tagging,0.5146520733833313
160,399,sentiment_analysis,recommender_system,0.45528388023376465
160,404,sentiment_analysis,lexical_semantics,0.536422610282898
160,431,sentiment_analysis,email,0.590733528137207
160,440,sentiment_analysis,literature,0.5070451498031616
161,272,quantum_computer,microprocessor,0.4814690947532654
161,293,quantum_computer,combinational_logic,0.46863457560539246
161,294,quantum_computer,quantum_mechanics,0.8261711597442627
161,331,quantum_computer,multiplication,0.47063153982162476
161,366,quantum_computer,quantum_cryptography,0.7590833306312561
161,419,quantum_computer,physics,0.46860796213150024
162,198,communication,coding_theory,0.5621963739395142
162,204,communication,internet,0.7408984303474426
162,221,communication,wireless_sensor_network,0.5764362215995789
162,253,communication,packet_switching,0.670642614364624
162,264,communication,internet_protocol_suite,0.629971981048584
162,282,communication,distributed_algorithms,0.7905672788619995
162,288,communication,peer-to-peer,0.6688646078109741
162,321,communication,telecommunications_network,0.7146246433258057
162,324,communication,osi_model,0.7082121968269348
162,332,communication,message_passing_interface,0.7576172947883606
162,336,communication,server_(computing),0.6763057708740234
162,342,communication,scalability,0.613722026348114
162,346,communication,input/output,0.6388915181159973
162,353,communication,web_server,0.633888304233551
162,356,communication,congestion_control,0.5994097590446472
162,387,communication,message_passing,0.6961085796356201
162,452,communication,remote_procedure_call,0.638929009437561
163,191,mathematical_optimization,game_theory,0.4853212237358093
163,192,mathematical_optimization,mathematical_model,0.6633751392364502
163,202,mathematical_optimization,genetic_algorithm,0.5897599458694458
163,209,mathematical_optimization,calculus,0.6145760416984558
163,242,mathematical_optimization,gradient_descent,0.6914581060409546
163,273,mathematical_optimization,least_squares,0.6005171537399292
163,277,mathematical_optimization,linear_programming,0.6684269905090332
163,283,mathematical_optimization,semidefinite_programming,0.5547043681144714
163,284,mathematical_optimization,approximation_algorithm,0.5136117935180664
163,296,mathematical_optimization,calculus_of_variations,0.5881019234657288
163,329,mathematical_optimization,economics,0.4989868998527527
163,385,mathematical_optimization,fixed_point_(mathematics),0.4400770664215088
163,421,mathematical_optimization,genetics,0.5710287690162659
163,430,mathematical_optimization,combinatorial_optimization,0.7269350290298462
163,451,mathematical_optimization,constraint_satisfaction,0.5356332659721375
163,456,mathematical_optimization,iteration,0.6207284331321716
163,466,mathematical_optimization,parabola,0.4949208199977875
164,209,linear_algebra,calculus,0.6164241433143616
164,229,linear_algebra,neural_network,0.5395522117614746
164,258,linear_algebra,sparse_matrix,0.4996260404586792
164,260,linear_algebra,arithmetic,0.7103445529937744
164,266,linear_algebra,matlab,0.5849167704582214
164,283,linear_algebra,semidefinite_programming,0.42105165123939514
164,304,linear_algebra,linear_system,0.6847133636474609
164,331,linear_algebra,multiplication,0.683008074760437
164,369,linear_algebra,tensor,0.6608978509902954
164,406,linear_algebra,eigenvalues_and_eigenvectors,0.6467230916023254
164,411,linear_algebra,vector_space,0.6574010848999023
165,168,concurrency_control,synchronization,0.8784999251365662
165,186,concurrency_control,concurrent_computing,0.7915137410163879
165,220,concurrency_control,transaction_processing,0.7458645105361938
165,239,concurrency_control,deadlock,0.6840399503707886
165,271,concurrency_control,scheduling_(computing),0.6431987285614014
165,309,concurrency_control,queue_(data_structure),0.5847746133804321
165,335,concurrency_control,lock_(computer_science),0.7615347504615784
165,346,concurrency_control,input/output,0.6374213099479675
165,356,concurrency_control,congestion_control,0.6388993859291077
165,362,concurrency_control,mutual_exclusion,0.7177496552467346
165,364,concurrency_control,symmetric_multiprocessing,0.6743099689483643
165,371,concurrency_control,database_transaction,0.7157206535339355
165,397,concurrency_control,computer_multitasking,0.7223643064498901
165,438,concurrency_control,exception_handling,0.5586200952529907
165,460,concurrency_control,revision_control,0.6099811792373657
166,174,database_management_system,relational_database_management_system,0.8473031520843506
166,207,database_management_system,sql,0.752618670463562
166,213,database_management_system,data_warehouse,0.7228893041610718
166,220,database_management_system,transaction_processing,0.6285431385040283
166,238,database_management_system,hash_table,0.599111795425415
166,268,database_management_system,database_design,0.8119903206825256
166,285,database_management_system,database_system,0.8641525506973267
166,330,database_management_system,query_optimization,0.6695515513420105
166,371,database_management_system,database_transaction,0.6245048642158508
166,402,database_management_system,database_normalization,0.699068546295166
166,410,database_management_system,data_model,0.7382313013076782
166,444,database_management_system,xml,0.5723718404769897
166,445,database_management_system,nosql,0.6581106781959534
166,446,database_management_system,project_management,0.5891463160514832
166,460,database_management_system,revision_control,0.5627268552780151
167,225,java_(programming_language),design_pattern_(computer_science),0.6509455442428589
167,227,java_(programming_language),object_(computer_science),0.7042273879051208
167,252,java_(programming_language),computer_software,0.6673485040664673
167,269,java_(programming_language),ml_(programming_language),0.6503100395202637
167,307,java_(programming_language),structured_programming,0.6536470651626587
167,312,java_(programming_language),application_programming_interface,0.662151575088501
167,338,java_(programming_language),mapreduce,0.6010302901268005
167,437,java_(programming_language),library,0.6508902907371521
168,186,synchronization,concurrent_computing,0.7641778588294983
168,220,synchronization,transaction_processing,0.6606839299201965
168,239,synchronization,deadlock,0.6985821723937988
168,282,synchronization,distributed_algorithms,0.6759849190711975
168,335,synchronization,lock_(computer_science),0.7710355520248413
168,362,synchronization,mutual_exclusion,0.7511836886405945
168,371,synchronization,database_transaction,0.6427541971206665
169,170,boundary_value_problem,ordinary_differential_equation,0.6091521382331848
169,209,boundary_value_problem,calculus,0.5549741983413696
169,218,boundary_value_problem,finite_difference,0.5345437526702881
169,296,boundary_value_problem,calculus_of_variations,0.5427091717720032
169,339,boundary_value_problem,finite_element_method,0.669076681137085
169,354,boundary_value_problem,differential_equation,0.6306726336479187
169,405,boundary_value_problem,scientific_modelling,0.5547704100608826
169,419,boundary_value_problem,physics,0.5927480459213257
170,209,ordinary_differential_equation,calculus,0.6194745898246765
170,296,ordinary_differential_equation,calculus_of_variations,0.5471196174621582
170,311,ordinary_differential_equation,nonlinear_system,0.5511941909790039
170,354,ordinary_differential_equation,differential_equation,0.8748688697814941
170,405,ordinary_differential_equation,scientific_modelling,0.5300462245941162
170,419,ordinary_differential_equation,physics,0.5468910932540894
171,176,probability,conditional_probability,0.7524118423461914
171,178,probability,poisson_distribution,0.5856654047966003
171,189,probability,estimation_theory,0.578193724155426
171,199,probability,uncertainty,0.7053148746490479
171,247,probability,randomization,0.5762118697166443
171,274,probability,integral,0.705122709274292
171,275,probability,exponential_family,0.5904252529144287
171,280,probability,sufficient_statistic,0.5232067108154297
171,301,probability,decision_theory,0.5915077924728394
171,322,probability,stochastic,0.6834114789962769
171,358,probability,statistics,0.7000144720077515
171,361,probability,bayesian_probability,0.7851903438568115
171,373,probability,entropy,0.6733909845352173
171,389,probability,prediction,0.6412553787231445
171,464,probability,probabilistic_method,0.6372663378715515
172,175,recurrence_relation,relational_algebra,0.4974827170372009
172,190,recurrence_relation,recursion_(computer_science),0.6990272402763367
172,434,recurrence_relation,structural_induction,0.5190815329551697
172,456,recurrence_relation,iteration,0.5248062610626221
173,211,abstract_data_type,monad_(functional_programming),0.613863468170166
173,227,abstract_data_type,object_(computer_science),0.7143900990486145
173,230,abstract_data_type,parametric_polymorphism,0.7569106221199036
173,255,abstract_data_type,lazy_evaluation,0.5263412594795227
173,269,abstract_data_type,ml_(programming_language),0.6558406949043274
173,270,abstract_data_type,polymorphism_(computer_science),0.6972710490226746
173,310,abstract_data_type,array_data_structure,0.6305429339408875
173,314,abstract_data_type,stack_(data_structure),0.542427659034729
173,341,abstract_data_type,interface_(computing),0.700200080871582
173,349,abstract_data_type,inheritance_(object-oriented_programming),0.6287549138069153
173,355,abstract_data_type,higher-order_function,0.5614890456199646
173,367,abstract_data_type,linked_list,0.5945231914520264
173,369,abstract_data_type,tensor,0.6163609027862549
173,370,abstract_data_type,generic_programming,0.7815257906913757
173,417,abstract_data_type,type_theory,0.6910220384597778
173,461,abstract_data_type,abstract_interpretation,0.6386567950248718
174,175,relational_database_management_system,relational_algebra,0.7631269693374634
174,207,relational_database_management_system,sql,0.7841851711273193
174,213,relational_database_management_system,data_warehouse,0.6449413895606995
174,220,relational_database_management_system,transaction_processing,0.6851175427436829
174,268,relational_database_management_system,database_design,0.7497347593307495
174,285,relational_database_management_system,database_system,0.8432741165161133
174,371,relational_database_management_system,database_transaction,0.6944553256034851
174,402,relational_database_management_system,database_normalization,0.7237424850463867
174,410,relational_database_management_system,data_model,0.7117166519165039
174,445,relational_database_management_system,nosql,0.6625928282737732
175,207,relational_algebra,sql,0.7325377464294434
175,236,relational_algebra,graph_(mathematics),0.6064825057983398
175,285,relational_algebra,database_system,0.6157329082489014
175,402,relational_algebra,database_normalization,0.6305904388427734
176,178,conditional_probability,poisson_distribution,0.4572165608406067
176,325,conditional_probability,bayesian_network,0.6607362627983093
176,361,conditional_probability,bayesian_probability,0.7478218674659729
176,380,conditional_probability,markov_process,0.5822972655296326
176,389,conditional_probability,prediction,0.5550112724304199
176,464,conditional_probability,probabilistic_method,0.5333722829818726
177,196,undecidable_problem,turing_machine,0.5833447575569153
177,201,undecidable_problem,np_(complexity),0.6107670068740845
177,256,undecidable_problem,computability,0.7051211595535278
177,303,undecidable_problem,halting_problem,0.7775569558143616
177,443,undecidable_problem,decidability_(logic),0.7261302471160889
178,192,poisson_distribution,mathematical_model,0.4129026234149933
178,275,poisson_distribution,exponential_family,0.5733432173728943
178,322,poisson_distribution,stochastic,0.4411945641040802
178,358,poisson_distribution,statistics,0.4551045596599579
178,361,poisson_distribution,bayesian_probability,0.4419734477996826
179,217,automated_theorem_proving,predicate_logic,0.6345619559288025
179,232,automated_theorem_proving,model_checking,0.5825217962265015
179,318,automated_theorem_proving,logic_programming,0.6735306978225708
179,348,automated_theorem_proving,formal_verification,0.693543553352356
179,363,automated_theorem_proving,formal_methods,0.6080925464630127
179,434,automated_theorem_proving,structural_induction,0.5196520686149597
180,323,computer_animation,3d_computer_graphics,0.6186899542808533
180,378,computer_animation,motion_capture,0.5986480712890625
180,381,computer_animation,computer_simulation,0.4957418441772461
180,386,computer_animation,virtual_reality,0.5156635642051697
181,206,random_walk,motion_planning,0.5181965827941895
181,226,random_walk,randomized_algorithm,0.6313372254371643
181,247,random_walk,randomization,0.5693454742431641
181,322,random_walk,stochastic,0.6591094732284546
181,325,random_walk,bayesian_network,0.55569988489151
181,380,random_walk,markov_process,0.6119794249534607
181,429,random_walk,determinism,0.5413944721221924
181,459,random_walk,expander_graph,0.5924944877624512
182,217,reason,predicate_logic,0.621720016002655
182,317,reason,prolog,0.5688172578811646
182,318,reason,logic_programming,0.5746817588806152
182,416,reason,philosophy,0.6179112195968628
182,418,reason,intelligence,0.5882532000541687
182,448,reason,knowledge,0.6571829319000244
183,184,compiler_optimization,assembly_language,0.6739715337753296
183,185,compiler_optimization,embedded_system,0.6354483366012573
183,224,compiler_optimization,cpu_cache,0.6723331212997437
183,255,compiler_optimization,lazy_evaluation,0.5407797694206238
183,289,compiler_optimization,c_(programming_language),0.6624916791915894
183,313,compiler_optimization,processor_register,0.6740542650222778
183,347,compiler_optimization,microcode,0.6286284923553467
183,351,compiler_optimization,instruction_set,0.6953257322311401
183,393,compiler_optimization,program_optimization,0.8523741960525513
183,400,compiler_optimization,run_time_(program_lifecycle_phase),0.6442545056343079
183,401,compiler_optimization,performance_tuning,0.5967563986778259
184,224,assembly_language,cpu_cache,0.6713629961013794
184,272,assembly_language,microprocessor,0.6628515720367432
184,289,assembly_language,c_(programming_language),0.6889262795448303
184,293,assembly_language,combinational_logic,0.5661512017250061
184,313,assembly_language,processor_register,0.7473719120025635
184,343,assembly_language,memory_hierarchy,0.6576639413833618
184,347,assembly_language,microcode,0.684783935546875
184,351,assembly_language,instruction_set,0.8107877969741821
184,374,assembly_language,very_long_instruction_word,0.6820055842399597
184,413,assembly_language,instruction_pipeline,0.5875877737998962
185,221,embedded_system,wireless_sensor_network,0.581066906452179
185,272,embedded_system,microprocessor,0.7388554215431213
185,334,embedded_system,personal_computer,0.6266778111457825
185,351,embedded_system,instruction_set,0.634029746055603
185,422,embedded_system,data_compression,0.5570335388183594
186,239,concurrent_computing,deadlock,0.6587944030761719
186,248,concurrent_computing,parallel_algorithm,0.8063226938247681
186,271,concurrent_computing,scheduling_(computing),0.7334401607513428
186,282,concurrent_computing,distributed_algorithms,0.689975917339325
186,332,concurrent_computing,message_passing_interface,0.6848662495613098
186,335,concurrent_computing,lock_(computer_science),0.6261135339736938
186,356,concurrent_computing,congestion_control,0.6069982051849365
186,364,concurrent_computing,symmetric_multiprocessing,0.7096590399742126
186,374,concurrent_computing,very_long_instruction_word,0.6445485949516296
186,397,concurrent_computing,computer_multitasking,0.801232635974884
187,193,signal_processing,image,0.5686107873916626
187,203,signal_processing,speech_recognition,0.5914555788040161
187,245,signal_processing,pattern_recognition,0.5988218188285828
187,383,signal_processing,fast_fourier_transform,0.618446409702301
187,395,signal_processing,wavelet,0.7363159656524658
188,244,pattern_matching,perl,0.5404484868049622
188,245,pattern_matching,pattern_recognition,0.6610843539237976
188,297,pattern_matching,regular_language,0.7148800492286682
188,376,pattern_matching,sequence_alignment,0.6587345600128174
189,197,estimation_theory,kalman_filter,0.48274707794189453
189,199,estimation_theory,uncertainty,0.6421713829040527
189,275,estimation_theory,exponential_family,0.5305193066596985
189,280,estimation_theory,sufficient_statistic,0.6261242628097534
189,295,estimation_theory,computational_learning_theory,0.6261777877807617
189,301,estimation_theory,decision_theory,0.5417383909225464
189,358,estimation_theory,statistics,0.6192418932914734
189,361,estimation_theory,bayesian_probability,0.6374130845069885
189,464,estimation_theory,probabilistic_method,0.5512838363647461
190,265,recursion_(computer_science),introduction_to_algorithms,0.5551267862319946
190,385,recursion_(computer_science),fixed_point_(mathematics),0.44873538613319397
190,434,recursion_(computer_science),structural_induction,0.6959666609764099
190,456,recursion_(computer_science),iteration,0.585759162902832
191,301,game_theory,decision_theory,0.7033227682113647
191,329,game_theory,economics,0.7003308534622192
191,423,game_theory,complex_systems,0.5298260450363159
191,430,game_theory,combinatorial_optimization,0.5073573589324951
192,275,mathematical_model,exponential_family,0.4979361891746521
192,287,mathematical_model,model_of_computation,0.7286757826805115
192,311,mathematical_model,nonlinear_system,0.5626503825187683
192,405,mathematical_model,scientific_modelling,0.7253648042678833
192,410,mathematical_model,data_model,0.6451683044433594
193,229,image,neural_network,0.5433323383331299
193,245,image,pattern_recognition,0.6588820219039917
193,254,image,shading,0.6054013967514038
193,379,image,feature_extraction,0.5955568552017212
193,383,image,fast_fourier_transform,0.44959986209869385
193,395,image,wavelet,0.5368740558624268
193,412,image,multimodal_interaction,0.4761701822280884
193,432,image,cell_(biology),0.6245355606079102
193,447,image,architecture,0.6051795482635498
193,454,image,forensic_science,0.4410088062286377
193,455,image,visual_perception,0.687477707862854
194,204,network_security,internet,0.6215171217918396
194,222,network_security,information_security,0.6931301951408386
194,263,network_security,cryptanalysis,0.6577966213226318
194,291,network_security,traffic_analysis,0.721062183380127
194,328,network_security,vulnerability_(computing),0.5980445146560669
194,431,network_security,email,0.528108537197113
195,201,time_complexity,np_(complexity),0.6698282957077026
195,231,time_complexity,best _worst_and_average_case,0.7394530177116394
195,265,time_complexity,introduction_to_algorithms,0.6662653684616089
195,290,time_complexity,asymptotic_analysis,0.6601583957672119
195,345,time_complexity,amortized_analysis,0.5603816509246826
195,400,time_complexity,run_time_(program_lifecycle_phase),0.6196607351303101
196,256,turing_machine,computability,0.7172168493270874
196,281,turing_machine,automata_theory,0.6210961937904358
196,287,turing_machine,model_of_computation,0.666394829750061
196,303,turing_machine,halting_problem,0.6362221240997314
196,443,turing_machine,decidability_(logic),0.6302123665809631
197,200,kalman_filter,autonomous_robot,0.47893938422203064
197,221,kalman_filter,wireless_sensor_network,0.48432299494743347
197,361,kalman_filter,bayesian_probability,0.4552426338195801
197,380,kalman_filter,markov_process,0.5583076477050781
198,265,coding_theory,introduction_to_algorithms,0.5692968964576721
198,287,coding_theory,model_of_computation,0.5633409023284912
198,295,coding_theory,computational_learning_theory,0.5926297903060913
198,422,coding_theory,data_compression,0.6503030061721802
199,275,uncertainty,exponential_family,0.49621886014938354
199,322,uncertainty,stochastic,0.6305892467498779
199,325,uncertainty,bayesian_network,0.5908043384552002
199,361,uncertainty,bayesian_probability,0.7088747024536133
199,373,uncertainty,entropy,0.6402669548988342
199,429,uncertainty,determinism,0.5991032123565674
200,206,autonomous_robot,motion_planning,0.7121516466140747
200,292,autonomous_robot,automated_planning_and_scheduling,0.6220290064811707
200,357,autonomous_robot,kinematics,0.5558935403823853
200,378,autonomous_robot,motion_capture,0.43960732221603394
200,382,autonomous_robot,mechanical_engineering,0.5098157525062561
200,418,autonomous_robot,intelligence,0.5396215915679932
200,450,autonomous_robot,aerospace,0.49165546894073486
201,231,np_(complexity),best _worst_and_average_case,0.6722638010978699
201,235,np_(complexity),pspace,0.6683835387229919
201,265,np_(complexity),introduction_to_algorithms,0.6985439658164978
201,284,np_(complexity),approximation_algorithm,0.5462704300880432
201,290,np_(complexity),asymptotic_analysis,0.6002320051193237
201,295,np_(complexity),computational_learning_theory,0.6505330801010132
201,303,np_(complexity),halting_problem,0.6085515022277832
201,420,np_(complexity),infinity,0.5268130302429199
201,443,np_(complexity),decidability_(logic),0.5929417014122009
201,451,np_(complexity),constraint_satisfaction,0.5632880926132202
201,465,np_(complexity),np-hard,0.7584042549133301
202,242,genetic_algorithm,gradient_descent,0.5200212001800537
202,284,genetic_algorithm,approximation_algorithm,0.47858312726020813
202,401,genetic_algorithm,performance_tuning,0.4790053963661194
202,418,genetic_algorithm,intelligence,0.48673558235168457
202,421,genetic_algorithm,genetics,0.7711927890777588
202,430,genetic_algorithm,combinatorial_optimization,0.6575207114219666
203,229,speech_recognition,neural_network,0.5354651212692261
203,245,speech_recognition,pattern_recognition,0.5814133286476135
203,297,speech_recognition,regular_language,0.5757773518562317
203,383,speech_recognition,fast_fourier_transform,0.45807766914367676
203,412,speech_recognition,multimodal_interaction,0.48820459842681885
204,205,internet,routing,0.7428951263427734
204,221,internet,wireless_sensor_network,0.6210423707962036
204,223,internet,web_browser,0.6587806344032288
204,253,internet,packet_switching,0.6513813734054565
204,259,internet,big_data,0.6826282143592834
204,264,internet,internet_protocol_suite,0.7900213003158569
204,282,internet,distributed_algorithms,0.6752873659133911
204,288,internet,peer-to-peer,0.6862773299217224
204,291,internet,traffic_analysis,0.6501937508583069
204,298,internet,cloud_computing,0.7702394127845764
204,299,internet,spanning_tree,0.5500861406326294
204,321,internet,telecommunications_network,0.7918953895568848
204,324,internet,osi_model,0.664892315864563
204,336,internet,server_(computing),0.7000386714935303
204,337,internet,world_wide_web,0.6718488931655884
204,353,internet,web_server,0.7648162841796875
204,356,internet,congestion_control,0.5880089402198792
204,388,internet,web_service,0.6909999251365662
204,427,internet,electronic_commerce,0.570035994052887
204,431,internet,email,0.5182960629463196
205,206,routing,motion_planning,0.5156263113021851
205,221,routing,wireless_sensor_network,0.5545591711997986
205,253,routing,packet_switching,0.6671618223190308
205,264,routing,internet_protocol_suite,0.6543179154396057
205,291,routing,traffic_analysis,0.6508355140686035
205,299,routing,spanning_tree,0.6148690581321716
205,321,routing,telecommunications_network,0.723870038986206
205,353,routing,web_server,0.6248675584793091
205,356,routing,congestion_control,0.6443337202072144
205,377,routing,flow_network,0.5723231434822083
206,292,motion_planning,automated_planning_and_scheduling,0.6759107112884521
206,357,motion_planning,kinematics,0.6197401285171509
206,378,motion_planning,motion_capture,0.52435302734375
207,213,sql,data_warehouse,0.6625367403030396
207,268,sql,database_design,0.7438441514968872
207,285,sql,database_system,0.7252295017242432
207,330,sql,query_optimization,0.7076113820075989
207,402,sql,database_normalization,0.6848995685577393
207,445,sql,nosql,0.6015088558197021
208,266,python_(programming_language),matlab,0.6580749750137329
208,289,python_(programming_language),c_(programming_language),0.6889644265174866
208,305,python_(programming_language),syntax,0.6496694087982178
208,437,python_(programming_language),library,0.6986576914787292
208,453,python_(programming_language),library_(computing),0.6474993228912354
209,218,calculus,finite_difference,0.5668848156929016
209,242,calculus,gradient_descent,0.5796736478805542
209,260,calculus,arithmetic,0.6575582027435303
209,274,calculus,integral,0.6115925312042236
209,296,calculus,calculus_of_variations,0.748808741569519
209,354,calculus,differential_equation,0.687401533126831
209,357,calculus,kinematics,0.49324196577072144
210,358,correlation_and_dependence,statistics,0.5547981262207031
210,379,correlation_and_dependence,feature_extraction,0.5510861277580261
210,394,correlation_and_dependence,data_analysis,0.550636351108551
210,406,correlation_and_dependence,eigenvalues_and_eigenvectors,0.5500746369361877
210,448,correlation_and_dependence,knowledge,0.5413029789924622
211,237,monad_(functional_programming),semantics_of_programming_languages,0.5730478763580322
211,269,monad_(functional_programming),ml_(programming_language),0.7040281295776367
211,307,monad_(functional_programming),structured_programming,0.5797416567802429
211,355,monad_(functional_programming),higher-order_function,0.5904237031936646
211,370,monad_(functional_programming),generic_programming,0.6146171689033508
211,417,monad_(functional_programming),type_theory,0.6020207405090332
212,252,pipeline_(computing),computer_software,0.5985263586044312
212,309,pipeline_(computing),queue_(data_structure),0.6073897480964661
212,346,pipeline_(computing),input/output,0.6952266693115234
212,365,pipeline_(computing),procedural_programming,0.5812754034996033
212,377,pipeline_(computing),flow_network,0.5785037875175476
212,413,pipeline_(computing),instruction_pipeline,0.7262085676193237
213,268,data_warehouse,database_design,0.6572904586791992
213,285,data_warehouse,database_system,0.6485428810119629
213,410,data_warehouse,data_model,0.6462851762771606
213,445,data_warehouse,nosql,0.6138046383857727
214,228,programmer,application_software,0.7012728452682495
214,243,programmer,problem_solving,0.5784757137298584
214,252,programmer,computer_software,0.7504182457923889
214,276,programmer,automatic_programming,0.738906741142273
214,320,programmer,software_testing,0.594519853591919
214,409,programmer,open_source,0.571539580821991
214,416,programmer,philosophy,0.5753820538520813
214,446,programmer,project_management,0.6120872497558594
215,218,interpolation,finite_difference,0.4443357586860657
215,273,interpolation,least_squares,0.5419240593910217
215,389,interpolation,prediction,0.5399724841117859
215,436,interpolation,discretization,0.5172189474105835
216,245,cluster_analysis,pattern_recognition,0.5618104934692383
216,299,cluster_analysis,spanning_tree,0.5099454522132874
216,379,cluster_analysis,feature_extraction,0.5006526112556458
216,394,cluster_analysis,data_analysis,0.602462887763977
216,411,cluster_analysis,vector_space,0.49354714155197144
216,441,cluster_analysis,hierarchy,0.565603494644165
217,232,predicate_logic,model_checking,0.5279014706611633
217,305,predicate_logic,syntax,0.647634744644165
217,317,predicate_logic,prolog,0.7576890587806702
217,318,predicate_logic,logic_programming,0.7733449935913086
217,448,predicate_logic,knowledge,0.6326349377632141
218,242,finite_difference,gradient_descent,0.5757685899734497
218,296,finite_difference,calculus_of_variations,0.5562388300895691
218,306,finite_difference,round-off_error,0.4564029574394226
218,339,finite_difference,finite_element_method,0.584398627281189
218,354,finite_difference,differential_equation,0.5579888224601746
218,456,finite_difference,iteration,0.539381206035614
219,272,graphics_processing_unit,microprocessor,0.7519469857215881
219,286,graphics_processing_unit,superscalar,0.6643494367599487
219,331,graphics_processing_unit,multiplication,0.6323341131210327
219,351,graphics_processing_unit,instruction_set,0.6686623096466064
219,369,graphics_processing_unit,tensor,0.6599106788635254
220,285,transaction_processing,database_system,0.6541386842727661
220,362,transaction_processing,mutual_exclusion,0.574528694152832
220,371,transaction_processing,database_transaction,0.9135510325431824
220,438,transaction_processing,exception_handling,0.5866929888725281
221,282,wireless_sensor_network,distributed_algorithms,0.5510715246200562
221,321,wireless_sensor_network,telecommunications_network,0.5701237916946411
221,338,wireless_sensor_network,mapreduce,0.5492738485336304
221,388,wireless_sensor_network,web_service,0.5439707636833191
222,263,information_security,cryptanalysis,0.7099641561508179
222,328,information_security,vulnerability_(computing),0.7138305306434631
222,344,information_security,digital_signature,0.5856306552886963
222,350,information_security,public-key_cryptography,0.6950979828834534
222,366,information_security,quantum_cryptography,0.591860294342041
222,372,information_security,cryptographic_hash_function,0.5419971942901611
222,403,information_security,encryption,0.8274219036102295
222,442,information_security,hash_function,0.5142221450805664
222,457,information_security,privacy,0.8254916667938232
223,228,web_browser,application_software,0.6638528108596802
223,251,web_browser,web_search_engine,0.5888537168502808
223,252,web_browser,computer_software,0.5817993879318237
223,300,web_browser,javascript,0.7532675266265869
223,333,web_browser,html,0.58058762550354
223,337,web_browser,world_wide_web,0.6625479459762573
223,353,web_browser,web_server,0.7082846760749817
223,388,web_browser,web_service,0.6551121473312378
223,399,web_browser,recommender_system,0.4954466223716736
223,427,web_browser,electronic_commerce,0.5288600921630859
224,255,cpu_cache,lazy_evaluation,0.5584027767181396
224,286,cpu_cache,superscalar,0.6603572368621826
224,302,cpu_cache,memory_management,0.654215931892395
224,309,cpu_cache,queue_(data_structure),0.5870956182479858
224,310,cpu_cache,array_data_structure,0.6544592976570129
224,313,cpu_cache,processor_register,0.7888953685760498
224,319,cpu_cache,dynamic_memory_allocation,0.6155685186386108
224,340,cpu_cache,virtual_memory,0.6207938194274902
224,343,cpu_cache,memory_hierarchy,0.8059700131416321
224,347,cpu_cache,microcode,0.6264907717704773
224,351,cpu_cache,instruction_set,0.7029520869255066
225,227,design_pattern_(computer_science),object_(computer_science),0.6976183652877808
225,245,design_pattern_(computer_science),pattern_recognition,0.6167046427726746
225,307,design_pattern_(computer_science),structured_programming,0.6668489575386047
225,349,design_pattern_(computer_science),inheritance_(object-oriented_programming),0.625751793384552
225,352,design_pattern_(computer_science),design_of_experiments,0.4964636564254761
225,392,design_pattern_(computer_science),programming_style,0.6904598474502563
225,438,design_pattern_(computer_science),exception_handling,0.5337888598442078
225,447,design_pattern_(computer_science),architecture,0.6392061710357666
225,458,design_pattern_(computer_science),top-down_and_bottom-up_design,0.6427224278450012
226,247,randomized_algorithm,randomization,0.856559157371521
226,322,randomized_algorithm,stochastic,0.6799525022506714
226,429,randomized_algorithm,determinism,0.6318953633308411
226,464,randomized_algorithm,probabilistic_method,0.6638971567153931
227,230,object_(computer_science),parametric_polymorphism,0.5987088680267334
227,270,object_(computer_science),polymorphism_(computer_science),0.7535070180892944
227,307,object_(computer_science),structured_programming,0.6844265460968018
227,341,object_(computer_science),interface_(computing),0.7004834413528442
227,349,object_(computer_science),inheritance_(object-oriented_programming),0.787672221660614
227,392,object_(computer_science),programming_style,0.6783123016357422
227,428,object_(computer_science),prototype,0.5539552569389343
227,458,object_(computer_science),top-down_and_bottom-up_design,0.5917376279830933
228,249,application_software,interaction_design,0.4957977533340454
228,250,application_software,user_interface,0.7182806134223938
228,252,application_software,computer_software,0.7939295172691345
228,262,application_software,user_interface_design,0.689251184463501
228,300,application_software,javascript,0.610192060470581
228,312,application_software,application_programming_interface,0.7624649405479431
228,388,application_software,web_service,0.6376039981842041
228,446,application_software,project_management,0.5673144459724426
228,463,application_software,usability,0.710188627243042
229,242,neural_network,gradient_descent,0.6026989817619324
229,245,neural_network,pattern_recognition,0.5507693290710449
229,311,neural_network,nonlinear_system,0.5796957015991211
229,377,neural_network,flow_network,0.5120258331298828
229,447,neural_network,architecture,0.64063560962677
230,269,parametric_polymorphism,ml_(programming_language),0.650769829750061
230,270,parametric_polymorphism,polymorphism_(computer_science),0.791452169418335
230,341,parametric_polymorphism,interface_(computing),0.625262439250946
230,355,parametric_polymorphism,higher-order_function,0.5371620059013367
230,370,parametric_polymorphism,generic_programming,0.8194963932037354
230,417,parametric_polymorphism,type_theory,0.7144517302513123
231,265,best _worst_and_average_case,introduction_to_algorithms,0.7100762128829956
231,280,best _worst_and_average_case,sufficient_statistic,0.5017549991607666
231,290,best _worst_and_average_case,asymptotic_analysis,0.7602245211601257
231,330,best _worst_and_average_case,query_optimization,0.5966992378234863
231,345,best _worst_and_average_case,amortized_analysis,0.5097428560256958
231,420,best _worst_and_average_case,infinity,0.6198533773422241
231,465,best _worst_and_average_case,np-hard,0.6402229070663452
231,466,best _worst_and_average_case,parabola,0.46177971363067627
232,257,model_checking,program_analysis,0.6191058158874512
232,320,model_checking,software_testing,0.5981802344322205
232,348,model_checking,formal_verification,0.7713431715965271
232,363,model_checking,formal_methods,0.7306849956512451
232,451,model_checking,constraint_satisfaction,0.5325914621353149
232,461,model_checking,abstract_interpretation,0.6474883556365967
233,244,context-free_language,perl,0.5583059787750244
233,267,context-free_language,pushdown_automaton,0.7497130632400513
233,297,context-free_language,regular_language,0.7257620096206665
233,305,context-free_language,syntax,0.6419914960861206
233,391,context-free_language,context-free_grammar,0.8976587057113647
233,426,context-free_language,grammar,0.644268274307251
234,260,discrete_mathematics,arithmetic,0.575992226600647
234,265,discrete_mathematics,introduction_to_algorithms,0.5771439075469971
235,265,pspace,introduction_to_algorithms,0.5607507228851318
235,287,pspace,model_of_computation,0.5528814792633057
235,295,pspace,computational_learning_theory,0.5532477498054504
236,261,graph_(mathematics),graph_coloring,0.5781700611114502
236,299,graph_(mathematics),spanning_tree,0.6008066534996033
236,325,graph_(mathematics),bayesian_network,0.581149697303772
236,377,graph_(mathematics),flow_network,0.6176482439041138
236,387,graph_(mathematics),message_passing,0.602648138999939
236,441,graph_(mathematics),hierarchy,0.5217257142066956
236,459,graph_(mathematics),expander_graph,0.6134504675865173
237,241,semantics_of_programming_languages,lisp_(programming_language),0.6593183279037476
237,257,semantics_of_programming_languages,program_analysis,0.6235839128494263
237,269,semantics_of_programming_languages,ml_(programming_language),0.6927747130393982
237,305,semantics_of_programming_languages,syntax,0.7348942756652832
237,359,semantics_of_programming_languages,semantics,0.7220991849899292
237,360,semantics_of_programming_languages,denotational_semantics,0.8298027515411377
237,404,semantics_of_programming_languages,lexical_semantics,0.5958280563354492
237,417,semantics_of_programming_languages,type_theory,0.5947055816650391
237,461,semantics_of_programming_languages,abstract_interpretation,0.6298527717590332
238,285,hash_table,database_system,0.5866189002990723
238,310,hash_table,array_data_structure,0.666558563709259
238,367,hash_table,linked_list,0.5967105627059937
238,372,hash_table,cryptographic_hash_function,0.6925867795944214
238,442,hash_table,hash_function,0.8198415040969849
239,335,deadlock,lock_(computer_science),0.7003899812698364
239,362,deadlock,mutual_exclusion,0.6685272455215454
239,397,deadlock,computer_multitasking,0.6300851106643677
240,252,system_call,computer_software,0.6299808025360107
240,279,system_call,kernel_(computing),0.6879329085350037
240,327,system_call,file_system,0.6507742404937744
240,346,system_call,input/output,0.6026128530502319
240,400,system_call,run_time_(program_lifecycle_phase),0.6234482526779175
240,452,system_call,remote_procedure_call,0.6738667488098145
241,244,lisp_(programming_language),perl,0.5672553181648254
241,269,lisp_(programming_language),ml_(programming_language),0.689872145652771
241,289,lisp_(programming_language),c_(programming_language),0.5867913961410522
241,305,lisp_(programming_language),syntax,0.6219323873519897
241,437,lisp_(programming_language),library,0.5878354907035828
241,453,lisp_(programming_language),library_(computing),0.6178146600723267
242,273,gradient_descent,least_squares,0.5960214734077454
242,296,gradient_descent,calculus_of_variations,0.5358080863952637
242,339,gradient_descent,finite_element_method,0.5012599229812622
242,385,gradient_descent,fixed_point_(mathematics),0.4251060485839844
242,456,gradient_descent,iteration,0.744541585445404
242,466,gradient_descent,parabola,0.526586651802063
243,303,problem_solving,halting_problem,0.5956279635429382
243,446,problem_solving,project_management,0.5917726755142212
243,451,problem_solving,constraint_satisfaction,0.5822768211364746
244,297,perl,regular_language,0.650229811668396
245,368,pattern_recognition,support_vector_machine,0.5508733987808228
245,376,pattern_recognition,sequence_alignment,0.5010023713111877
245,379,pattern_recognition,feature_extraction,0.6771417856216431
245,383,pattern_recognition,fast_fourier_transform,0.4677324593067169
245,395,pattern_recognition,wavelet,0.5305176377296448
245,406,pattern_recognition,eigenvalues_and_eigenvectors,0.5239795446395874
245,418,pattern_recognition,intelligence,0.6193652153015137
245,454,pattern_recognition,forensic_science,0.502565860748291
245,455,pattern_recognition,visual_perception,0.5890306234359741
246,254,volume_rendering,shading,0.4822065830230713
246,308,volume_rendering,hidden_line_removal,0.4706359803676605
246,315,volume_rendering,scientific_visualization,0.5050264596939087
246,323,volume_rendering,3d_computer_graphics,0.6285290718078613
247,322,randomization,stochastic,0.7081092000007629
247,373,randomization,entropy,0.5654628276824951
247,429,randomization,determinism,0.6389784216880798
247,464,randomization,probabilistic_method,0.5891328454017639
248,271,parallel_algorithm,scheduling_(computing),0.6458882093429565
248,282,parallel_algorithm,distributed_algorithms,0.7587734460830688
248,338,parallel_algorithm,mapreduce,0.5992966294288635
248,364,parallel_algorithm,symmetric_multiprocessing,0.697014570236206
248,397,parallel_algorithm,computer_multitasking,0.6929067969322205
249,250,interaction_design,user_interface,0.7258601784706116
249,262,interaction_design,user_interface_design,0.7960569858551025
249,341,interaction_design,interface_(computing),0.5233547687530518
249,463,interaction_design,usability,0.608304500579834
250,262,user_interface,user_interface_design,0.9103875756263733
250,312,user_interface,application_programming_interface,0.6651225090026855
250,341,user_interface,interface_(computing),0.6433290243148804
250,412,user_interface,multimodal_interaction,0.4965065121650696
250,463,user_interface,usability,0.7441561222076416
251,333,web_search_engine,html,0.6095114350318909
251,337,web_search_engine,world_wide_web,0.6319407820701599
251,433,web_search_engine,information_retrieval,0.6532514095306396
252,257,computer_software,program_analysis,0.6206056475639343
252,266,computer_software,matlab,0.5816377401351929
252,276,computer_software,automatic_programming,0.6445900201797485
252,279,computer_software,kernel_(computing),0.6571210026741028
252,289,computer_software,c_(programming_language),0.6908707022666931
252,312,computer_software,application_programming_interface,0.716984212398529
252,320,computer_software,software_testing,0.6306551694869995
252,334,computer_software,personal_computer,0.7032746076583862
252,341,computer_software,interface_(computing),0.6843999028205872
252,375,computer_software,software_framework,0.6659334897994995
252,381,computer_software,computer_simulation,0.6034703254699707
252,393,computer_software,program_optimization,0.686335563659668
252,396,computer_software,inference,0.617336630821228
252,400,computer_software,run_time_(program_lifecycle_phase),0.6284400820732117
252,409,computer_software,open_source,0.5536161065101624
252,428,computer_software,prototype,0.5750113725662231
252,437,computer_software,library,0.719448983669281
252,439,computer_software,computer_file,0.6705217957496643
252,449,computer_software,specification_(technical_standard),0.5603687167167664
252,453,computer_software,library_(computing),0.6871649026870728
252,463,computer_software,usability,0.6261793971061707
253,264,packet_switching,internet_protocol_suite,0.6584801077842712
253,321,packet_switching,telecommunications_network,0.6746962666511536
253,332,packet_switching,message_passing_interface,0.6958659291267395
253,356,packet_switching,congestion_control,0.6460742950439453
253,387,packet_switching,message_passing,0.6596498489379883
254,308,shading,hidden_line_removal,0.4428296685218811
254,323,shading,3d_computer_graphics,0.6203835606575012
254,455,shading,visual_perception,0.506690502166748
255,258,lazy_evaluation,sparse_matrix,0.46777525544166565
255,316,lazy_evaluation,garbage_collection_(computer_science),0.511279821395874
255,345,lazy_evaluation,amortized_analysis,0.48304808139801025
255,355,lazy_evaluation,higher-order_function,0.5280537605285645
255,365,lazy_evaluation,procedural_programming,0.526231586933136
255,393,lazy_evaluation,program_optimization,0.5301820039749146
256,287,computability,model_of_computation,0.7061315774917603
256,303,computability,halting_problem,0.6927403211593628
256,443,computability,decidability_(logic),0.7837077379226685
257,276,program_analysis,automatic_programming,0.6433899402618408
257,307,program_analysis,structured_programming,0.6272616386413574
257,320,program_analysis,software_testing,0.6437016129493713
257,348,program_analysis,formal_verification,0.627855658531189
257,363,program_analysis,formal_methods,0.6165937185287476
257,393,program_analysis,program_optimization,0.6433000564575195
257,398,program_analysis,debugging,0.6211979389190674
257,461,program_analysis,abstract_interpretation,0.5935112237930298
258,310,sparse_matrix,array_data_structure,0.5200319290161133
258,367,sparse_matrix,linked_list,0.4708026051521301
258,399,sparse_matrix,recommender_system,0.48274368047714233
258,422,sparse_matrix,data_compression,0.5325961112976074
258,433,sparse_matrix,information_retrieval,0.4896285831928253
258,459,sparse_matrix,expander_graph,0.5678936243057251
259,282,big_data,distributed_algorithms,0.6349809765815735
259,290,big_data,asymptotic_analysis,0.5957298278808594
259,298,big_data,cloud_computing,0.6880047917366028
259,336,big_data,server_(computing),0.6305118799209595
259,337,big_data,world_wide_web,0.5005688071250916
259,338,big_data,mapreduce,0.7356314659118652
259,342,big_data,scalability,0.632349967956543
259,442,big_data,hash_function,0.5218146443367004
259,445,big_data,nosql,0.6810059547424316
260,265,arithmetic,introduction_to_algorithms,0.6185290217399597
260,306,arithmetic,round-off_error,0.4403627812862396
260,326,arithmetic,modular_arithmetic,0.5229605436325073
260,331,arithmetic,multiplication,0.6829966902732849
260,390,arithmetic,floating_point,0.6031589508056641
261,299,graph_coloring,spanning_tree,0.4687480330467224
261,377,graph_coloring,flow_network,0.47973164916038513
261,430,graph_coloring,combinatorial_optimization,0.5781940221786499
261,451,graph_coloring,constraint_satisfaction,0.5563536882400513
262,312,user_interface_design,application_programming_interface,0.6374784111976624
262,315,user_interface_design,scientific_visualization,0.539308488368988
262,463,user_interface_design,usability,0.7867102026939392
263,291,cryptanalysis,traffic_analysis,0.5585371255874634
263,328,cryptanalysis,vulnerability_(computing),0.6979377865791321
263,350,cryptanalysis,public-key_cryptography,0.5776705741882324
263,366,cryptanalysis,quantum_cryptography,0.525322675704956
263,372,cryptanalysis,cryptographic_hash_function,0.5390124320983887
263,403,cryptanalysis,encryption,0.7048372030258179
263,454,cryptanalysis,forensic_science,0.47031068801879883
263,457,cryptanalysis,privacy,0.6107361316680908
264,291,internet_protocol_suite,traffic_analysis,0.5957797169685364
264,312,internet_protocol_suite,application_programming_interface,0.6283596754074097
264,321,internet_protocol_suite,telecommunications_network,0.6939747333526611
264,324,internet_protocol_suite,osi_model,0.6277862787246704
264,337,internet_protocol_suite,world_wide_web,0.5685275793075562
264,353,internet_protocol_suite,web_server,0.634393572807312
264,452,internet_protocol_suite,remote_procedure_call,0.5826503038406372
265,284,introduction_to_algorithms,approximation_algorithm,0.5924652218818665
265,290,introduction_to_algorithms,asymptotic_analysis,0.6503424048423767
265,295,introduction_to_algorithms,computational_learning_theory,0.6730542182922363
265,345,introduction_to_algorithms,amortized_analysis,0.4921964406967163
265,420,introduction_to_algorithms,infinity,0.5530319213867188
265,422,introduction_to_algorithms,data_compression,0.5604608058929443
265,423,introduction_to_algorithms,complex_systems,0.5746238827705383
265,436,introduction_to_algorithms,discretization,0.5193472504615784
265,440,introduction_to_algorithms,literature,0.5889809131622314
265,456,introduction_to_algorithms,iteration,0.6165564656257629
265,465,introduction_to_algorithms,np-hard,0.6793515086174011
266,315,matlab,scientific_visualization,0.5177822113037109
266,405,matlab,scientific_modelling,0.5667502284049988
266,437,matlab,library,0.5768188238143921
267,281,pushdown_automaton,automata_theory,0.6215692758560181
267,297,pushdown_automaton,regular_language,0.627743661403656
267,314,pushdown_automaton,stack_(data_structure),0.5824797749519348
267,391,pushdown_automaton,context-free_grammar,0.6700934171676636
268,285,database_design,database_system,0.7763818502426147
268,330,database_design,query_optimization,0.6459801197052002
268,394,database_design,data_analysis,0.6538095474243164
268,402,database_design,database_normalization,0.7225005626678467
268,410,database_design,data_model,0.7931966781616211
268,444,database_design,xml,0.5834749937057495
269,355,ml_(programming_language),higher-order_function,0.5212428569793701
269,370,ml_(programming_language),generic_programming,0.7059569954872131
269,417,ml_(programming_language),type_theory,0.6855639815330505
270,341,polymorphism_(computer_science),interface_(computing),0.6791296601295471
270,349,polymorphism_(computer_science),inheritance_(object-oriented_programming),0.7586237788200378
270,370,polymorphism_(computer_science),generic_programming,0.7025105953216553
270,417,polymorphism_(computer_science),type_theory,0.5925388932228088
271,292,scheduling_(computing),automated_planning_and_scheduling,0.6140632629394531
271,302,scheduling_(computing),memory_management,0.6279802322387695
271,309,scheduling_(computing),queue_(data_structure),0.591119110584259
271,356,scheduling_(computing),congestion_control,0.6382920742034912
271,397,scheduling_(computing),computer_multitasking,0.6915732622146606
271,401,scheduling_(computing),performance_tuning,0.6241357326507568
272,279,microprocessor,kernel_(computing),0.642559826374054
272,286,microprocessor,superscalar,0.6890170574188232
272,293,microprocessor,combinational_logic,0.5899384021759033
272,313,microprocessor,processor_register,0.6835452318191528
272,331,microprocessor,multiplication,0.6274538636207581
272,334,microprocessor,personal_computer,0.7050431966781616
272,347,microprocessor,microcode,0.7290218472480774
272,351,microprocessor,instruction_set,0.7313757538795471
272,374,microprocessor,very_long_instruction_word,0.6462840437889099
272,390,microprocessor,floating_point,0.5653915405273438
273,277,least_squares,linear_programming,0.5727912783622742
273,304,least_squares,linear_system,0.6435912847518921
273,311,least_squares,nonlinear_system,0.5445783138275146
273,466,least_squares,parabola,0.5965447425842285
274,275,integral,exponential_family,0.586388349533081
274,361,integral,bayesian_probability,0.6077737808227539
274,373,integral,entropy,0.5580440759658813
274,436,integral,discretization,0.5505121350288391
275,280,exponential_family,sufficient_statistic,0.6372660398483276
275,361,exponential_family,bayesian_probability,0.5318160057067871
276,307,automatic_programming,structured_programming,0.6680468320846558
276,318,automatic_programming,logic_programming,0.6395378112792969
276,365,automatic_programming,procedural_programming,0.6592223644256592
277,283,linear_programming,semidefinite_programming,0.5842750072479248
277,304,linear_programming,linear_system,0.629116952419281
277,330,linear_programming,query_optimization,0.5335225462913513
277,393,linear_programming,program_optimization,0.5355574488639832
277,430,linear_programming,combinatorial_optimization,0.6423038244247437
277,451,linear_programming,constraint_satisfaction,0.6087538599967957
278,307,imperative_programming,structured_programming,0.6972048282623291
278,365,imperative_programming,procedural_programming,0.7170864343643188
278,392,imperative_programming,programming_style,0.5902150273323059
278,413,imperative_programming,instruction_pipeline,0.5701769590377808
279,289,kernel_(computing),c_(programming_language),0.62535160779953
279,313,kernel_(computing),processor_register,0.6119533777236938
279,368,kernel_(computing),support_vector_machine,0.5632824897766113
280,295,sufficient_statistic,computational_learning_theory,0.5053770542144775
280,358,sufficient_statistic,statistics,0.6253511905670166
281,297,automata_theory,regular_language,0.7217663526535034
281,380,automata_theory,markov_process,0.5766557455062866
282,288,distributed_algorithms,peer-to-peer,0.6389746069908142
282,324,distributed_algorithms,osi_model,0.6332354545593262
282,332,distributed_algorithms,message_passing_interface,0.7081265449523926
282,336,distributed_algorithms,server_(computing),0.6115827560424805
282,338,distributed_algorithms,mapreduce,0.6682957410812378
282,342,distributed_algorithms,scalability,0.5874269604682922
283,368,semidefinite_programming,support_vector_machine,0.45559370517730713
283,406,semidefinite_programming,eigenvalues_and_eigenvectors,0.40304291248321533
283,420,semidefinite_programming,infinity,0.42438656091690063
283,430,semidefinite_programming,combinatorial_optimization,0.46251532435417175
283,451,semidefinite_programming,constraint_satisfaction,0.4687890112400055
283,466,semidefinite_programming,parabola,0.404526948928833
284,306,approximation_algorithm,round-off_error,0.4613915681838989
284,430,approximation_algorithm,combinatorial_optimization,0.5880308151245117
284,465,approximation_algorithm,np-hard,0.6614686846733093
285,304,database_system,linear_system,0.5613958835601807
285,327,database_system,file_system,0.6718981266021729
285,371,database_system,database_transaction,0.6755540370941162
285,402,database_system,database_normalization,0.6839390397071838
285,410,database_system,data_model,0.7141969203948975
285,439,database_system,computer_file,0.6414029002189636
285,445,database_system,nosql,0.6935067176818848
286,331,superscalar,multiplication,0.6261481046676636
286,351,superscalar,instruction_set,0.6720465421676636
286,364,superscalar,symmetric_multiprocessing,0.6539775133132935
286,374,superscalar,very_long_instruction_word,0.7698594331741333
288,298,peer-to-peer,cloud_computing,0.5648403763771057
288,336,peer-to-peer,server_(computing),0.6016279458999634
288,350,peer-to-peer,public-key_cryptography,0.5568227171897888
289,316,c_(programming_language),garbage_collection_(computer_science),0.5661424398422241
289,319,c_(programming_language),dynamic_memory_allocation,0.5905881524085999
289,367,c_(programming_language),linked_list,0.5878992676734924
289,393,c_(programming_language),program_optimization,0.6656293272972107
289,437,c_(programming_language),library,0.6742234826087952
289,453,c_(programming_language),library_(computing),0.6713060140609741
290,342,asymptotic_analysis,scalability,0.5710504055023193
290,345,asymptotic_analysis,amortized_analysis,0.48399272561073303
290,420,asymptotic_analysis,infinity,0.6552371382713318
291,321,traffic_analysis,telecommunications_network,0.5433964729309082
291,353,traffic_analysis,web_server,0.5562095642089844
292,413,automated_planning_and_scheduling,instruction_pipeline,0.55646812915802
292,414,automated_planning_and_scheduling,simulation,0.489849328994751
292,450,automated_planning_and_scheduling,aerospace,0.492203950881958
292,451,automated_planning_and_scheduling,constraint_satisfaction,0.5633259415626526
293,313,combinational_logic,processor_register,0.5599080324172974
293,331,combinational_logic,multiplication,0.6535607576370239
293,351,combinational_logic,instruction_set,0.5605111122131348
294,366,quantum_mechanics,quantum_cryptography,0.6888949275016785
294,419,quantum_mechanics,physics,0.6637673377990723
294,424,quantum_mechanics,molecular_biology,0.5780284404754639
294,435,quantum_mechanics,molecular_dynamics,0.648910641670227
294,462,quantum_mechanics,chemistry,0.5511143207550049
295,368,computational_learning_theory,support_vector_machine,0.5742254257202148
295,420,computational_learning_theory,infinity,0.5225472450256348
295,440,computational_learning_theory,literature,0.5696943998336792
295,465,computational_learning_theory,np-hard,0.6361249089241028
296,354,calculus_of_variations,differential_equation,0.5719766020774841
297,333,regular_language,html,0.5305876731872559
297,384,regular_language,part-of-speech_tagging,0.5619038939476013
297,391,regular_language,context-free_grammar,0.6265049576759338
297,426,regular_language,grammar,0.6182929277420044
298,334,cloud_computing,personal_computer,0.6351554989814758
298,336,cloud_computing,server_(computing),0.7287247180938721
298,338,cloud_computing,mapreduce,0.6313753724098206
298,342,cloud_computing,scalability,0.6041911840438843
298,353,cloud_computing,web_server,0.7239911556243896
298,388,cloud_computing,web_service,0.6895025372505188
298,396,cloud_computing,inference,0.6323083639144897
298,427,cloud_computing,electronic_commerce,0.4979095160961151
299,321,spanning_tree,telecommunications_network,0.5563545227050781
299,377,spanning_tree,flow_network,0.5428497195243835
299,441,spanning_tree,hierarchy,0.5780656337738037
299,459,spanning_tree,expander_graph,0.5264861583709717
300,353,javascript,web_server,0.6497895121574402
300,388,javascript,web_service,0.6294772028923035
300,437,javascript,library,0.6081677675247192
300,444,javascript,xml,0.6051622033119202
300,463,javascript,usability,0.6087292432785034
301,329,decision_theory,economics,0.6037153601646423
301,361,decision_theory,bayesian_probability,0.6419559121131897
302,316,memory_management,garbage_collection_(computer_science),0.7582681775093079
302,319,memory_management,dynamic_memory_allocation,0.7760521173477173
302,340,memory_management,virtual_memory,0.7336840033531189
302,343,memory_management,memory_hierarchy,0.692358136177063
302,393,memory_management,program_optimization,0.621764063835144
303,443,halting_problem,decidability_(logic),0.7248454093933105
304,311,linear_system,nonlinear_system,0.7194212675094604
304,331,linear_system,multiplication,0.5432300567626953
304,399,linear_system,recommender_system,0.4913131594657898
304,406,linear_system,eigenvalues_and_eigenvectors,0.5960090160369873
305,307,syntax,structured_programming,0.6849744915962219
305,317,syntax,prolog,0.618375837802887
305,359,syntax,semantics,0.6128034591674805
305,360,syntax,denotational_semantics,0.6794608235359192
305,391,syntax,context-free_grammar,0.5791646242141724
305,404,syntax,lexical_semantics,0.5210565328598022
305,408,syntax,linguistics,0.5951554775238037
305,426,syntax,grammar,0.7439054846763611
306,390,round-off_error,floating_point,0.7140668630599976
306,398,round-off_error,debugging,0.42870795726776123
306,438,round-off_error,exception_handling,0.4306378960609436
307,355,structured_programming,higher-order_function,0.5158821940422058
307,365,structured_programming,procedural_programming,0.7803487777709961
307,370,structured_programming,generic_programming,0.6617953777313232
307,392,structured_programming,programming_style,0.7943907976150513
307,398,structured_programming,debugging,0.5552096366882324
307,413,structured_programming,instruction_pipeline,0.5651030540466309
307,434,structured_programming,structural_induction,0.5095648765563965
307,438,structured_programming,exception_handling,0.5482157468795776
307,444,structured_programming,xml,0.5879960060119629
307,458,structured_programming,top-down_and_bottom-up_design,0.618835985660553
308,323,hidden_line_removal,3d_computer_graphics,0.522187352180481
309,314,queue_(data_structure),stack_(data_structure),0.6900697350502014
309,343,queue_(data_structure),memory_hierarchy,0.6127023696899414
309,346,queue_(data_structure),input/output,0.609189510345459
309,367,queue_(data_structure),linked_list,0.6398918628692627
310,314,array_data_structure,stack_(data_structure),0.6044020056724548
310,367,array_data_structure,linked_list,0.6876091957092285
310,369,array_data_structure,tensor,0.7429114580154419
311,354,nonlinear_system,differential_equation,0.5616424083709717
311,423,nonlinear_system,complex_systems,0.5996893048286438
311,456,nonlinear_system,iteration,0.5650115609169006
311,466,nonlinear_system,parabola,0.478812038898468
312,324,application_programming_interface,osi_model,0.6532520651817322
312,341,application_programming_interface,interface_(computing),0.8257790207862854
312,353,application_programming_interface,web_server,0.6289193034172058
312,375,application_programming_interface,software_framework,0.589717447757721
312,388,application_programming_interface,web_service,0.7169345617294312
312,437,application_programming_interface,library,0.6828837394714355
313,340,processor_register,virtual_memory,0.5954330563545227
313,343,processor_register,memory_hierarchy,0.709050178527832
313,347,processor_register,microcode,0.6960965991020203
313,351,processor_register,instruction_set,0.7753941416740417
313,374,processor_register,very_long_instruction_word,0.675809383392334
314,343,stack_(data_structure),memory_hierarchy,0.5768479108810425
314,367,stack_(data_structure),linked_list,0.636186957359314
315,394,scientific_visualization,data_analysis,0.5403849482536316
315,405,scientific_visualization,scientific_modelling,0.6240848302841187
316,319,garbage_collection_(computer_science),dynamic_memory_allocation,0.6638090014457703
316,340,garbage_collection_(computer_science),virtual_memory,0.5923292636871338
316,367,garbage_collection_(computer_science),linked_list,0.5205310583114624
316,393,garbage_collection_(computer_science),program_optimization,0.5144443511962891
317,318,prolog,logic_programming,0.8019367456436157
318,360,logic_programming,denotational_semantics,0.6129844188690186
319,340,dynamic_memory_allocation,virtual_memory,0.6848829984664917
319,343,dynamic_memory_allocation,memory_hierarchy,0.6496669054031372
319,345,dynamic_memory_allocation,amortized_analysis,0.48384344577789307
319,393,dynamic_memory_allocation,program_optimization,0.5973012447357178
320,348,software_testing,formal_verification,0.5870262980461121
320,398,software_testing,debugging,0.671951174736023
320,428,software_testing,prototype,0.5452195405960083
320,438,software_testing,exception_handling,0.5384256839752197
320,449,software_testing,specification_(technical_standard),0.5464339256286621
321,324,telecommunications_network,osi_model,0.6839420199394226
321,356,telecommunications_network,congestion_control,0.6267604827880859
322,429,stochastic,determinism,0.6098310351371765
322,464,stochastic,probabilistic_method,0.5653325915336609
323,378,3d_computer_graphics,motion_capture,0.42108839750289917
323,386,3d_computer_graphics,virtual_reality,0.6135607361793518
324,332,osi_model,message_passing_interface,0.6308003067970276
324,447,osi_model,architecture,0.5987581610679626
325,361,bayesian_network,bayesian_probability,0.7490825653076172
326,350,modular_arithmetic,public-key_cryptography,0.46470654010772705
326,372,modular_arithmetic,cryptographic_hash_function,0.5379972457885742
326,403,modular_arithmetic,encryption,0.46492135524749756
326,442,modular_arithmetic,hash_function,0.4755539894104004
327,340,file_system,virtual_memory,0.6348832249641418
327,343,file_system,memory_hierarchy,0.6535634994506836
327,346,file_system,input/output,0.6819661855697632
327,439,file_system,computer_file,0.8043824434280396
328,398,vulnerability_(computing),debugging,0.5497783422470093
328,403,vulnerability_(computing),encryption,0.5865716934204102
328,457,vulnerability_(computing),privacy,0.6079483032226562
329,416,economics,philosophy,0.5519905090332031
329,418,economics,intelligence,0.5353298187255859
329,423,economics,complex_systems,0.4981834292411804
329,427,economics,electronic_commerce,0.49402934312820435
330,393,query_optimization,program_optimization,0.6352272033691406
330,401,query_optimization,performance_tuning,0.65867680311203
330,430,query_optimization,combinatorial_optimization,0.6015727519989014
331,369,multiplication,tensor,0.6173048615455627
331,390,multiplication,floating_point,0.6301730275154114
332,356,message_passing_interface,congestion_control,0.5772430896759033
332,387,message_passing_interface,message_passing,0.7613963484764099
332,452,message_passing_interface,remote_procedure_call,0.6642432808876038
333,337,html,world_wide_web,0.7101220488548279
333,384,html,part-of-speech_tagging,0.54717618227005
333,444,html,xml,0.63297438621521
334,336,personal_computer,server_(computing),0.6309956908226013
334,439,personal_computer,computer_file,0.6329184174537659
335,362,lock_(computer_science),mutual_exclusion,0.7807115912437439
336,338,server_(computing),mapreduce,0.5890949964523315
336,353,server_(computing),web_server,0.7906913757324219
336,388,server_(computing),web_service,0.6959947347640991
336,452,server_(computing),remote_procedure_call,0.587057888507843
337,353,world_wide_web,web_server,0.559944212436676
337,388,world_wide_web,web_service,0.5682870745658875
337,444,world_wide_web,xml,0.4991428554058075
338,445,mapreduce,nosql,0.5983829498291016
339,382,finite_element_method,mechanical_engineering,0.5065698623657227
339,405,finite_element_method,scientific_modelling,0.5381747484207153
339,419,finite_element_method,physics,0.5376119613647461
340,343,virtual_memory,memory_hierarchy,0.6937045454978943
340,439,virtual_memory,computer_file,0.6068594455718994
341,349,interface_(computing),inheritance_(object-oriented_programming),0.6430254578590393
341,375,interface_(computing),software_framework,0.582392156124115
341,437,interface_(computing),library,0.7096539735794067
341,453,interface_(computing),library_(computing),0.6851314902305603
342,401,scalability,performance_tuning,0.6163253784179688
343,351,memory_hierarchy,instruction_set,0.6592966914176941
343,367,memory_hierarchy,linked_list,0.5911114811897278
343,441,memory_hierarchy,hierarchy,0.5994985699653625
344,350,digital_signature,public-key_cryptography,0.6958298087120056
344,372,digital_signature,cryptographic_hash_function,0.5897473096847534
344,403,digital_signature,encryption,0.5679429173469543
344,457,digital_signature,privacy,0.5607855319976807
345,400,amortized_analysis,run_time_(program_lifecycle_phase),0.5576233267784119
345,456,amortized_analysis,iteration,0.48340553045272827
346,396,input/output,inference,0.6172114014625549
347,351,microcode,instruction_set,0.7375578880310059
347,374,microcode,very_long_instruction_word,0.6189603209495544
348,363,formal_verification,formal_methods,0.8799257874488831
348,449,formal_verification,specification_(technical_standard),0.5415248274803162
348,461,formal_verification,abstract_interpretation,0.6165955066680908
349,370,inheritance_(object-oriented_programming),generic_programming,0.5874444246292114
350,366,public-key_cryptography,quantum_cryptography,0.5901678800582886
350,372,public-key_cryptography,cryptographic_hash_function,0.5351406931877136
350,403,public-key_cryptography,encryption,0.7663453817367554
350,457,public-key_cryptography,privacy,0.6670754551887512
351,374,instruction_set,very_long_instruction_word,0.7097744345664978
351,413,instruction_set,instruction_pipeline,0.6312307119369507
352,381,design_of_experiments,computer_simulation,0.49253609776496887
352,392,design_of_experiments,programming_style,0.4834258556365967
352,401,design_of_experiments,performance_tuning,0.4980376362800598
352,405,design_of_experiments,scientific_modelling,0.5273985862731934
352,415,design_of_experiments,methodology,0.5949479937553406
353,388,web_server,web_service,0.8349113464355469
353,399,web_server,recommender_system,0.46476584672927856
353,427,web_server,electronic_commerce,0.5327961444854736
354,419,differential_equation,physics,0.5477152466773987
355,365,higher-order_function,procedural_programming,0.574255108833313
355,370,higher-order_function,generic_programming,0.5316276550292969
357,378,kinematics,motion_capture,0.5764191150665283
357,382,kinematics,mechanical_engineering,0.5588560700416565
357,419,kinematics,physics,0.5549931526184082
357,450,kinematics,aerospace,0.4985366463661194
358,389,statistics,prediction,0.6057789921760559
358,394,statistics,data_analysis,0.674793541431427
358,415,statistics,methodology,0.5767033100128174
358,440,statistics,literature,0.5960785150527954
358,454,statistics,forensic_science,0.4361569583415985
359,360,semantics,denotational_semantics,0.7112339735031128
359,404,semantics,lexical_semantics,0.7960963249206543
359,408,semantics,linguistics,0.6647700071334839
359,448,semantics,knowledge,0.611664891242981
360,404,denotational_semantics,lexical_semantics,0.5900998115539551
360,434,denotational_semantics,structural_induction,0.5094516277313232
360,461,denotational_semantics,abstract_interpretation,0.6699572205543518
361,373,bayesian_probability,entropy,0.5566674470901489
361,380,bayesian_probability,markov_process,0.5869994163513184
361,464,bayesian_probability,probabilistic_method,0.6585549712181091
363,417,formal_methods,type_theory,0.5470372438430786
363,449,formal_methods,specification_(technical_standard),0.5715144872665405
363,461,formal_methods,abstract_interpretation,0.6798974275588989
364,397,symmetric_multiprocessing,computer_multitasking,0.7478030920028687
365,392,procedural_programming,programming_style,0.6869857311248779
365,413,procedural_programming,instruction_pipeline,0.6360057592391968
365,452,procedural_programming,remote_procedure_call,0.6141635179519653
366,403,quantum_cryptography,encryption,0.6275808811187744
366,457,quantum_cryptography,privacy,0.5170935392379761
368,379,support_vector_machine,feature_extraction,0.5452002882957458
368,389,support_vector_machine,prediction,0.5311921834945679
368,411,support_vector_machine,vector_space,0.5930876135826111
368,466,support_vector_machine,parabola,0.45356398820877075
369,411,tensor,vector_space,0.6290076971054077
370,417,generic_programming,type_theory,0.6885532140731812
371,438,database_transaction,exception_handling,0.5621479749679565
371,460,database_transaction,revision_control,0.5669012665748596
372,403,cryptographic_hash_function,encryption,0.5862834453582764
372,442,cryptographic_hash_function,hash_function,0.8741968274116516
374,413,very_long_instruction_word,instruction_pipeline,0.5674920082092285
375,437,software_framework,library,0.7125892639160156
375,453,software_framework,library_(computing),0.689387321472168
376,421,sequence_alignment,genetics,0.5130488872528076
376,424,sequence_alignment,molecular_biology,0.5877490639686584
376,425,sequence_alignment,genomics,0.6274049282073975
376,432,sequence_alignment,cell_(biology),0.4636968970298767
377,430,flow_network,combinatorial_optimization,0.5314646363258362
378,386,motion_capture,virtual_reality,0.5112584233283997
379,383,feature_extraction,fast_fourier_transform,0.5309694409370422
379,394,feature_extraction,data_analysis,0.6215975880622864
379,395,feature_extraction,wavelet,0.461689829826355
379,406,feature_extraction,eigenvalues_and_eigenvectors,0.5658960342407227
379,436,feature_extraction,discretization,0.5461872220039368
381,386,computer_simulation,virtual_reality,0.6940409541130066
381,405,computer_simulation,scientific_modelling,0.6071746349334717
381,414,computer_simulation,simulation,0.8836781978607178
381,423,computer_simulation,complex_systems,0.5464404821395874
382,405,mechanical_engineering,scientific_modelling,0.49677759408950806
382,419,mechanical_engineering,physics,0.5336935520172119
382,450,mechanical_engineering,aerospace,0.592073917388916
383,395,fast_fourier_transform,wavelet,0.5925320386886597
383,436,fast_fourier_transform,discretization,0.43973308801651
384,391,part-of-speech_tagging,context-free_grammar,0.5535271167755127
384,408,part-of-speech_tagging,linguistics,0.5620757937431335
384,426,part-of-speech_tagging,grammar,0.5944696664810181
385,390,fixed_point_(mathematics),floating_point,0.5079938173294067
385,456,fixed_point_(mathematics),iteration,0.5246687531471252
386,412,virtual_reality,multimodal_interaction,0.46766841411590576
386,414,virtual_reality,simulation,0.6876887083053589
388,396,web_service,inference,0.5915812849998474
388,407,web_service,medicine,0.5351661443710327
388,427,web_service,electronic_commerce,0.5172893404960632
388,444,web_service,xml,0.6384738683700562
389,396,prediction,inference,0.60896235704422
389,418,prediction,intelligence,0.6021245121955872
389,428,prediction,prototype,0.5769766569137573
389,448,prediction,knowledge,0.6288574934005737
390,420,floating_point,infinity,0.5257993936538696
391,426,context-free_grammar,grammar,0.6825337409973145
392,409,programming_style,open_source,0.5560122132301331
392,415,programming_style,methodology,0.5873550176620483
392,449,programming_style,specification_(technical_standard),0.5458376407623291
392,460,programming_style,revision_control,0.5547512173652649
393,400,program_optimization,run_time_(program_lifecycle_phase),0.6528421640396118
393,401,program_optimization,performance_tuning,0.7392213940620422
394,407,data_analysis,medicine,0.5667299628257751
394,410,data_analysis,data_model,0.6523054838180542
394,415,data_analysis,methodology,0.6120299696922302
394,440,data_analysis,literature,0.5700621604919434
395,422,wavelet,data_compression,0.4804404675960541
396,428,inference,prototype,0.578021764755249
396,436,inference,discretization,0.5163306593894958
396,461,inference,abstract_interpretation,0.5554414987564087
397,412,computer_multitasking,multimodal_interaction,0.4707399308681488
398,438,debugging,exception_handling,0.7118809223175049
399,427,recommender_system,electronic_commerce,0.6798439025878906
399,433,recommender_system,information_retrieval,0.5557008385658264
400,401,run_time_(program_lifecycle_phase),performance_tuning,0.5885176658630371
402,410,database_normalization,data_model,0.715416669845581
403,422,encryption,data_compression,0.5387663841247559
403,442,encryption,hash_function,0.565481424331665
403,457,encryption,privacy,0.8349575996398926
404,408,lexical_semantics,linguistics,0.666846513748169
404,433,lexical_semantics,information_retrieval,0.5178189277648926
405,414,scientific_modelling,simulation,0.5739985108375549
405,419,scientific_modelling,physics,0.7060218453407288
405,435,scientific_modelling,molecular_dynamics,0.5480883121490479
405,450,scientific_modelling,aerospace,0.5110974311828613
405,462,scientific_modelling,chemistry,0.5149455666542053
406,411,eigenvalues_and_eigenvectors,vector_space,0.5848063230514526
407,425,medicine,genomics,0.6347967982292175
407,444,medicine,xml,0.5349070429801941
407,462,medicine,chemistry,0.5258347988128662
408,426,linguistics,grammar,0.6879937052726746
409,437,open_source,library,0.6004514694213867
409,460,open_source,revision_control,0.6269010305404663
410,444,data_model,xml,0.6617479920387268
410,449,data_model,specification_(technical_standard),0.5778308510780334
410,460,data_model,revision_control,0.5436785221099854
412,455,multimodal_interaction,visual_perception,0.5231156349182129
414,419,simulation,physics,0.5700271725654602
414,423,simulation,complex_systems,0.516055703163147
415,440,methodology,literature,0.613920271396637
415,446,methodology,project_management,0.5916562080383301
415,449,methodology,specification_(technical_standard),0.5765983462333679
415,463,methodology,usability,0.6119033694267273
416,418,philosophy,intelligence,0.6269540786743164
416,440,philosophy,literature,0.5572637915611267
418,421,intelligence,genetics,0.5752682089805603
418,448,intelligence,knowledge,0.6891661882400513
418,450,intelligence,aerospace,0.49418503046035767
419,435,physics,molecular_dynamics,0.625495433807373
419,450,physics,aerospace,0.5143961906433105
419,462,physics,chemistry,0.5083305835723877
420,459,infinity,expander_graph,0.5104034543037415
421,424,genetics,molecular_biology,0.5386595726013184
421,425,genetics,genomics,0.6854740381240845
421,430,genetics,combinatorial_optimization,0.632057785987854
423,447,complex_systems,architecture,0.5485395789146423
424,425,molecular_biology,genomics,0.691356897354126
424,432,molecular_biology,cell_(biology),0.6725967526435852
424,435,molecular_biology,molecular_dynamics,0.7039713859558105
424,462,molecular_biology,chemistry,0.6813203692436218
425,432,genomics,cell_(biology),0.6578945517539978
425,444,genomics,xml,0.5019980669021606
427,431,electronic_commerce,email,0.5369403958320618
429,464,determinism,probabilistic_method,0.5487621426582336
430,451,combinatorial_optimization,constraint_satisfaction,0.5885180830955505
430,465,combinatorial_optimization,np-hard,0.6159765720367432
431,448,email,knowledge,0.5162578821182251
432,435,cell_(biology),molecular_dynamics,0.461351215839386
433,440,information_retrieval,literature,0.5731204748153687
433,448,information_retrieval,knowledge,0.5898810625076294
435,462,molecular_dynamics,chemistry,0.7115160822868347
437,453,library,library_(computing),0.9181981086730957
439,460,computer_file,revision_control,0.5493395328521729
441,448,hierarchy,knowledge,0.522943377494812
441,458,hierarchy,top-down_and_bottom-up_design,0.5595625638961792
444,449,xml,specification_(technical_standard),0.5786451697349548
444,463,xml,usability,0.571974515914917
446,460,project_management,revision_control,0.5832111239433289
447,458,architecture,top-down_and_bottom-up_design,0.6140255928039551
449,463,specification_(technical_standard),usability,0.5830751657485962
456,466,iteration,parabola,0.4689486026763916
