concept_id,concept,aliases,slide_snippets,embedding_source,embedding_token
0,activation function,activation function,"[""model representation i neural networks representation In this video, I want to start telling you about how we represent neural networks. In other words, how we represent our hypothesis or how we represent our model when using neural networks. Neural networks were developed as simulating neurons or networks of neurons in the brain. So, to explain the hypothesis representation let's start by looking at what a single neuron in the brain looks like. Your brain and mine is jam packed full of neurons "", ""model representation ii neural networks representation In the last video, we gave a mathematical definition of how to represent or how to compute the hypotheses used by Neural Network. In this video, I like show you how to actually carry out that computation efficiently, and that is show you a vector rise implementation. And second, and more importantly, I want to start giving you intuition about why these neural network representations might be a good idea and how they can help us to learn comp"", ""examples and intuitions i neural networks representation In this and the next video I want to work through a detailed example showing how a neural network can compute a complex non linear function of the input. And hopefully this will give you a good sense of why neural networks can be used to learn complex non linear hypotheses. Consider the following problem where we have features X1 and X2 that are binary values. So, either 0 or 1. So, X1 and X2 can each take on only one of two possible value""]",canonical_phrase,__phrase__activation_function
1,activation values,activation values,"[""model representation ii neural networks representation In the last video, we gave a mathematical definition of how to represent or how to compute the hypotheses used by Neural Network. In this video, I like show you how to actually carry out that computation efficiently, and that is show you a vector rise implementation. And second, and more importantly, I want to start giving you intuition about why these neural network representations might be a good idea and how they can help us to learn comp"", ""backpropagation algorithm neural networks learning In the previous video, we talked about a cost function for the neural network. In this video, let's start to talk about an algorithm, for trying to minimize the cost function. In particular, we'll talk about the back propagation algorithm. Here's the cost function that we wrote down in the previous video. What we'd like to do is try to find parameters theta to try to minimize j of theta. In order to use either gradient descent or one of the adva"", ""backpropagation intuition neural networks learning In the previous video, we talked about the backpropagation algorithm. To a lot of people seeing it for the first time, their first impression is often that wow this is a really complicated algorithm, and there are all these different steps, and I'm not sure how they fit together. And it's kinda this black box of all these complicated steps. In case that's how you're feeling about backpropagation, that's actually okay. Backpropagation maybe unfor""]",canonical_phrase,__phrase__activation_values
2,adaboost,adaboost,"[""outline of second half of course welcome [MUSIC] From here we're going to explore one of the most fundamental things that happens in practice with data, the issue of missing data. So here I have a dataset, but unlike what we've done so far in this course in specialization, we assume that all data is observed. But here if you look at the second row, you have a question mark for that person. You don't know if the loan they took was a three-year loan or a five-year loan. So what do we do when we ha"", ""adaboost overview boosting [MUSIC] In this module we're going to talk about the specific boosting algorithm called AdaBoost. AdaBoost is one of the early machine learning algorithms for boosting. It's extremely useful. It's very simple to implement. And it's quite effective. There are others. I'll mention another interesting one towards the end of the module but let's start with AdaBoost. This is the famous AdaBoost algorithm, which was created by Freund and Schapire in 1999, amazing useful algo"", ""computing coefficient of each ensemble component boosting [MUSIC] AdaBoost uses this slightly intimidating formula to figure out what w hat t should be, but it has to be pretty intuitive if you look at it in a bit more detail. This formula is derived from a famous theorem, AdaBoost theorem, which I want to mention very briefly towards the end of the module. But it's the formula that lets you find classifiers that keep getting better and better, and help boosting to get to the optimal solution. S""]",canonical_phrase,__phrase__adaboost
3,agglomerative clustering,agglomerative clustering,"[""why hierarchical clustering hierarchical clustering closing remarks [MUSIC] Even though we plowed through just a ton of material as we just reviewed in the recap of past modules, I wanted to spend some time discussing another really popular form of clustering called hierarchical clustering. But before we delve into the specifics of hierarchical clustering, let's spend a little bit of time motivating why one might want to use hierarchical clustering. And one is because it allows us to avoid that "", ""agglomerative clustering hierarchical clustering closing remarks [MUSIC] Having overviewed divisive clustering, let's now spend some time digging into agglomerative clustering. And to do this, we're going to look at one specific example called single linkage, which is a really common application of agglomerative clustering. And here, we start with every data point in its own cluster, and that's actually common to all agglomerative clustering approaches, not just single linkage. But then we have "", ""the dendrogram hierarchical clustering closing remarks [MUSIC] So one way to compactly represent the results of hierarchical equestrian are through something called a dendrogram. And we're going to explain the dendrogram in the context of agglomerative clustering, even though this type of representation can be used for other hierarchical equestrian approaches as well. So the dendrogram representation is as follows. Along the x axis, we're going to place each one of our data points, but carefully""]",canonical_phrase,__phrase__agglomerative_clustering
4,anomalous example,anomalous example::;anomalous examples,"[""problem motivation anomaly detection In this next set of videos, I'd like to tell you about a problem called Anomaly Detection. This is a reasonably commonly use you type machine learning. And one of the interesting aspects is that it's mainly for unsupervised problem, that there's some aspects of it that are also very similar to sort of the supervised learning problem. So, what is anomaly detection? To explain it. Let me use the motivating example of: Imagine that you're a manufacturer of aircr"", ""algorithm anomaly detection In the last video, we talked about the Gaussian distribution. In this video lets apply that to develop an anomaly detection algorithm. Let's say that we have an unlabeled training set of M examples, and each of these examples is going to be a feature in Rn so your training set could be, feature vectors from the last M aircraft engines being manufactured. Or it could be features from m users or something else. The way we are going to address anomaly detection, is we ar"", ""developing and evaluating an anomaly detection system anomaly detection In the last video, we developed an anomaly detection algorithm. In this video, I like to talk about the process of how to go about developing a specific application of anomaly detection to a problem and in particular this will focus on the problem of how to evaluate an anomaly detection algorithm. In previous videos, we've already talked about the importance of real number evaluation and this captures the idea that when you'""]",canonical_phrase,__phrase__anomalous_example
5,anomaly detection,anomaly detection,"[""problem motivation anomaly detection In this next set of videos, I'd like to tell you about a problem called Anomaly Detection. This is a reasonably commonly use you type machine learning. And one of the interesting aspects is that it's mainly for unsupervised problem, that there's some aspects of it that are also very similar to sort of the supervised learning problem. So, what is anomaly detection? To explain it. Let me use the motivating example of: Imagine that you're a manufacturer of aircr"", ""gaussian distribution anomaly detection In this video, I'd like to talk about the Gaussian distribution which is also called the normal distribution. In case you're already intimately familiar with the Gaussian distribution, it's probably okay to skip this video, but if you're not sure or if it has been a while since you've worked with the Gaussian distribution or normal distribution then please do watch this video all the way to the end. And in the video after this we'll start applying the Gaus"", ""algorithm anomaly detection In the last video, we talked about the Gaussian distribution. In this video lets apply that to develop an anomaly detection algorithm. Let's say that we have an unlabeled training set of M examples, and each of these examples is going to be a feature in Rn so your training set could be, feature vectors from the last M aircraft engines being manufactured. Or it could be features from m users or something else. The way we are going to address anomaly detection, is we ar""]",canonical_phrase,__phrase__anomaly_detection
6,back prop,back prop::;back propagation,"[""backpropagation algorithm neural networks learning In the previous video, we talked about a cost function for the neural network. In this video, let's start to talk about an algorithm, for trying to minimize the cost function. In particular, we'll talk about the back propagation algorithm. Here's the cost function that we wrote down in the previous video. What we'd like to do is try to find parameters theta to try to minimize j of theta. In order to use either gradient descent or one of the adva"", ""backpropagation intuition neural networks learning In the previous video, we talked about the backpropagation algorithm. To a lot of people seeing it for the first time, their first impression is often that wow this is a really complicated algorithm, and there are all these different steps, and I'm not sure how they fit together. And it's kinda this black box of all these complicated steps. In case that's how you're feeling about backpropagation, that's actually okay. Backpropagation maybe unfor"", ""implementation note unrolling parameters neural networks learning In the previous video, we talked about how to use back propagation to compute the derivatives of your cost function. In this video, I want to quickly tell you about one implementational detail of unrolling your parameters from matrices into vectors, which we need in order to use the advanced optimization routines. Concretely, let's say you've implemented a cost function that takes this input, you know, parameters theta and returns""]",canonical_phrase,__phrase__back_prop
7,batch gradient descent,batch gradient descent,"[""gradient descent for linear regression linear regression with one variable In previous videos, we talked about the gradient descent algorithm and we talked about the linear regression model and the squared error cost function. In this video we're gonna put together gradient descent with our cost function, and that will give us an algorithm for linear regression or putting a straight line to our data. So this was what we worked out in the previous videos. This gradient descent algorithm which you"", ""stochastic gradient descent large scale machine learning For many learning algorithms, among them linear regression, logistic regression and neural networks, the way we derive the algorithm was by coming up with a cost function or coming up with an optimization objective. And then using an algorithm like gradient descent to minimize that cost function. We have a very large training set gradient descent becomes a computationally very expensive procedure. In this video, we'll talk about a modifica"", ""mini batch gradient descent large scale machine learning In the previous video, we talked about Stochastic gradient descent, and how that can be much faster than Batch gradient descent. In this video, let's talk about another variation on these ideas is called Mini-batch gradient descent they can work sometimes even a bit faster than stochastic gradient descent. To summarize the algorithms we talked about so far. In Batch gradient descent we will use all m examples in each generation. Whereas in""]",canonical_phrase,__phrase__batch_gradient_descent
8,bayesian approach,bayesian approach,"[""convergence initialization and overfitting of em mixture models Let's now spend some time getting into the nitty gritty details of And also provide a comparison between For mixtures of calciums and K-mines. Well, to begin with, we talked about the converge solution of In the series of pie chart plots that we just showed. Well, the question is do we know that the Algorithm is going to converge? Well, you can actually recast the E and M steps of the Algorithm as alternating maximization of an obje"", ""the need for bayesian inference mixed membership modeling via latent dirichlet allocation [MUSIC] Let's now describe a specific algorithm we can use for entrance in our LDA model. An algorithm we're going to cover is called Gibbs sampling. Recall that for the clustering task, we focused on two different algorithms. One was k-means which iterated between the following steps where we're making hard assignments of datapoints to clusters. And we said that we can view k-means as a coordinate descent ""]",canonical_phrase,__phrase__bayesian_approach
9,bayesian inference,bayesian inference,"[""course overview welcome [MUSIC] This course is going to follow the same philosophy as our past courses. In particular, we're going to use case studies to motivate the key concepts that we're going to teach. But there are a number of other key features that define the way we teach our courses in this specialization. In particular, we teach a set of core machine learning concepts and we do so both through our case studies as well as using visual aids to very dramatically guide the process. And the"", ""the need for bayesian inference mixed membership modeling via latent dirichlet allocation [MUSIC] Let's now describe a specific algorithm we can use for entrance in our LDA model. An algorithm we're going to cover is called Gibbs sampling. Recall that for the clustering task, we focused on two different algorithms. One was k-means which iterated between the following steps where we're making hard assignments of datapoints to clusters. And we said that we can view k-means as a coordinate descent "", ""gibbs sampling from 10 000 feet mixed membership modeling via latent dirichlet allocation [MUSIC] But, as an alternative, we can perform Bayesian inference using a totally different algorithm called Gibbs sampling. And in Gibbs sampling, we're going to iteratively provide hard assignments just like we did in k-means, but these hard assignments are going to be drawn randomly from a specific distribution, whereas remembering k-means, we just solved an equation and got a solution. But the point her""]",canonical_phrase,__phrase__bayesian_inference
10,bias problem,bias problem,"[""diagnosing bias vs variance advice for applying machine learning If you run the learning algorithm and it doesn't do as well as you are hoping, almost all the time it will be because you have either a high bias problem or a high variance problem. In other words they're either an underfitting problem or an overfitting problem. And in this case it's very important to figure out which of these two problems is bias or variance or a bit of both that you actually have. Because knowing which of these t"", ""regularization and bias variance advice for applying machine learning You've seen how regularization can help prevent over-fitting. But how does it affect the bias and variances of a learning algorithm? In this video I'd like to go deeper into the issue of bias and variances and talk about how it interacts with and is affected by the regularization of your learning algorithm. Suppose we're fitting a high auto polynomial, like that showed here, but to prevent over fitting we need to use regulariz"", ""deciding what to do next revisited advice for applying machine learning We've talked about how to evaluate learning algorithms, talked about model selection, talked a lot about bias and variance. So how does this help us figure out what are potentially fruitful, potentially not fruitful things to try to do to improve the performance of a learning algorithm. Let's go back to our original motivating example and go for the result. So here is our earlier example of maybe having fit regularized linea""]",canonical_phrase,__phrase__bias_problem
11,bias unit,bias unit::;bias units,"[""model representation i neural networks representation In this video, I want to start telling you about how we represent neural networks. In other words, how we represent our hypothesis or how we represent our model when using neural networks. Neural networks were developed as simulating neurons or networks of neurons in the brain. So, to explain the hypothesis representation let's start by looking at what a single neuron in the brain looks like. Your brain and mine is jam packed full of neurons "", ""model representation ii neural networks representation In the last video, we gave a mathematical definition of how to represent or how to compute the hypotheses used by Neural Network. In this video, I like show you how to actually carry out that computation efficiently, and that is show you a vector rise implementation. And second, and more importantly, I want to start giving you intuition about why these neural network representations might be a good idea and how they can help us to learn comp"", ""examples and intuitions i neural networks representation In this and the next video I want to work through a detailed example showing how a neural network can compute a complex non linear function of the input. And hopefully this will give you a good sense of why neural networks can be used to learn complex non linear hypotheses. Consider the following problem where we have features X1 and X2 that are binary values. So, either 0 or 1. So, X1 and X2 can each take on only one of two possible value""]",canonical_phrase,__phrase__bias_unit
12,bias variance trade-off,bias variance trade-off::;bias variance tradeoff,"[""kernels ii support vector machines In the last video, we started to talk about the kernels idea and how it can be used to define new features for the support vector machine. In this video, I'd like to throw in some of the missing details and, also, say a few words about how to use these ideas in practice. Such as, how they pertain to, for example, the bias variance trade-off in support vector machines. In the last video, I talked about the process of picking a few landmarks. You know, l1, l2, l3"", ""using an svm support vector machines So far we've been talking about SVMs in a fairly abstract level. In this video I'd like to talk about what you actually need to do in order to run or to use an SVM. The support vector machine algorithm poses a particular optimization problem. But as I briefly mentioned in an earlier video, I really do not recommend writing your own software to solve for the parameter's theta yourself. So just as today, very few of us, or maybe almost essentially none of us wo"", ""irreducible error and bias assessing performance [MUSIC] Okay, so, we've talked about three different measures of error. And now in this part, we're gonna talk about three different sources of error. And this is gonna lead us into a conversation of the bias variance trade-off. Okay, so when we were forming our prediction, there are three different sources of error. Noise, bias, and variance. And in this part, we're gonna walk through these three different components, at a very high level. At a m""]",canonical_phrase,__phrase__bias_variance_trade-off
13,big data sets,big data sets::;large data sets::;large datasets,"[""learning with large datasets large scale machine learning In the next few videos, we'll talk about large scale machine learning. That is, algorithms but viewing with big data sets. If you look back at a recent 5 or 10-year history of machine learning. One of the reasons that learning algorithms work so much better now than even say, 5-years ago, is just the sheer amount of data that we have now and that we can train our algorithms on. In these next few videos, we'll talk about algorithms for dea"", ""stochastic gradient descent large scale machine learning For many learning algorithms, among them linear regression, logistic regression and neural networks, the way we derive the algorithm was by coming up with a cost function or coming up with an optimization objective. And then using an algorithm like gradient descent to minimize that cost function. We have a very large training set gradient descent becomes a computationally very expensive procedure. In this video, we'll talk about a modifica"", ""map reduce and data parallelism large scale machine learning In the last few videos, we talked about stochastic gradient descent, and, you know, other variations of the stochastic gradient descent algorithm, including those adaptations to online learning, but all of those algorithms could be run on one machine, or could be run on one computer. And some machine learning problems are just too big to run on one machine, sometimes maybe you just so much data you just don't ever want to run all that ""]",canonical_phrase,__phrase__big_data_sets
14,binary classification,binary classification,"[""classification logistic regression In this and the next few videos, I want to start to talk about classification problems, where the variable y that you want to predict is valued. We'll develop an algorithm called logistic regression, which is one of the most popular and most widely used learning algorithms today. Here are some examples of classification problems. Earlier we talked about email spam classification as an example of a classification problem. Another example would be classifying onl"", ""multiclass classification one vs all logistic regression In this video we'll talk about how to get logistic regression to work for multiclass classification problems. And in particular I want to tell you about an algorithm called one-versus-all classification. What's a multiclass classification problem? Here are some examples. Lets say you want a learning algorithm to automatically put your email into different folders or to automatically tag your emails so you might have different folders or di"", ""cost function neural networks learning Neural networks are one of the most powerful learning algorithms that we have today. In this and in the next few videos, I'd like to start talking about a learning algorithm for fitting the parameters of a neural network given a training set. As with the discussion of most of our learning algorithms, we're going to begin by talking about the cost function for fitting the parameters of the network. I'm going to focus on the application of neural networks to ""]",canonical_phrase,__phrase__binary_classification
15,boosting algorithm,boosting algorithm,"[""outline of second half of course welcome [MUSIC] From here we're going to explore one of the most fundamental things that happens in practice with data, the issue of missing data. So here I have a dataset, but unlike what we've done so far in this course in specialization, we assume that all data is observed. But here if you look at the second row, you have a question mark for that person. You don't know if the loan they took was a three-year loan or a five-year loan. So what do we do when we ha"", ""boosting boosting [MUSIC] So now that we've talked about several models, let's dive in into boosting more generally, and then a specific example of a boosting algorithm. So think about a learning problem where we take some data, we learn a classifier which gives us some output, f(x), and we use it to predict on some data so we say that y hat is a sign of f(x). So if we take some data and we try to make a prediction, we might learn see a decision stop. So let's say you try to split on income, we "", ""adaboost overview boosting [MUSIC] In this module we're going to talk about the specific boosting algorithm called AdaBoost. AdaBoost is one of the early machine learning algorithms for boosting. It's extremely useful. It's very simple to implement. And it's quite effective. There are others. I'll mention another interesting one towards the end of the module but let's start with AdaBoost. This is the famous AdaBoost algorithm, which was created by Freund and Schapire in 1999, amazing useful algo""]",canonical_phrase,__phrase__boosting_algorithm
16,character recognition,character recognition,"[""problem description and pipeline application example photo ocr In this and the next few videos, I want to tell you about a machine learning application example, or a machine learning application history centered around an application called Photo OCR . There are three reasons why I want to do this, first I wanted to show you an example of how a complex machine learning system can be put together. Second, once told the concepts of a machine learning a type line and how to allocate resources when "", ""getting lots of data and artificial data application example photo ocr I've seen over and over that one of the most reliable ways to get a high performance machine learning system is to take a low bias learning algorithm and to train it on a massive training set. But where did you get so much training data from? Turns out that the machine earnings there's a fascinating idea called artificial data synthesis, this doesn't apply to every single problem, and to apply to a specific problem, often tak"", ""ceiling analysis what part of the pipeline to work on next application example photo ocr In earlier videos, I've said over and over that, when you're developing a machine learning system, one of the most valuable resources is your time as the developer, in terms of picking what to work on next. Or, if you have a team of developers or a team of engineers working together on a machine learning system. Again, one of the most valuable resources is the time of the engineers or the developers working ""]",canonical_phrase,__phrase__character_recognition
17,character segmentation,character segmentation,"[""problem description and pipeline application example photo ocr In this and the next few videos, I want to tell you about a machine learning application example, or a machine learning application history centered around an application called Photo OCR . There are three reasons why I want to do this, first I wanted to show you an example of how a complex machine learning system can be put together. Second, once told the concepts of a machine learning a type line and how to allocate resources when "", ""sliding windows application example photo ocr In the previous video, we talked about the photo OCR pipeline and how that worked. In which we would take an image and pass the Through a sequence of machine learning components in order to try to read the text that appears in an image. In this video I like to. A little bit more about how the individual components of the pipeline works. In particular most of this video will center around the discussion. of whats called a sliding windows. The first st"", ""ceiling analysis what part of the pipeline to work on next application example photo ocr In earlier videos, I've said over and over that, when you're developing a machine learning system, one of the most valuable resources is your time as the developer, in terms of picking what to work on next. Or, if you have a team of developers or a team of engineers working together on a machine learning system. Again, one of the most valuable resources is the time of the engineers or the developers working ""]",canonical_phrase,__phrase__character_segmentation
18,classification accuracy,classification accuracy,"[""error metrics for skewed classes machine learning system design In the previous video, I talked about error analysis and the importance of having error metrics, that is of having a single real number evaluation metric for your learning algorithm to tell how well it's doing. In the context of evaluation and of error metrics, there is one important case, where it's particularly tricky to come up with an appropriate error metric, or evaluation metric, for your learning algorithm. That case is the c"", ""advice for applying pca dimensionality reduction In an earlier video, I had said that PCA can be sometimes used to speed up the running time of a learning algorithm. In this video, I'd like to explain how to actually do that, and also say some, just try to give some advice about how to apply PCA. Here's how you can use PCA to speed up a learning algorithm, and this supervised learning algorithm speed up is actually the most common use that I personally make of PCA. Let's say you have a supervise"", ""developing and evaluating an anomaly detection system anomaly detection In the last video, we developed an anomaly detection algorithm. In this video, I like to talk about the process of how to go about developing a specific application of anomaly detection to a problem and in particular this will focus on the problem of how to evaluate an anomaly detection algorithm. In previous videos, we've already talked about the importance of real number evaluation and this captures the idea that when you'""]",canonical_phrase,__phrase__classification_accuracy
19,classification approach,classification approach::;classification model::;classification algorithm,"[""normal equation linear regression with multiple variables In this video, we'll talk about the normal equation, which for some linear regression problems, will give us a much better way to solve for the optimal value of the parameters theta. Concretely, so far the algorithm that we've been using for linear regression is gradient descent where in order to minimize the cost function J of Theta, we would take this iterative algorithm that takes many steps, multiple iterations of gradient descent to "", ""classification logistic regression In this and the next few videos, I want to start to talk about classification problems, where the variable y that you want to predict is valued. We'll develop an algorithm called logistic regression, which is one of the most popular and most widely used learning algorithms today. Here are some examples of classification problems. Earlier we talked about email spam classification as an example of a classification problem. Another example would be classifying onl"", ""simplified cost function and gradient descent logistic regression In this video, we'll figure out a slightly simpler way to write the cost function than we have been using so far. And we'll also figure out how to apply gradient descent to fit the parameters of logistic regression. So, by the end of this, video you know how to implement a fully working version of logistic regression. Here's our cost function for logistic regression. Our overall cost function is 1 over m times the sum over the tra""]",canonical_phrase,__phrase__classification_approach
20,classification error,classification error,"[""evaluating a hypothesis advice for applying machine learning In this video, I would like to talk about how to evaluate a hypothesis that has been learned by your algorithm. In later videos, we will build on this to talk about how to prevent in the problems of overfitting and underfitting as well. When we fit the parameters of our learning algorithm we think about choosing the parameters to minimize the training error. One might think that getting a really low value of training error might be a g"", ""error analysis machine learning system design In the last video I talked about how, when faced with a machine learning problem, there are often lots of different ideas for how to improve the algorithm. In this video, let's talk about the concept of error analysis. Which will hopefully give you a way to more systematically make some of these decisions. If you're starting work on a machine learning problem, or building a machine learning application. It's often considered very good practice to sta"", ""error metrics for skewed classes machine learning system design In the previous video, I talked about error analysis and the importance of having error metrics, that is of having a single real number evaluation metric for your learning algorithm to tell how well it's doing. In the context of evaluation and of error metrics, there is one important case, where it's particularly tricky to come up with an appropriate error metric, or evaluation metric, for your learning algorithm. That case is the c""]",canonical_phrase,__phrase__classification_error
21,classification problem,classification problem::;classification problems::;classification task,"[""supervised learning introduction In this video I am going to define what is probably the most common type of machine learning problem, which is supervised learning. I'll define supervised learning more formally later, but it's probably best to explain or start with an example of what it is and we'll do the formal definition later. Let's say you want to predict housing prices. A while back, a student collected data sets from the Institute of Portland Oregon. And let's say you plot a data set and "", ""model representation linear regression with one variable Our first learning algorithm will be linear regression. In this video, you'll see what the model looks like and more importantly you'll see what the overall process of supervised learning looks like. Let's use some motivating example of predicting housing prices. We're going to use a data set of housing prices from the city of Portland, Oregon. And here I'm gonna plot my data set of a number of houses that were different sizes that were so"", ""classification logistic regression In this and the next few videos, I want to start to talk about classification problems, where the variable y that you want to predict is valued. We'll develop an algorithm called logistic regression, which is one of the most popular and most widely used learning algorithms today. Here are some examples of classification problems. Earlier we talked about email spam classification as an example of a classification problem. Another example would be classifying onl""]",canonical_phrase,__phrase__classification_problem
22,cluster center,cluster center::;cluster centers::;cluster centroid::;cluster centroids,"[""k means algorithm unsupervised learning In the clustering problem we are given an unlabeled data set and we would like to have an algorithm automatically group the data into coherent subsets or into coherent clusters for us. The K Means algorithm is by far the most popular, by far the most widely used clustering algorithm, and in this video I would like to tell you what the K Means Algorithm is and how it works. The K means clustering algorithm is best illustrated in pictures. Let's say I want t"", ""optimization objective unsupervised learning Most of the supervised learning algorithms we've seen, things like linear regression, logistic regression, and so on, all of those algorithms have an optimization objective or some cost function that the algorithm was trying to minimize. It turns out that k-means also has an optimization objective or a cost function that it's trying to minimize. And in this video I'd like to tell you what that optimization objective is. And the reason I want to do so "", ""random initialization unsupervised learning In this video, I'd like to talk about how to initialize K-means and more importantly, this will lead into a discussion of how to make K-means avoid local optima as well. Here's the K-means clustering algorithm that we talked about earlier. One step that we never really talked much about was this step of how you randomly initialize the cluster centroids. There are few different ways that one can imagine using to randomly initialize the cluster centroids""]",canonical_phrase,__phrase__cluster_center
23,cluster,cluster::;clusters,"[""unsupervised learning introduction In this video, we'll talk about the second major type of machine learning problem, called Unsupervised Learning. In the last video, we talked about Supervised Learning. Back then, recall data sets that look like this, where each example was labeled either as a positive or negative example, whether it was a benign or a malignant tumor. So for each example in Supervised Learning, we were told explicitly what is the so-called right answer, whether it's benign or m"", ""unsupervised learning introduction unsupervised learning In this video, I'd like to start to talk about clustering. This will be exciting, because this is our first unsupervised learning algorithm, where we learn from unlabeled data instead from labelled data. So, what is unsupervised learning? I briefly talked about unsupervised learning at the beginning of the class but it's useful to contrast it with supervised learning. So, here's a typical supervised learning problem where we're given a lab"", ""k means algorithm unsupervised learning In the clustering problem we are given an unlabeled data set and we would like to have an algorithm automatically group the data into coherent subsets or into coherent clusters for us. The K Means algorithm is by far the most popular, by far the most widely used clustering algorithm, and in this video I would like to tell you what the K Means Algorithm is and how it works. The K means clustering algorithm is best illustrated in pictures. Let's say I want t""]",canonical_phrase,__phrase__cluster
24,clustering algorithm,clustering algorithm::;clustering model,"[""unsupervised learning introduction In this video, we'll talk about the second major type of machine learning problem, called Unsupervised Learning. In the last video, we talked about Supervised Learning. Back then, recall data sets that look like this, where each example was labeled either as a positive or negative example, whether it was a benign or a malignant tumor. So for each example in Supervised Learning, we were told explicitly what is the so-called right answer, whether it's benign or m"", ""unsupervised learning introduction unsupervised learning In this video, I'd like to start to talk about clustering. This will be exciting, because this is our first unsupervised learning algorithm, where we learn from unlabeled data instead from labelled data. So, what is unsupervised learning? I briefly talked about unsupervised learning at the beginning of the class but it's useful to contrast it with supervised learning. So, here's a typical supervised learning problem where we're given a lab"", ""k means algorithm unsupervised learning In the clustering problem we are given an unlabeled data set and we would like to have an algorithm automatically group the data into coherent subsets or into coherent clusters for us. The K Means algorithm is by far the most popular, by far the most widely used clustering algorithm, and in this video I would like to tell you what the K Means Algorithm is and how it works. The K means clustering algorithm is best illustrated in pictures. Let's say I want t""]",canonical_phrase,__phrase__clustering_algorithm
25,collaborative filtering,collaborative filtering,"[""collaborative filtering recommender systems In this video we'll talk about an approach to building a recommender system that's called collaborative filtering. The algorithm that we're talking about has a very interesting property that it does what is called feature learning and by that I mean that this will be an algorithm that can start to learn for itself what features to use. Here was the data set that we had and we had assumed that for each movie, someone had come and told us how romantic th"", ""collaborative filtering algorithm recommender systems In the last couple videos, we talked about the ideas of how, first, if you're given features for movies, you can use that to learn parameters data for users. And second, if you're given parameters for the users, you can use that to learn features for the movies. In this video we're going to take those ideas and put them together to come up with a collaborative filtering algorithm. So one of the things we worked out earlier is that if you have"", ""vectorization low rank matrix factorization recommender systems In the last few videos, we talked about a collaborative filtering algorithm. In this video I'm going to say a little bit about the vectorization implementation of this algorithm. And also talk a little bit about other things you can do with this algorithm. For example, one of the things you can do is, given one product can you find other products that are related to this so that for example, a user has recently been looking at one p""]",canonical_phrase,__phrase__collaborative_filtering
26,features,features::;feature,"[""supervised learning introduction In this video I am going to define what is probably the most common type of machine learning problem, which is supervised learning. I'll define supervised learning more formally later, but it's probably best to explain or start with an example of what it is and we'll do the formal definition later. Let's say you want to predict housing prices. A while back, a student collected data sets from the Institute of Portland Oregon. And let's say you plot a data set and "", ""model representation linear regression with one variable Our first learning algorithm will be linear regression. In this video, you'll see what the model looks like and more importantly you'll see what the overall process of supervised learning looks like. Let's use some motivating example of predicting housing prices. We're going to use a data set of housing prices from the city of Portland, Oregon. And here I'm gonna plot my data set of a number of houses that were different sizes that were so"", ""matrices and vectors linear algebra review Let's get started with our linear algebra review. In this video I want to tell you what are matrices and what are vectors. A matrix is a rectangular array of numbers written between square brackets. So, for example, here is a matrix on the right, a left square bracket. And then, write in a bunch of numbers. These could be features from a learning problem or it could be data from somewhere else, but the specific values don't matter, and then I'm going to""]",canonical_phrase,__phrase__features
27,computer vision,computer vision,"[""welcome introduction Welcome to this free online class on machine learning. Machine learning is one of the most exciting recent technologies. And in this class, you learn about the state of the art and also gain practice implementing and deploying these algorithms yourself. You've probably use a learning algorithm dozens of times a day without knowing it. Every time you use a web search engine like Google or Bing to search the internet, one of the reasons that works so well is because a learning"", ""non linear hypotheses neural networks representation In this and in the next set of videos, I'd like to tell you about a learning algorithm called a Neural Network. We're going to first talk about the representation and then in the next set of videos talk about learning algorithms for it. Neutral networks is actually a pretty old idea, but had fallen out of favor for a while. But today, it is the state of the art technique for many different machine learning problems. So why do we need yet anoth"", ""multiclass classification neural networks representation In this video, I want to tell you about how to use neural networks to do multiclass classification where we may have more than one category that we're trying to distinguish amongst. In the last part of the last video, where we had the handwritten digit recognition problem, that was actually a multiclass classification problem because there were ten possible categories for recognizing the digits from 0 through 9 and so, if you want us to fi""]",canonical_phrase,__phrase__computer_vision
28,concave function,concave function,"[""finding maxima or minima analytically simple linear regression [MUSIC] But before we get to how to minimize residual sum of squares in particular, let's talk about optimization in a more abstract sense. In terms of just a generic function and thinking about how do we minimize it, what are the properties of the minimum of a function and algorithms for achieving that minimum? One of the first important concepts that we can talk about is the notion of convex and concave functions. So here, I have a""]",canonical_phrase,__phrase__concave_function
29,conditional distribution,conditional distribution,"[""assumed background welcome [MUSIC] Now that we've discussed what this course is going to be about, let's spend some time discussing what we're going to assume your background knowledge is to successfully complete this course. Well, there are a number of concepts we're going to assume that you've seen in the previous courses in this specialization. So, for example, in the foundations course, we went through a lot of the high level concepts that we're going to present in this specific about cluste"", ""a standard gibbs sampler for lda mixed membership modeling via latent dirichlet allocation [MUSIC] Let's now describe the algorithm that produces these random samples, and, to begin with, let's just present a standard implementation of Gibbs sampling. Gibbs sampling treats both our assignment variables and our model parameters exactly in the same manner. Whereas, remember, when we're looking at the Algorithm, there were different updates, when we're looking at our assignment variables, then our "", ""a worked example for lda initial setup mixed membership modeling via latent dirichlet allocation [MUSIC] Okay, well let's work through an example to make this a little bit more concrete, and also specify more details on this sampling approach. Okay, so to start with, let's look at the first step of the algorithm, which would be to select a document and here we have a very simple 5 word document. And the first step of the algorithm is to assign every word in this document to a topic. So, here are""]",canonical_phrase,__phrase__conditional_distribution
30,conditional probabilities,conditional probabilities,"[""review of basics of conditional probabilities linear classifiers logistic regression [MUSIC] Now let's talk about a slightly more advanced concept, the concept of conditional probabilities. And this is what we're going to use a lot today, so it's a good thing to review and a good thing to really keep in mind and understand. Now a sentence here might say the probability that a review that has three awesomes in it and one awful is positive is 0.9. So how, an awful, what does that mean? Let;s inter""]",canonical_phrase,__phrase__conditional_probabilities
31,confusion matrix,confusion matrix,"[""false positives false negatives and confusion matrices classification analyzing sentiment [MUSIC] We talked about accuracy and errors that a classifier might make. But there are different kinds of errors. So this kind of errors are called types of mistakes. It's important to look at the types of mistakes a classifier might make. And one way to do that is through what's called a confusion matrix. So, let's take that in a little bit. So we're talking about the relationship between the true label a"", ""evaluating a classifier the roc curve classification analyzing sentiment [MUSIC] Our next step is to evaluate the sentiment model that we've built. Now, we just talked in this module about classification error, precision, sorry, false positives and false negatives. And we're gonna explore that idea right here in this demonstration in this notebook. So the sentiment model has a function called Evaluate. And that function Evaluate allows you to evaluate its quality on some test data. And we're gon"", ""training evaluating a classifier using raw image pixels deep learning searching for images [MUSIC] So we're decreasing the font and we're gonna train a basic model on this data set. So the first thing I am going to do is not use the pictures but just use the pixels of the images and train a classifier on the pixels of the images and see how well that does. So let's just go ahead and do it. So #Train a classifier. I misspelled it here. So #Train a classifier on the raw image pixels. So these are ""]",canonical_phrase,__phrase__confusion_matrix
32,conjugate gradient,conjugate gradient,"[""advanced optimization logistic regression In the last video, we talked about gradient descent for minimizing the cost function J of theta for logistic regression. In this video, I'd like to tell you about some advanced optimization algorithms and some advanced optimization concepts. Using some of these ideas, we'll be able to get logistic regression to run much more quickly than it's possible with gradient descent. And this will also let the algorithms scale much better to very large machine lea"", ""content based recommendations recommender systems In the last video, we talked about the recommender systems problem where for example you might have a set of movies and you may have a set of users, each who have rated some subset of the movies. They've rated the movies one to five stars or zero to five stars. And what we would like to do is look at these users and predict how they would have rated other movies that they have not yet rated. In this video I'd like to talk about our first approach""]",canonical_phrase,__phrase__conjugate_gradient
33,convergence test,convergence test,"[""gradient descent in practice ii learning rate linear regression with multiple variables In this video, I want to give you more practical tips for getting gradient descent to work. The ideas in this video will center around the learning rate alpha. Concretely, here's the gradient descent update rule. And what I want to do in this video is tell you about what I think of as debugging, and some tips for making sure that gradient descent is working correctly. And second, I wanna tell you how to choos""]",canonical_phrase,__phrase__convergence_test
34,convex function,convex function::;convex functions,"[""gradient descent for linear regression linear regression with one variable In previous videos, we talked about the gradient descent algorithm and we talked about the linear regression model and the squared error cost function. In this video we're gonna put together gradient descent with our cost function, and that will give us an algorithm for linear regression or putting a straight line to our data. So this was what we worked out in the previous videos. This gradient descent algorithm which you"", ""cost function logistic regression In this video, we'll talk about how to fit the parameters of theta for the logistic compression. In particular, I'd like to define the optimization objective, or the cost function that we'll use to fit the parameters. Here's the supervised learning problem of fitting logistic regression model. We have a training set of m training examples and as usual, each of our examples is represented by a that's n plus one dimensional, and as usual we have x o equals one. Fi"", ""finding maxima or minima analytically simple linear regression [MUSIC] But before we get to how to minimize residual sum of squares in particular, let's talk about optimization in a more abstract sense. In terms of just a generic function and thinking about how do we minimize it, what are the properties of the minimum of a function and algorithms for achieving that minimum? One of the first important concepts that we can talk about is the notion of convex and concave functions. So here, I have a""]",canonical_phrase,__phrase__convex_function
35,coordinate descent,coordinate descent,"[""specialization overview welcome [MUSIC] As Emily discussed, we're gonna see machine learning through the lens of a wide range of case studies in different areas that really ground the concepts behind them. So, other machine learning classes that you might take out there are really a laundry list of algorithms and methods. So things like support vector machines and kernels and logistic ration and networks and so on. And they're just like, a laundry list of methods. And the problem with that appro"", ""whats ahead in the specialization closing remarks [MUSIC] Okay, so now that you guys are psyched about the future machine running, let's talk about what we're gonna cover in the specialization. Okay, so in the regression course, now that you guys know what regression is, we're gonna go through a lot more of the details on different formulations for models. For example, how to cope with lots of features, something that we eluded to in this course. And we're also gonna talk about, in great detail,"", ""outlining the second half of the course welcome [MUSIC] As one example of a way to handle this bias variance trade off, we're gonna talk about something called ridge regression, which not only includes a term that measures the fit of the function to the data, which is what we talked about before, but also incorporates a term that encodes what the model complexity is. Not quite directly, pretty indirectly as we're gonna describe in this module. But a key question then is how are we gonna define t""]",canonical_phrase,__phrase__coordinate_descent
36,covariance matrix,covariance matrix,"[""principal component analysis algorithm dimensionality reduction In this video I'd like to tell you about the principle components analysis algorithm. And by the end of this video you know to implement PCA for yourself. And use it reduce the dimension of your data. Before applying PCA, there is a data pre-processing step which you should always do. Given the trading sets of the examples is important to always perform mean normalization, and then depending on your data, maybe perform feature scali"", ""choosing the number of principal components dimensionality reduction In the PCA algorithm we take N dimensional features and reduce them to some K dimensional feature representation. This number K is a parameter of the PCA algorithm. This number K is also called the number of principle components or the number of principle components that we've retained. And in this video I'd like to give you some guidelines, tell you about how people tend to think about how to choose this parameter K for PCA. I"", ""multivariate gaussian distribution anomaly detection In this and the next video, I'd like to tell you about one possible extension to the anomaly detection algorithm that we've developed so far. This extension uses something called the multivariate Gaussian distribution, and it has some advantages, and some disadvantages, and it can sometimes catch some anomalies that the earlier algorithm didn't. To motivate this, let's start with an example. Let's say that so our unlabeled data looks like what""]",canonical_phrase,__phrase__covariance_matrix
37,cross validation,cross validation,"[""model selection and train validation test sets advice for applying machine learning Suppose you're left to decide what degree of polynomial to fit to a data set. So that what features to include that gives you a learning algorithm. Or suppose you'd like to choose the regularization parameter longer for learning algorithm. How do you do that? This account model selection process. Browsers, and in our discussion of how to do this, we'll talk about not just how to split your data into the train and"", ""diagnosing bias vs variance advice for applying machine learning If you run the learning algorithm and it doesn't do as well as you are hoping, almost all the time it will be because you have either a high bias problem or a high variance problem. In other words they're either an underfitting problem or an overfitting problem. And in this case it's very important to figure out which of these two problems is bias or variance or a bit of both that you actually have. Because knowing which of these t"", ""regularization and bias variance advice for applying machine learning You've seen how regularization can help prevent over-fitting. But how does it affect the bias and variances of a learning algorithm? In this video I'd like to go deeper into the issue of bias and variances and talk about how it interacts with and is affected by the regularization of your learning algorithm. Suppose we're fitting a high auto polynomial, like that showed here, but to prevent over fitting we need to use regulariz""]",canonical_phrase,__phrase__cross_validation
38,cross validation error,cross validation error::;cross-validation error,"[""model selection and train validation test sets advice for applying machine learning Suppose you're left to decide what degree of polynomial to fit to a data set. So that what features to include that gives you a learning algorithm. Or suppose you'd like to choose the regularization parameter longer for learning algorithm. How do you do that? This account model selection process. Browsers, and in our discussion of how to do this, we'll talk about not just how to split your data into the train and"", ""diagnosing bias vs variance advice for applying machine learning If you run the learning algorithm and it doesn't do as well as you are hoping, almost all the time it will be because you have either a high bias problem or a high variance problem. In other words they're either an underfitting problem or an overfitting problem. And in this case it's very important to figure out which of these two problems is bias or variance or a bit of both that you actually have. Because knowing which of these t"", ""regularization and bias variance advice for applying machine learning You've seen how regularization can help prevent over-fitting. But how does it affect the bias and variances of a learning algorithm? In this video I'd like to go deeper into the issue of bias and variances and talk about how it interacts with and is affected by the regularization of your learning algorithm. Suppose we're fitting a high auto polynomial, like that showed here, but to prevent over fitting we need to use regulariz""]",canonical_phrase,__phrase__cross_validation_error
39,cross validation sets,cross validation sets,"[""regularization and bias variance advice for applying machine learning You've seen how regularization can help prevent over-fitting. But how does it affect the bias and variances of a learning algorithm? In this video I'd like to go deeper into the issue of bias and variances and talk about how it interacts with and is affected by the regularization of your learning algorithm. Suppose we're fitting a high auto polynomial, like that showed here, but to prevent over fitting we need to use regulariz"", ""developing and evaluating an anomaly detection system anomaly detection In the last video, we developed an anomaly detection algorithm. In this video, I like to talk about the process of how to go about developing a specific application of anomaly detection to a problem and in particular this will focus on the problem of how to evaluate an anomaly detection algorithm. In previous videos, we've already talked about the importance of real number evaluation and this captures the idea that when you'""]",canonical_phrase,__phrase__cross_validation_sets
40,data representation,data representation,"[""learning very non linear features with neural networks deep learning searching for images [MUSIC] Great. We talked about an application of finding cool shoes or dresses just based on image features. The technique that we're gonna use today is called deep learning. And in particular it's based on something called neural networks. But before we get there, let's talk about data representation. We discussed things like TFIDF and bag of word models, but how do you really represent data when it comes "", ""distance metrics euclidean and scaled euclidean nearest neighbor search [MUSIC] So this leads us straight into a discussion of how are we going to compute this distance between two given articles. Well, when we're in 1D one really simple measure that we can use is just Euclidean distance. And hopefully, this should be fairly familiar to you, but this really isn't going to be something of interest to us because this would be assuming that we just have, in our example, just one word in our vocabul"", ""a brief recap nearest neighbor search So in summary we've covered a lot of ground in this module. So we've returned to this task of retrieving a document of interest. And have formulated this in terms of performing nearest neighbor search. We reviewed our nearest neighbor search algorithms for performing one nearest neighbors search as well as K nearest neighbor search. But we got into some of the nitty-gritty of these algorithms. In particular, thinking about how we represent our data. So we fo""]",canonical_phrase,__phrase__data_representation
41,data set,data set::;data sets,"[""welcome introduction Welcome to this free online class on machine learning. Machine learning is one of the most exciting recent technologies. And in this class, you learn about the state of the art and also gain practice implementing and deploying these algorithms yourself. You've probably use a learning algorithm dozens of times a day without knowing it. Every time you use a web search engine like Google or Bing to search the internet, one of the reasons that works so well is because a learning"", ""supervised learning introduction In this video I am going to define what is probably the most common type of machine learning problem, which is supervised learning. I'll define supervised learning more formally later, but it's probably best to explain or start with an example of what it is and we'll do the formal definition later. Let's say you want to predict housing prices. A while back, a student collected data sets from the Institute of Portland Oregon. And let's say you plot a data set and "", ""unsupervised learning introduction In this video, we'll talk about the second major type of machine learning problem, called Unsupervised Learning. In the last video, we talked about Supervised Learning. Back then, recall data sets that look like this, where each example was labeled either as a positive or negative example, whether it was a benign or a malignant tumor. So for each example in Supervised Learning, we were told explicitly what is the so-called right answer, whether it's benign or m""]",canonical_phrase,__phrase__data_set
42,decision boundaries,decision boundaries::;decision boundary,"[""hypothesis representation logistic regression Let's start talking about logistic regression. In this video, I'd like to show you the hypothesis representation. That is, what is the function we're going to use to represent our hypothesis when we have a classification problem? Earlier, we said that we would like our classifier to output values that are between 0 and 1. So we'd like to come up with a hypothesis that satisfies this property, that is, predictions are maybe between 0 and 1. When we we"", ""decision boundary logistic regression In the last video, we talked about the hypothesis representation for logistic regression. What Id like to do now is tell you about something called the decision boundary, and this will give us a better sense of what the logistic regressions hypothesis function is computing. To recap, this is what we wrote out last time, where we said that the hypothesis is represented as h of x equals g of theta transpose x, where g is this function called the sigmoid functi"", ""the problem of overfitting regularization By now, you've seen a couple different learning algorithms, linear regression and logistic regression. They work well for many problems, but when you apply them to certain machine learning applications, they can run into a problem called overfitting that can cause them to perform very poorly. What I'd like to do in this video is explain to you what is this overfitting problem, and in the next few videos after this, we'll talk about a technique called reg""]",canonical_phrase,__phrase__decision_boundaries
43,decision stamp,decision stamp::;decision stumps,"[""selecting best feature to split on decision trees [MUSIC] So now we've discussed the idea of building a decision stump from data and a little bit of what that data set looks like. Let's discuss now how to pick the right feature to split on when we're building a decision stump. So trying to learn decision stump from data and he was split on credit. But the question is what is the best feature to split on and how do we measure that? So in our example we split on credit or we could have split on so"", ""when to stop recursing decision trees [MUSIC] Now that we're able to pick a feature to split on, we need to decide what to do next, how to recurse, and when to decide to stop. So, our goal now has gone beyond just learning a decision stump or to start first level of decision tree or picking that first feature to split on, and learning a whole decision tree from data. So if you look at our decision stump that we learned splitting on credit, if you look at that first split where credit was excelle"", ""multiclass classification with decision trees decision trees [MUSIC] Now, decision trees can be used for binary classification. They can also be used for multiclass classification with, basically, no modifications. So for example, let's say that in the same setting, we are given the input as Loan Application and we have a classifier that starts to predict an output, but it's not just whether the loans are safe or risky. But some loans I just don't even think about it. Danger, danger, danger, don""]",canonical_phrase,__phrase__decision_stamp
44,decision tree,decision tree::;decision trees,"[""specialization overview welcome [MUSIC] As Emily discussed, we're gonna see machine learning through the lens of a wide range of case studies in different areas that really ground the concepts behind them. So, other machine learning classes that you might take out there are really a laundry list of algorithms and methods. So things like support vector machines and kernels and logistic ration and networks and so on. And they're just like, a laundry list of methods. And the problem with that appro"", ""training a sentiment classifier classification analyzing sentiment [MUSIC] Let's train the sentiment classifier. And we're gonna do this in two steps. First, we're gonna do a train test split of the data. So I'm gonna compute the training data. We're gonna split the data into training data. And test data just like we talked in the regression class and just like we did in the regression notebook. So we're gonna use, we'll take this product table. Products. And then we're going to do the random sp"", ""whats ahead in the ml specialization closing remarks [MUSIC] So that's what we've covered in our regression course. But now let's talk about what's ahead for us in our specialization, now that we're armed with these tools that we've learned in this course. Well our next course is our classification course and there we're gonna learn things like linear classifiers which are akin to the types of linear regression models we looked at in this course. You are also gonna talk about things like decisio""]",canonical_phrase,__phrase__decision_tree
45,deep features,deep features,"[""deep features deep learning searching for images [MUSIC] So, we've learned that deep neural networks are really cool, high accuracy tool, but they can be really hard to build and learn, and require lots and lots of data. So next, we're gonna talk about something really exciting. Which is called deep features, which allow you to build neural networks, even when you don't have a lot of data. So, if you go back to our data image classification pipeline, where we start with an image, we detected som"", ""deep learning ml block diagram deep learning searching for images [MUSIC] >> We've now seen how cool deep learning can be. We cannot apply it in a wide range of areas and yet we need high accuracy by learning really detailed features of our data, and how your networks can support that. We've seen how it can be applied for various tasks in image analysis in computer vision. Let's now revisit the block diagram that we saw summarizing regression and classification and other machinery tasks. How can"", ""loading image data deep learning searching for images [MUSIC] So in this deep learning module, we talked about two really cool things that you can do with deep learning. One is classify images, and the other one is retrieve images. And in both of them, we talked about deep features. So let's just go ahead and build a notebook for image classifications using deep features. So, let's give this notebook a name. So, this is going to be Image Classification with Deep Features. And I'm going to hide t""]",canonical_phrase,__phrase__deep_features
46,deep learning,deep learning,"[""why a case study approach welcome [MUSIC] So the way we're gonna learn about this data to intelligence pipeline is by examining a number of case studies that are gonna ground the methods that we present in real world applications. And that's one of the really unique features of this course. In our first case study, we're gonna look at predicting house values. So, the intelligence we're deriving is a value associated with some house that's not on the market. So, we don't know what it's value is a"", ""specialization overview welcome [MUSIC] As Emily discussed, we're gonna see machine learning through the lens of a wide range of case studies in different areas that really ground the concepts behind them. So, other machine learning classes that you might take out there are really a laundry list of algorithms and methods. So things like support vector machines and kernels and logistic ration and networks and so on. And they're just like, a laundry list of methods. And the problem with that appro"", ""the capstone and an example intelligent application welcome [MUSIC] Let's dig in and talk a little bit about the capstone application that we're gonna build together. So we're gonna build a recommender system for products that's intelligent, that combines text, images, sentiment analysis, and deep learning. Now, before talking about the capstone project which is really going to be exciting. Let me give you a quick demo of something that you could build, a recommender system that you could build,""]",canonical_phrase,__phrase__deep_learning
47,deep neural network,deep neural network::;deep neural networks,"[""learning very non linear features with neural networks deep learning searching for images [MUSIC] Great. We talked about an application of finding cool shoes or dresses just based on image features. The technique that we're gonna use today is called deep learning. And in particular it's based on something called neural networks. But before we get there, let's talk about data representation. We discussed things like TFIDF and bag of word models, but how do you really represent data when it comes "", ""deep learning performance deep learning searching for images Deep learning is exciting because it learns these complex features of images. And as we discussed earlier. They've had tremendous impact over the recent years in a variety of computer vision applications. Let me show you a couple of early examples. So, on the top of the slide here, what you see is an example of identifying traffic signs based on neural networks. So these are a data of German traffic signs and the idea is for every imag"", ""other examples of deep learning in computer vision deep learning searching for images [MUSIC] So I showed you some examples of neural networks in computer vision and doing classification. Is there a labrador retriever in this image? But they can do quite a bit more. So, for example, we can do image parsing. So in this example, for every picture in the image, you're trying to classify it and discover regions. So in the center top image, you see a region of sky, another region of grass, and so on.""]",canonical_phrase,__phrase__deep_neural_network
48,derivative term,derivative term::;derivative terms,"[""gradient descent linear regression with one variable We previously defined the cost function J. In this video, I want to tell you about an algorithm called gradient descent for minimizing the cost function J. It turns out gradient descent is a more general algorithm, and is used not only in linear regression. It's actually used all over the place in machine learning. And later in the class, we'll use gradient descent to minimize other functions as well, not just the cost function J for the linea"", ""gradient descent intuition linear regression with one variable In the previous video, we gave a mathematical definition of gradient descent. Let's delve deeper and in this video get better intuition about what the algorithm is doing and why the steps of the gradient descent algorithm might make sense. Here's a gradient descent algorithm that we saw last time and just to remind you this parameter, or this term alpha is called the learning rate. And it controls how big a step we take when updating"", ""gradient descent for linear regression linear regression with one variable In previous videos, we talked about the gradient descent algorithm and we talked about the linear regression model and the squared error cost function. In this video we're gonna put together gradient descent with our cost function, and that will give us an algorithm for linear regression or putting a straight line to our data. So this was what we worked out in the previous videos. This gradient descent algorithm which you""]",canonical_phrase,__phrase__derivative_term
49,design matrix,design matrix,"[""normal equation linear regression with multiple variables In this video, we'll talk about the normal equation, which for some linear regression problems, will give us a much better way to solve for the optimal value of the parameters theta. Concretely, so far the algorithm that we've been using for linear regression is gradient descent where in order to minimize the cost function J of Theta, we would take this iterative algorithm that takes many steps, multiple iterations of gradient descent to "", ""control statements for while if statement octave matlab tutorial In this video, I'd like to tell you how to write control statements for your Octave programs, so things like \""for\"", \""while\"" and \""if\"" statements and also how to define and use functions. Here's my Octave window. Let me first show you how to use a \""for\"" loop. I'm going to start by setting v to be a 10 by 1 vector 0. Now, here's I write a \""for\"" loop for I equals 1 to 10. That's for I equals Y colon 10. And let's see, I'm going to set "", ""regularized linear regression regularization For linear regression, we have previously worked out two learning algorithms. One based on gradient descent and one based on the normal equation. In this video, we'll take those two algorithms and generalize them to the case of regularized linear regression. Here's the optimization objective that we came up with last time for regularized linear regression. This first part is our usual objective for linear regression. And we now have this additional re""]",canonical_phrase,__phrase__design_matrix
50,dimensionality reduction,dimensionality reduction,"[""motivation i data compression dimensionality reduction In this video, I'd like to start talking about a second type of unsupervised learning problem called dimensionality reduction. There are a couple of different reasons why one might want to do dimensionality reduction. One is data compression, and as we'll see later, a few videos later, data compression not only allows us to compress the data and have it therefore use up less computer memory or disk space, but it will also allow us to speed u"", ""motivation ii visualization dimensionality reduction In the last video, we talked about dimensionality reduction for the purpose of compressing the data. In this video, I'd like to tell you about a second application of dimensionality reduction and that is to visualize the data. For a lot of machine learning applications, it really helps us to develop effective learning algorithms, if we can understand our data better. If there is some way of visualizing the data better, and so, dimensionality r"", ""principal component analysis problem formulation dimensionality reduction For the problem of dimensionality reduction, by far the most popular, by far the most commonly used algorithm is something called principle components analysis, or PCA. In this video, I'd like to start talking about the problem formulation for PCA. In other words, let's try to formulate, precisely, exactly what we would like PCA to do. Let's say we have a data set like this. So, this is a data set of examples x and R2 and ""]",canonical_phrase,__phrase__dimensionality_reduction
51,document retrieval,document retrieval,"[""why a case study approach welcome [MUSIC] So the way we're gonna learn about this data to intelligence pipeline is by examining a number of case studies that are gonna ground the methods that we present in real world applications. And that's one of the really unique features of this course. In our first case study, we're gonna look at predicting house values. So, the intelligence we're deriving is a value associated with some house that's not on the market. So, we don't know what it's value is a"", ""document retrieval a case study in clustering and measuring similarity clustering and similarity retrieving documents [MUSIC] Okay, so in this module, we're gonna talk about clustering and similarity. And the point here is the fact that often we have lots of observations, and we want to infer some kind of structure underlying these observations. And in this case, the structure we're gonna talk about is groups of related observations or clusters. And as with all of our modules, we're gonna motiva"", ""what is the document retrieval task clustering and similarity retrieving documents [MUSIC] So let's start with describing this task in a little bit more detail. Okay, so let's say we're sitting here, reading an article. Here we are, reading our article. And actually it's Carlos who's reading this article, because this is an article about soccer. Or as he would call it football if he was wearing his Argentina jersey or footsie ball if he was wearing his Brazil jersey and clearly, I'm not pronounc""]",canonical_phrase,__phrase__document_retrieval
52,early stopping,early stopping,"[""principle of occams razor learning simpler decision trees preventing overfitting in decision trees [MUSIC] So what does it mean to avoid overfitting in decision trees, what does it mean to stop a little earlier, or what does it mean to try to simplify the types of trees that we learned so that we don't have these crazy overfitting problems. And what we'll use is a type of regularization which bias is a sort simpler trees, and that's also can philosophically relate to the concept called Occam's r"", ""early stopping in learning decision trees preventing overfitting in decision trees [MUSIC] Well, let's start with the idea of early stopping where we keep going down but we stop before the tree gets too complex. So, how does that work? Simply recall that as we add more depth to the tree we're increasing the complexity of the model. And so if we are avoiding these super complex models now we can just avoid very deep trees. So the first early stopping condition is absolutely simple, just limit the"", ""optional motivating pruning preventing overfitting in decision trees [MUSIC] Often, the best way to prevent overfitting decision trees however, is to use pruning. Where you grow the tree to be much bigger than you need, and then you chop off parts that turn out to be less important. Now, pruning is very important if you're implementing a real world decision tree algorithm. However, the details can get a little tedious. Not too mathematical but just a lot of little things you have to, a lot of Ts""]",canonical_phrase,__phrase__early_stopping
53,error analysis,error analysis,"[""prioritizing what to work on machine learning system design In the next few videos I'd like to talk about machine learning system design. These videos will touch on the main issues that you may face when designing a complex machine learning system, and will actually try to give advice on how to strategize putting together a complex machine learning system. In case this next set of videos seems a little disjointed that's because these videos will touch on a range of the different issues that you "", ""error analysis machine learning system design In the last video I talked about how, when faced with a machine learning problem, there are often lots of different ideas for how to improve the algorithm. In this video, let's talk about the concept of error analysis. Which will hopefully give you a way to more systematically make some of these decisions. If you're starting work on a machine learning problem, or building a machine learning application. It's often considered very good practice to sta"", ""error metrics for skewed classes machine learning system design In the previous video, I talked about error analysis and the importance of having error metrics, that is of having a single real number evaluation metric for your learning algorithm to tell how well it's doing. In the context of evaluation and of error metrics, there is one important case, where it's particularly tricky to come up with an appropriate error metric, or evaluation metric, for your learning algorithm. That case is the c""]",canonical_phrase,__phrase__error_analysis
54,error cost function,error cost function,"[""cost function linear regression with one variable In this video we'll define something called the cost function, this will let us figure out how to fit the best possible straight line to our data. In linear progression, we have a training set that I showed here remember on notation M was the number of training examples, so maybe m equals 47. And the form of our hypothesis, which we use to make predictions is this linear function. To introduce a little bit more terminology, these theta zero and t"", ""gradient descent for linear regression linear regression with one variable In previous videos, we talked about the gradient descent algorithm and we talked about the linear regression model and the squared error cost function. In this video we're gonna put together gradient descent with our cost function, and that will give us an algorithm for linear regression or putting a straight line to our data. So this was what we worked out in the previous videos. This gradient descent algorithm which you"", ""backpropagation intuition neural networks learning In the previous video, we talked about the backpropagation algorithm. To a lot of people seeing it for the first time, their first impression is often that wow this is a really complicated algorithm, and there are all these different steps, and I'm not sure how they fit together. And it's kinda this black box of all these complicated steps. In case that's how you're feeling about backpropagation, that's actually okay. Backpropagation maybe unfor""]",word_average,error+cost+function
55,estimated parameters,estimated parameters,"[""discovering hidden structure by matrix factorization recommending products [MUSIC] So to this point though, we've assumed that we know all these Lu user topic vectors. So we can stack them up into this L matrix. And we know all the movie topic factors. So we put them altogether in that R matrix. And then, we multiply the two together to get this big prediction of readings that every user would give to every movie. But important thing here is the fact that we don't actually have this information."", ""recommender systems ml block diagram recommending products [MUSIC] In this module we talked about a notion of collaborative filtering and a couple different recommender systems for implementing that idea where we leverage the types of other products people purchased to recommend other products. And we explored this notion of having some set of customers and products and understanding relationships between these in the context of product recommendation tasks, thinking about movie recommendation. "", ""outlining the first half of the course welcome [MUSIC] This course consists of six different modules, and let's preview what these are about. To start with, we're gonna talk about simple regression, and why is it called simple regression? That's because we're gonna focus on just having a single input, for example the size of your house and when we think about defining the relationship between the single input and our output, the house sales price, we're just gonna look at fitting a very simple l""]",canonical_phrase,__phrase__estimated_parameters
56,evaluation metrics,evaluation metrics,"[""data for machine learning machine learning system design In the previous video, we talked about evaluation metrics. In this video, I'd like to switch tracks a bit and touch on another important aspect of machine learning system design, which will often come up, which is the issue of how much data to train on. Now, in some earlier videos, I had cautioned against blindly going out and just spending lots of time collecting lots of data, because it's only sometimes that that would actually help. But"", ""developing and evaluating an anomaly detection system anomaly detection In the last video, we developed an anomaly detection algorithm. In this video, I like to talk about the process of how to go about developing a specific application of anomaly detection to a problem and in particular this will focus on the problem of how to evaluate an anomaly detection algorithm. In previous videos, we've already talked about the importance of real number evaluation and this captures the idea that when you'"", ""summary and thank you application example photo ocr Welcome to the final video of this Machine Learning class. We've been through a lot of different videos together. In this video I would like to just quickly summarize the main topics of this course and then say a few words at the end and that will wrap up the class. So what have we done? In this class we spent a lot of time talking about supervised learning algorithms like linear regression, logistic regression, neural networks, SVMs. for probl""]",canonical_phrase,__phrase__evaluation_metrics
57,expectation maximization,expectation maximization,"[""specialization overview welcome [MUSIC] As Emily discussed, we're gonna see machine learning through the lens of a wide range of case studies in different areas that really ground the concepts behind them. So, other machine learning classes that you might take out there are really a laundry list of algorithms and methods. So things like support vector machines and kernels and logistic ration and networks and so on. And they're just like, a laundry list of methods. And the problem with that appro"", ""whats ahead in the ml specialization closing remarks [MUSIC] So that's what we've covered in our regression course. But now let's talk about what's ahead for us in our specialization, now that we're armed with these tools that we've learned in this course. Well our next course is our classification course and there we're gonna learn things like linear classifiers which are akin to the types of linear regression models we looked at in this course. You are also gonna talk about things like decisio"", ""course overview welcome [MUSIC] This course is going to follow the same philosophy as our past courses. In particular, we're going to use case studies to motivate the key concepts that we're going to teach. But there are a number of other key features that define the way we teach our courses in this specialization. In particular, we teach a set of core machine learning concepts and we do so both through our case studies as well as using visual aids to very dramatically guide the process. And the""]",canonical_phrase,__phrase__expectation_maximization
58,f1 score,f1 score,"[""developing and evaluating an anomaly detection system anomaly detection In the last video, we developed an anomaly detection algorithm. In this video, I like to talk about the process of how to go about developing a specific application of anomaly detection to a problem and in particular this will focus on the problem of how to evaluate an anomaly detection algorithm. In previous videos, we've already talked about the importance of real number evaluation and this captures the idea that when you'"", ""summary and thank you application example photo ocr Welcome to the final video of this Machine Learning class. We've been through a lot of different videos together. In this video I would like to just quickly summarize the main topics of this course and then say a few words at the end and that will wrap up the class. So what have we done? In this class we spent a lot of time talking about supervised learning algorithms like linear regression, logistic regression, neural networks, SVMs. for probl""]",canonical_phrase,__phrase__f1_score
59,face detection,face detection,"[""ceiling analysis what part of the pipeline to work on next application example photo ocr In earlier videos, I've said over and over that, when you're developing a machine learning system, one of the most valuable resources is your time as the developer, in terms of picking what to work on next. Or, if you have a team of developers or a team of engineers working together on a machine learning system. Again, one of the most valuable resources is the time of the engineers or the developers working "", ""ensemble methods impact of boosting quick recap boosting [MUSIC] I'd like to take a moment now to summarize we've seen boosting and what impacts it's had in the real world. Let's talk about AdaBoost. So AdaBoost is one of the early types of boosting algorithms. Extremely useful, but there other algorithms out there. In particular, there's one called gradient boosting, which is slightly more complicated but extremely similar. And it's like AdaBoost, but it can be useful not not just for basic cla""]",canonical_phrase,__phrase__face_detection
60,false negative,false negative::;false negatives,"[""error metrics for skewed classes machine learning system design In the previous video, I talked about error analysis and the importance of having error metrics, that is of having a single real number evaluation metric for your learning algorithm to tell how well it's doing. In the context of evaluation and of error metrics, there is one important case, where it's particularly tricky to come up with an appropriate error metric, or evaluation metric, for your learning algorithm. That case is the c"", ""developing and evaluating an anomaly detection system anomaly detection In the last video, we developed an anomaly detection algorithm. In this video, I like to talk about the process of how to go about developing a specific application of anomaly detection to a problem and in particular this will focus on the problem of how to evaluate an anomaly detection algorithm. In previous videos, we've already talked about the importance of real number evaluation and this captures the idea that when you'"", ""false positives false negatives and confusion matrices classification analyzing sentiment [MUSIC] We talked about accuracy and errors that a classifier might make. But there are different kinds of errors. So this kind of errors are called types of mistakes. It's important to look at the types of mistakes a classifier might make. And one way to do that is through what's called a confusion matrix. So, let's take that in a little bit. So we're talking about the relationship between the true label a""]",canonical_phrase,__phrase__false_negative
61,false positives,false positives,"[""error metrics for skewed classes machine learning system design In the previous video, I talked about error analysis and the importance of having error metrics, that is of having a single real number evaluation metric for your learning algorithm to tell how well it's doing. In the context of evaluation and of error metrics, there is one important case, where it's particularly tricky to come up with an appropriate error metric, or evaluation metric, for your learning algorithm. That case is the c"", ""developing and evaluating an anomaly detection system anomaly detection In the last video, we developed an anomaly detection algorithm. In this video, I like to talk about the process of how to go about developing a specific application of anomaly detection to a problem and in particular this will focus on the problem of how to evaluate an anomaly detection algorithm. In previous videos, we've already talked about the importance of real number evaluation and this captures the idea that when you'"", ""false positives false negatives and confusion matrices classification analyzing sentiment [MUSIC] We talked about accuracy and errors that a classifier might make. But there are different kinds of errors. So this kind of errors are called types of mistakes. It's important to look at the types of mistakes a classifier might make. And one way to do that is through what's called a confusion matrix. So, let's take that in a little bit. So we're talking about the relationship between the true label a""]",canonical_phrase,__phrase__false_positives
62,feature engineering,feature engineering,"[""interacting with columns of an sframe welcome [MUSIC] So next, we're going to inspect some columns of our data set. So let me, let's inspect some columns of the data set. So let's take a look at it. So if I type sf['Country'], what it's gonna do is select a column country, and since I don't do anything to it, I don't set it equal to anything. It's just going to print it. Now, it says United States, Canada, England, USA, Poland, United States, Switzerland. So, that's the whole column, but printed"", ""challenge of missing data handling missing data [MUSIC] So far in this specialization data has always looked pretty beautiful. We sometimes end the look at little features in the area like taking raw text and turning into counts of words, the TFIDF, sometimes we created more advanced feature like polynomials, sines and cosines and so on. We did feature transformations, feature engineering but we always observe all of our data, so for every feature we always observe every possible value for every"", ""distance metrics euclidean and scaled euclidean nearest neighbor search [MUSIC] So this leads us straight into a discussion of how are we going to compute this distance between two given articles. Well, when we're in 1D one really simple measure that we can use is just Euclidean distance. And hopefully, this should be fairly familiar to you, but this really isn't going to be something of interest to us because this would be assuming that we just have, in our example, just one word in our vocabul""]",canonical_phrase,__phrase__feature_engineering
63,feature extraction,feature extraction::;feature extractor,"[""regression ml block diagram regression predicting house prices [MUSIC] In this module, we've seen how regression can be used to predict house prices and also be useful in a wide range of other applications. So, in the introduction to this course, Carlos introduced this machine learning pipeline, where we go from data, which gets shoved into some machine learning method, and we use that to derive intelligence. Well, let's dig into this block diagram and expand it, now that we've seen these some o"", ""classification ml block diagram classification analyzing sentiment [MUSIC] Now we've seen classification in a wide variety of settings and how we can really use to predict a class like a positive or negative sentiment from data. In the regression section, Amy talked about this block diagram that really describes how a machine learning algorithm iterates through its data. So now let’s take this same block diagram and work through it and describe how it works out in the case of classification with"", ""deep learning ml block diagram deep learning searching for images [MUSIC] >> We've now seen how cool deep learning can be. We cannot apply it in a wide range of areas and yet we need high accuracy by learning really detailed features of our data, and how your networks can support that. We've seen how it can be applied for various tasks in image analysis in computer vision. Let's now revisit the block diagram that we saw summarizing regression and classification and other machinery tasks. How can""]",canonical_phrase,__phrase__feature_extraction
64,feature scaling,feature scaling,"[""gradient descent in practice i feature scaling linear regression with multiple variables In this video and in the video after this one, I wanna tell you about some of the practical tricks for making gradient descent work well. In this video, I want to tell you about an idea called feature skill. Here's the idea. If you have a problem where you have multiple features, if you make sure that the features are on a similar scale, by which I mean make sure that the different features take on similar r"", ""features and polynomial regression linear regression with multiple variables You now know about linear regression with multiple variables. In this video, I wanna tell you a bit about the choice of features that you have and how you can get different learning algorithm, sometimes very powerful ones by choosing appropriate features. And in particular I also want to tell you about polynomial regression allows you to use the machinery of linear regression to fit very complicated, even very non-linea"", ""normal equation linear regression with multiple variables In this video, we'll talk about the normal equation, which for some linear regression problems, will give us a much better way to solve for the optimal value of the parameters theta. Concretely, so far the algorithm that we've been using for linear regression is gradient descent where in order to minimize the cost function J of Theta, we would take this iterative algorithm that takes many steps, multiple iterations of gradient descent to ""]",canonical_phrase,__phrase__feature_scaling
65,feature selection,feature selection,"[""outlining the second half of the course welcome [MUSIC] As one example of a way to handle this bias variance trade off, we're gonna talk about something called ridge regression, which not only includes a term that measures the fit of the function to the data, which is what we talked about before, but also incorporates a term that encodes what the model complexity is. Not quite directly, pretty indirectly as we're gonna describe in this module. But a key question then is how are we gonna define t"", ""the feature selection task feature selection lasso [MUSIC] In this module, we're gonna discuss how to select amongst a set of features to include in our model. And to do this, we're first gonna start by describing a way to explicitly search over all possible models. And then what we're gonna do is describe a way to implicitly do a feature selection using regularized regression, akin to the types of ideas we were talking about when we discussed ridge regression. So let's start by motivating this "", ""all subsets feature selection lasso [MUSIC] Okay, so how are we going to go about this feature selection task? Well one option we have, is the obvious choice, which is to search over every possible combination of features we might want to include in our model and look at the performance of each of those models. And that's exactly what the all subsets algorithm does and we're going to describe this now. Okay, well the all subsets algorithm starts by considering a model with absolutely no features""]",canonical_phrase,__phrase__feature_selection
66,feature space,feature space,"[""non linear hypotheses neural networks representation In this and in the next set of videos, I'd like to tell you about a learning algorithm called a Neural Network. We're going to first talk about the representation and then in the next set of videos talk about learning algorithms for it. Neutral networks is actually a pretty old idea, but had fallen out of favor for a while. But today, it is the state of the art technique for many different machine learning problems. So why do we need yet anoth"", ""using an svm support vector machines So far we've been talking about SVMs in a fairly abstract level. In this video I'd like to talk about what you actually need to do in order to run or to use an SVM. The support vector machine algorithm poses a particular optimization problem. But as I briefly mentioned in an earlier video, I really do not recommend writing your own software to solve for the parameter's theta yourself. So just as today, very few of us, or maybe almost essentially none of us wo"", ""module 1 recap hierarchical clustering closing remarks Congratulations on getting to the end of the clustering and retrieval course. We've covered a lot of ground in this course and in addition a lot of really advanced material. But through this course, you've learned some very practical algorithms for performing clustering and retrieval, and you should be able to actually go out there, implement these methods, and deploy them on real world problems. But before we wrap up, let's spend a little t""]",canonical_phrase,__phrase__feature_space
67,feature vector,feature vector::;feature vectors,"[""multiple features linear regression with multiple variables in this video we will start to talk about a new version of linear regression that's more powerful. One that works with multiple variables or with multiple features. Here's what I mean. In the original version of linear regression that we developed, we have a single feature x, the size of the house, and we wanted to use that to predict why the price of the house and this was our form of our hypothesis. But now imagine, what if we had not"", ""normal equation linear regression with multiple variables In this video, we'll talk about the normal equation, which for some linear regression problems, will give us a much better way to solve for the optimal value of the parameters theta. Concretely, so far the algorithm that we've been using for linear regression is gradient descent where in order to minimize the cost function J of Theta, we would take this iterative algorithm that takes many steps, multiple iterations of gradient descent to "", ""hypothesis representation logistic regression Let's start talking about logistic regression. In this video, I'd like to show you the hypothesis representation. That is, what is the function we're going to use to represent our hypothesis when we have a classification problem? Earlier, we said that we would like our classifier to output values that are between 0 and 1. So we'd like to come up with a hypothesis that satisfies this property, that is, predictions are maybe between 0 and 1. When we we""]",canonical_phrase,__phrase__feature_vector
68,forward propagation,forward propagation,"[""model representation ii neural networks representation In the last video, we gave a mathematical definition of how to represent or how to compute the hypotheses used by Neural Network. In this video, I like show you how to actually carry out that computation efficiently, and that is show you a vector rise implementation. And second, and more importantly, I want to start giving you intuition about why these neural network representations might be a good idea and how they can help us to learn comp"", ""backpropagation algorithm neural networks learning In the previous video, we talked about a cost function for the neural network. In this video, let's start to talk about an algorithm, for trying to minimize the cost function. In particular, we'll talk about the back propagation algorithm. Here's the cost function that we wrote down in the previous video. What we'd like to do is try to find parameters theta to try to minimize j of theta. In order to use either gradient descent or one of the adva"", ""backpropagation intuition neural networks learning In the previous video, we talked about the backpropagation algorithm. To a lot of people seeing it for the first time, their first impression is often that wow this is a really complicated algorithm, and there are all these different steps, and I'm not sure how they fit together. And it's kinda this black box of all these complicated steps. In case that's how you're feeling about backpropagation, that's actually okay. Backpropagation maybe unfor""]",canonical_phrase,__phrase__forward_propagation
69,gaussian density,gaussian density::;gaussian probability density::;gaussian distribution::;normal distribution,"[""basic operations octave matlab tutorial You now know a bunch about machine learning. In this video, I like to teach you a programing language, Octave, in which you'll be able to very quickly implement the the learning algorithms we've seen already, and the learning algorithms we'll see later in this course. In the past, I've tried to teach machine learning using a large variety of different programming languages including C++ Java, Python, NumPy, and also Octave, and what I found was that studen"", ""problem motivation anomaly detection In this next set of videos, I'd like to tell you about a problem called Anomaly Detection. This is a reasonably commonly use you type machine learning. And one of the interesting aspects is that it's mainly for unsupervised problem, that there's some aspects of it that are also very similar to sort of the supervised learning problem. So, what is anomaly detection? To explain it. Let me use the motivating example of: Imagine that you're a manufacturer of aircr"", ""gaussian distribution anomaly detection In this video, I'd like to talk about the Gaussian distribution which is also called the normal distribution. In case you're already intimately familiar with the Gaussian distribution, it's probably okay to skip this video, but if you're not sure or if it has been a while since you've worked with the Gaussian distribution or normal distribution then please do watch this video all the way to the end. And in the video after this we'll start applying the Gaus""]",canonical_phrase,__phrase__gaussian_density
70,gaussian kernel,gaussian kernel,"[""kernels i support vector machines In this video, I'd like to start adapting support vector machines in order to develop complex nonlinear classifiers. The main technique for doing that is something called kernels. Let's see what this kernels are and how to use them. If you have a training set that looks like this, and you want to find a nonlinear decision boundary to distinguish the positive and negative examples, maybe a decision boundary that looks like that. One way to do so is to come up wit"", ""kernels ii support vector machines In the last video, we started to talk about the kernels idea and how it can be used to define new features for the support vector machine. In this video, I'd like to throw in some of the missing details and, also, say a few words about how to use these ideas in practice. Such as, how they pertain to, for example, the bias variance trade-off in support vector machines. In the last video, I talked about the process of picking a few landmarks. You know, l1, l2, l3"", ""using an svm support vector machines So far we've been talking about SVMs in a fairly abstract level. In this video I'd like to talk about what you actually need to do in order to run or to use an SVM. The support vector machine algorithm poses a particular optimization problem. But as I briefly mentioned in an earlier video, I really do not recommend writing your own software to solve for the parameter's theta yourself. So just as today, very few of us, or maybe almost essentially none of us wo""]",canonical_phrase,__phrase__gaussian_kernel
71,gaussian model,gaussian model,"[""anomaly detection using the multivariate gaussian distribution anomaly detection In the last video we talked about the Multivariate Gaussian Distribution and saw some examples of the sorts of distributions you can model, as you vary the parameters, mu and sigma. In this video, let's take those ideas, and apply them to develop a different anomaly detection algorithm. To recap the multivariate Gaussian distribution and the multivariate normal distribution has two parameters, mu and sigma. Where mu"", ""an alternative document clustering model mixed membership modeling via latent dirichlet allocation [MUSIC] To build up to mixed membership models for documents though, it's helpful to first present an alternative clustering model to the mixture of Gaussian model we presented in the last module. So, just to emphasize, we're going back to our clustering model, where we're going to assume this more simple structure where every document is assigned to a single topic. But so far, when we've looked at"", ""module 3 recap hierarchical clustering closing remarks [MUSIC] In our third module, we continued this discussion of clustering, but within the context of probabilistic model based approaches, specifically mixture models. And we discuss how mixture models allow us to capture uncertainty in the assignment of data points to clusters, and we also motivated the use of mixture models as opposed to k-means, just by describing some of the failure modes of k-means. Because k-means assume these sphericall""]",canonical_phrase,__phrase__gaussian_model
72,gaussian random variable,gaussian random variable,"[""basic operations octave matlab tutorial You now know a bunch about machine learning. In this video, I like to teach you a programing language, Octave, in which you'll be able to very quickly implement the the learning algorithms we've seen already, and the learning algorithms we'll see later in this course. In the past, I've tried to teach machine learning using a large variety of different programming languages including C++ Java, Python, NumPy, and also Octave, and what I found was that studen""]",canonical_phrase,__phrase__gaussian_random_variable
73,generalization error,generalization error,"[""model selection and train validation test sets advice for applying machine learning Suppose you're left to decide what degree of polynomial to fit to a data set. So that what features to include that gives you a learning algorithm. Or suppose you'd like to choose the regularization parameter longer for learning algorithm. How do you do that? This account model selection process. Browsers, and in our discussion of how to do this, we'll talk about not just how to split your data into the train and"", ""diagnosing bias vs variance advice for applying machine learning If you run the learning algorithm and it doesn't do as well as you are hoping, almost all the time it will be because you have either a high bias problem or a high variance problem. In other words they're either an underfitting problem or an overfitting problem. And in this case it's very important to figure out which of these two problems is bias or variance or a bit of both that you actually have. Because knowing which of these t"", ""generalization error what we really want assessing performance [MUSIC] So, instead of using training error to assess our predictive performance. What we'd really like to do is analyze something that's called generalization or true error. So, in particular, we really want an estimate of what the loss is averaged over all houses that we might ever see in our neighborhood. But really, in our dataset we only have a few examples of houses that were sold. But there are lots of other houses that are in""]",canonical_phrase,__phrase__generalization_error
74,generalized linear models,generalized linear models,"[""what we covered and what we didn t cover closing remarks [MUSIC] Okay, so here's a summary of the large set of topics that we've covered in this course. We talked about a bunch of models including, different models of linear regression from simple regression to multiple regression. We talked about doing ridge regression and Lasso. And then, Nearest neighbors and kernel regression. And we also talked about some very important optimisation algorithms like Gradient descent and Coordinate descent. A"", ""predicting class probabilities with generalized linear models linear classifiers logistic regression [MUSIC] Now let's take a deep dive, and understand how we're going to predict the probability that a sentence is positive or negative using linear classifiers. Or we call them linear models. So now we're taking some input data x. We're going to compute some features h, and we're going to output this P hat, the probability that the label is positive or negative. Now if you'll go back to our exampl"", ""the sigmoid or logistic link function linear classifiers logistic regression [MUSIC] >> Very good. Now, we learn this abstract concept of squeezing the score into the interval 0, 1. And we call it generalized linear models. It's pretty abstract. Logistic regression is a specific case of that, where we use what's called the logistic function to squeeze minus infinity to plus infinity into the interval 0, 1 so we can predict probabilities for every class. For logistic regression, the link function""]",canonical_phrase,__phrase__generalized_linear_models
75,gibbs sampler,gibbs sampler::;gibbs sampling,"[""course overview welcome [MUSIC] This course is going to follow the same philosophy as our past courses. In particular, we're going to use case studies to motivate the key concepts that we're going to teach. But there are a number of other key features that define the way we teach our courses in this specialization. In particular, we teach a set of core machine learning concepts and we do so both through our case studies as well as using visual aids to very dramatically guide the process. And the"", ""the need for bayesian inference mixed membership modeling via latent dirichlet allocation [MUSIC] Let's now describe a specific algorithm we can use for entrance in our LDA model. An algorithm we're going to cover is called Gibbs sampling. Recall that for the clustering task, we focused on two different algorithms. One was k-means which iterated between the following steps where we're making hard assignments of datapoints to clusters. And we said that we can view k-means as a coordinate descent "", ""gibbs sampling from 10 000 feet mixed membership modeling via latent dirichlet allocation [MUSIC] But, as an alternative, we can perform Bayesian inference using a totally different algorithm called Gibbs sampling. And in Gibbs sampling, we're going to iteratively provide hard assignments just like we did in k-means, but these hard assignments are going to be drawn randomly from a specific distribution, whereas remembering k-means, we just solved an equation and got a solution. But the point her""]",canonical_phrase,__phrase__gibbs_sampler
76,global minimum,global minimum,"[""gradient descent intuition linear regression with one variable In the previous video, we gave a mathematical definition of gradient descent. Let's delve deeper and in this video get better intuition about what the algorithm is doing and why the steps of the gradient descent algorithm might make sense. Here's a gradient descent algorithm that we saw last time and just to remind you this parameter, or this term alpha is called the learning rate. And it controls how big a step we take when updating"", ""gradient descent for linear regression linear regression with one variable In previous videos, we talked about the gradient descent algorithm and we talked about the linear regression model and the squared error cost function. In this video we're gonna put together gradient descent with our cost function, and that will give us an algorithm for linear regression or putting a straight line to our data. So this was what we worked out in the previous videos. This gradient descent algorithm which you"", ""gradient descent in practice i feature scaling linear regression with multiple variables In this video and in the video after this one, I wanna tell you about some of the practical tricks for making gradient descent work well. In this video, I want to tell you about an idea called feature skill. Here's the idea. If you have a problem where you have multiple features, if you make sure that the features are on a similar scale, by which I mean make sure that the different features take on similar r""]",canonical_phrase,__phrase__global_minimum
77,global optimum,global optimum,"[""gradient descent for linear regression linear regression with one variable In previous videos, we talked about the gradient descent algorithm and we talked about the linear regression model and the squared error cost function. In this video we're gonna put together gradient descent with our cost function, and that will give us an algorithm for linear regression or putting a straight line to our data. So this was what we worked out in the previous videos. This gradient descent algorithm which you"", ""putting it together neural networks learning So, it's taken us a lot of videos to get through the neural network learning algorithm. In this video, what I'd like to do is try to put all the pieces together, to give a overall summary or a bigger picture view, of how all the pieces fit together and of the overall process of how to implement a neural network learning algorithm. When training a neural network, the first thing you need to do is pick some network architecture and by architecture I jus"", ""k means as coordinate descent clustering with k means [MUSIC] K-means might seem like heuristic algorithm but you can actually view it as an example of a coordinate descent algorithm. In particular K-means iterate between two steps. One is assigning observations to the nearest cluster center. And the other is updating the cluster centers. Well, this first step where we assign observations to the nearest cluster center, we can clearly see from this equation is equivalent to minimizing the given o""]",canonical_phrase,__phrase__global_optimum
78,gradient algorithm,gradient algorithm,"[""choosing step size learning linear classifiers [MUSIC] So far when we talked about gradient decent and gradient ascent we had the step size parameter a that we just assumed to be given. Let's talk a little about how to choose that step size parameter a. Spoiler alert this is really hard, it requires lots of tuning and one of the annoying things about gradient assent approach. We're going to talk about a few heuristics of how we might want to do that. Now one of the most important things you can "", ""why would stochastic gradient ever work scaling to huge datasets online learning [MUSIC] So we've made a small change to the gradient algorithm but it is still big. We start looking at all the data points one at a time. Why should this even work? Why is this a good idea at all? Let's spend a little bit of time getting intuition of why it works. And this intuition is going to help us understand the behavior of the algorithm in practice. In this picture, I'm showing you the landscape, the counter "", ""shuffle data before running stochastic gradient scaling to huge datasets online learning [MUSIC] You've heard me hint about this a lot today, and the practical issues of stochastic gradient are pretty significant. So for most of the remaining of the module, we'll talk about how to address some of those practical issues. Let's take a moment to review the stochastic gradient algorithm. We initialize our parameters, our coefficients to some value, let's say all 0. And then until convergence, we go ""]",canonical_phrase,__phrase__gradient_algorithm
79,gradient ascent,gradient ascent,"[""assumed background welcome [MUSIC] We're not starting from scratch in this course, and we're going to assume some background from all of us. In fact, we're going to assume that you've taken the first two courses in the specialization. This is really fundamental. From the first course, you gained a wide view of what's possible to do with machine learning. And if you already have that view, it's okay. But this is something that's going to be very helpful, as well as facilitating kind of your progr"", ""overview of learning logistic regression models linear classifiers logistic regression [MUSIC] Now that we've seen the logistic regression model and we understand it in quite a bit of detail, let's give a quick overview of what learning means for this model. Although in the next module we're going to go into quite a lot of detail to learning algorithm. This is just a little primer, a teaser for what's coming in the next module. Now we're going to start from some data and that data has inputs x a"", ""intuition behind maximum likelihood estimation learning linear classifiers [MUSIC] In order to learn the coefficients w hat from data, we have to define some kind of quality metric so that the coefficients give you the highest quality, that's what w hat is supposed to be. So if we go back to our learning loop when getting some training data, we squeeze it from feature generation, or feature extraction systems, that gets to h(x). In our model is a logistic regression model we're not going to talk""]",canonical_phrase,__phrase__gradient_ascent
80,gradient checking,gradient checking,"[""gradient checking neural networks learning In the last few videos we talked about how to do forward propagation and back propagation in a neural network in order to compute derivatives. But back prop as an algorithm has a lot of details and can be a little bit tricky to implement. And one unfortunate property is that there are many ways to have subtle bugs in back prop. So that if you run it with gradient descent or some other optimizational algorithm, it could actually look like it's working. A"", ""random initialization neural networks learning In the previous video, we've put together almost all the pieces you need in order to implement and train in your network. There's just one last idea I need to share with you, which is the idea of random initialization. When you're running an algorithm of gradient descent, or also the advanced optimization algorithms, we need to pick some initial value for the parameters theta. So for the advanced optimization algorithm, it assumes you will pass it s"", ""putting it together neural networks learning So, it's taken us a lot of videos to get through the neural network learning algorithm. In this video, what I'd like to do is try to put all the pieces together, to give a overall summary or a bigger picture view, of how all the pieces fit together and of the overall process of how to implement a neural network learning algorithm. When training a neural network, the first thing you need to do is pick some network architecture and by architecture I jus""]",canonical_phrase,__phrase__gradient_checking
81,gradient descent,gradient descent,"[""gradient descent linear regression with one variable We previously defined the cost function J. In this video, I want to tell you about an algorithm called gradient descent for minimizing the cost function J. It turns out gradient descent is a more general algorithm, and is used not only in linear regression. It's actually used all over the place in machine learning. And later in the class, we'll use gradient descent to minimize other functions as well, not just the cost function J for the linea"", ""gradient descent intuition linear regression with one variable In the previous video, we gave a mathematical definition of gradient descent. Let's delve deeper and in this video get better intuition about what the algorithm is doing and why the steps of the gradient descent algorithm might make sense. Here's a gradient descent algorithm that we saw last time and just to remind you this parameter, or this term alpha is called the learning rate. And it controls how big a step we take when updating"", ""gradient descent for linear regression linear regression with one variable In previous videos, we talked about the gradient descent algorithm and we talked about the linear regression model and the squared error cost function. In this video we're gonna put together gradient descent with our cost function, and that will give us an algorithm for linear regression or putting a straight line to our data. So this was what we worked out in the previous videos. This gradient descent algorithm which you""]",canonical_phrase,__phrase__gradient_descent
82,greedy algorithm,greedy algorithm::;greedy algorithms,"[""greedy algorithms feature selection lasso [MUSIC] Okay. So, in cases where you can't do all subsets, what can we do? Well, one thing we can do, which is gonna be option number two in our series of feature selection algorithms. Is to do a sub-optimal, but tractable approach to selecting amongst features. And that's a set of greedy algorithms that we're gonna consider now. So, one simple algorithm is what's called the forward stepwise algorithm, where you start with some set of possible features. "", ""complexity of the greedy forward stepwise algorithm feature selection lasso [MUSIC] So now let's talk about the complexity of this forward stepwise algorithm. And contrast it with the all subsets procedure. So how many models did we evaluate here? Well, in the first step, assuming that we have a total of D features, we searched over D models. Then, in the second step, we had D-1 models to search over. So all remaining features we might think about adding. And then the third step, we had D-2 feat"", ""can we use regularization for feature selection feature selection lasso [MUSIC] Well, for our third option for feature selection, we're gonna explore a completely different approach which is using regularized regression to implicitly perform feature selection for us. And the algorithm we're gonna explore is called Lasso. And it's really fundamentally changed the field of machine learning, statistics, and engineering. It's had a lot of, lot of impact, in just a number of applications. And it's a ""]",canonical_phrase,__phrase__greedy_algorithm
83,hidden layer,hidden layer::;hidden layers,"[""model representation i neural networks representation In this video, I want to start telling you about how we represent neural networks. In other words, how we represent our hypothesis or how we represent our model when using neural networks. Neural networks were developed as simulating neurons or networks of neurons in the brain. So, to explain the hypothesis representation let's start by looking at what a single neuron in the brain looks like. Your brain and mine is jam packed full of neurons "", ""model representation ii neural networks representation In the last video, we gave a mathematical definition of how to represent or how to compute the hypotheses used by Neural Network. In this video, I like show you how to actually carry out that computation efficiently, and that is show you a vector rise implementation. And second, and more importantly, I want to start giving you intuition about why these neural network representations might be a good idea and how they can help us to learn comp"", ""examples and intuitions ii neural networks representation In this video I'd like to keep working through our example to show how a Neural Network can compute complex non linear hypothesis. In the last video we saw how a Neural Network can be used to compute the functions x1 AND x2, and the function x1 OR x2 when x1 and x2 are binary, that is when they take on values 0,1. We can also have a network to compute negation, that is to compute the function not x1. Let me just write down the ways associ""]",canonical_phrase,__phrase__hidden_layer
84,hidden unit,hidden unit::;hidden units,"[""model representation i neural networks representation In this video, I want to start telling you about how we represent neural networks. In other words, how we represent our hypothesis or how we represent our model when using neural networks. Neural networks were developed as simulating neurons or networks of neurons in the brain. So, to explain the hypothesis representation let's start by looking at what a single neuron in the brain looks like. Your brain and mine is jam packed full of neurons "", ""examples and intuitions ii neural networks representation In this video I'd like to keep working through our example to show how a Neural Network can compute complex non linear hypothesis. In the last video we saw how a Neural Network can be used to compute the functions x1 AND x2, and the function x1 OR x2 when x1 and x2 are binary, that is when they take on values 0,1. We can also have a network to compute negation, that is to compute the function not x1. Let me just write down the ways associ"", ""backpropagation intuition neural networks learning In the previous video, we talked about the backpropagation algorithm. To a lot of people seeing it for the first time, their first impression is often that wow this is a really complicated algorithm, and there are all these different steps, and I'm not sure how they fit together. And it's kinda this black box of all these complicated steps. In case that's how you're feeling about backpropagation, that's actually okay. Backpropagation maybe unfor""]",canonical_phrase,__phrase__hidden_unit
85,hierarchical clustering,hierarchical clustering,"[""module 1 recap hierarchical clustering closing remarks Congratulations on getting to the end of the clustering and retrieval course. We've covered a lot of ground in this course and in addition a lot of really advanced material. But through this course, you've learned some very practical algorithms for performing clustering and retrieval, and you should be able to actually go out there, implement these methods, and deploy them on real world problems. But before we wrap up, let's spend a little t"", ""module 2 recap hierarchical clustering closing remarks [MUSIC] So that was our deep dive into retrieval where a lot of our focus was not only on how do we think about representing our data and computing distances, which are very critical to the performance of the nearest neighbour algorithm, but we also focus very heavily on how we think about scaling up nearest neighbour search to really large data sets. Thinking about using KD trees, and locality sense of hashing, and using both of these to pe"", ""module 3 recap hierarchical clustering closing remarks [MUSIC] In our third module, we continued this discussion of clustering, but within the context of probabilistic model based approaches, specifically mixture models. And we discuss how mixture models allow us to capture uncertainty in the assignment of data points to clusters, and we also motivated the use of mixture models as opposed to k-means, just by describing some of the failure modes of k-means. Because k-means assume these sphericall""]",canonical_phrase,__phrase__hierarchical_clustering
86,high order polynomial,high order polynomial::;high order polynomials,"[""the problem of overfitting regularization By now, you've seen a couple different learning algorithms, linear regression and logistic regression. They work well for many problems, but when you apply them to certain machine learning applications, they can run into a problem called overfitting that can cause them to perform very poorly. What I'd like to do in this video is explain to you what is this overfitting problem, and in the next few videos after this, we'll talk about a technique called reg"", ""cost function regularization In this video, I'd like to convey to you, the main intuitions behind how regularization works. And, we'll also write down the cost function that we'll use, when we were using regularization. With the hand drawn examples that we have on these slides, I think I'll be able to convey part of the intuition. But, an even better way to see for yourself, how regularization works, is if you implement it, and, see it work for yourself. And, if you do the appropriate exercises "", ""regularized logistic regression regularization For logistic regression, we previously talked about two types of optimization algorithms. We talked about how to use gradient descent to optimize as cost function J of theta. And we also talked about advanced optimization methods. Ones that require that you provide a way to compute your cost function J of theta and that you provide a way to compute the derivatives. In this video, we'll show how you can adapt both of those techniques, both gradient d""]",canonical_phrase,__phrase__high_order_polynomial
87,precision,precision,"[""inverse and transpose linear algebra review In this video, I want to tell you about a couple of special matrix operations, called the matrix inverse and the matrix transpose operation. Let's start by talking about matrix inverse, and as usual we'll start by thinking about how it relates to real numbers. In the last video, I said that the number one plays the role of the identity in the space of real numbers because one times anything is equal to itself. It turns out that real numbers have this p"", ""error metrics for skewed classes machine learning system design In the previous video, I talked about error analysis and the importance of having error metrics, that is of having a single real number evaluation metric for your learning algorithm to tell how well it's doing. In the context of evaluation and of error metrics, there is one important case, where it's particularly tricky to come up with an appropriate error metric, or evaluation metric, for your learning algorithm. That case is the c"", ""summary and thank you application example photo ocr Welcome to the final video of this Machine Learning class. We've been through a lot of different videos together. In this video I would like to just quickly summarize the main topics of this course and then say a few words at the end and that will wrap up the class. So what have we done? In this class we spent a lot of time talking about supervised learning algorithms like linear regression, logistic regression, neural networks, SVMs. for probl""]",canonical_phrase,__phrase__precision
88,recall,recall,"[""unsupervised learning introduction In this video, we'll talk about the second major type of machine learning problem, called Unsupervised Learning. In the last video, we talked about Supervised Learning. Back then, recall data sets that look like this, where each example was labeled either as a positive or negative example, whether it was a benign or a malignant tumor. So for each example in Supervised Learning, we were told explicitly what is the so-called right answer, whether it's benign or m"", ""backpropagation algorithm neural networks learning In the previous video, we talked about a cost function for the neural network. In this video, let's start to talk about an algorithm, for trying to minimize the cost function. In particular, we'll talk about the back propagation algorithm. Here's the cost function that we wrote down in the previous video. What we'd like to do is try to find parameters theta to try to minimize j of theta. In order to use either gradient descent or one of the adva"", ""error metrics for skewed classes machine learning system design In the previous video, I talked about error analysis and the importance of having error metrics, that is of having a single real number evaluation metric for your learning algorithm to tell how well it's doing. In the context of evaluation and of error metrics, there is one important case, where it's particularly tricky to come up with an appropriate error metric, or evaluation metric, for your learning algorithm. That case is the c""]",canonical_phrase,__phrase__recall
89,hypothesis,hypothesis,"[""model representation linear regression with one variable Our first learning algorithm will be linear regression. In this video, you'll see what the model looks like and more importantly you'll see what the overall process of supervised learning looks like. Let's use some motivating example of predicting housing prices. We're going to use a data set of housing prices from the city of Portland, Oregon. And here I'm gonna plot my data set of a number of houses that were different sizes that were so"", ""cost function linear regression with one variable In this video we'll define something called the cost function, this will let us figure out how to fit the best possible straight line to our data. In linear progression, we have a training set that I showed here remember on notation M was the number of training examples, so maybe m equals 47. And the form of our hypothesis, which we use to make predictions is this linear function. To introduce a little bit more terminology, these theta zero and t"", ""cost function intuition i linear regression with one variable In the previous video, we gave the mathematical definition of the cost function. In this video, let's look at some examples, to get back to intuition about what the cost function is doing, and why we want to use it. To recap, here's what we had last time. We want to fit a straight line to our data, so we had this formed as a hypothesis with these parameters theta zero and theta one, and with different choices of the parameters we end ""]",canonical_phrase,__phrase__hypothesis
90,identity matrics,identity matrics::;identity matrix,"[""matrix multiplication properties linear algebra review Matrix multiplication is really useful, since you can pack a lot of computation into just one matrix multiplication operation. But you should be careful of how you use them. In this video, I wanna tell you about a few properties of matrix multiplication. When working with just real numbers or when working with scalars, multiplication is commutative. And what I mean by that is that if you take 3 times 5, that is equal to 5 times 3. And the or"", ""inverse and transpose linear algebra review In this video, I want to tell you about a couple of special matrix operations, called the matrix inverse and the matrix transpose operation. Let's start by talking about matrix inverse, and as usual we'll start by thinking about how it relates to real numbers. In the last video, I said that the number one plays the role of the identity in the space of real numbers because one times anything is equal to itself. It turns out that real numbers have this p"", ""working on and submitting programming assignments linear regression with multiple variables In this video, I want to just quickly step you through the logistics of how to work on homeworks in this class and how to use the submission system which will let you verify right away that you got the right answer for your machine learning program exercise. Here's my Octave window and let's first go to my desktop. I saved the files for my first exercise, some of the files on my desktop: in this directory""]",canonical_phrase,__phrase__identity_matrics
91,image classification,image classification,"[""learning very non linear features with neural networks deep learning searching for images [MUSIC] Great. We talked about an application of finding cool shoes or dresses just based on image features. The technique that we're gonna use today is called deep learning. And in particular it's based on something called neural networks. But before we get there, let's talk about data representation. We discussed things like TFIDF and bag of word models, but how do you really represent data when it comes "", ""deep features deep learning searching for images [MUSIC] So, we've learned that deep neural networks are really cool, high accuracy tool, but they can be really hard to build and learn, and require lots and lots of data. So next, we're gonna talk about something really exciting. Which is called deep features, which allow you to build neural networks, even when you don't have a lot of data. So, if you go back to our data image classification pipeline, where we start with an image, we detected som"", ""deep learning ml block diagram deep learning searching for images [MUSIC] >> We've now seen how cool deep learning can be. We cannot apply it in a wide range of areas and yet we need high accuracy by learning really detailed features of our data, and how your networks can support that. We've seen how it can be applied for various tasks in image analysis in computer vision. Let's now revisit the block diagram that we saw summarizing regression and classification and other machinery tasks. How can""]",canonical_phrase,__phrase__image_classification
92,image retrieval,image retrieval,"[""deep learning ml block diagram deep learning searching for images [MUSIC] >> We've now seen how cool deep learning can be. We cannot apply it in a wide range of areas and yet we need high accuracy by learning really detailed features of our data, and how your networks can support that. We've seen how it can be applied for various tasks in image analysis in computer vision. Let's now revisit the block diagram that we saw summarizing regression and classification and other machinery tasks. How can"", ""loading image data deep learning searching for images [MUSIC] We saw how deep features were great for image classification. They allowed us to get quite high accuracy, even with just a little bit of training data on a particular classification task by first finding features from this deep learning model that won the 2012 ImageNet competition. So, that was pretty exciting. But if you remember the motivation at the beginning, kind of the sample use case at the beginning of this module, we're talki"", ""creating a nearest neighbors model for image retrieval deep learning searching for images [MUSIC] So, this is going to be pretty simple. It'll be similar to the document retrieval notebook that we did to find documents that were similar to Barack Obama, to Clinton, to Beckham, and others. So, let's go ahead and what we're going to do is train a nearest-neighbors model for retrieving images using deep features. So this is going to be pretty simple. And we're gonna call it the, knn_model, just lik""]",canonical_phrase,__phrase__image_retrieval
93,inner product,inner product::;inner products,"[""multiple features linear regression with multiple variables in this video we will start to talk about a new version of linear regression that's more powerful. One that works with multiple variables or with multiple features. Here's what I mean. In the original version of linear regression that we developed, we have a single feature x, the size of the house, and we wanted to use that to predict why the price of the house and this was our form of our hypothesis. But now imagine, what if we had not"", ""vectorization octave matlab tutorial In this video I like to tell you about the idea of Vectorization. So, whether you using Octave or a similar language like MATLAB or whether you're using Python [INAUDIBLE], R, Java, C++, all of these languages have either built into them or have regularly and easily accessible difference in numerical linear algebra libraries. They're usually very well written, highly optimized, often sort of developed by people that have PhDs in numerical computing or they're"", ""mathematics behind large margin classification support vector machines In this video, I'd like to tell you a bit about the math behind large margin classification. This video is optional, so please feel free to skip it. It may also give you better intuition about how the optimization problem of the support vex machine, how that leads to large margin classifiers. In order to get started, let me first remind you of a couple of properties of what vector inner products look like. Let's say I have tw""]",canonical_phrase,__phrase__inner_product
94,input data,input data,"[""using an svm support vector machines So far we've been talking about SVMs in a fairly abstract level. In this video I'd like to talk about what you actually need to do in order to run or to use an SVM. The support vector machine algorithm poses a particular optimization problem. But as I briefly mentioned in an earlier video, I really do not recommend writing your own software to solve for the parameter's theta yourself. So just as today, very few of us, or maybe almost essentially none of us wo"", ""training and evaluating a classifier classification analyzing sentiment [MUSIC] In the regression model, we talked about predicting house prices and fitting a regression model for that and we measured the error in terms of sum-squared errors. Here in classification, our errors are a little different because we are talking about what inputs we get correct and which inputs we get wrong. So let's talk a little bit about measuring error in classification. So when I learn a classifier, I'm given a se"", ""classification ml block diagram classification analyzing sentiment [MUSIC] Now we've seen classification in a wide variety of settings and how we can really use to predict a class like a positive or negative sentiment from data. In the regression section, Amy talked about this block diagram that really describes how a machine learning algorithm iterates through its data. So now let’s take this same block diagram and work through it and describe how it works out in the case of classification with""]",canonical_phrase,__phrase__input_data
95,input layer,input layer,"[""model representation i neural networks representation In this video, I want to start telling you about how we represent neural networks. In other words, how we represent our hypothesis or how we represent our model when using neural networks. Neural networks were developed as simulating neurons or networks of neurons in the brain. So, to explain the hypothesis representation let's start by looking at what a single neuron in the brain looks like. Your brain and mine is jam packed full of neurons "", ""model representation ii neural networks representation In the last video, we gave a mathematical definition of how to represent or how to compute the hypotheses used by Neural Network. In this video, I like show you how to actually carry out that computation efficiently, and that is show you a vector rise implementation. And second, and more importantly, I want to start giving you intuition about why these neural network representations might be a good idea and how they can help us to learn comp"", ""examples and intuitions ii neural networks representation In this video I'd like to keep working through our example to show how a Neural Network can compute complex non linear hypothesis. In the last video we saw how a Neural Network can be used to compute the functions x1 AND x2, and the function x1 OR x2 when x1 and x2 are binary, that is when they take on values 0,1. We can also have a network to compute negation, that is to compute the function not x1. Let me just write down the ways associ""]",canonical_phrase,__phrase__input_layer
96,input space,input space,"[""formally defining the 3 sources of error assessing performance [MUSIC] So by now we've gone through notions of three sources of error at a level that's needed to be a practitioner in machine learning. But we know that some of you are interested in more of the technical underpinnings of these ideas both in terms of mathematical formalisms and statistical understanding. And so what we've done is created this optional video that provides a much more technical definition of the three sources of erro"", ""formally deriving why 3 sources of error assessing performance [MUSIC] So we've just finished our deep dive into the formal definition of the three different sources of error that we have. But now, what we're gonna do is we're gonna turn to again, another optional video. It's gonna be even more technical, possibly than the video that we just completed. To derive why specifically these are the three sources of error, and why they appear as sigma squared plus squared plus variance. Okay, so let's "", ""limitations of parametric regression nearest neighbors kernel regression [MUSIC] We've talked at great length about models where you specify some set of features. And what that results in is a model with fixed flexibility. There's a finite capacity to how flexible the model can be based on the specified features. But now we're gonna take a totally different approach. There are approaches that are called nonparametric approaches. And the one that we're gonna look at in this module is called k-nea""]",canonical_phrase,__phrase__input_space
97,input units,input units::;input wires,"[""model representation i neural networks representation In this video, I want to start telling you about how we represent neural networks. In other words, how we represent our hypothesis or how we represent our model when using neural networks. Neural networks were developed as simulating neurons or networks of neurons in the brain. So, to explain the hypothesis representation let's start by looking at what a single neuron in the brain looks like. Your brain and mine is jam packed full of neurons "", ""backpropagation intuition neural networks learning In the previous video, we talked about the backpropagation algorithm. To a lot of people seeing it for the first time, their first impression is often that wow this is a really complicated algorithm, and there are all these different steps, and I'm not sure how they fit together. And it's kinda this black box of all these complicated steps. In case that's how you're feeling about backpropagation, that's actually okay. Backpropagation maybe unfor"", ""putting it together neural networks learning So, it's taken us a lot of videos to get through the neural network learning algorithm. In this video, what I'd like to do is try to put all the pieces together, to give a overall summary or a bigger picture view, of how all the pieces fit together and of the overall process of how to implement a neural network learning algorithm. When training a neural network, the first thing you need to do is pick some network architecture and by architecture I jus""]",canonical_phrase,__phrase__input_units
98,iterative algorithm,iterative algorithm,"[""gradient descent for linear regression linear regression with one variable In previous videos, we talked about the gradient descent algorithm and we talked about the linear regression model and the squared error cost function. In this video we're gonna put together gradient descent with our cost function, and that will give us an algorithm for linear regression or putting a straight line to our data. So this was what we worked out in the previous videos. This gradient descent algorithm which you"", ""matrix matrix multiplication linear algebra review In this video we'll talk about matrix-matrix multiplication, or how to multiply two matrices together. When we talk about the method in linear regression for how to solve for the parameters theta 0 and theta 1 all in one shot, without needing an iterative algorithm like gradient descent. When we talk about that algorithm, it turns out that matrix-matrix multiplication is one of the key steps that you need to know. So let's, as usual, start with "", ""normal equation linear regression with multiple variables In this video, we'll talk about the normal equation, which for some linear regression problems, will give us a much better way to solve for the optimal value of the parameters theta. Concretely, so far the algorithm that we've been using for linear regression is gradient descent where in order to minimize the cost function J of Theta, we would take this iterative algorithm that takes many steps, multiple iterations of gradient descent to ""]",canonical_phrase,__phrase__iterative_algorithm
99,joint model probability,joint model probability,"[""gibbs sampling from 10 000 feet mixed membership modeling via latent dirichlet allocation [MUSIC] But, as an alternative, we can perform Bayesian inference using a totally different algorithm called Gibbs sampling. And in Gibbs sampling, we're going to iteratively provide hard assignments just like we did in k-means, but these hard assignments are going to be drawn randomly from a specific distribution, whereas remembering k-means, we just solved an equation and got a solution. But the point her"", ""using the output of collapsed gibbs sampling mixed membership modeling via latent dirichlet allocation [MUSIC] Well, you might be sitting here thinking, why are we sampling just the word indicators? I don't care about those. Is this just a total waste? Remember that we discussed before that the thing that we're typically interested in are the topic vocabulary distributions for interpretability of the topics present in the corpus, as well as the topic proportions within every document. Because th"", ""module 4 recap hierarchical clustering closing remarks [MUSIC] And finally, in our fourth module, we look at a probabilistic model that provide a more intricate description of our data point in the relationships between data points than our simple clustering representation. And in particular, we look at something called mixed membership modeling. And for a document analysis task, this model was called Latent Dirichlet allocation. But before we presented Latent Dirichlet allocation or LDA for sho""]",canonical_phrase,__phrase__joint_model_probability
100,k means,k means::;k-means,"[""k means algorithm unsupervised learning In the clustering problem we are given an unlabeled data set and we would like to have an algorithm automatically group the data into coherent subsets or into coherent clusters for us. The K Means algorithm is by far the most popular, by far the most widely used clustering algorithm, and in this video I would like to tell you what the K Means Algorithm is and how it works. The K means clustering algorithm is best illustrated in pictures. Let's say I want t"", ""optimization objective unsupervised learning Most of the supervised learning algorithms we've seen, things like linear regression, logistic regression, and so on, all of those algorithms have an optimization objective or some cost function that the algorithm was trying to minimize. It turns out that k-means also has an optimization objective or a cost function that it's trying to minimize. And in this video I'd like to tell you what that optimization objective is. And the reason I want to do so "", ""random initialization unsupervised learning In this video, I'd like to talk about how to initialize K-means and more importantly, this will lead into a discussion of how to make K-means avoid local optima as well. Here's the K-means clustering algorithm that we talked about earlier. One step that we never really talked much about was this step of how you randomly initialize the cluster centroids. There are few different ways that one can imagine using to randomly initialize the cluster centroids""]",canonical_phrase,__phrase__k_means
101,k nearest neighbors,k nearest neighbors::;k-nearest neighbor::;k-nearest neighbors,"[""limitations of parametric regression nearest neighbors kernel regression [MUSIC] We've talked at great length about models where you specify some set of features. And what that results in is a model with fixed flexibility. There's a finite capacity to how flexible the model can be based on the specified features. But now we're gonna take a totally different approach. There are approaches that are called nonparametric approaches. And the one that we're gonna look at in this module is called k-nea"", ""k nearest neighbors regression nearest neighbors kernel regression [MUSIC] And, what this motivates us to look at is something called k-Nearest neighbors, which is a very simple extension off of one nearest neighbors. And, again going back to our housing application, it's what real estate agents do. I said they just look at the nearest house, but that's not quite true, they tend to go out and get a set of what are called comps. So, instead of just looking for the closest, most similar house to y"", ""k nearest neighbors in practice nearest neighbors kernel regression [MUSIC] So, now let's look at neighbors in practice. We're gonna look at exactly the same data set we looked at for one neighbors where we show that really noisy fit. And what we see is that things look a lot better here. So, in this yellow box What we're showing are all the nearest neighbors for a specific target point x zero. So, there's a red line going up from our target, our quarry point, to a yellow box and this yellow box""]",canonical_phrase,__phrase__k_nearest_neighbors
102,k-means objective,k-means objective,"[""k means as coordinate descent clustering with k means [MUSIC] K-means might seem like heuristic algorithm but you can actually view it as an example of a coordinate descent algorithm. In particular K-means iterate between two steps. One is assigning observations to the nearest cluster center. And the other is updating the cluster centers. Well, this first step where we assign observations to the nearest cluster center, we can clearly see from this equation is equivalent to minimizing the given o"", ""assessing the quality and choosing the number of clusters clustering with k means [MUSIC] So we've talked about the k-meansw clustering algorithm and then a smart initialization to the algorithm. But now let's turn to assessing how do we measure the quality of the clustering and what's a method for choosing the number of clusters? So as an example, here are two of the clusterings that we found based on two different initializations of our k-means algorithm. And a question is, which one do I pref""]",canonical_phrase,__phrase__k-means_objective
103,kernel function,kernel function,"[""kernels i support vector machines In this video, I'd like to start adapting support vector machines in order to develop complex nonlinear classifiers. The main technique for doing that is something called kernels. Let's see what this kernels are and how to use them. If you have a training set that looks like this, and you want to find a nonlinear decision boundary to distinguish the positive and negative examples, maybe a decision boundary that looks like that. One way to do so is to come up wit"", ""using an svm support vector machines So far we've been talking about SVMs in a fairly abstract level. In this video I'd like to talk about what you actually need to do in order to run or to use an SVM. The support vector machine algorithm poses a particular optimization problem. But as I briefly mentioned in an earlier video, I really do not recommend writing your own software to solve for the parameter's theta yourself. So just as today, very few of us, or maybe almost essentially none of us wo""]",canonical_phrase,__phrase__kernel_function
104,kernel regression,kernel regression,"[""outlining the second half of the course welcome [MUSIC] As one example of a way to handle this bias variance trade off, we're gonna talk about something called ridge regression, which not only includes a term that measures the fit of the function to the data, which is what we talked about before, but also incorporates a term that encodes what the model complexity is. Not quite directly, pretty indirectly as we're gonna describe in this module. But a key question then is how are we gonna define t"", ""limitations of parametric regression nearest neighbors kernel regression [MUSIC] We've talked at great length about models where you specify some set of features. And what that results in is a model with fixed flexibility. There's a finite capacity to how flexible the model can be based on the specified features. But now we're gonna take a totally different approach. There are approaches that are called nonparametric approaches. And the one that we're gonna look at in this module is called k-nea"", ""1 nearest neighbor regression approach nearest neighbors kernel regression [MUSIC] And this simple approach is called nearest neighbor regression. So the idea of nearest neighbor regression is you have some set of data points, which are shown as these blue circles. And then, when you go to predict the value at any point in your input space. All you do is you look for the closest observation that you have and what its outputted value is, and you just predict that your value is exactly equivalent ""]",canonical_phrase,__phrase__kernel_regression
105,l1 penalty,l1 penalty,"[""overfitting demo ridge regression [MUSIC] So let's generate some data and fit polynomials of increasing degrees and see what happens to the estimated coefficients. So to start with, let's just import some libraries that are gonna be useful. And then we're gonna just create 30 different x values. So, in the end we're gonna create a data set with 30 observations. And then what we're gonna do is, we're gonna compute the value of this sign functions. So, evaluate the sign function at these 30 x valu"", ""visualizing the lasso cost and solution feature selection lasso But now let's go through exactly the same geometric interpretation for our lasso objective. And for our lasso objective, we have our residual sum of squares plus lambda times rl1norm. Okay so when we look at this first term which is in this pink or a rather fuchsia box. We have exactly the same Residual Sum of Squares that we talked about for ridge so when we visualize the contours associated with Residual Sum of Squares in our lass"", ""lasso demo feature selection lasso [MUSIC] Well, let's see this sparsity in action. And for these, we're gonna go back to our polynomial regression example. But instead of just doing least squared for increasing polynomial orders or looking at ridge regression, we're now gonna look at our lasso solution. Again, for different values of our tuning parameter lambda. Here we are back at our polynomial regression demo and for this lasso regression example, all we have to do is take our polynomial reg""]",canonical_phrase,__phrase__l1_penalty
106,labeled data,labeled data,"[""unsupervised learning introduction In this video, we'll talk about the second major type of machine learning problem, called Unsupervised Learning. In the last video, we talked about Supervised Learning. Back then, recall data sets that look like this, where each example was labeled either as a positive or negative example, whether it was a benign or a malignant tumor. So for each example in Supervised Learning, we were told explicitly what is the so-called right answer, whether it's benign or m"", ""unsupervised learning introduction unsupervised learning In this video, I'd like to start to talk about clustering. This will be exciting, because this is our first unsupervised learning algorithm, where we learn from unlabeled data instead from labelled data. So, what is unsupervised learning? I briefly talked about unsupervised learning at the beginning of the class but it's useful to contrast it with supervised learning. So, here's a typical supervised learning problem where we're given a lab"", ""k means algorithm unsupervised learning In the clustering problem we are given an unlabeled data set and we would like to have an algorithm automatically group the data into coherent subsets or into coherent clusters for us. The K Means algorithm is by far the most popular, by far the most widely used clustering algorithm, and in this video I would like to tell you what the K Means Algorithm is and how it works. The K means clustering algorithm is best illustrated in pictures. Let's say I want t""]",canonical_phrase,__phrase__labeled_data
107,large margin classifier,large margin classifier,"[""large margin intuition support vector machines Sometimes people talk about support vector machines, as large margin classifiers, in this video I'd like to tell you what that means, and this will also give us a useful picture of what an SVM hypothesis may look like. Here's my cost function for the support vector machine where here on the left I've plotted my cost 1 of z function that I used for positive examples and on the right I've plotted my zero of 'Z' function, where I have 'Z' here on the h"", ""mathematics behind large margin classification support vector machines In this video, I'd like to tell you a bit about the math behind large margin classification. This video is optional, so please feel free to skip it. It may also give you better intuition about how the optimization problem of the support vex machine, how that leads to large margin classifiers. In order to get started, let me first remind you of a couple of properties of what vector inner products look like. Let's say I have tw""]",canonical_phrase,__phrase__large_margin_classifier
108,lasso regression,lasso regression,"[""outlining the second half of the course welcome [MUSIC] As one example of a way to handle this bias variance trade off, we're gonna talk about something called ridge regression, which not only includes a term that measures the fit of the function to the data, which is what we talked about before, but also incorporates a term that encodes what the model complexity is. Not quite directly, pretty indirectly as we're gonna describe in this module. But a key question then is how are we gonna define t"", ""the lasso objective and its coefficient path feature selection lasso [MUSIC] Okay, well in place of our ridge regression objective. What if we took our measure of our magnitude of our coefficients to be what's called the l1 norm. Where we're gonna sum over the absolute value of each one of our coefficients. So, we actually describe this as a reasonable measure of the magnitude of the coefficients when we're discussing ridge regression last module. Well, the result of this is something that leads"", ""lasso demo feature selection lasso [MUSIC] Well, let's see this sparsity in action. And for these, we're gonna go back to our polynomial regression example. But instead of just doing least squared for increasing polynomial orders or looking at ridge regression, we're now gonna look at our lasso solution. Again, for different values of our tuning parameter lambda. Here we are back at our polynomial regression demo and for this lasso regression example, all we have to do is take our polynomial reg""]",canonical_phrase,__phrase__lasso_regression
109,latent dirichlet allocation,latent dirichlet allocation::;lda model,"[""specialization overview welcome [MUSIC] As Emily discussed, we're gonna see machine learning through the lens of a wide range of case studies in different areas that really ground the concepts behind them. So, other machine learning classes that you might take out there are really a laundry list of algorithms and methods. So things like support vector machines and kernels and logistic ration and networks and so on. And they're just like, a laundry list of methods. And the problem with that appro"", ""whats ahead in the ml specialization closing remarks [MUSIC] So that's what we've covered in our regression course. But now let's talk about what's ahead for us in our specialization, now that we're armed with these tools that we've learned in this course. Well our next course is our classification course and there we're gonna learn things like linear classifiers which are akin to the types of linear regression models we looked at in this course. You are also gonna talk about things like decisio"", ""course overview welcome [MUSIC] This course is going to follow the same philosophy as our past courses. In particular, we're going to use case studies to motivate the key concepts that we're going to teach. But there are a number of other key features that define the way we teach our courses in this specialization. In particular, we teach a set of core machine learning concepts and we do so both through our case studies as well as using visual aids to very dramatically guide the process. And the""]",canonical_phrase,__phrase__latent_dirichlet_allocation
110,learning curve,learning curve::;learning curves,"[""regularization and bias variance advice for applying machine learning You've seen how regularization can help prevent over-fitting. But how does it affect the bias and variances of a learning algorithm? In this video I'd like to go deeper into the issue of bias and variances and talk about how it interacts with and is affected by the regularization of your learning algorithm. Suppose we're fitting a high auto polynomial, like that showed here, but to prevent over fitting we need to use regulariz"", ""learning curves advice for applying machine learning In this video, I'd like to tell you about learning curves. Learning curves is often a very useful thing to plot. If either you wanted to sanity check that your algorithm is working correctly, or if you want to improve the performance of the algorithm. And learning curves is a tool that I actually use very often to try to diagnose if a physical learning algorithm may be suffering from bias, sort of variance problem or a bit of both. Here's what"", ""deciding what to do next revisited advice for applying machine learning We've talked about how to evaluate learning algorithms, talked about model selection, talked a lot about bias and variance. So how does this help us figure out what are potentially fruitful, potentially not fruitful things to try to do to improve the performance of a learning algorithm. Let's go back to our original motivating example and go for the result. So here is our earlier example of maybe having fit regularized linea""]",canonical_phrase,__phrase__learning_curve
111,learning method,learning method::;learning methods::;learning model::;learning algorithm::;learning algorithms,"[""welcome to machine learning introduction What is machine learning? You probably use it dozens of times a day without even knowing it. Each time you do a web search on Google or Bing, that works so well because their machine learning software has figured out how to rank what pages. When Facebook or Apple's photo application recognizes your friends in your pictures, that's also machine learning. Each time you read your email and a spam filter saves you from having to wade through tons of spam, aga"", ""welcome introduction Welcome to this free online class on machine learning. Machine learning is one of the most exciting recent technologies. And in this class, you learn about the state of the art and also gain practice implementing and deploying these algorithms yourself. You've probably use a learning algorithm dozens of times a day without knowing it. Every time you use a web search engine like Google or Bing to search the internet, one of the reasons that works so well is because a learning"", ""supervised learning introduction In this video I am going to define what is probably the most common type of machine learning problem, which is supervised learning. I'll define supervised learning more formally later, but it's probably best to explain or start with an example of what it is and we'll do the formal definition later. Let's say you want to predict housing prices. A while back, a student collected data sets from the Institute of Portland Oregon. And let's say you plot a data set and ""]",alias_phrase,__phrase__learning_algorithm
112,learning problem,learning problem::;learning problems::;learning task,"[""welcome introduction Welcome to this free online class on machine learning. Machine learning is one of the most exciting recent technologies. And in this class, you learn about the state of the art and also gain practice implementing and deploying these algorithms yourself. You've probably use a learning algorithm dozens of times a day without knowing it. Every time you use a web search engine like Google or Bing to search the internet, one of the reasons that works so well is because a learning"", ""supervised learning introduction In this video I am going to define what is probably the most common type of machine learning problem, which is supervised learning. I'll define supervised learning more formally later, but it's probably best to explain or start with an example of what it is and we'll do the formal definition later. Let's say you want to predict housing prices. A while back, a student collected data sets from the Institute of Portland Oregon. And let's say you plot a data set and "", ""unsupervised learning introduction In this video, we'll talk about the second major type of machine learning problem, called Unsupervised Learning. In the last video, we talked about Supervised Learning. Back then, recall data sets that look like this, where each example was labeled either as a positive or negative example, whether it was a benign or a malignant tumor. So for each example in Supervised Learning, we were told explicitly what is the so-called right answer, whether it's benign or m""]",canonical_phrase,__phrase__learning_problem
113,learning rate,learning rate,"[""gradient descent linear regression with one variable We previously defined the cost function J. In this video, I want to tell you about an algorithm called gradient descent for minimizing the cost function J. It turns out gradient descent is a more general algorithm, and is used not only in linear regression. It's actually used all over the place in machine learning. And later in the class, we'll use gradient descent to minimize other functions as well, not just the cost function J for the linea"", ""gradient descent intuition linear regression with one variable In the previous video, we gave a mathematical definition of gradient descent. Let's delve deeper and in this video get better intuition about what the algorithm is doing and why the steps of the gradient descent algorithm might make sense. Here's a gradient descent algorithm that we saw last time and just to remind you this parameter, or this term alpha is called the learning rate. And it controls how big a step we take when updating"", ""gradient descent for multiple variables linear regression with multiple variables In the previous video, we talked about the form of the hypothesis for linear regression with multiple features or with multiple variables. In this video, let's talk about how to fit the parameters of that hypothesis. In particular let's talk about how to use gradient descent for linear regression with multiple features. To quickly summarize our notation, this is our formal hypothesis in multivariable linear regress""]",canonical_phrase,__phrase__learning_rate
114,learning system,learning system,"[""neurons and the brain neural networks representation Neural Networks are a pretty old algorithm that was originally motivated by the goal of having machines that can mimic the brain. Now in this class, of course I'm teaching Neural Networks to you because they work really well for different machine learning problems and not, certainly not because they're logically motivated. In this video, I'd like to give you some of the background on Neural Networks. So that we can get a sense of what we can e"", ""deciding what to try next advice for applying machine learning By now you have seen a lot of different learning algorithms. And if you've been following along these videos you should consider yourself an expert on many state-of-the-art machine learning techniques. But even among people that know a certain learning algorithm. There's often a huge difference between someone that really knows how to powerfully and effectively apply that algorithm, versus someone that's less familiar with some of th"", ""prioritizing what to work on machine learning system design In the next few videos I'd like to talk about machine learning system design. These videos will touch on the main issues that you may face when designing a complex machine learning system, and will actually try to give advice on how to strategize putting together a complex machine learning system. In case this next set of videos seems a little disjointed that's because these videos will touch on a range of the different issues that you ""]",canonical_phrase,__phrase__learning_system
115,least squares,least squares,"[""content based recommendations recommender systems In the last video, we talked about the recommender systems problem where for example you might have a set of movies and you may have a set of users, each who have rated some subset of the movies. They've rated the movies one to five stars or zero to five stars. And what we would like to do is look at these users and predict how they would have rated other movies that they have not yet rated. In this video I'd like to talk about our first approach"", ""defining our least squares optimization objective simple linear regression Now that we have an understanding of what the fitted line is, and how we can use it, let's talk about an algorithm, or really algorithms for searching out the space of all possible lines that we might use, and finding the one that best fits the data. So in particular what we're going to be doing is focusing in on this machine learning algorithm, which is this dark gray square shown in this flow chart. Okay, so recall that"", ""overfitting demo ridge regression [MUSIC] So let's generate some data and fit polynomials of increasing degrees and see what happens to the estimated coefficients. So to start with, let's just import some libraries that are gonna be useful. And then we're gonna just create 30 different x values. So, in the end we're gonna create a data set with 30 observations. And then what we're gonna do is, we're gonna compute the value of this sign functions. So, evaluate the sign function at these 30 x valu""]",canonical_phrase,__phrase__least_squares
116,likelihood function,likelihood function,"[""overview of learning logistic regression models linear classifiers logistic regression [MUSIC] Now that we've seen the logistic regression model and we understand it in quite a bit of detail, let's give a quick overview of what learning means for this model. Although in the next module we're going to go into quite a lot of detail to learning algorithm. This is just a little primer, a teaser for what's coming in the next module. Now we're going to start from some data and that data has inputs x a"", ""intuition behind maximum likelihood estimation learning linear classifiers [MUSIC] In order to learn the coefficients w hat from data, we have to define some kind of quality metric so that the coefficients give you the highest quality, that's what w hat is supposed to be. So if we go back to our learning loop when getting some training data, we squeeze it from feature generation, or feature extraction systems, that gets to h(x). In our model is a logistic regression model we're not going to talk"", ""data likelihood learning linear classifiers [MUSIC] Before we get to gradient descent though, we need to figure out what the quality metric we're trying to optimize is. That quality metric is going to call the data likelihood. So let's dive in and explore exactly that concept. To better understand the data likelihood, let's start from some simple examples and try to understand what w is trying to do, what we're trying to do here in the learning problem. So let's say that we have this data point ""]",canonical_phrase,__phrase__likelihood_function
117,linear algebra,linear algebra,"[""unsupervised learning introduction In this video, we'll talk about the second major type of machine learning problem, called Unsupervised Learning. In the last video, we talked about Supervised Learning. Back then, recall data sets that look like this, where each example was labeled either as a positive or negative example, whether it was a benign or a malignant tumor. So for each example in Supervised Learning, we were told explicitly what is the so-called right answer, whether it's benign or m"", ""gradient descent for linear regression linear regression with one variable In previous videos, we talked about the gradient descent algorithm and we talked about the linear regression model and the squared error cost function. In this video we're gonna put together gradient descent with our cost function, and that will give us an algorithm for linear regression or putting a straight line to our data. So this was what we worked out in the previous videos. This gradient descent algorithm which you"", ""matrices and vectors linear algebra review Let's get started with our linear algebra review. In this video I want to tell you what are matrices and what are vectors. A matrix is a rectangular array of numbers written between square brackets. So, for example, here is a matrix on the right, a left square bracket. And then, write in a bunch of numbers. These could be features from a learning problem or it could be data from somewhere else, but the specific values don't matter, and then I'm going to""]",canonical_phrase,__phrase__linear_algebra
118,linear classifier,linear classifier::;linear classifiers,"[""regularized logistic regression regularization For logistic regression, we previously talked about two types of optimization algorithms. We talked about how to use gradient descent to optimize as cost function J of theta. And we also talked about advanced optimization methods. Ones that require that you provide a way to compute your cost function J of theta and that you provide a way to compute the derivatives. In this video, we'll show how you can adapt both of those techniques, both gradient d"", ""mathematics behind large margin classification support vector machines In this video, I'd like to tell you a bit about the math behind large margin classification. This video is optional, so please feel free to skip it. It may also give you better intuition about how the optimization problem of the support vex machine, how that leads to large margin classifiers. In order to get started, let me first remind you of a couple of properties of what vector inner products look like. Let's say I have tw"", ""kernels i support vector machines In this video, I'd like to start adapting support vector machines in order to develop complex nonlinear classifiers. The main technique for doing that is something called kernels. Let's see what this kernels are and how to use them. If you have a training set that looks like this, and you want to find a nonlinear decision boundary to distinguish the positive and negative examples, maybe a decision boundary that looks like that. One way to do so is to come up wit""]",canonical_phrase,__phrase__linear_classifier
119,linear kernel,linear kernel,"[""using an svm support vector machines So far we've been talking about SVMs in a fairly abstract level. In this video I'd like to talk about what you actually need to do in order to run or to use an SVM. The support vector machine algorithm poses a particular optimization problem. But as I briefly mentioned in an earlier video, I really do not recommend writing your own software to solve for the parameter's theta yourself. So just as today, very few of us, or maybe almost essentially none of us wo""]",canonical_phrase,__phrase__linear_kernel
120,linear model,linear model::;linear models,"[""training test curves regression predicting house prices [MUSIC] So for each model order that we might consider, for example, a linear model or we also talked about using a quadratic model, all the way up to our very crazy, 13th order polynomial. And of course, we could consider even higher order models. Well, what happens to test error? Sorry, I don't mean test error. Let's start with training error. A lot easier to think about. So training error. As we increase the model order, well, that model"", ""regression with features of multiple inputs multiple regression [MUSIC] So let's go back to something a little bit more interesting, or hopefully more interesting, I guess more interesting if you're a statistician. Which is our regression model. And in this slide, I'm being very careful about the boldface notation, and you'll see that I'm very careful with this boldface notation throughout this course. So, it's meaningful. Okay, so when we have these multiple inputs, the simplest models we can t"", ""training error assessing loss on the training set assessing performance [MUSIC] So, the first measure of error of our predictions that we can look at is something called training error. And we discussed this at a high level in the first course of the specialization, but now let's go through it in a little bit more detail. So, to define training error, we first have to define training data. So, training data typically you have some dataset which I've shown you are these blue circles here, and we'""]",canonical_phrase,__phrase__linear_model
121,linear regression,linear regression,"[""model representation linear regression with one variable Our first learning algorithm will be linear regression. In this video, you'll see what the model looks like and more importantly you'll see what the overall process of supervised learning looks like. Let's use some motivating example of predicting housing prices. We're going to use a data set of housing prices from the city of Portland, Oregon. And here I'm gonna plot my data set of a number of houses that were different sizes that were so"", ""cost function linear regression with one variable In this video we'll define something called the cost function, this will let us figure out how to fit the best possible straight line to our data. In linear progression, we have a training set that I showed here remember on notation M was the number of training examples, so maybe m equals 47. And the form of our hypothesis, which we use to make predictions is this linear function. To introduce a little bit more terminology, these theta zero and t"", ""cost function intuition i linear regression with one variable In the previous video, we gave the mathematical definition of the cost function. In this video, let's look at some examples, to get back to intuition about what the cost function is doing, and why we want to use it. To recap, here's what we had last time. We want to fit a straight line to our data, so we had this formed as a hypothesis with these parameters theta zero and theta one, and with different choices of the parameters we end ""]",canonical_phrase,__phrase__linear_regression
122,local minimum,local minimum,"[""gradient descent linear regression with one variable We previously defined the cost function J. In this video, I want to tell you about an algorithm called gradient descent for minimizing the cost function J. It turns out gradient descent is a more general algorithm, and is used not only in linear regression. It's actually used all over the place in machine learning. And later in the class, we'll use gradient descent to minimize other functions as well, not just the cost function J for the linea"", ""gradient descent intuition linear regression with one variable In the previous video, we gave a mathematical definition of gradient descent. Let's delve deeper and in this video get better intuition about what the algorithm is doing and why the steps of the gradient descent algorithm might make sense. Here's a gradient descent algorithm that we saw last time and just to remind you this parameter, or this term alpha is called the learning rate. And it controls how big a step we take when updating"", ""putting it together neural networks learning So, it's taken us a lot of videos to get through the neural network learning algorithm. In this video, what I'd like to do is try to put all the pieces together, to give a overall summary or a bigger picture view, of how all the pieces fit together and of the overall process of how to implement a neural network learning algorithm. When training a neural network, the first thing you need to do is pick some network architecture and by architecture I jus""]",canonical_phrase,__phrase__local_minimum
123,local optima,local optima::;local optimum,"[""gradient descent linear regression with one variable We previously defined the cost function J. In this video, I want to tell you about an algorithm called gradient descent for minimizing the cost function J. It turns out gradient descent is a more general algorithm, and is used not only in linear regression. It's actually used all over the place in machine learning. And later in the class, we'll use gradient descent to minimize other functions as well, not just the cost function J for the linea"", ""gradient descent intuition linear regression with one variable In the previous video, we gave a mathematical definition of gradient descent. Let's delve deeper and in this video get better intuition about what the algorithm is doing and why the steps of the gradient descent algorithm might make sense. Here's a gradient descent algorithm that we saw last time and just to remind you this parameter, or this term alpha is called the learning rate. And it controls how big a step we take when updating"", ""gradient descent for linear regression linear regression with one variable In previous videos, we talked about the gradient descent algorithm and we talked about the linear regression model and the squared error cost function. In this video we're gonna put together gradient descent with our cost function, and that will give us an algorithm for linear regression or putting a straight line to our data. So this was what we worked out in the previous videos. This gradient descent algorithm which you""]",canonical_phrase,__phrase__local_optima
124,locality sensitive hashing,locality sensitive hashing,"[""course overview welcome [MUSIC] This course is going to follow the same philosophy as our past courses. In particular, we're going to use case studies to motivate the key concepts that we're going to teach. But there are a number of other key features that define the way we teach our courses in this specialization. In particular, we teach a set of core machine learning concepts and we do so both through our case studies as well as using visual aids to very dramatically guide the process. And the"", ""module by module topics covered welcome [MUSIC] Let's now dig into a more detailed description of this course content. So, the course overview that we just talked about is going to be presented in four different modules in this course. So let's step through each of these modules and discuss what we will to present at a high level. So in our first module, we are going to discuss this document retrieval task. Where there is some document that a person's reading and we want to search over all these"", ""limitations of kd trees nearest neighbor search [MUSIC] KD-trees are one approach for efficient nearest-neighbor search. But as we mentioned, there are other approaches that we could consider. So let's look at one of these called locality sensitive hashing. So why might we want to consider an approach other than KD-trees? Well, KD-trees are really cool. They're a very intuitive way to think about storing data, and as we saw, they could lead to some efficiencies. And actually some significant eff""]",canonical_phrase,__phrase__locality_sensitive_hashing
125,log likelihood,log likelihood,"[""learning algorithm for logistic regression learning linear classifiers [MUSIC] Okay, this is exciting. We reminded ourselves of gradient descent and what that looks like. We figured out what the discretion model is. We talked about maximum likelihood functions and estimation. And we can solve quite a bit of the math. Now, lets dive in and look at the actual learning algorithm for logistic regression. That learning algorithm's going to be extremely simple. And so, in spite of the math we've seen,"", ""choosing step size learning linear classifiers [MUSIC] So far when we talked about gradient decent and gradient ascent we had the step size parameter a that we just assumed to be given. Let's talk a little about how to choose that step size parameter a. Spoiler alert this is really hard, it requires lots of tuning and one of the annoying things about gradient assent approach. We're going to talk about a few heuristics of how we might want to do that. Now one of the most important things you can "", ""very optional expressing the log likelihood learning linear classifiers [MUSIC] Now that we've seen that the log can be an important function, when applied to the likelihood ensure that we're going to have to express in terms of the log likelihood computer gradient. This continues to be part of that very, very optional PhD level only derivation that we're doing here. Now let's revisit the likelihood function that we discussed and see how the log plays a role. So the key here is that the log of t""]",canonical_phrase,__phrase__log_likelihood
126,logistic function,logistic function,"[""hypothesis representation logistic regression Let's start talking about logistic regression. In this video, I'd like to show you the hypothesis representation. That is, what is the function we're going to use to represent our hypothesis when we have a classification problem? Earlier, we said that we would like our classifier to output values that are between 0 and 1. So we'd like to come up with a hypothesis that satisfies this property, that is, predictions are maybe between 0 and 1. When we we"", ""backpropagation intuition neural networks learning In the previous video, we talked about the backpropagation algorithm. To a lot of people seeing it for the first time, their first impression is often that wow this is a really complicated algorithm, and there are all these different steps, and I'm not sure how they fit together. And it's kinda this black box of all these complicated steps. In case that's how you're feeling about backpropagation, that's actually okay. Backpropagation maybe unfor"", ""the sigmoid or logistic link function linear classifiers logistic regression [MUSIC] >> Very good. Now, we learn this abstract concept of squeezing the score into the interval 0, 1. And we call it generalized linear models. It's pretty abstract. Logistic regression is a specific case of that, where we use what's called the logistic function to squeeze minus infinity to plus infinity into the interval 0, 1 so we can predict probabilities for every class. For logistic regression, the link function""]",canonical_phrase,__phrase__logistic_function
127,logistic regression,logistic regression,"[""normal equation linear regression with multiple variables In this video, we'll talk about the normal equation, which for some linear regression problems, will give us a much better way to solve for the optimal value of the parameters theta. Concretely, so far the algorithm that we've been using for linear regression is gradient descent where in order to minimize the cost function J of Theta, we would take this iterative algorithm that takes many steps, multiple iterations of gradient descent to "", ""classification logistic regression In this and the next few videos, I want to start to talk about classification problems, where the variable y that you want to predict is valued. We'll develop an algorithm called logistic regression, which is one of the most popular and most widely used learning algorithms today. Here are some examples of classification problems. Earlier we talked about email spam classification as an example of a classification problem. Another example would be classifying onl"", ""hypothesis representation logistic regression Let's start talking about logistic regression. In this video, I'd like to show you the hypothesis representation. That is, what is the function we're going to use to represent our hypothesis when we have a classification problem? Earlier, we said that we would like our classifier to output values that are between 0 and 1. So we'd like to come up with a hypothesis that satisfies this property, that is, predictions are maybe between 0 and 1. When we we""]",canonical_phrase,__phrase__logistic_regression
128,loss function,loss function::;loss functions::;objective function::;cost function::;cost functions,"[""cost function linear regression with one variable In this video we'll define something called the cost function, this will let us figure out how to fit the best possible straight line to our data. In linear progression, we have a training set that I showed here remember on notation M was the number of training examples, so maybe m equals 47. And the form of our hypothesis, which we use to make predictions is this linear function. To introduce a little bit more terminology, these theta zero and t"", ""cost function intuition i linear regression with one variable In the previous video, we gave the mathematical definition of the cost function. In this video, let's look at some examples, to get back to intuition about what the cost function is doing, and why we want to use it. To recap, here's what we had last time. We want to fit a straight line to our data, so we had this formed as a hypothesis with these parameters theta zero and theta one, and with different choices of the parameters we end "", ""cost function intuition ii linear regression with one variable In this video, lets delve deeper and get even better intuition about what the cost function is doing. This video assumes that you're familiar with contour plots. If you are not familiar with contour plots or contour figures some of the illustrations in this video may or may not make sense to you but is okay and if you end up skipping this video or some of it does not quite make sense because you haven't seen contour plots before. Tha""]",canonical_phrase,__phrase__loss_function
129,low rank matrix,low rank matrix,"[""vectorization low rank matrix factorization recommender systems In the last few videos, we talked about a collaborative filtering algorithm. In this video I'm going to say a little bit about the vectorization implementation of this algorithm. And also talk a little bit about other things you can do with this algorithm. For example, one of the things you can do is, given one product can you find other products that are related to this so that for example, a user has recently been looking at one p""]",canonical_phrase,__phrase__low_rank_matrix
130,machine learning,machine learning,"[""welcome to machine learning introduction What is machine learning? You probably use it dozens of times a day without even knowing it. Each time you do a web search on Google or Bing, that works so well because their machine learning software has figured out how to rank what pages. When Facebook or Apple's photo application recognizes your friends in your pictures, that's also machine learning. Each time you read your email and a spam filter saves you from having to wade through tons of spam, aga"", ""welcome introduction Welcome to this free online class on machine learning. Machine learning is one of the most exciting recent technologies. And in this class, you learn about the state of the art and also gain practice implementing and deploying these algorithms yourself. You've probably use a learning algorithm dozens of times a day without knowing it. Every time you use a web search engine like Google or Bing to search the internet, one of the reasons that works so well is because a learning"", ""supervised learning introduction In this video I am going to define what is probably the most common type of machine learning problem, which is supervised learning. I'll define supervised learning more formally later, but it's probably best to explain or start with an example of what it is and we'll do the formal definition later. Let's say you want to predict housing prices. A while back, a student collected data sets from the Institute of Portland Oregon. And let's say you plot a data set and ""]",canonical_phrase,__phrase__machine_learning
131,machine learning algorithm,machine learning algorithm::;machine learning algorithms::;machine learning method::;machine learning methods::;machine learning model,"[""welcome introduction Welcome to this free online class on machine learning. Machine learning is one of the most exciting recent technologies. And in this class, you learn about the state of the art and also gain practice implementing and deploying these algorithms yourself. You've probably use a learning algorithm dozens of times a day without knowing it. Every time you use a web search engine like Google or Bing to search the internet, one of the reasons that works so well is because a learning"", ""unsupervised learning introduction In this video, we'll talk about the second major type of machine learning problem, called Unsupervised Learning. In the last video, we talked about Supervised Learning. Back then, recall data sets that look like this, where each example was labeled either as a positive or negative example, whether it was a benign or a malignant tumor. So for each example in Supervised Learning, we were told explicitly what is the so-called right answer, whether it's benign or m"", ""gradient descent for linear regression linear regression with one variable In previous videos, we talked about the gradient descent algorithm and we talked about the linear regression model and the squared error cost function. In this video we're gonna put together gradient descent with our cost function, and that will give us an algorithm for linear regression or putting a straight line to our data. So this was what we worked out in the previous videos. This gradient descent algorithm which you""]",canonical_phrase,__phrase__machine_learning_algorithm
132,machine learning application,machine learning application,"[""matrices and vectors linear algebra review Let's get started with our linear algebra review. In this video I want to tell you what are matrices and what are vectors. A matrix is a rectangular array of numbers written between square brackets. So, for example, here is a matrix on the right, a left square bracket. And then, write in a bunch of numbers. These could be features from a learning problem or it could be data from somewhere else, but the specific values don't matter, and then I'm going to"", ""inverse and transpose linear algebra review In this video, I want to tell you about a couple of special matrix operations, called the matrix inverse and the matrix transpose operation. Let's start by talking about matrix inverse, and as usual we'll start by thinking about how it relates to real numbers. In the last video, I said that the number one plays the role of the identity in the space of real numbers because one times anything is equal to itself. It turns out that real numbers have this p"", ""computing on data octave matlab tutorial Now that you know how to load and save data in Octave, put your data into matrices and so on. In this video, I'd like to show you how to do computational operations on data. And later on, we'll be using these source of computational operations to implement our learning algorithms. Let's get started. Here's my Octave window. Let me just quickly initialize some variables to use for our example. So set A to be a three by two matrix, and set B to a three by t""]",canonical_phrase,__phrase__machine_learning_application
133,machine learning system,machine learning system,"[""deciding what to try next advice for applying machine learning By now you have seen a lot of different learning algorithms. And if you've been following along these videos you should consider yourself an expert on many state-of-the-art machine learning techniques. But even among people that know a certain learning algorithm. There's often a huge difference between someone that really knows how to powerfully and effectively apply that algorithm, versus someone that's less familiar with some of th"", ""prioritizing what to work on machine learning system design In the next few videos I'd like to talk about machine learning system design. These videos will touch on the main issues that you may face when designing a complex machine learning system, and will actually try to give advice on how to strategize putting together a complex machine learning system. In case this next set of videos seems a little disjointed that's because these videos will touch on a range of the different issues that you "", ""error analysis machine learning system design In the last video I talked about how, when faced with a machine learning problem, there are often lots of different ideas for how to improve the algorithm. In this video, let's talk about the concept of error analysis. Which will hopefully give you a way to more systematically make some of these decisions. If you're starting work on a machine learning problem, or building a machine learning application. It's often considered very good practice to sta""]",canonical_phrase,__phrase__machine_learning_system
134,massive training set,massive training set,"[""data for machine learning machine learning system design In the previous video, we talked about evaluation metrics. In this video, I'd like to switch tracks a bit and touch on another important aspect of machine learning system design, which will often come up, which is the issue of how much data to train on. Now, in some earlier videos, I had cautioned against blindly going out and just spending lots of time collecting lots of data, because it's only sometimes that that would actually help. But"", ""stochastic gradient descent convergence large scale machine learning You now know about the stochastic gradient descent algorithm. But when you're running the algorithm, how do you make sure that it's completely debugged and is converging okay? Equally important, how do you tune the learning rate alpha with Stochastic Gradient Descent. In this video we'll talk about some techniques for doing these things, for making sure it's converging and for picking the learning rate alpha. Back when we were "", ""getting lots of data and artificial data application example photo ocr I've seen over and over that one of the most reliable ways to get a high performance machine learning system is to take a low bias learning algorithm and to train it on a massive training set. But where did you get so much training data from? Turns out that the machine earnings there's a fascinating idea called artificial data synthesis, this doesn't apply to every single problem, and to apply to a specific problem, often tak""]",canonical_phrase,__phrase__massive_training_set
135,matrix addition,matrix addition,"[""addition and scalar multiplication linear algebra review In this video we'll talk about matrix addition and subtraction, as well as how to multiply a matrix by a number, also called Scalar Multiplication. Let's start an example. Given two matrices like these, let's say I want to add them together. How do I do that? And so, what does addition of matrices mean? It turns out that if you want to add two matrices, what you do is you just add up the elements of these matrices one at a time. So, my res""]",canonical_phrase,__phrase__matrix_addition
136,matrix factorization,matrix factorization,"[""vectorization low rank matrix factorization recommender systems In the last few videos, we talked about a collaborative filtering algorithm. In this video I'm going to say a little bit about the vectorization implementation of this algorithm. And also talk a little bit about other things you can do with this algorithm. For example, one of the things you can do is, given one product can you find other products that are related to this so that for example, a user has recently been looking at one p"", ""why a case study approach welcome [MUSIC] So the way we're gonna learn about this data to intelligence pipeline is by examining a number of case studies that are gonna ground the methods that we present in real world applications. And that's one of the really unique features of this course. In our first case study, we're gonna look at predicting house values. So, the intelligence we're deriving is a value associated with some house that's not on the market. So, we don't know what it's value is a"", ""specialization overview welcome [MUSIC] As Emily discussed, we're gonna see machine learning through the lens of a wide range of case studies in different areas that really ground the concepts behind them. So, other machine learning classes that you might take out there are really a laundry list of algorithms and methods. So things like support vector machines and kernels and logistic ration and networks and so on. And they're just like, a laundry list of methods. And the problem with that appro""]",canonical_phrase,__phrase__matrix_factorization
137,matrix multiplication,matrix multiplication::;matrix-matrix multiplication,"[""matrix vector multiplication linear algebra review In this video, I'd like to start talking about how to multiply together two matrices. We'll start with a special case of that, of matrix vector multiplication - multiplying a matrix together with a vector. Let's start with an example. Here is a matrix, and here is a vector, and let's say we want to multiply together this matrix with this vector, what's the result? Let me just work through this example and then we can step back and look at just w"", ""matrix matrix multiplication linear algebra review In this video we'll talk about matrix-matrix multiplication, or how to multiply two matrices together. When we talk about the method in linear regression for how to solve for the parameters theta 0 and theta 1 all in one shot, without needing an iterative algorithm like gradient descent. When we talk about that algorithm, it turns out that matrix-matrix multiplication is one of the key steps that you need to know. So let's, as usual, start with "", ""matrix multiplication properties linear algebra review Matrix multiplication is really useful, since you can pack a lot of computation into just one matrix multiplication operation. But you should be careful of how you use them. In this video, I wanna tell you about a few properties of matrix multiplication. When working with just real numbers or when working with scalars, multiplication is commutative. And what I mean by that is that if you take 3 times 5, that is equal to 5 times 3. And the or""]",canonical_phrase,__phrase__matrix_multiplication
138,matrix transpose,matrix transpose,"[""inverse and transpose linear algebra review In this video, I want to tell you about a couple of special matrix operations, called the matrix inverse and the matrix transpose operation. Let's start by talking about matrix inverse, and as usual we'll start by thinking about how it relates to real numbers. In the last video, I said that the number one plays the role of the identity in the space of real numbers because one times anything is equal to itself. It turns out that real numbers have this p"", ""principal component analysis algorithm dimensionality reduction In this video I'd like to tell you about the principle components analysis algorithm. And by the end of this video you know to implement PCA for yourself. And use it reduce the dimension of your data. Before applying PCA, there is a data pre-processing step which you should always do. Given the trading sets of the examples is important to always perform mean normalization, and then depending on your data, maybe perform feature scali""]",canonical_phrase,__phrase__matrix_transpose
139,matrix vector multiplication,matrix vector multiplication::;matrix-vector multiplication,"[""matrix vector multiplication linear algebra review In this video, I'd like to start talking about how to multiply together two matrices. We'll start with a special case of that, of matrix vector multiplication - multiplying a matrix together with a vector. Let's start with an example. Here is a matrix, and here is a vector, and let's say we want to multiply together this matrix with this vector, what's the result? Let me just work through this example and then we can step back and look at just w"", ""matrix matrix multiplication linear algebra review In this video we'll talk about matrix-matrix multiplication, or how to multiply two matrices together. When we talk about the method in linear regression for how to solve for the parameters theta 0 and theta 1 all in one shot, without needing an iterative algorithm like gradient descent. When we talk about that algorithm, it turns out that matrix-matrix multiplication is one of the key steps that you need to know. So let's, as usual, start with "", ""model representation ii neural networks representation In the last video, we gave a mathematical definition of how to represent or how to compute the hypotheses used by Neural Network. In this video, I like show you how to actually carry out that computation efficiently, and that is show you a vector rise implementation. And second, and more importantly, I want to start giving you intuition about why these neural network representations might be a good idea and how they can help us to learn comp""]",canonical_phrase,__phrase__matrix_vector_multiplication
140,maximum likelihood,maximum likelihood,"[""simplified cost function and gradient descent logistic regression In this video, we'll figure out a slightly simpler way to write the cost function than we have been using so far. And we'll also figure out how to apply gradient descent to fit the parameters of logistic regression. So, by the end of this, video you know how to implement a fully working version of logistic regression. Here's our cost function for logistic regression. Our overall cost function is 1 over m times the sum over the tra"", ""gaussian distribution anomaly detection In this video, I'd like to talk about the Gaussian distribution which is also called the normal distribution. In case you're already intimately familiar with the Gaussian distribution, it's probably okay to skip this video, but if you're not sure or if it has been a while since you've worked with the Gaussian distribution or normal distribution then please do watch this video all the way to the end. And in the video after this we'll start applying the Gaus"", ""what we covered and what we didn t cover closing remarks [MUSIC] Okay, so here's a summary of the large set of topics that we've covered in this course. We talked about a bunch of models including, different models of linear regression from simple regression to multiple regression. We talked about doing ridge regression and Lasso. And then, Nearest neighbors and kernel regression. And we also talked about some very important optimisation algorithms like Gradient descent and Coordinate descent. A""]",canonical_phrase,__phrase__maximum_likelihood
141,maximum likelihood estimate,maximum likelihood estimate::;maximum likelihood estimation,"[""simplified cost function and gradient descent logistic regression In this video, we'll figure out a slightly simpler way to write the cost function than we have been using so far. And we'll also figure out how to apply gradient descent to fit the parameters of logistic regression. So, by the end of this, video you know how to implement a fully working version of logistic regression. Here's our cost function for logistic regression. Our overall cost function is 1 over m times the sum over the tra"", ""gaussian distribution anomaly detection In this video, I'd like to talk about the Gaussian distribution which is also called the normal distribution. In case you're already intimately familiar with the Gaussian distribution, it's probably okay to skip this video, but if you're not sure or if it has been a while since you've worked with the Gaussian distribution or normal distribution then please do watch this video all the way to the end. And in the video after this we'll start applying the Gaus"", ""what we covered and what we didn t cover closing remarks [MUSIC] Okay, so here's a summary of the large set of topics that we've covered in this course. We talked about a bunch of models including, different models of linear regression from simple regression to multiple regression. We talked about doing ridge regression and Lasso. And then, Nearest neighbors and kernel regression. And we also talked about some very important optimisation algorithms like Gradient descent and Coordinate descent. A""]",canonical_phrase,__phrase__maximum_likelihood_estimate
142,mean normalization,mean normalization,"[""gradient descent in practice i feature scaling linear regression with multiple variables In this video and in the video after this one, I wanna tell you about some of the practical tricks for making gradient descent work well. In this video, I want to tell you about an idea called feature skill. Here's the idea. If you have a problem where you have multiple features, if you make sure that the features are on a similar scale, by which I mean make sure that the different features take on similar r"", ""principal component analysis problem formulation dimensionality reduction For the problem of dimensionality reduction, by far the most popular, by far the most commonly used algorithm is something called principle components analysis, or PCA. In this video, I'd like to start talking about the problem formulation for PCA. In other words, let's try to formulate, precisely, exactly what we would like PCA to do. Let's say we have a data set like this. So, this is a data set of examples x and R2 and "", ""principal component analysis algorithm dimensionality reduction In this video I'd like to tell you about the principle components analysis algorithm. And by the end of this video you know to implement PCA for yourself. And use it reduce the dimension of your data. Before applying PCA, there is a data pre-processing step which you should always do. Given the trading sets of the examples is important to always perform mean normalization, and then depending on your data, maybe perform feature scali""]",canonical_phrase,__phrase__mean_normalization
143,mean square error,mean square error::;mean squared error,"[""learning a model to predict house prices from more features regression predicting house prices [MUSIC] We've built a simple model just relating square feet of living space to price of houses and then we explored some other features like zip codes, and it's clear the zip codes make a big difference and there's other features, bedrooms, that also makes a big difference. The question is can we get a better model by including more features, more of these? And so let's look at that. So we're gonna do"", ""training error assessing loss on the training set assessing performance [MUSIC] So, the first measure of error of our predictions that we can look at is something called training error. And we discussed this at a high level in the first course of the specialization, but now let's go through it in a little bit more detail. So, to define training error, we first have to define training data. So, training data typically you have some dataset which I've shown you are these blue circles here, and we'"", ""variance and the bias variance tradeoff assessing performance [MUSIC] Okay. Well, now let's turn to this third component which is a variance. And what variance is gonna say is, how different can my specific fits to a given data set be from one another, as I'm looking at different possible data sets? And in this case, when we are looking at just this constant model, we showed by that early picture where I drew points that were mainly above the true relationship and the points mainly below, that t""]",canonical_phrase,__phrase__mean_square_error
144,mini-batch gradient descent,mini-batch gradient descent,"[""mini batch gradient descent large scale machine learning In the previous video, we talked about Stochastic gradient descent, and how that can be much faster than Batch gradient descent. In this video, let's talk about another variation on these ideas is called Mini-batch gradient descent they can work sometimes even a bit faster than stochastic gradient descent. To summarize the algorithms we talked about so far. In Batch gradient descent we will use all m examples in each generation. Whereas in""]",canonical_phrase,__phrase__mini-batch_gradient_descent
145,mini-batch size,mini-batch size,"[""mini batch gradient descent large scale machine learning In the previous video, we talked about Stochastic gradient descent, and how that can be much faster than Batch gradient descent. In this video, let's talk about another variation on these ideas is called Mini-batch gradient descent they can work sometimes even a bit faster than stochastic gradient descent. To summarize the algorithms we talked about so far. In Batch gradient descent we will use all m examples in each generation. Whereas in""]",canonical_phrase,__phrase__mini-batch_size
146,minimization problem,minimization problem,"[""cost function linear regression with one variable In this video we'll define something called the cost function, this will let us figure out how to fit the best possible straight line to our data. In linear progression, we have a training set that I showed here remember on notation M was the number of training examples, so maybe m equals 47. And the form of our hypothesis, which we use to make predictions is this linear function. To introduce a little bit more terminology, these theta zero and t"", ""optimization objective support vector machines By now, you've seen a range of difference learning algorithms. With supervised learning, the performance of many supervised learning algorithms will be pretty similar, and what matters less often will be whether you use learning algorithm a or learning algorithm b, but what matters more will often be things like the amount of data you create these algorithms on, as well as your skill in applying these algorithms. Things like your choice of the featu"", ""kernels ii support vector machines In the last video, we started to talk about the kernels idea and how it can be used to define new features for the support vector machine. In this video, I'd like to throw in some of the missing details and, also, say a few words about how to use these ideas in practice. Such as, how they pertain to, for example, the bias variance trade-off in support vector machines. In the last video, I talked about the process of picking a few landmarks. You know, l1, l2, l3""]",canonical_phrase,__phrase__minimization_problem
147,misclassification error,misclassification error,"[""evaluating a hypothesis advice for applying machine learning In this video, I would like to talk about how to evaluate a hypothesis that has been learned by your algorithm. In later videos, we will build on this to talk about how to prevent in the problems of overfitting and underfitting as well. When we fit the parameters of our learning algorithm we think about choosing the parameters to minimize the training error. One might think that getting a really low value of training error might be a g""]",canonical_phrase,__phrase__misclassification_error
148,mixture model,mixture model::;mixture models,"[""course overview welcome [MUSIC] This course is going to follow the same philosophy as our past courses. In particular, we're going to use case studies to motivate the key concepts that we're going to teach. But there are a number of other key features that define the way we teach our courses in this specialization. In particular, we teach a set of core machine learning concepts and we do so both through our case studies as well as using visual aids to very dramatically guide the process. And the"", ""module by module topics covered welcome [MUSIC] Let's now dig into a more detailed description of this course content. So, the course overview that we just talked about is going to be presented in four different modules in this course. So let's step through each of these modules and discuss what we will to present at a high level. So in our first module, we are going to discuss this document retrieval task. Where there is some document that a person's reading and we want to search over all these"", ""motiving probabilistic clustering models mixture models [MUSIC] In the last module we discussed k-means as an algorithmic approach to clustering. Now in the rest of the course we're going to turn to probabilistic mode-based approaches to clustering and compare and contrast with k-means. So why are we interested in probabilistic approach in the first place? Well to motivate this we could return to our task where we're interested in learning a user's preference over a set of topics. And to do this""]",canonical_phrase,__phrase__mixture_model
149,model complexity,model complexity,"[""evaluating overfitting via training test split regression predicting house prices [MUSIC] Okay, so the issue we're facing here with this crazy 13th order polynomial fit is something called overfitting. So in particular, what we've done is we've taken a model and really, really, really honed in to our actual observations, but it doesn't generalize well to thinking about new predictions. And so the issues actually go beyond just making really crazy predictions. And we're gonna discuss this in a lo"", ""training test curves regression predicting house prices [MUSIC] So for each model order that we might consider, for example, a linear model or we also talked about using a quadratic model, all the way up to our very crazy, 13th order polynomial. And of course, we could consider even higher order models. Well, what happens to test error? Sorry, I don't mean test error. Let's start with training error. A lot easier to think about. So training error. As we increase the model order, well, that model"", ""outlining the first half of the course welcome [MUSIC] This course consists of six different modules, and let's preview what these are about. To start with, we're gonna talk about simple regression, and why is it called simple regression? That's because we're gonna focus on just having a single input, for example the size of your house and when we think about defining the relationship between the single input and our output, the house sales price, we're just gonna look at fitting a very simple l""]",canonical_phrase,__phrase__model_complexity
150,model parameters,model parameters,"[""linear regression a model based approach regression predicting house prices [MUSIC] Okay. Well instead of the analysis that we just did, we can instead think about modeling the relationship between the square footage of the house and the house sales price. And to do this, we're gonna use something that's called linear regression. Okay, so to leverage all the observations that we've collected, what we wanna do is be able to understand the relationship between the square foot of the house and the "", ""evaluating overfitting via training test split regression predicting house prices [MUSIC] Okay, so the issue we're facing here with this crazy 13th order polynomial fit is something called overfitting. So in particular, what we've done is we've taken a model and really, really, really honed in to our actual observations, but it doesn't generalize well to thinking about new predictions. And so the issues actually go beyond just making really crazy predictions. And we're gonna discuss this in a lo"", ""training test curves regression predicting house prices [MUSIC] So for each model order that we might consider, for example, a linear model or we also talked about using a quadratic model, all the way up to our very crazy, 13th order polynomial. And of course, we could consider even higher order models. Well, what happens to test error? Sorry, I don't mean test error. Let's start with training error. A lot easier to think about. So training error. As we increase the model order, well, that model""]",canonical_phrase,__phrase__model_parameters
151,model selection,model selection,"[""the problem of overfitting regularization By now, you've seen a couple different learning algorithms, linear regression and logistic regression. They work well for many problems, but when you apply them to certain machine learning applications, they can run into a problem called overfitting that can cause them to perform very poorly. What I'd like to do in this video is explain to you what is this overfitting problem, and in the next few videos after this, we'll talk about a technique called reg"", ""model selection and train validation test sets advice for applying machine learning Suppose you're left to decide what degree of polynomial to fit to a data set. So that what features to include that gives you a learning algorithm. Or suppose you'd like to choose the regularization parameter longer for learning algorithm. How do you do that? This account model selection process. Browsers, and in our discussion of how to do this, we'll talk about not just how to split your data into the train and"", ""regularization and bias variance advice for applying machine learning You've seen how regularization can help prevent over-fitting. But how does it affect the bias and variances of a learning algorithm? In this video I'd like to go deeper into the issue of bias and variances and talk about how it interacts with and is affected by the regularization of your learning algorithm. Suppose we're fitting a high auto polynomial, like that showed here, but to prevent over fitting we need to use regulariz""]",canonical_phrase,__phrase__model_selection
152,multi-class classification,multi-class classification::;multiclass classification,"[""classification logistic regression In this and the next few videos, I want to start to talk about classification problems, where the variable y that you want to predict is valued. We'll develop an algorithm called logistic regression, which is one of the most popular and most widely used learning algorithms today. Here are some examples of classification problems. Earlier we talked about email spam classification as an example of a classification problem. Another example would be classifying onl"", ""advanced optimization logistic regression In the last video, we talked about gradient descent for minimizing the cost function J of theta for logistic regression. In this video, I'd like to tell you about some advanced optimization algorithms and some advanced optimization concepts. Using some of these ideas, we'll be able to get logistic regression to run much more quickly than it's possible with gradient descent. And this will also let the algorithms scale much better to very large machine lea"", ""multiclass classification one vs all logistic regression In this video we'll talk about how to get logistic regression to work for multiclass classification problems. And in particular I want to tell you about an algorithm called one-versus-all classification. What's a multiclass classification problem? Here are some examples. Lets say you want a learning algorithm to automatically put your email into different folders or to automatically tag your emails so you might have different folders or di""]",canonical_phrase,__phrase__multi-class_classification
153,multivariate gaussian distribution,multivariate gaussian distribution,"[""multivariate gaussian distribution anomaly detection In this and the next video, I'd like to tell you about one possible extension to the anomaly detection algorithm that we've developed so far. This extension uses something called the multivariate Gaussian distribution, and it has some advantages, and some disadvantages, and it can sometimes catch some anomalies that the earlier algorithm didn't. To motivate this, let's start with an example. Let's say that so our unlabeled data looks like what"", ""anomaly detection using the multivariate gaussian distribution anomaly detection In the last video we talked about the Multivariate Gaussian Distribution and saw some examples of the sorts of distributions you can model, as you vary the parameters, mu and sigma. In this video, let's take those ideas, and apply them to develop a different anomaly detection algorithm. To recap the multivariate Gaussian distribution and the multivariate normal distribution has two parameters, mu and sigma. Where mu""]",canonical_phrase,__phrase__multivariate_gaussian_distribution
154,multivariate gaussian model,multivariate gaussian model,"[""anomaly detection using the multivariate gaussian distribution anomaly detection In the last video we talked about the Multivariate Gaussian Distribution and saw some examples of the sorts of distributions you can model, as you vary the parameters, mu and sigma. In this video, let's take those ideas, and apply them to develop a different anomaly detection algorithm. To recap the multivariate Gaussian distribution and the multivariate normal distribution has two parameters, mu and sigma. Where mu""]",canonical_phrase,__phrase__multivariate_gaussian_model
155,nearest neighbor search,nearest neighbor search,"[""retrieving similar documents using nearest neighbor search clustering and similarity retrieving documents [MUSIC] Okay, so we've talked about how to represent documents and we've also talked about how to measure similarity between documents. So now let's turn to the actual task of interest which is retrieving a document. So someone is reading an article, we're assuming they like that article and we'd like to present them with another article to read. So in particular one of the most popular ways"", ""clustering and similarity ml block diagram clustering and similarity retrieving documents In this module we've talked about a document retrieval task and we've also talked about a notion of clustering where we're trying to uncover some underlying structure in the data and we talked about many different areas in which this notion of clustering can be really useful. So let's go through the workflow for a clustering algorithm. And if you feel like you already know this at this point because you've "", ""1 nearest neighbor algorithm nearest neighbors kernel regression [MUSIC] Well we've talked about what one Nearest Neighbors is doing intuitively, now let's talk about how to actually implement one Nearest Neighbors in practice. So to perform our Nearest Neighbor search, what we have to do is we have to specify a query input, which will be for example, some house that we're interested in assessing it's value. And then we also need to provide our data set, our set of training houses. And we also n""]",canonical_phrase,__phrase__nearest_neighbor_search
156,nearest neighbors,nearest neighbors::;nearest neighbour,"[""specialization overview welcome [MUSIC] As Emily discussed, we're gonna see machine learning through the lens of a wide range of case studies in different areas that really ground the concepts behind them. So, other machine learning classes that you might take out there are really a laundry list of algorithms and methods. So things like support vector machines and kernels and logistic ration and networks and so on. And they're just like, a laundry list of methods. And the problem with that appro"", ""building exploring a nearest neighbors model for wikipedia articles clustering and similarity retrieving documents [MUSIC] In the lectures, Emily talked about nearest neighbor models and how they can be used for document retrieval. So today, we're gonna actually do some cool document retrievals using simple nearest neighbor models. Next we're going to build a nearest neighbor model for document retrieval. And here we go, nearest neighbor model for document retrieval. Again, you could implement y"", ""examples of document retrieval in action clustering and similarity retrieving documents [MUSIC] Other examples of document retrieval. Okay? So we're gonna go through a few. For example, let's take the singer Taylor Swift. So out of all my people, I'm going to select the one whose name is Taylor Swift. And so when I select her I can ask, let's retrieve some documents that are similar to Taylor Swift's documents. In other words, who are the people, just for the model, who are the people who are cl""]",canonical_phrase,__phrase__nearest_neighbors
157,negative example,negative example::;negative examples,"[""unsupervised learning introduction In this video, we'll talk about the second major type of machine learning problem, called Unsupervised Learning. In the last video, we talked about Supervised Learning. Back then, recall data sets that look like this, where each example was labeled either as a positive or negative example, whether it was a benign or a malignant tumor. So for each example in Supervised Learning, we were told explicitly what is the so-called right answer, whether it's benign or m"", ""classification logistic regression In this and the next few videos, I want to start to talk about classification problems, where the variable y that you want to predict is valued. We'll develop an algorithm called logistic regression, which is one of the most popular and most widely used learning algorithms today. Here are some examples of classification problems. Earlier we talked about email spam classification as an example of a classification problem. Another example would be classifying onl"", ""decision boundary logistic regression In the last video, we talked about the hypothesis representation for logistic regression. What Id like to do now is tell you about something called the decision boundary, and this will give us a better sense of what the logistic regressions hypothesis function is computing. To recap, this is what we wrote out last time, where we said that the hypothesis is represented as h of x equals g of theta transpose x, where g is this function called the sigmoid functi""]",canonical_phrase,__phrase__negative_example
158,neural network,neural network::;neural networks,"[""welcome to machine learning introduction What is machine learning? You probably use it dozens of times a day without even knowing it. Each time you do a web search on Google or Bing, that works so well because their machine learning software has figured out how to rank what pages. When Facebook or Apple's photo application recognizes your friends in your pictures, that's also machine learning. Each time you read your email and a spam filter saves you from having to wade through tons of spam, aga"", ""non linear hypotheses neural networks representation In this and in the next set of videos, I'd like to tell you about a learning algorithm called a Neural Network. We're going to first talk about the representation and then in the next set of videos talk about learning algorithms for it. Neutral networks is actually a pretty old idea, but had fallen out of favor for a while. But today, it is the state of the art technique for many different machine learning problems. So why do we need yet anoth"", ""neurons and the brain neural networks representation Neural Networks are a pretty old algorithm that was originally motivated by the goal of having machines that can mimic the brain. Now in this class, of course I'm teaching Neural Networks to you because they work really well for different machine learning problems and not, certainly not because they're logically motivated. In this video, I'd like to give you some of the background on Neural Networks. So that we can get a sense of what we can e""]",canonical_phrase,__phrase__neural_network
159,neural network learning,neural network learning,"[""putting it together neural networks learning So, it's taken us a lot of videos to get through the neural network learning algorithm. In this video, what I'd like to do is try to put all the pieces together, to give a overall summary or a bigger picture view, of how all the pieces fit together and of the overall process of how to implement a neural network learning algorithm. When training a neural network, the first thing you need to do is pick some network architecture and by architecture I jus""]",canonical_phrase,__phrase__neural_network_learning
160,non-anomalous examples,non-anomalous examples,"[""problem motivation anomaly detection In this next set of videos, I'd like to tell you about a problem called Anomaly Detection. This is a reasonably commonly use you type machine learning. And one of the interesting aspects is that it's mainly for unsupervised problem, that there's some aspects of it that are also very similar to sort of the supervised learning problem. So, what is anomaly detection? To explain it. Let me use the motivating example of: Imagine that you're a manufacturer of aircr"", ""developing and evaluating an anomaly detection system anomaly detection In the last video, we developed an anomaly detection algorithm. In this video, I like to talk about the process of how to go about developing a specific application of anomaly detection to a problem and in particular this will focus on the problem of how to evaluate an anomaly detection algorithm. In previous videos, we've already talked about the importance of real number evaluation and this captures the idea that when you'""]",canonical_phrase,__phrase__non-anomalous_examples
161,nonlinear hypotheses,nonlinear hypotheses,"[""non linear hypotheses neural networks representation In this and in the next set of videos, I'd like to tell you about a learning algorithm called a Neural Network. We're going to first talk about the representation and then in the next set of videos talk about learning algorithms for it. Neutral networks is actually a pretty old idea, but had fallen out of favor for a while. But today, it is the state of the art technique for many different machine learning problems. So why do we need yet anoth"", ""model representation ii neural networks representation In the last video, we gave a mathematical definition of how to represent or how to compute the hypotheses used by Neural Network. In this video, I like show you how to actually carry out that computation efficiently, and that is show you a vector rise implementation. And second, and more importantly, I want to start giving you intuition about why these neural network representations might be a good idea and how they can help us to learn comp""]",canonical_phrase,__phrase__nonlinear_hypotheses
162,normal equation,normal equation,"[""gradient descent for linear regression linear regression with one variable In previous videos, we talked about the gradient descent algorithm and we talked about the linear regression model and the squared error cost function. In this video we're gonna put together gradient descent with our cost function, and that will give us an algorithm for linear regression or putting a straight line to our data. So this was what we worked out in the previous videos. This gradient descent algorithm which you"", ""normal equation linear regression with multiple variables In this video, we'll talk about the normal equation, which for some linear regression problems, will give us a much better way to solve for the optimal value of the parameters theta. Concretely, so far the algorithm that we've been using for linear regression is gradient descent where in order to minimize the cost function J of Theta, we would take this iterative algorithm that takes many steps, multiple iterations of gradient descent to "", ""normal equation noninvertibility linear regression with multiple variables In this video I want to talk about the Normal equation and non-invertibility. This is a somewhat more advanced concept, but it's something that I've often been asked about. And so I want to talk it here and address it here. But this is a somewhat more advanced concept, so feel free to consider this optional material. And there's a phenomenon that you may run into that may be somewhat useful to understand, but even if you ""]",canonical_phrase,__phrase__normal_equation
163,normalized features,normalized features,"[""coordinate descent for least squares regression normalized features feature selection lasso As a last aside, before we get to our coordinate descent algorithm for Lasso. Let's first describe, or rather derive our coordinate descent algorithm for just least squares regression using these normalized features that we've just described. So here's our least squares objective, which is just minimizing our residual sum of squares. And when we derive our coordinates to send algorithm, remember that we'r"", ""coordinate descent for lasso normalized features feature selection lasso [MUSIC] So, now we're gonna describe what the variant of this coordinate descent algorithm looks like in the case of lasso. Again, we're gonna be looking at these normalized features. And just remember this is where we left off with our coordinate descent algorithm for just least squares un-regularized regression. And remember the key point was that we set w hat j equal to row j. This correlation between our features and th"", ""coordinate descent for lasso unnormalized features feature selection lasso [MUSIC] So finally, I just wanted to present the coordinate descent algorithm for lasso if you don't normalize your features. So this is the most generic form of the algorithm, because of course it applies to normalized features as well. But let's just remember our algorithm for our normalized features. So, here it is now. And relative to this, the only changes we need to make are what's highlighted in these green boxes. ""]",canonical_phrase,__phrase__normalized_features
164,normalized representation,normalized representation,"[""distance metrics cosine similarity nearest neighbor search [MUSIC] So that was one idea of computing an inner product to compute a distance, but here's another really natural inner product measure that we could have. And this is simply to look at the inner product between our one article which might be our query article xq and another article xi, simply as the inner product between these two vectors that we are going to multiply, element-wise each of the different values, add them up, and call t"", ""to normalize or not and other distance considerations nearest neighbor search So what we saw was that the thing that made cosine similarity different than the first presentation of just similarity between two articles that we had, was the fact that in cosine similarity, you operate with normalized vectors. So this begs the question of, should we normalize or not? Should we use cosine similarity or just a vanilla version of a similarity calculation? Which is just the inner product between two vec""]",canonical_phrase,__phrase__normalized_representation
165,matrix,matrix::;matrices,"[""matrices and vectors linear algebra review Let's get started with our linear algebra review. In this video I want to tell you what are matrices and what are vectors. A matrix is a rectangular array of numbers written between square brackets. So, for example, here is a matrix on the right, a left square bracket. And then, write in a bunch of numbers. These could be features from a learning problem or it could be data from somewhere else, but the specific values don't matter, and then I'm going to"", ""addition and scalar multiplication linear algebra review In this video we'll talk about matrix addition and subtraction, as well as how to multiply a matrix by a number, also called Scalar Multiplication. Let's start an example. Given two matrices like these, let's say I want to add them together. How do I do that? And so, what does addition of matrices mean? It turns out that if you want to add two matrices, what you do is you just add up the elements of these matrices one at a time. So, my res"", ""matrix vector multiplication linear algebra review In this video, I'd like to start talking about how to multiply together two matrices. We'll start with a special case of that, of matrix vector multiplication - multiplying a matrix together with a vector. Let's start with an example. Here is a matrix, and here is a vector, and let's say we want to multiply together this matrix with this vector, what's the result? Let me just work through this example and then we can step back and look at just w""]",canonical_phrase,__phrase__matrix
166,ocr problem,ocr problem,"[""problem description and pipeline application example photo ocr In this and the next few videos, I want to tell you about a machine learning application example, or a machine learning application history centered around an application called Photo OCR . There are three reasons why I want to do this, first I wanted to show you an example of how a complex machine learning system can be put together. Second, once told the concepts of a machine learning a type line and how to allocate resources when ""]",word_average,ocr+problem
167,online learning,online learning,"[""online learning large scale machine learning In this video, I'd like to talk about a new large-scale machine learning setting called the online learning setting. The online learning setting allows us to model problems where we have a continuous flood or a continuous stream of data coming in and we would like an algorithm to learn from that. Today, many of the largest websites, or many of the largest website companies use different versions of online learning algorithms to learn from the flood of"", ""map reduce and data parallelism large scale machine learning In the last few videos, we talked about stochastic gradient descent, and, you know, other variations of the stochastic gradient descent algorithm, including those adaptations to online learning, but all of those algorithms could be run on one machine, or could be run on one computer. And some machine learning problems are just too big to run on one machine, sometimes maybe you just so much data you just don't ever want to run all that "", ""whats ahead in the specialization closing remarks [MUSIC] Okay, so now that you guys are psyched about the future machine running, let's talk about what we're gonna cover in the specialization. Okay, so in the regression course, now that you guys know what regression is, we're gonna go through a lot more of the details on different formulations for models. For example, how to cope with lots of features, something that we eluded to in this course. And we're also gonna talk about, in great detail,""]",canonical_phrase,__phrase__online_learning
168,optimal solution,optimal solution::;optimal value,"[""normal equation linear regression with multiple variables In this video, we'll talk about the normal equation, which for some linear regression problems, will give us a much better way to solve for the optimal value of the parameters theta. Concretely, so far the algorithm that we've been using for linear regression is gradient descent where in order to minimize the cost function J of Theta, we would take this iterative algorithm that takes many steps, multiple iterations of gradient descent to "", ""advanced optimization logistic regression In the last video, we talked about gradient descent for minimizing the cost function J of theta for logistic regression. In this video, I'd like to tell you about some advanced optimization algorithms and some advanced optimization concepts. Using some of these ideas, we'll be able to get logistic regression to run much more quickly than it's possible with gradient descent. And this will also let the algorithms scale much better to very large machine lea"", ""optimization objective support vector machines By now, you've seen a range of difference learning algorithms. With supervised learning, the performance of many supervised learning algorithms will be pretty similar, and what matters less often will be whether you use learning algorithm a or learning algorithm b, but what matters more will often be things like the amount of data you create these algorithms on, as well as your skill in applying these algorithms. Things like your choice of the featu""]",canonical_phrase,__phrase__optimal_solution
169,optimization algorithms,optimization algorithms::;optimization methods,"[""advanced optimization logistic regression In the last video, we talked about gradient descent for minimizing the cost function J of theta for logistic regression. In this video, I'd like to tell you about some advanced optimization algorithms and some advanced optimization concepts. Using some of these ideas, we'll be able to get logistic regression to run much more quickly than it's possible with gradient descent. And this will also let the algorithms scale much better to very large machine lea"", ""regularized logistic regression regularization For logistic regression, we previously talked about two types of optimization algorithms. We talked about how to use gradient descent to optimize as cost function J of theta. And we also talked about advanced optimization methods. Ones that require that you provide a way to compute your cost function J of theta and that you provide a way to compute the derivatives. In this video, we'll show how you can adapt both of those techniques, both gradient d"", ""backpropagation algorithm neural networks learning In the previous video, we talked about a cost function for the neural network. In this video, let's start to talk about an algorithm, for trying to minimize the cost function. In particular, we'll talk about the back propagation algorithm. Here's the cost function that we wrote down in the previous video. What we'd like to do is try to find parameters theta to try to minimize j of theta. In order to use either gradient descent or one of the adva""]",canonical_phrase,__phrase__optimization_algorithms
170,optimization objective,optimization objective,"[""cost function intuition i linear regression with one variable In the previous video, we gave the mathematical definition of the cost function. In this video, let's look at some examples, to get back to intuition about what the cost function is doing, and why we want to use it. To recap, here's what we had last time. We want to fit a straight line to our data, so we had this formed as a hypothesis with these parameters theta zero and theta one, and with different choices of the parameters we end "", ""cost function intuition ii linear regression with one variable In this video, lets delve deeper and get even better intuition about what the cost function is doing. This video assumes that you're familiar with contour plots. If you are not familiar with contour plots or contour figures some of the illustrations in this video may or may not make sense to you but is okay and if you end up skipping this video or some of it does not quite make sense because you haven't seen contour plots before. Tha"", ""cost function logistic regression In this video, we'll talk about how to fit the parameters of theta for the logistic compression. In particular, I'd like to define the optimization objective, or the cost function that we'll use to fit the parameters. Here's the supervised learning problem of fitting logistic regression model. We have a training set of m training examples and as usual, each of our examples is represented by a that's n plus one dimensional, and as usual we have x o equals one. Fi""]",canonical_phrase,__phrase__optimization_objective
171,optimization problem,optimization problem,"[""cost function logistic regression In this video, we'll talk about how to fit the parameters of theta for the logistic compression. In particular, I'd like to define the optimization objective, or the cost function that we'll use to fit the parameters. Here's the supervised learning problem of fitting logistic regression model. We have a training set of m training examples and as usual, each of our examples is represented by a that's n plus one dimensional, and as usual we have x o equals one. Fi"", ""cost function regularization In this video, I'd like to convey to you, the main intuitions behind how regularization works. And, we'll also write down the cost function that we'll use, when we were using regularization. With the hand drawn examples that we have on these slides, I think I'll be able to convey part of the intuition. But, an even better way to see for yourself, how regularization works, is if you implement it, and, see it work for yourself. And, if you do the appropriate exercises "", ""optimization objective support vector machines By now, you've seen a range of difference learning algorithms. With supervised learning, the performance of many supervised learning algorithms will be pretty similar, and what matters less often will be whether you use learning algorithm a or learning algorithm b, but what matters more will often be things like the amount of data you create these algorithms on, as well as your skill in applying these algorithms. Things like your choice of the featu""]",canonical_phrase,__phrase__optimization_problem
172,output label,output label,"[""backpropagation algorithm neural networks learning In the previous video, we talked about a cost function for the neural network. In this video, let's start to talk about an algorithm, for trying to minimize the cost function. In particular, we'll talk about the back propagation algorithm. Here's the cost function that we wrote down in the previous video. What we'd like to do is try to find parameters theta to try to minimize j of theta. In order to use either gradient descent or one of the adva"", ""class probabilities classification analyzing sentiment So far we talked about classification in terms of just predicting, is this a positive sentence or a negative sentence, is email spam or not spam, but in general, you wanna go a little bit beyond that and ask about, what is the probability that this is email spam? So how confident am I on the prediction? So if you're just looking at positive and negative, I want to know how sure I am about the prediction. So for example, if you take a sentenc"", ""what is this course about welcome [MUSIC] This course address classification, which is one of the most widely used, most fundamental areas of machine learning. If you understand classifiers, you'll also understand basically the rest of machine learning and the techniques we use here is what most people in the industry need to be successful. We discuss how much learning is about input data which can be pushed through some machinery algorithm which outputs what we think about this kind of intellig""]",canonical_phrase,__phrase__output_label
173,output layer,output layer::;output wire,"[""model representation i neural networks representation In this video, I want to start telling you about how we represent neural networks. In other words, how we represent our hypothesis or how we represent our model when using neural networks. Neural networks were developed as simulating neurons or networks of neurons in the brain. So, to explain the hypothesis representation let's start by looking at what a single neuron in the brain looks like. Your brain and mine is jam packed full of neurons "", ""model representation ii neural networks representation In the last video, we gave a mathematical definition of how to represent or how to compute the hypotheses used by Neural Network. In this video, I like show you how to actually carry out that computation efficiently, and that is show you a vector rise implementation. And second, and more importantly, I want to start giving you intuition about why these neural network representations might be a good idea and how they can help us to learn comp"", ""examples and intuitions ii neural networks representation In this video I'd like to keep working through our example to show how a Neural Network can compute complex non linear hypothesis. In the last video we saw how a Neural Network can be used to compute the functions x1 AND x2, and the function x1 OR x2 when x1 and x2 are binary, that is when they take on values 0,1. We can also have a network to compute negation, that is to compute the function not x1. Let me just write down the ways associ""]",canonical_phrase,__phrase__output_layer
174,output unit,output unit::;output units,"[""model representation i neural networks representation In this video, I want to start telling you about how we represent neural networks. In other words, how we represent our hypothesis or how we represent our model when using neural networks. Neural networks were developed as simulating neurons or networks of neurons in the brain. So, to explain the hypothesis representation let's start by looking at what a single neuron in the brain looks like. Your brain and mine is jam packed full of neurons "", ""model representation ii neural networks representation In the last video, we gave a mathematical definition of how to represent or how to compute the hypotheses used by Neural Network. In this video, I like show you how to actually carry out that computation efficiently, and that is show you a vector rise implementation. And second, and more importantly, I want to start giving you intuition about why these neural network representations might be a good idea and how they can help us to learn comp"", ""examples and intuitions ii neural networks representation In this video I'd like to keep working through our example to show how a Neural Network can compute complex non linear hypothesis. In the last video we saw how a Neural Network can be used to compute the functions x1 AND x2, and the function x1 OR x2 when x1 and x2 are binary, that is when they take on values 0,1. We can also have a network to compute negation, that is to compute the function not x1. Let me just write down the ways associ""]",canonical_phrase,__phrase__output_unit
175,parameter estimation,parameter estimation,"[""gaussian distribution anomaly detection In this video, I'd like to talk about the Gaussian distribution which is also called the normal distribution. In case you're already intimately familiar with the Gaussian distribution, it's probably okay to skip this video, but if you're not sure or if it has been a while since you've worked with the Gaussian distribution or normal distribution then please do watch this video all the way to the end. And in the video after this we'll start applying the Gaus"", ""algorithm anomaly detection In the last video, we talked about the Gaussian distribution. In this video lets apply that to develop an anomaly detection algorithm. Let's say that we have an unlabeled training set of M examples, and each of these examples is going to be a feature in Rn so your training set could be, feature vectors from the last M aircraft engines being manufactured. Or it could be features from m users or something else. The way we are going to address anomaly detection, is we ar"", ""anomaly detection using the multivariate gaussian distribution anomaly detection In the last video we talked about the Multivariate Gaussian Distribution and saw some examples of the sorts of distributions you can model, as you vary the parameters, mu and sigma. In this video, let's take those ideas, and apply them to develop a different anomaly detection algorithm. To recap the multivariate Gaussian distribution and the multivariate normal distribution has two parameters, mu and sigma. Where mu""]",canonical_phrase,__phrase__parameter_estimation
176,parameter vector,parameter vector,"[""multiple features linear regression with multiple variables in this video we will start to talk about a new version of linear regression that's more powerful. One that works with multiple variables or with multiple features. Here's what I mean. In the original version of linear regression that we developed, we have a single feature x, the size of the house, and we wanted to use that to predict why the price of the house and this was our form of our hypothesis. But now imagine, what if we had not"", ""gradient descent for multiple variables linear regression with multiple variables In the previous video, we talked about the form of the hypothesis for linear regression with multiple features or with multiple variables. In this video, let's talk about how to fit the parameters of that hypothesis. In particular let's talk about how to use gradient descent for linear regression with multiple features. To quickly summarize our notation, this is our formal hypothesis in multivariable linear regress"", ""gradient descent in practice ii learning rate linear regression with multiple variables In this video, I want to give you more practical tips for getting gradient descent to work. The ideas in this video will center around the learning rate alpha. Concretely, here's the gradient descent update rule. And what I want to do in this video is tell you about what I think of as debugging, and some tips for making sure that gradient descent is working correctly. And second, I wanna tell you how to choos""]",canonical_phrase,__phrase__parameter_vector
177,partial derivative,partial derivative::;partial derivatives,"[""gradient descent linear regression with one variable We previously defined the cost function J. In this video, I want to tell you about an algorithm called gradient descent for minimizing the cost function J. It turns out gradient descent is a more general algorithm, and is used not only in linear regression. It's actually used all over the place in machine learning. And later in the class, we'll use gradient descent to minimize other functions as well, not just the cost function J for the linea"", ""gradient descent intuition linear regression with one variable In the previous video, we gave a mathematical definition of gradient descent. Let's delve deeper and in this video get better intuition about what the algorithm is doing and why the steps of the gradient descent algorithm might make sense. Here's a gradient descent algorithm that we saw last time and just to remind you this parameter, or this term alpha is called the learning rate. And it controls how big a step we take when updating"", ""gradient descent for linear regression linear regression with one variable In previous videos, we talked about the gradient descent algorithm and we talked about the linear regression model and the squared error cost function. In this video we're gonna put together gradient descent with our cost function, and that will give us an algorithm for linear regression or putting a straight line to our data. So this was what we worked out in the previous videos. This gradient descent algorithm which you""]",canonical_phrase,__phrase__partial_derivative
178,pca algorithm,pca algorithm,"[""principal component analysis algorithm dimensionality reduction In this video I'd like to tell you about the principle components analysis algorithm. And by the end of this video you know to implement PCA for yourself. And use it reduce the dimension of your data. Before applying PCA, there is a data pre-processing step which you should always do. Given the trading sets of the examples is important to always perform mean normalization, and then depending on your data, maybe perform feature scali"", ""reconstruction from compressed representation dimensionality reduction In some of the earlier videos, I was talking about PCA as a compression algorithm where you may have say, 1,000-dimensional data and compress it to 100-dimensional feature vector. Or have three-dimensional data and compress it to a two-dimensional representation. So, if this is a compression algorithm, there should be a way to go back from this compressed representation back to an approximation of your original high-dimension"", ""choosing the number of principal components dimensionality reduction In the PCA algorithm we take N dimensional features and reduce them to some K dimensional feature representation. This number K is a parameter of the PCA algorithm. This number K is also called the number of principle components or the number of principle components that we've retained. And in this video I'd like to give you some guidelines, tell you about how people tend to think about how to choose this parameter K for PCA. I""]",canonical_phrase,__phrase__pca_algorithm
179,pedestrian detection,pedestrian detection,"[""sliding windows application example photo ocr In the previous video, we talked about the photo OCR pipeline and how that worked. In which we would take an image and pass the Through a sequence of machine learning components in order to try to read the text that appears in an image. In this video I like to. A little bit more about how the individual components of the pipeline works. In particular most of this video will center around the discussion. of whats called a sliding windows. The first st""]",canonical_phrase,__phrase__pedestrian_detection
180,photo ocr,photo ocr,"[""problem description and pipeline application example photo ocr In this and the next few videos, I want to tell you about a machine learning application example, or a machine learning application history centered around an application called Photo OCR . There are three reasons why I want to do this, first I wanted to show you an example of how a complex machine learning system can be put together. Second, once told the concepts of a machine learning a type line and how to allocate resources when "", ""sliding windows application example photo ocr In the previous video, we talked about the photo OCR pipeline and how that worked. In which we would take an image and pass the Through a sequence of machine learning components in order to try to read the text that appears in an image. In this video I like to. A little bit more about how the individual components of the pipeline works. In particular most of this video will center around the discussion. of whats called a sliding windows. The first st"", ""getting lots of data and artificial data application example photo ocr I've seen over and over that one of the most reliable ways to get a high performance machine learning system is to take a low bias learning algorithm and to train it on a massive training set. But where did you get so much training data from? Turns out that the machine earnings there's a fascinating idea called artificial data synthesis, this doesn't apply to every single problem, and to apply to a specific problem, often tak""]",canonical_phrase,__phrase__photo_ocr
181,polynomial features,polynomial features,"[""decision boundary logistic regression In the last video, we talked about the hypothesis representation for logistic regression. What Id like to do now is tell you about something called the decision boundary, and this will give us a better sense of what the logistic regressions hypothesis function is computing. To recap, this is what we wrote out last time, where we said that the hypothesis is represented as h of x equals g of theta transpose x, where g is this function called the sigmoid functi"", ""cost function regularization In this video, I'd like to convey to you, the main intuitions behind how regularization works. And, we'll also write down the cost function that we'll use, when we were using regularization. With the hand drawn examples that we have on these slides, I think I'll be able to convey part of the intuition. But, an even better way to see for yourself, how regularization works, is if you implement it, and, see it work for yourself. And, if you do the appropriate exercises "", ""regularized logistic regression regularization For logistic regression, we previously talked about two types of optimization algorithms. We talked about how to use gradient descent to optimize as cost function J of theta. And we also talked about advanced optimization methods. Ones that require that you provide a way to compute your cost function J of theta and that you provide a way to compute the derivatives. In this video, we'll show how you can adapt both of those techniques, both gradient d""]",canonical_phrase,__phrase__polynomial_features
182,polynomial kernel,polynomial kernel,"[""using an svm support vector machines So far we've been talking about SVMs in a fairly abstract level. In this video I'd like to talk about what you actually need to do in order to run or to use an SVM. The support vector machine algorithm poses a particular optimization problem. But as I briefly mentioned in an earlier video, I really do not recommend writing your own software to solve for the parameter's theta yourself. So just as today, very few of us, or maybe almost essentially none of us wo""]",canonical_phrase,__phrase__polynomial_kernel
183,polynomial regression,polynomial regression,"[""features and polynomial regression linear regression with multiple variables You now know about linear regression with multiple variables. In this video, I wanna tell you a bit about the choice of features that you have and how you can get different learning algorithm, sometimes very powerful ones by choosing appropriate features. And in particular I also want to tell you about polynomial regression allows you to use the machinery of linear regression to fit very complicated, even very non-linea"", ""decision boundary logistic regression In the last video, we talked about the hypothesis representation for logistic regression. What Id like to do now is tell you about something called the decision boundary, and this will give us a better sense of what the logistic regressions hypothesis function is computing. To recap, this is what we wrote out last time, where we said that the hypothesis is represented as h of x equals g of theta transpose x, where g is this function called the sigmoid functi"", ""regularized logistic regression regularization For logistic regression, we previously talked about two types of optimization algorithms. We talked about how to use gradient descent to optimize as cost function J of theta. And we also talked about advanced optimization methods. Ones that require that you provide a way to compute your cost function J of theta and that you provide a way to compute the derivatives. In this video, we'll show how you can adapt both of those techniques, both gradient d""]",canonical_phrase,__phrase__polynomial_regression
184,polynomial terms,polynomial terms,"[""decision boundary logistic regression In the last video, we talked about the hypothesis representation for logistic regression. What Id like to do now is tell you about something called the decision boundary, and this will give us a better sense of what the logistic regressions hypothesis function is computing. To recap, this is what we wrote out last time, where we said that the hypothesis is represented as h of x equals g of theta transpose x, where g is this function called the sigmoid functi"", ""the problem of overfitting regularization By now, you've seen a couple different learning algorithms, linear regression and logistic regression. They work well for many problems, but when you apply them to certain machine learning applications, they can run into a problem called overfitting that can cause them to perform very poorly. What I'd like to do in this video is explain to you what is this overfitting problem, and in the next few videos after this, we'll talk about a technique called reg"", ""cost function regularization In this video, I'd like to convey to you, the main intuitions behind how regularization works. And, we'll also write down the cost function that we'll use, when we were using regularization. With the hand drawn examples that we have on these slides, I think I'll be able to convey part of the intuition. But, an even better way to see for yourself, how regularization works, is if you implement it, and, see it work for yourself. And, if you do the appropriate exercises ""]",canonical_phrase,__phrase__polynomial_terms
185,positive class,positive class,"[""classification logistic regression In this and the next few videos, I want to start to talk about classification problems, where the variable y that you want to predict is valued. We'll develop an algorithm called logistic regression, which is one of the most popular and most widely used learning algorithms today. Here are some examples of classification problems. Earlier we talked about email spam classification as an example of a classification problem. Another example would be classifying onl"", ""multiclass classification one vs all logistic regression In this video we'll talk about how to get logistic regression to work for multiclass classification problems. And in particular I want to tell you about an algorithm called one-versus-all classification. What's a multiclass classification problem? Here are some examples. Lets say you want a learning algorithm to automatically put your email into different folders or to automatically tag your emails so you might have different folders or di"", ""using an svm support vector machines So far we've been talking about SVMs in a fairly abstract level. In this video I'd like to talk about what you actually need to do in order to run or to use an SVM. The support vector machine algorithm poses a particular optimization problem. But as I briefly mentioned in an earlier video, I really do not recommend writing your own software to solve for the parameter's theta yourself. So just as today, very few of us, or maybe almost essentially none of us wo""]",canonical_phrase,__phrase__positive_class
186,positive data,positive data::;positive example::;positive examples,"[""supervised learning introduction In this video I am going to define what is probably the most common type of machine learning problem, which is supervised learning. I'll define supervised learning more formally later, but it's probably best to explain or start with an example of what it is and we'll do the formal definition later. Let's say you want to predict housing prices. A while back, a student collected data sets from the Institute of Portland Oregon. And let's say you plot a data set and "", ""classification logistic regression In this and the next few videos, I want to start to talk about classification problems, where the variable y that you want to predict is valued. We'll develop an algorithm called logistic regression, which is one of the most popular and most widely used learning algorithms today. Here are some examples of classification problems. Earlier we talked about email spam classification as an example of a classification problem. Another example would be classifying onl"", ""decision boundary logistic regression In the last video, we talked about the hypothesis representation for logistic regression. What Id like to do now is tell you about something called the decision boundary, and this will give us a better sense of what the logistic regressions hypothesis function is computing. To recap, this is what we wrote out last time, where we said that the hypothesis is represented as h of x equals g of theta transpose x, where g is this function called the sigmoid functi""]",canonical_phrase,__phrase__positive_data
187,positive predictions,positive predictions,"[""decision boundaries classification analyzing sentiment [MUSIC] So classifiers are really trying to make decisions. Decisions as to whether a sentence is positive or negative, or whether a set of lab tests plus x-rays plus measurements lead to a certain disease like flu or cold. That's a decision that needs to be made. So let's talk a little bit about how classifiers especially linear classifiers make decisions. To understand decision boundaries, suppose you only had two words with non-zero weigh"", ""decision boundaries linear classifiers logistic regression [MUSIC] In order to understand linear classifiers a little better, let's review the notion of decision boundary, which is a boundary between positive predictions and negative predictions. Now, let's say that I have taken my data and I trained my linear classifier and every word has zero weight except for two of them. Awesome has weight 1.0 and awful has weight -1.5. So what does that mean? That means that the score of any sentence is 1.0"", ""precision fraction of positive predictions that are actually positive precision recall [MUSIC] We're going to start by defining this idea of precision a little bit more formally. So precision is, after showed my website, which fraction were actually positive? In general, it's the fraction of positive predictions that are actually positive. Precision then is the fraction of positive predictions that were actually positive. So let's say that my algorithm predicted that the six sentences were posit""]",canonical_phrase,__phrase__positive_predictions
188,positive training example,positive training example,"[""anomaly detection vs supervised learning anomaly detection In the last video we talked about the process of evaluating an anomaly detection algorithm. And there we started to use some label data with examples that we knew were either anomalous or not anomalous with Y equals one, or Y equals 0. And so, the question then arises of, and if we have the label data, that we have some examples and know the anomalies, and some of them will not be anomalies. Why don't we just use a supervisor on half of "", ""linear classifier model linear classifiers logistic regression We started with the intuition of a linear classifier using the sentimental analysis example. Let's take a little bit of a next level dive and let's understand more about what a linear classier model really captures. In particular, we're going to take some data set, some data set which is going to feed us x's. We're going to get features out of that just like we did in the regression course. And we're going to feed it out to the machi"", ""interpreting derivative for logistic regression learning linear classifiers [MUSIC] All right, we saw a numeric example of how those derivatives get computed. It's really simple computations. Now let's go back and interpret a little bit what the derivative means. So let's say we have a particular parameter that we're trying to update, w j, and we have a particular data point x i, want to look at its contribution and it turns out that for x i, h j(x i) has value one. Say that that's what happened""]",canonical_phrase,__phrase__positive_training_example
189,precision recall curve,precision recall curve,"[""evaluating a classifier the roc curve classification analyzing sentiment [MUSIC] Our next step is to evaluate the sentiment model that we've built. Now, we just talked in this module about classification error, precision, sorry, false positives and false negatives. And we're gonna explore that idea right here in this demonstration in this notebook. So the sentiment model has a function called Evaluate. And that function Evaluate allows you to evaluate its quality on some test data. And we're gon"", ""precision recall curves recommending products [MUSIC] So now, let's talk about how we can use these metrics of precision and recall to compare our different algorithms that we might think about using. And to do this we can draw something that's called the precision recall curve. And let's start by talking about what these curves are gonna represent. And what the curves are gonna represent is for a given recommender system, what I'm gonna ask you to do is I'm gonna ask you to vary the threshold o"", ""using precision recall to compare recommender models recommending products [MUSIC] So, we've now seen this models in action. And we've done this, what we call a kind of qualitative, just kind of anecdotal qualitative exploration. Let's do a more quantitative comparison between the personalize model and the popularity model. So, now we're going to do a quantitative comparison between the models. So as we explored with family in the lectures, when we're comparing recommenders, a good metric to use""]",canonical_phrase,__phrase__precision_recall_curve
190,predicted class,predicted class,"[""error metrics for skewed classes machine learning system design In the previous video, I talked about error analysis and the importance of having error metrics, that is of having a single real number evaluation metric for your learning algorithm to tell how well it's doing. In the context of evaluation and of error metrics, there is one important case, where it's particularly tricky to come up with an appropriate error metric, or evaluation metric, for your learning algorithm. That case is the c"", ""whats a good accuracy classification analyzing sentiment [MUSIC] We've discussed error and accuracy as ways to evaluate a classifier. Now, it's very important to understand the accuracies or errors that you're actually getting from your classifier. I really think deeply about whether those are good errors or good levels of accuracy in your situation. So for example, one of the common mistakes you might make is to say how good is my classification at all? When you build a classifier, the first ba""]",canonical_phrase,__phrase__predicted_class
191,predicted value,predicted value::;predicted values,"[""cost function intuition i linear regression with one variable In the previous video, we gave the mathematical definition of the cost function. In this video, let's look at some examples, to get back to intuition about what the cost function is doing, and why we want to use it. To recap, here's what we had last time. We want to fit a straight line to our data, so we had this formed as a hypothesis with these parameters theta zero and theta one, and with different choices of the parameters we end "", ""error metrics for skewed classes machine learning system design In the previous video, I talked about error analysis and the importance of having error metrics, that is of having a single real number evaluation metric for your learning algorithm to tell how well it's doing. In the context of evaluation and of error metrics, there is one important case, where it's particularly tricky to come up with an appropriate error metric, or evaluation metric, for your learning algorithm. That case is the c"", ""content based recommendations recommender systems In the last video, we talked about the recommender systems problem where for example you might have a set of movies and you may have a set of users, each who have rated some subset of the movies. They've rated the movies one to five stars or zero to five stars. And what we would like to do is look at these users and predict how they would have rated other movies that they have not yet rated. In this video I'd like to talk about our first approach""]",canonical_phrase,__phrase__predicted_value
192,prediction error,prediction error,"[""variance and the bias variance tradeoff assessing performance [MUSIC] Okay. Well, now let's turn to this third component which is a variance. And what variance is gonna say is, how different can my specific fits to a given data set be from one another, as I'm looking at different possible data sets? And in this case, when we are looking at just this constant model, we showed by that early picture where I drew points that were mainly above the true relationship and the points mainly below, that t"", ""formally defining the 3 sources of error assessing performance [MUSIC] So by now we've gone through notions of three sources of error at a level that's needed to be a practitioner in machine learning. But we know that some of you are interested in more of the technical underpinnings of these ideas both in terms of mathematical formalisms and statistical understanding. And so what we've done is created this optional video that provides a much more technical definition of the three sources of erro"", ""formally deriving why 3 sources of error assessing performance [MUSIC] So we've just finished our deep dive into the formal definition of the three different sources of error that we have. But now, what we're gonna do is we're gonna turn to again, another optional video. It's gonna be even more technical, possibly than the video that we just completed. To derive why specifically these are the three sources of error, and why they appear as sigma squared plus squared plus variance. Okay, so let's ""]",canonical_phrase,__phrase__prediction_error
193,principle components,principle components,"[""principal component analysis problem formulation dimensionality reduction For the problem of dimensionality reduction, by far the most popular, by far the most commonly used algorithm is something called principle components analysis, or PCA. In this video, I'd like to start talking about the problem formulation for PCA. In other words, let's try to formulate, precisely, exactly what we would like PCA to do. Let's say we have a data set like this. So, this is a data set of examples x and R2 and "", ""principal component analysis algorithm dimensionality reduction In this video I'd like to tell you about the principle components analysis algorithm. And by the end of this video you know to implement PCA for yourself. And use it reduce the dimension of your data. Before applying PCA, there is a data pre-processing step which you should always do. Given the trading sets of the examples is important to always perform mean normalization, and then depending on your data, maybe perform feature scali"", ""choosing the number of principal components dimensionality reduction In the PCA algorithm we take N dimensional features and reduce them to some K dimensional feature representation. This number K is a parameter of the PCA algorithm. This number K is also called the number of principle components or the number of principle components that we've retained. And in this video I'd like to give you some guidelines, tell you about how people tend to think about how to choose this parameter K for PCA. I""]",canonical_phrase,__phrase__principle_components
194,prior probability,prior probability,"[""interpreting the mixture of gaussian terms mixture models [MUSIC] And when we're thinking about using mixture models to do clustering, note that they can also be used just to do what's called density estimations. So estimate those types of curves over the histograms that we drew earlier. But in our case, we're going to focus in on the clustering application. And there, there's a really important other variable that we're going to introduce, and that is the cluster indicator, the assignment varia"", ""computing soft assignments from known cluster parameters mixture models The algorithm we're going to use to infer the cluster parameters as well as soft assignments is something called expectation maximization or. And the idea is we start with a set of unlabeled, observed inputs. Such as the data shown here. And the goal is to output a set of soft assignments per data point meaning an allocation of that data point to each one of the clusters. And in this example, there are three different cluste"", ""optional responsibilities as bayes rule mixture models But before we continue our story about the Algorithm, I wanted to spend a little bit of time showing how these soft assignments are actually an application of something called Bayes' rule. And this is advanced material, so we're going to make this an optional video. And for those who are happy with the level of description of the responsibility equation in the previous video, then that's fine. Skip ahead to the next video. But for those who ""]",canonical_phrase,__phrase__prior_probability
195,probabilistic model,probabilistic model,"[""course overview welcome [MUSIC] This course is going to follow the same philosophy as our past courses. In particular, we're going to use case studies to motivate the key concepts that we're going to teach. But there are a number of other key features that define the way we teach our courses in this specialization. In particular, we teach a set of core machine learning concepts and we do so both through our case studies as well as using visual aids to very dramatically guide the process. And the"", ""module by module topics covered welcome [MUSIC] Let's now dig into a more detailed description of this course content. So, the course overview that we just talked about is going to be presented in four different modules in this course. So let's step through each of these modules and discuss what we will to present at a high level. So in our first module, we are going to discuss this document retrieval task. Where there is some document that a person's reading and we want to search over all these"", ""univariate gaussian distributions mixture models [MUSIC] But before we get to our mixture model, I want to provide some background on one of the components that's going to be a really really key component to the model that we're going to describe, and this is something called a Gaussian distribution. So, let's go back to this histogram over blue intensities just for the cloud images, and we said this histogram might look something like this bell-shaped curve. Well, when we're taking our probabil""]",canonical_phrase,__phrase__probabilistic_model
196,probability density,probability density,"[""gaussian distribution anomaly detection In this video, I'd like to talk about the Gaussian distribution which is also called the normal distribution. In case you're already intimately familiar with the Gaussian distribution, it's probably okay to skip this video, but if you're not sure or if it has been a while since you've worked with the Gaussian distribution or normal distribution then please do watch this video all the way to the end. And in the video after this we'll start applying the Gaus"", ""anomaly detection using the multivariate gaussian distribution anomaly detection In the last video we talked about the Multivariate Gaussian Distribution and saw some examples of the sorts of distributions you can model, as you vary the parameters, mu and sigma. In this video, let's take those ideas, and apply them to develop a different anomaly detection algorithm. To recap the multivariate Gaussian distribution and the multivariate normal distribution has two parameters, mu and sigma. Where mu"", ""bivariate and multivariate gaussians mixture models [MUSIC] When specifying a Gaussian distribution over two random variables, we assign probability density for the pair of random variables everywhere over the range of values that each of these variables can take. And as in 1D, there's just a single hump to this distribution. So for example, here this would be the place where there's most probability. So it's most likely that the blue and green random variables. So the intensities of blue and gr""]",canonical_phrase,__phrase__probability_density
197,random numbers,random numbers,"[""basic operations octave matlab tutorial You now know a bunch about machine learning. In this video, I like to teach you a programing language, Octave, in which you'll be able to very quickly implement the the learning algorithms we've seen already, and the learning algorithms we'll see later in this course. In the past, I've tried to teach machine learning using a large variety of different programming languages including C++ Java, Python, NumPy, and also Octave, and what I found was that studen"", ""using the fitted line simple linear regression [MUSIC] Okay, so we've talked about this simple linear regression model, just a line. And then we talked about how our goal in fitting this model is gonna be to search over all possible lines, and find the line that minimizes the residual sum of squares. We haven't talked about how we're gonna do that, that's gonna come next. We're gonna talk about specific algorithms for searching over all possible lines to minimize residual sum of squares. But rig""]",canonical_phrase,__phrase__random_numbers
198,random variable,random variable::;random variables,"[""basic operations octave matlab tutorial You now know a bunch about machine learning. In this video, I like to teach you a programing language, Octave, in which you'll be able to very quickly implement the the learning algorithms we've seen already, and the learning algorithms we'll see later in this course. In the past, I've tried to teach machine learning using a large variety of different programming languages including C++ Java, Python, NumPy, and also Octave, and what I found was that studen"", ""gaussian distribution anomaly detection In this video, I'd like to talk about the Gaussian distribution which is also called the normal distribution. In case you're already intimately familiar with the Gaussian distribution, it's probably okay to skip this video, but if you're not sure or if it has been a while since you've worked with the Gaussian distribution or normal distribution then please do watch this video all the way to the end. And in the video after this we'll start applying the Gaus"", ""formally defining the 3 sources of error assessing performance [MUSIC] So by now we've gone through notions of three sources of error at a level that's needed to be a practitioner in machine learning. But we know that some of you are interested in more of the technical underpinnings of these ideas both in terms of mathematical formalisms and statistical understanding. And so what we've done is created this optional video that provides a much more technical definition of the three sources of erro""]",canonical_phrase,__phrase__random_variable
199,recommender system,recommender system::;recommender systems,"[""problem formulation recommender systems In this next set of videos, I would like to tell you about recommender systems. There are two reasons, I had two motivations for why I wanted to talk about recommender systems. The first is just that it is an important application of machine learning. Over the last few years, occasionally I visit different, you know, technology companies here in Silicon Valley and I often talk to people working on machine learning applications there and so I've asked peopl"", ""content based recommendations recommender systems In the last video, we talked about the recommender systems problem where for example you might have a set of movies and you may have a set of users, each who have rated some subset of the movies. They've rated the movies one to five stars or zero to five stars. And what we would like to do is look at these users and predict how they would have rated other movies that they have not yet rated. In this video I'd like to talk about our first approach"", ""collaborative filtering recommender systems In this video we'll talk about an approach to building a recommender system that's called collaborative filtering. The algorithm that we're talking about has a very interesting property that it does what is called feature learning and by that I mean that this will be an algorithm that can start to learn for itself what features to use. Here was the data set that we had and we had assumed that for each movie, someone had come and told us how romantic th""]",canonical_phrase,__phrase__recommender_system
200,regression coefficients,regression coefficients,"[""regression ml block diagram regression predicting house prices [MUSIC] In this module, we've seen how regression can be used to predict house prices and also be useful in a wide range of other applications. So, in the introduction to this course, Carlos introduced this machine learning pipeline, where we go from data, which gets shoved into some machine learning method, and we use that to derive intelligence. Well, let's dig into this block diagram and expand it, now that we've seen these some o"", ""discovering hidden structure by matrix factorization recommending products [MUSIC] So to this point though, we've assumed that we know all these Lu user topic vectors. So we can stack them up into this L matrix. And we know all the movie topic factors. So we put them altogether in that R matrix. And then, we multiply the two together to get this big prediction of readings that every user would give to every movie. But important thing here is the fact that we don't actually have this information."", ""the simple linear regression model simple linear regression [MUSIC] Okay, so that represented a kind of high level overview about this module, as well as, other aspects that we're going to touch upon in this course. But now let's delve into a specific case of simple linear regression and talk about what this means. So going back to our flowchart, what we're gonna talk about now is specifically the machine learning model. So that's that highlighted green box and everything else is grayed out so y""]",canonical_phrase,__phrase__regression_coefficients
201,regression function,regression function,"[""overfitting demo ridge regression [MUSIC] So let's generate some data and fit polynomials of increasing degrees and see what happens to the estimated coefficients. So to start with, let's just import some libraries that are gonna be useful. And then we're gonna just create 30 different x values. So, in the end we're gonna create a data set with 30 observations. And then what we're gonna do is, we're gonna compute the value of this sign functions. So, evaluate the sign function at these 30 x valu"", ""ridge regression demo ridge regression So here we are back at our polynomial regression demo. And remember when we're just doing these squares estimation. Let's just quickly scroll through this. Remember we had this data generated from a sine function. And when we to fit a degree-2 polynomial, things looked pretty reasonable. Degree-4 started looking a bit wigglier, larger estimated coefficients and at degree-16 looked really wiggly and had these massive, massive coefficients, okay. And now let'"", ""lasso demo feature selection lasso [MUSIC] Well, let's see this sparsity in action. And for these, we're gonna go back to our polynomial regression example. But instead of just doing least squared for increasing polynomial orders or looking at ridge regression, we're now gonna look at our lasso solution. Again, for different values of our tuning parameter lambda. Here we are back at our polynomial regression demo and for this lasso regression example, all we have to do is take our polynomial reg""]",canonical_phrase,__phrase__regression_function
202,regression model,regression model::;regression models,"[""gradient descent for linear regression linear regression with one variable In previous videos, we talked about the gradient descent algorithm and we talked about the linear regression model and the squared error cost function. In this video we're gonna put together gradient descent with our cost function, and that will give us an algorithm for linear regression or putting a straight line to our data. So this was what we worked out in the previous videos. This gradient descent algorithm which you"", ""features and polynomial regression linear regression with multiple variables You now know about linear regression with multiple variables. In this video, I wanna tell you a bit about the choice of features that you have and how you can get different learning algorithm, sometimes very powerful ones by choosing appropriate features. And in particular I also want to tell you about polynomial regression allows you to use the machinery of linear regression to fit very complicated, even very non-linea"", ""cost function logistic regression In this video, we'll talk about how to fit the parameters of theta for the logistic compression. In particular, I'd like to define the optimization objective, or the cost function that we'll use to fit the parameters. Here's the supervised learning problem of fitting logistic regression model. We have a training set of m training examples and as usual, each of our examples is represented by a that's n plus one dimensional, and as usual we have x o equals one. Fi""]",canonical_phrase,__phrase__regression_model
203,regression problem,regression problem,"[""supervised learning introduction In this video I am going to define what is probably the most common type of machine learning problem, which is supervised learning. I'll define supervised learning more formally later, but it's probably best to explain or start with an example of what it is and we'll do the formal definition later. Let's say you want to predict housing prices. A while back, a student collected data sets from the Institute of Portland Oregon. And let's say you plot a data set and "", ""model representation linear regression with one variable Our first learning algorithm will be linear regression. In this video, you'll see what the model looks like and more importantly you'll see what the overall process of supervised learning looks like. Let's use some motivating example of predicting housing prices. We're going to use a data set of housing prices from the city of Portland, Oregon. And here I'm gonna plot my data set of a number of houses that were different sizes that were so"", ""cost function linear regression with one variable In this video we'll define something called the cost function, this will let us figure out how to fit the best possible straight line to our data. In linear progression, we have a training set that I showed here remember on notation M was the number of training examples, so maybe m equals 47. And the form of our hypothesis, which we use to make predictions is this linear function. To introduce a little bit more terminology, these theta zero and t""]",canonical_phrase,__phrase__regression_problem
204,regularization,regularization,"[""normal equation noninvertibility linear regression with multiple variables In this video I want to talk about the Normal equation and non-invertibility. This is a somewhat more advanced concept, but it's something that I've often been asked about. And so I want to talk it here and address it here. But this is a somewhat more advanced concept, so feel free to consider this optional material. And there's a phenomenon that you may run into that may be somewhat useful to understand, but even if you "", ""the problem of overfitting regularization By now, you've seen a couple different learning algorithms, linear regression and logistic regression. They work well for many problems, but when you apply them to certain machine learning applications, they can run into a problem called overfitting that can cause them to perform very poorly. What I'd like to do in this video is explain to you what is this overfitting problem, and in the next few videos after this, we'll talk about a technique called reg"", ""cost function regularization In this video, I'd like to convey to you, the main intuitions behind how regularization works. And, we'll also write down the cost function that we'll use, when we were using regularization. With the hand drawn examples that we have on these slides, I think I'll be able to convey part of the intuition. But, an even better way to see for yourself, how regularization works, is if you implement it, and, see it work for yourself. And, if you do the appropriate exercises ""]",canonical_phrase,__phrase__regularization
205,regularized linear regression,regularized linear regression,"[""cost function regularization In this video, I'd like to convey to you, the main intuitions behind how regularization works. And, we'll also write down the cost function that we'll use, when we were using regularization. With the hand drawn examples that we have on these slides, I think I'll be able to convey part of the intuition. But, an even better way to see for yourself, how regularization works, is if you implement it, and, see it work for yourself. And, if you do the appropriate exercises "", ""regularized linear regression regularization For linear regression, we have previously worked out two learning algorithms. One based on gradient descent and one based on the normal equation. In this video, we'll take those two algorithms and generalize them to the case of regularized linear regression. Here's the optimization objective that we came up with last time for regularized linear regression. This first part is our usual objective for linear regression. And we now have this additional re"", ""regularized logistic regression regularization For logistic regression, we previously talked about two types of optimization algorithms. We talked about how to use gradient descent to optimize as cost function J of theta. And we also talked about advanced optimization methods. Ones that require that you provide a way to compute your cost function J of theta and that you provide a way to compute the derivatives. In this video, we'll show how you can adapt both of those techniques, both gradient d""]",canonical_phrase,__phrase__regularized_linear_regression
206,regularized logistic regression,regularized logistic regression,"[""regularized logistic regression regularization For logistic regression, we previously talked about two types of optimization algorithms. We talked about how to use gradient descent to optimize as cost function J of theta. And we also talked about advanced optimization methods. Ones that require that you provide a way to compute your cost function J of theta and that you provide a way to compute the derivatives. In this video, we'll show how you can adapt both of those techniques, both gradient d"", ""l2 regularized logistic regression overfitting regularization in logistic regression [MUSIC] Now we have these two terms that we're trying to balance between each other. And there's going to be a parameter just like in regression, that helps us explore how much we put emphasis on fitting the data, versus how much emphasis we put on making the magnitude of the coefficients small. And this parameter, we would call Lambda or the tuning parameter, or the magic parameter, or the magic constant. And s"", ""learning l2 regularized logistic regression with gradient ascent overfitting regularization in logistic regression [MUSIC] We see now how regularization can play a role in logistic regression to find much better fits of data and better assessments of probability. Let's finally talk about how we can learn them from data coefficient using gradient ascent. And it's just going to be a very very tiny change on what we did for learning the coefficients in logistic regression. So with a tiny change of ""]",canonical_phrase,__phrase__regularized_logistic_regression
207,sentiment analysis,sentiment analysis,"[""why a case study approach welcome [MUSIC] So the way we're gonna learn about this data to intelligence pipeline is by examining a number of case studies that are gonna ground the methods that we present in real world applications. And that's one of the really unique features of this course. In our first case study, we're gonna look at predicting house values. So, the intelligence we're deriving is a value associated with some house that's not on the market. So, we don't know what it's value is a"", ""specialization overview welcome [MUSIC] As Emily discussed, we're gonna see machine learning through the lens of a wide range of case studies in different areas that really ground the concepts behind them. So, other machine learning classes that you might take out there are really a laundry list of algorithms and methods. So things like support vector machines and kernels and logistic ration and networks and so on. And they're just like, a laundry list of methods. And the problem with that appro"", ""the capstone and an example intelligent application welcome [MUSIC] Let's dig in and talk a little bit about the capstone application that we're gonna build together. So we're gonna build a recommender system for products that's intelligent, that combines text, images, sentiment analysis, and deep learning. Now, before talking about the capstone project which is really going to be exciting. Let me give you a quick demo of something that you could build, a recommender system that you could build,""]",canonical_phrase,__phrase__sentiment_analysis
208,sentiment classifier,sentiment classifier,"[""what is an intelligent restaurant review system classification analyzing sentiment [MUSIC] There are many systems for restaurant reviews out there but today we're gonna talk about a pretty new and exciting one that we can build. So it's an important day for us and we're trying to book a Japanese restaurant, and we love Japanese food and want a really cool place to have some Japanese food. But this is Seattle that we live in, and Seattle is really awesome for Japanese food, so there are many, man"", ""exploring the most popular product classification analyzing sentiment So let's take a look at what products we have. So, let's look at what reviews we have for different product names. And here, we're gonna use the canvas again, to do a little bit of visualization. And so, as with before, I'm going to do graphlab.canvas, and we'll set the target to be my ipath to on notebook so it will show up right here on the ipath on notebook as we're building this. Now we can take one of the columns of this "", ""defining which reviews have positive or negative sentiment classification analyzing sentiment [MUSIC] Build a sentiment classifier. And I'm gonna put a # here to make it a nice title. So this is our next task here. And so, when you build a sentiment classifier, you're talking about positives and negatives. So, thumbs down, and thumbs up. But if you remember, our product ratings, we're not about positive and negative, they're numerical things. So, for example, if I take all the products, and I'll""]",canonical_phrase,__phrase__sentiment_classifier
209,sigmoid function,sigmoid function,"[""hypothesis representation logistic regression Let's start talking about logistic regression. In this video, I'd like to show you the hypothesis representation. That is, what is the function we're going to use to represent our hypothesis when we have a classification problem? Earlier, we said that we would like our classifier to output values that are between 0 and 1. So we'd like to come up with a hypothesis that satisfies this property, that is, predictions are maybe between 0 and 1. When we we"", ""decision boundary logistic regression In the last video, we talked about the hypothesis representation for logistic regression. What Id like to do now is tell you about something called the decision boundary, and this will give us a better sense of what the logistic regressions hypothesis function is computing. To recap, this is what we wrote out last time, where we said that the hypothesis is represented as h of x equals g of theta transpose x, where g is this function called the sigmoid functi"", ""the problem of overfitting regularization By now, you've seen a couple different learning algorithms, linear regression and logistic regression. They work well for many problems, but when you apply them to certain machine learning applications, they can run into a problem called overfitting that can cause them to perform very poorly. What I'd like to do in this video is explain to you what is this overfitting problem, and in the next few videos after this, we'll talk about a technique called reg""]",canonical_phrase,__phrase__sigmoid_function
210,spam filtering,spam filtering::;spam classifier,"[""prioritizing what to work on machine learning system design In the next few videos I'd like to talk about machine learning system design. These videos will touch on the main issues that you may face when designing a complex machine learning system, and will actually try to give advice on how to strategize putting together a complex machine learning system. In case this next set of videos seems a little disjointed that's because these videos will touch on a range of the different issues that you "", ""error analysis machine learning system design In the last video I talked about how, when faced with a machine learning problem, there are often lots of different ideas for how to improve the algorithm. In this video, let's talk about the concept of error analysis. Which will hopefully give you a way to more systematically make some of these decisions. If you're starting work on a machine learning problem, or building a machine learning application. It's often considered very good practice to sta"", ""examples of classification tasks classification analyzing sentiment [MUSIC] So, we now built a whole new kind of restaurant experience, or restaurant review experience, using classifiers. Let's dig in and really understand a little bit more what a classifier is, and some other applications of classification. So a classifier takes some input x, for example a sentence from the review or other inputs as we'll see. It pushes it through what's called a model to output some value y, that we're trying ""]",canonical_phrase,__phrase__spam_filtering
211,square distances,square distances::;squared distance,"[""cost function intuition ii linear regression with one variable In this video, lets delve deeper and get even better intuition about what the cost function is doing. This video assumes that you're familiar with contour plots. If you are not familiar with contour plots or contour figures some of the illustrations in this video may or may not make sense to you but is okay and if you end up skipping this video or some of it does not quite make sense because you haven't seen contour plots before. Tha"", ""k means algorithm unsupervised learning In the clustering problem we are given an unlabeled data set and we would like to have an algorithm automatically group the data into coherent subsets or into coherent clusters for us. The K Means algorithm is by far the most popular, by far the most widely used clustering algorithm, and in this video I would like to tell you what the K Means Algorithm is and how it works. The K means clustering algorithm is best illustrated in pictures. Let's say I want t"", ""choosing the number of principal components dimensionality reduction In the PCA algorithm we take N dimensional features and reduce them to some K dimensional feature representation. This number K is a parameter of the PCA algorithm. This number K is also called the number of principle components or the number of principle components that we've retained. And in this video I'd like to give you some guidelines, tell you about how people tend to think about how to choose this parameter K for PCA. I""]",canonical_phrase,__phrase__square_distances
212,square matrix,square matrix,"[""inverse and transpose linear algebra review In this video, I want to tell you about a couple of special matrix operations, called the matrix inverse and the matrix transpose operation. Let's start by talking about matrix inverse, and as usual we'll start by thinking about how it relates to real numbers. In the last video, I said that the number one plays the role of the identity in the space of real numbers because one times anything is equal to itself. It turns out that real numbers have this p"", ""choosing the number of principal components dimensionality reduction In the PCA algorithm we take N dimensional features and reduce them to some K dimensional feature representation. This number K is a parameter of the PCA algorithm. This number K is also called the number of principle components or the number of principle components that we've retained. And in this video I'd like to give you some guidelines, tell you about how people tend to think about how to choose this parameter K for PCA. I"", ""rewriting the single observation model in vector notation multiple regression [MUSIC] Okay, so we've discussed at great length this multiple-regression model and we've also talked about how to think about interpreting the coefficients of the fitted model. Now, let's turn to how to actually fit this model to a set of data. And so you actually did this in the first course of this specialization, you did a multiple regression fit. But in that case, you're using some pre-implemented algorithms. But,""]",canonical_phrase,__phrase__square_matrix
213,square projection error,square projection error::;squared projection error,"[""principal component analysis problem formulation dimensionality reduction For the problem of dimensionality reduction, by far the most popular, by far the most commonly used algorithm is something called principle components analysis, or PCA. In this video, I'd like to start talking about the problem formulation for PCA. In other words, let's try to formulate, precisely, exactly what we would like PCA to do. Let's say we have a data set like this. So, this is a data set of examples x and R2 and "", ""principal component analysis algorithm dimensionality reduction In this video I'd like to tell you about the principle components analysis algorithm. And by the end of this video you know to implement PCA for yourself. And use it reduce the dimension of your data. Before applying PCA, there is a data pre-processing step which you should always do. Given the trading sets of the examples is important to always perform mean normalization, and then depending on your data, maybe perform feature scali"", ""reconstruction from compressed representation dimensionality reduction In some of the earlier videos, I was talking about PCA as a compression algorithm where you may have say, 1,000-dimensional data and compress it to 100-dimensional feature vector. Or have three-dimensional data and compress it to a two-dimensional representation. So, if this is a compression algorithm, there should be a way to go back from this compressed representation back to an approximation of your original high-dimension""]",canonical_phrase,__phrase__square_projection_error
214,squared error,squared error,"[""cost function linear regression with one variable In this video we'll define something called the cost function, this will let us figure out how to fit the best possible straight line to our data. In linear progression, we have a training set that I showed here remember on notation M was the number of training examples, so maybe m equals 47. And the form of our hypothesis, which we use to make predictions is this linear function. To introduce a little bit more terminology, these theta zero and t"", ""cost function intuition i linear regression with one variable In the previous video, we gave the mathematical definition of the cost function. In this video, let's look at some examples, to get back to intuition about what the cost function is doing, and why we want to use it. To recap, here's what we had last time. We want to fit a straight line to our data, so we had this formed as a hypothesis with these parameters theta zero and theta one, and with different choices of the parameters we end "", ""gradient descent for linear regression linear regression with one variable In previous videos, we talked about the gradient descent algorithm and we talked about the linear regression model and the squared error cost function. In this video we're gonna put together gradient descent with our cost function, and that will give us an algorithm for linear regression or putting a straight line to our data. So this was what we worked out in the previous videos. This gradient descent algorithm which you""]",canonical_phrase,__phrase__squared_error
215,standard deviation,standard deviation,"[""gradient descent in practice i feature scaling linear regression with multiple variables In this video and in the video after this one, I wanna tell you about some of the practical tricks for making gradient descent work well. In this video, I want to tell you about an idea called feature skill. Here's the idea. If you have a problem where you have multiple features, if you make sure that the features are on a similar scale, by which I mean make sure that the different features take on similar r"", ""basic operations octave matlab tutorial You now know a bunch about machine learning. In this video, I like to teach you a programing language, Octave, in which you'll be able to very quickly implement the the learning algorithms we've seen already, and the learning algorithms we'll see later in this course. In the past, I've tried to teach machine learning using a large variety of different programming languages including C++ Java, Python, NumPy, and also Octave, and what I found was that studen"", ""principal component analysis algorithm dimensionality reduction In this video I'd like to tell you about the principle components analysis algorithm. And by the end of this video you know to implement PCA for yourself. And use it reduce the dimension of your data. Before applying PCA, there is a data pre-processing step which you should always do. Given the trading sets of the examples is important to always perform mean normalization, and then depending on your data, maybe perform feature scali""]",canonical_phrase,__phrase__standard_deviation
216,standard least squares,standard least squares,"[""overfitting demo ridge regression [MUSIC] So let's generate some data and fit polynomials of increasing degrees and see what happens to the estimated coefficients. So to start with, let's just import some libraries that are gonna be useful. And then we're gonna just create 30 different x values. So, in the end we're gonna create a data set with 30 observations. And then what we're gonna do is, we're gonna compute the value of this sign functions. So, evaluate the sign function at these 30 x valu"", ""approach 2 gradient descent ridge regression [MUSIC] So instead of this closed form solution that can be computationally prohibitive and think about using our group gradient descent algorithm to solve our ridge regression. And let's just talk about the element y's update that we have. So it's the update to the jth feature weight. And remember here I'm showing the gradient of our total cost, just as a reminder. And what we do is we take our previous weight for the jth feature and we subtract Ada "", ""performance of nn as amount of data grows nearest neighbors kernel regression [MUSIC] So now let's step back and discuss some important theoretical and practical aspects of K-nearest neighbors and kernel regression. If you remember the title of this module it was Going Nonparametric, and we've yet to mention what that means. What is a nonparametric approach? Well, K-nearest neighbors and kernel regression are examples of nonparametric approaches. And the general goal of a non-parametric approach""]",canonical_phrase,__phrase__standard_least_squares
217,stochastic gradient algorithm,stochastic gradient algorithm::;stochastic gradient descent,"[""learning with large datasets large scale machine learning In the next few videos, we'll talk about large scale machine learning. That is, algorithms but viewing with big data sets. If you look back at a recent 5 or 10-year history of machine learning. One of the reasons that learning algorithms work so much better now than even say, 5-years ago, is just the sheer amount of data that we have now and that we can train our algorithms on. In these next few videos, we'll talk about algorithms for dea"", ""stochastic gradient descent large scale machine learning For many learning algorithms, among them linear regression, logistic regression and neural networks, the way we derive the algorithm was by coming up with a cost function or coming up with an optimization objective. And then using an algorithm like gradient descent to minimize that cost function. We have a very large training set gradient descent becomes a computationally very expensive procedure. In this video, we'll talk about a modifica"", ""mini batch gradient descent large scale machine learning In the previous video, we talked about Stochastic gradient descent, and how that can be much faster than Batch gradient descent. In this video, let's talk about another variation on these ideas is called Mini-batch gradient descent they can work sometimes even a bit faster than stochastic gradient descent. To summarize the algorithms we talked about so far. In Batch gradient descent we will use all m examples in each generation. Whereas in""]",canonical_phrase,__phrase__stochastic_gradient_algorithm
218,string kernel,string kernel,"[""using an svm support vector machines So far we've been talking about SVMs in a fairly abstract level. In this video I'd like to talk about what you actually need to do in order to run or to use an SVM. The support vector machine algorithm poses a particular optimization problem. But as I briefly mentioned in an earlier video, I really do not recommend writing your own software to solve for the parameter's theta yourself. So just as today, very few of us, or maybe almost essentially none of us wo""]",canonical_phrase,__phrase__string_kernel
219,supervised learning,supervised learning,"[""supervised learning introduction In this video I am going to define what is probably the most common type of machine learning problem, which is supervised learning. I'll define supervised learning more formally later, but it's probably best to explain or start with an example of what it is and we'll do the formal definition later. Let's say you want to predict housing prices. A while back, a student collected data sets from the Institute of Portland Oregon. And let's say you plot a data set and "", ""unsupervised learning introduction In this video, we'll talk about the second major type of machine learning problem, called Unsupervised Learning. In the last video, we talked about Supervised Learning. Back then, recall data sets that look like this, where each example was labeled either as a positive or negative example, whether it was a benign or a malignant tumor. So for each example in Supervised Learning, we were told explicitly what is the so-called right answer, whether it's benign or m"", ""model representation linear regression with one variable Our first learning algorithm will be linear regression. In this video, you'll see what the model looks like and more importantly you'll see what the overall process of supervised learning looks like. Let's use some motivating example of predicting housing prices. We're going to use a data set of housing prices from the city of Portland, Oregon. And here I'm gonna plot my data set of a number of houses that were different sizes that were so""]",canonical_phrase,__phrase__supervised_learning
220,support vector,support vector,"[""supervised learning introduction In this video I am going to define what is probably the most common type of machine learning problem, which is supervised learning. I'll define supervised learning more formally later, but it's probably best to explain or start with an example of what it is and we'll do the formal definition later. Let's say you want to predict housing prices. A while back, a student collected data sets from the Institute of Portland Oregon. And let's say you plot a data set and "", ""optimization objective support vector machines By now, you've seen a range of difference learning algorithms. With supervised learning, the performance of many supervised learning algorithms will be pretty similar, and what matters less often will be whether you use learning algorithm a or learning algorithm b, but what matters more will often be things like the amount of data you create these algorithms on, as well as your skill in applying these algorithms. Things like your choice of the featu"", ""large margin intuition support vector machines Sometimes people talk about support vector machines, as large margin classifiers, in this video I'd like to tell you what that means, and this will also give us a useful picture of what an SVM hypothesis may look like. Here's my cost function for the support vector machine where here on the left I've plotted my cost 1 of z function that I used for positive examples and on the right I've plotted my zero of 'Z' function, where I have 'Z' here on the h""]",word_average,support+vector
221,support vector machine,support vector machine::;support vector machines,"[""supervised learning introduction In this video I am going to define what is probably the most common type of machine learning problem, which is supervised learning. I'll define supervised learning more formally later, but it's probably best to explain or start with an example of what it is and we'll do the formal definition later. Let's say you want to predict housing prices. A while back, a student collected data sets from the Institute of Portland Oregon. And let's say you plot a data set and "", ""optimization objective support vector machines By now, you've seen a range of difference learning algorithms. With supervised learning, the performance of many supervised learning algorithms will be pretty similar, and what matters less often will be whether you use learning algorithm a or learning algorithm b, but what matters more will often be things like the amount of data you create these algorithms on, as well as your skill in applying these algorithms. Things like your choice of the featu"", ""large margin intuition support vector machines Sometimes people talk about support vector machines, as large margin classifiers, in this video I'd like to tell you what that means, and this will also give us a useful picture of what an SVM hypothesis may look like. Here's my cost function for the support vector machine where here on the left I've plotted my cost 1 of z function that I used for positive examples and on the right I've plotted my zero of 'Z' function, where I have 'Z' here on the h""]",canonical_phrase,__phrase__support_vector_machine
222,svm optimization,svm optimization,"[""using an svm support vector machines So far we've been talking about SVMs in a fairly abstract level. In this video I'd like to talk about what you actually need to do in order to run or to use an SVM. The support vector machine algorithm poses a particular optimization problem. But as I briefly mentioned in an earlier video, I really do not recommend writing your own software to solve for the parameter's theta yourself. So just as today, very few of us, or maybe almost essentially none of us wo""]",canonical_phrase,__phrase__svm_optimization
223,svm packages,svm packages,"[""using an svm support vector machines So far we've been talking about SVMs in a fairly abstract level. In this video I'd like to talk about what you actually need to do in order to run or to use an SVM. The support vector machine algorithm poses a particular optimization problem. But as I briefly mentioned in an earlier video, I really do not recommend writing your own software to solve for the parameter's theta yourself. So just as today, very few of us, or maybe almost essentially none of us wo""]",canonical_phrase,__phrase__svm_packages
224,symmetric matrix,symmetric matrix,"[""anomaly detection using the multivariate gaussian distribution anomaly detection In the last video we talked about the Multivariate Gaussian Distribution and saw some examples of the sorts of distributions you can model, as you vary the parameters, mu and sigma. In this video, let's take those ideas, and apply them to develop a different anomaly detection algorithm. To recap the multivariate Gaussian distribution and the multivariate normal distribution has two parameters, mu and sigma. Where mu"", ""collaborative filtering people who bought this also bought recommending products [MUSIC] So this notion of collaborative filtering is that somehow we wanna leverage what other people have purchased. And the case of product recommendation or other links more generically between users and items, to make recommendations for other users. And so it seems very intuitive that when we're thinking about doing product recommendation that we wanna build in information like if a person bought this item, the"", ""bivariate and multivariate gaussians mixture models [MUSIC] When specifying a Gaussian distribution over two random variables, we assign probability density for the pair of random variables everywhere over the range of values that each of these variables can take. And as in 1D, there's just a single hump to this distribution. So for example, here this would be the place where there's most probability. So it's most likely that the blue and green random variables. So the intensities of blue and gr""]",canonical_phrase,__phrase__symmetric_matrix
225,test data,test data::;test examples,"[""evaluating a hypothesis advice for applying machine learning In this video, I would like to talk about how to evaluate a hypothesis that has been learned by your algorithm. In later videos, we will build on this to talk about how to prevent in the problems of overfitting and underfitting as well. When we fit the parameters of our learning algorithm we think about choosing the parameters to minimize the training error. One might think that getting a really low value of training error might be a g"", ""model selection and train validation test sets advice for applying machine learning Suppose you're left to decide what degree of polynomial to fit to a data set. So that what features to include that gives you a learning algorithm. Or suppose you'd like to choose the regularization parameter longer for learning algorithm. How do you do that? This account model selection process. Browsers, and in our discussion of how to do this, we'll talk about not just how to split your data into the train and"", ""advice for applying pca dimensionality reduction In an earlier video, I had said that PCA can be sometimes used to speed up the running time of a learning algorithm. In this video, I'd like to explain how to actually do that, and also say some, just try to give some advice about how to apply PCA. Here's how you can use PCA to speed up a learning algorithm, and this supervised learning algorithm speed up is actually the most common use that I personally make of PCA. Let's say you have a supervise""]",canonical_phrase,__phrase__test_data
226,test data set,test data set::;test set::;test sets,"[""evaluating a hypothesis advice for applying machine learning In this video, I would like to talk about how to evaluate a hypothesis that has been learned by your algorithm. In later videos, we will build on this to talk about how to prevent in the problems of overfitting and underfitting as well. When we fit the parameters of our learning algorithm we think about choosing the parameters to minimize the training error. One might think that getting a really low value of training error might be a g"", ""model selection and train validation test sets advice for applying machine learning Suppose you're left to decide what degree of polynomial to fit to a data set. So that what features to include that gives you a learning algorithm. Or suppose you'd like to choose the regularization parameter longer for learning algorithm. How do you do that? This account model selection process. Browsers, and in our discussion of how to do this, we'll talk about not just how to split your data into the train and"", ""diagnosing bias vs variance advice for applying machine learning If you run the learning algorithm and it doesn't do as well as you are hoping, almost all the time it will be because you have either a high bias problem or a high variance problem. In other words they're either an underfitting problem or an overfitting problem. And in this case it's very important to figure out which of these two problems is bias or variance or a bit of both that you actually have. Because knowing which of these t""]",canonical_phrase,__phrase__test_data_set
227,test error,test error::;test set error,"[""evaluating a hypothesis advice for applying machine learning In this video, I would like to talk about how to evaluate a hypothesis that has been learned by your algorithm. In later videos, we will build on this to talk about how to prevent in the problems of overfitting and underfitting as well. When we fit the parameters of our learning algorithm we think about choosing the parameters to minimize the training error. One might think that getting a really low value of training error might be a g"", ""model selection and train validation test sets advice for applying machine learning Suppose you're left to decide what degree of polynomial to fit to a data set. So that what features to include that gives you a learning algorithm. Or suppose you'd like to choose the regularization parameter longer for learning algorithm. How do you do that? This account model selection process. Browsers, and in our discussion of how to do this, we'll talk about not just how to split your data into the train and"", ""diagnosing bias vs variance advice for applying machine learning If you run the learning algorithm and it doesn't do as well as you are hoping, almost all the time it will be because you have either a high bias problem or a high variance problem. In other words they're either an underfitting problem or an overfitting problem. And in this case it's very important to figure out which of these two problems is bias or variance or a bit of both that you actually have. Because knowing which of these t""]",canonical_phrase,__phrase__test_error
228,training data,training data::;training example::;training examples,"[""model representation linear regression with one variable Our first learning algorithm will be linear regression. In this video, you'll see what the model looks like and more importantly you'll see what the overall process of supervised learning looks like. Let's use some motivating example of predicting housing prices. We're going to use a data set of housing prices from the city of Portland, Oregon. And here I'm gonna plot my data set of a number of houses that were different sizes that were so"", ""cost function linear regression with one variable In this video we'll define something called the cost function, this will let us figure out how to fit the best possible straight line to our data. In linear progression, we have a training set that I showed here remember on notation M was the number of training examples, so maybe m equals 47. And the form of our hypothesis, which we use to make predictions is this linear function. To introduce a little bit more terminology, these theta zero and t"", ""cost function intuition i linear regression with one variable In the previous video, we gave the mathematical definition of the cost function. In this video, let's look at some examples, to get back to intuition about what the cost function is doing, and why we want to use it. To recap, here's what we had last time. We want to fit a straight line to our data, so we had this formed as a hypothesis with these parameters theta zero and theta one, and with different choices of the parameters we end ""]",canonical_phrase,__phrase__training_data
229,training data set,training data set::;training data sets::;training dataset::;training set::;training sets,"[""model representation linear regression with one variable Our first learning algorithm will be linear regression. In this video, you'll see what the model looks like and more importantly you'll see what the overall process of supervised learning looks like. Let's use some motivating example of predicting housing prices. We're going to use a data set of housing prices from the city of Portland, Oregon. And here I'm gonna plot my data set of a number of houses that were different sizes that were so"", ""cost function linear regression with one variable In this video we'll define something called the cost function, this will let us figure out how to fit the best possible straight line to our data. In linear progression, we have a training set that I showed here remember on notation M was the number of training examples, so maybe m equals 47. And the form of our hypothesis, which we use to make predictions is this linear function. To introduce a little bit more terminology, these theta zero and t"", ""cost function intuition i linear regression with one variable In the previous video, we gave the mathematical definition of the cost function. In this video, let's look at some examples, to get back to intuition about what the cost function is doing, and why we want to use it. To recap, here's what we had last time. We want to fit a straight line to our data, so we had this formed as a hypothesis with these parameters theta zero and theta one, and with different choices of the parameters we end ""]",canonical_phrase,__phrase__training_data_set
230,training error,training error::;training set error::;train error,"[""evaluating a hypothesis advice for applying machine learning In this video, I would like to talk about how to evaluate a hypothesis that has been learned by your algorithm. In later videos, we will build on this to talk about how to prevent in the problems of overfitting and underfitting as well. When we fit the parameters of our learning algorithm we think about choosing the parameters to minimize the training error. One might think that getting a really low value of training error might be a g"", ""model selection and train validation test sets advice for applying machine learning Suppose you're left to decide what degree of polynomial to fit to a data set. So that what features to include that gives you a learning algorithm. Or suppose you'd like to choose the regularization parameter longer for learning algorithm. How do you do that? This account model selection process. Browsers, and in our discussion of how to do this, we'll talk about not just how to split your data into the train and"", ""diagnosing bias vs variance advice for applying machine learning If you run the learning algorithm and it doesn't do as well as you are hoping, almost all the time it will be because you have either a high bias problem or a high variance problem. In other words they're either an underfitting problem or an overfitting problem. And in this case it's very important to figure out which of these two problems is bias or variance or a bit of both that you actually have. Because knowing which of these t""]",canonical_phrase,__phrase__training_error
231,transfer learning,transfer learning,"[""deep features deep learning searching for images [MUSIC] So, we've learned that deep neural networks are really cool, high accuracy tool, but they can be really hard to build and learn, and require lots and lots of data. So next, we're gonna talk about something really exciting. Which is called deep features, which allow you to build neural networks, even when you don't have a lot of data. So, if you go back to our data image classification pipeline, where we start with an image, we detected som"", ""training evaluating a classifier using deep features deep learning searching for images [MUSIC] So, the question here is can we improve the model using deep features. Remember we talked about deep features. We explored those quite a bit in this deep learning module how deep features using a technique called transfer learning can be trained on one domain, then applied to images in another domain to learn something with even a small amount of labeled data. So in this case, let's just take a look a""]",canonical_phrase,__phrase__transfer_learning
232,true negatives,true negatives,"[""developing and evaluating an anomaly detection system anomaly detection In the last video, we developed an anomaly detection algorithm. In this video, I like to talk about the process of how to go about developing a specific application of anomaly detection to a problem and in particular this will focus on the problem of how to evaluate an anomaly detection algorithm. In previous videos, we've already talked about the importance of real number evaluation and this captures the idea that when you'"", ""false positives false negatives and confusion matrices classification analyzing sentiment [MUSIC] We talked about accuracy and errors that a classifier might make. But there are different kinds of errors. So this kind of errors are called types of mistakes. It's important to look at the types of mistakes a classifier might make. And one way to do that is through what's called a confusion matrix. So, let's take that in a little bit. So we're talking about the relationship between the true label a"", ""evaluating a classifier the roc curve classification analyzing sentiment [MUSIC] Our next step is to evaluate the sentiment model that we've built. Now, we just talked in this module about classification error, precision, sorry, false positives and false negatives. And we're gonna explore that idea right here in this demonstration in this notebook. So the sentiment model has a function called Evaluate. And that function Evaluate allows you to evaluate its quality on some test data. And we're gon""]",canonical_phrase,__phrase__true_negatives
233,true positives,true positives,"[""error metrics for skewed classes machine learning system design In the previous video, I talked about error analysis and the importance of having error metrics, that is of having a single real number evaluation metric for your learning algorithm to tell how well it's doing. In the context of evaluation and of error metrics, there is one important case, where it's particularly tricky to come up with an appropriate error metric, or evaluation metric, for your learning algorithm. That case is the c"", ""developing and evaluating an anomaly detection system anomaly detection In the last video, we developed an anomaly detection algorithm. In this video, I like to talk about the process of how to go about developing a specific application of anomaly detection to a problem and in particular this will focus on the problem of how to evaluate an anomaly detection algorithm. In previous videos, we've already talked about the importance of real number evaluation and this captures the idea that when you'"", ""false positives false negatives and confusion matrices classification analyzing sentiment [MUSIC] We talked about accuracy and errors that a classifier might make. But there are different kinds of errors. So this kind of errors are called types of mistakes. It's important to look at the types of mistakes a classifier might make. And one way to do that is through what's called a confusion matrix. So, let's take that in a little bit. So we're talking about the relationship between the true label a""]",canonical_phrase,__phrase__true_positives
234,tuning parameter,tuning parameter::;tuning parameters,"[""outlining the second half of the course welcome [MUSIC] As one example of a way to handle this bias variance trade off, we're gonna talk about something called ridge regression, which not only includes a term that measures the fit of the function to the data, which is what we talked about before, but also incorporates a term that encodes what the model complexity is. Not quite directly, pretty indirectly as we're gonna describe in this module. But a key question then is how are we gonna define t"", ""training validation test split for model selection fitting and assessment assessing performance [MUSIC] Okay. Let's wrap up by talking about two really important task when you're doing regression. And through this discussion, it's gonna motivate another important concept of thinking about validation sets. So, the two important task in regression, is first we need to choose a specific model complexity. So for example, when we're talking about polynomial regression, what's the degree of that polyn"", ""the resulting ridge objective and its extreme solutions ridge regression [MUSIC] Okay, so let's consider the resulting objective, where I'm gonna try and search over all possible w vectors. To find the ones that minimize the sum of residual sum of squares plus the square of the two norm of w. So that's gonna be my w hat, my estimated model parameters. But really what I'd like to do, is I'd like to be able to control how much I'm weighing the complexity of the model as measured by this magnitude ""]",canonical_phrase,__phrase__tuning_parameter
235,unnormalized features,unnormalized features,"[""coordinate descent for lasso unnormalized features feature selection lasso [MUSIC] So finally, I just wanted to present the coordinate descent algorithm for lasso if you don't normalize your features. So this is the most generic form of the algorithm, because of course it applies to normalized features as well. But let's just remember our algorithm for our normalized features. So, here it is now. And relative to this, the only changes we need to make are what's highlighted in these green boxes. "", ""deriving the lasso coordinate descent update feature selection lasso [MUSIC] Up to this point, we've derived our coordinate descent algorithm for these squares and we've discussed what the variant is for lasso. But we didn't derive explicitly why our coordinate descent algorithm for lasso has that soft thresholding form. And for completeness, we're going to include the derivation but as an optional video. And I really want to emphasize that this video is optional. The material is quite advanced.""]",canonical_phrase,__phrase__unnormalized_features
236,unsupervised learning,unsupervised learning,"[""supervised learning introduction In this video I am going to define what is probably the most common type of machine learning problem, which is supervised learning. I'll define supervised learning more formally later, but it's probably best to explain or start with an example of what it is and we'll do the formal definition later. Let's say you want to predict housing prices. A while back, a student collected data sets from the Institute of Portland Oregon. And let's say you plot a data set and "", ""unsupervised learning introduction In this video, we'll talk about the second major type of machine learning problem, called Unsupervised Learning. In the last video, we talked about Supervised Learning. Back then, recall data sets that look like this, where each example was labeled either as a positive or negative example, whether it was a benign or a malignant tumor. So for each example in Supervised Learning, we were told explicitly what is the so-called right answer, whether it's benign or m"", ""unsupervised learning introduction unsupervised learning In this video, I'd like to start to talk about clustering. This will be exciting, because this is our first unsupervised learning algorithm, where we learn from unlabeled data instead from labelled data. So, what is unsupervised learning? I briefly talked about unsupervised learning at the beginning of the class but it's useful to contrast it with supervised learning. So, here's a typical supervised learning problem where we're given a lab""]",canonical_phrase,__phrase__unsupervised_learning
237,validation error,validation error,"[""model selection and train validation test sets advice for applying machine learning Suppose you're left to decide what degree of polynomial to fit to a data set. So that what features to include that gives you a learning algorithm. Or suppose you'd like to choose the regularization parameter longer for learning algorithm. How do you do that? This account model selection process. Browsers, and in our discussion of how to do this, we'll talk about not just how to split your data into the train and"", ""diagnosing bias vs variance advice for applying machine learning If you run the learning algorithm and it doesn't do as well as you are hoping, almost all the time it will be because you have either a high bias problem or a high variance problem. In other words they're either an underfitting problem or an overfitting problem. And in this case it's very important to figure out which of these two problems is bias or variance or a bit of both that you actually have. Because knowing which of these t"", ""regularization and bias variance advice for applying machine learning You've seen how regularization can help prevent over-fitting. But how does it affect the bias and variances of a learning algorithm? In this video I'd like to go deeper into the issue of bias and variances and talk about how it interacts with and is affected by the regularization of your learning algorithm. Suppose we're fitting a high auto polynomial, like that showed here, but to prevent over fitting we need to use regulariz""]",canonical_phrase,__phrase__validation_error
238,validation set,validation set::;validation sets,"[""model selection and train validation test sets advice for applying machine learning Suppose you're left to decide what degree of polynomial to fit to a data set. So that what features to include that gives you a learning algorithm. Or suppose you'd like to choose the regularization parameter longer for learning algorithm. How do you do that? This account model selection process. Browsers, and in our discussion of how to do this, we'll talk about not just how to split your data into the train and"", ""diagnosing bias vs variance advice for applying machine learning If you run the learning algorithm and it doesn't do as well as you are hoping, almost all the time it will be because you have either a high bias problem or a high variance problem. In other words they're either an underfitting problem or an overfitting problem. And in this case it's very important to figure out which of these two problems is bias or variance or a bit of both that you actually have. Because knowing which of these t"", ""regularization and bias variance advice for applying machine learning You've seen how regularization can help prevent over-fitting. But how does it affect the bias and variances of a learning algorithm? In this video I'd like to go deeper into the issue of bias and variances and talk about how it interacts with and is affected by the regularization of your learning algorithm. Suppose we're fitting a high auto polynomial, like that showed here, but to prevent over fitting we need to use regulariz""]",canonical_phrase,__phrase__validation_set
239,variance problem,variance problem,"[""diagnosing bias vs variance advice for applying machine learning If you run the learning algorithm and it doesn't do as well as you are hoping, almost all the time it will be because you have either a high bias problem or a high variance problem. In other words they're either an underfitting problem or an overfitting problem. And in this case it's very important to figure out which of these two problems is bias or variance or a bit of both that you actually have. Because knowing which of these t"", ""regularization and bias variance advice for applying machine learning You've seen how regularization can help prevent over-fitting. But how does it affect the bias and variances of a learning algorithm? In this video I'd like to go deeper into the issue of bias and variances and talk about how it interacts with and is affected by the regularization of your learning algorithm. Suppose we're fitting a high auto polynomial, like that showed here, but to prevent over fitting we need to use regulariz"", ""learning curves advice for applying machine learning In this video, I'd like to tell you about learning curves. Learning curves is often a very useful thing to plot. If either you wanted to sanity check that your algorithm is working correctly, or if you want to improve the performance of the algorithm. And learning curves is a tool that I actually use very often to try to diagnose if a physical learning algorithm may be suffering from bias, sort of variance problem or a bit of both. Here's what""]",canonical_phrase,__phrase__variance_problem
240,vector multiplication,vector multiplication,"[""matrix vector multiplication linear algebra review In this video, I'd like to start talking about how to multiply together two matrices. We'll start with a special case of that, of matrix vector multiplication - multiplying a matrix together with a vector. Let's start with an example. Here is a matrix, and here is a vector, and let's say we want to multiply together this matrix with this vector, what's the result? Let me just work through this example and then we can step back and look at just w"", ""matrix matrix multiplication linear algebra review In this video we'll talk about matrix-matrix multiplication, or how to multiply two matrices together. When we talk about the method in linear regression for how to solve for the parameters theta 0 and theta 1 all in one shot, without needing an iterative algorithm like gradient descent. When we talk about that algorithm, it turns out that matrix-matrix multiplication is one of the key steps that you need to know. So let's, as usual, start with "", ""model representation ii neural networks representation In the last video, we gave a mathematical definition of how to represent or how to compute the hypotheses used by Neural Network. In this video, I like show you how to actually carry out that computation efficiently, and that is show you a vector rise implementation. And second, and more importantly, I want to start giving you intuition about why these neural network representations might be a good idea and how they can help us to learn comp""]",canonical_phrase,__phrase__vector_multiplication
241,weak classifier,weak classifier::;weak classifiers,"[""the boosting question boosting [MUSIC] We've now seen classifiers like logistic regression, and we've also seen decision trees, which are great ways to build classifiers that fit data. Now in this module we're going to talk about something called boosting, which is an amazing kind of trick, they can do machine learning, and it applies to any classifier. But it takes its quality or how well it fits data or its error and boosts it and make it better and better by combining multiple classifiers. Th"", ""boosting boosting [MUSIC] So now that we've talked about several models, let's dive in into boosting more generally, and then a specific example of a boosting algorithm. So think about a learning problem where we take some data, we learn a classifier which gives us some output, f(x), and we use it to predict on some data so we say that y hat is a sign of f(x). So if we take some data and we try to make a prediction, we might learn see a decision stop. So let's say you try to split on income, we "", ""the boosting theorem boosting [MUSIC] Next, we're going to take a few minutes to talk about the famous AdaBoost theorem and what it's practical implications are, which are extremely interesting. So, if you remember, the way that boosting came about is that Kearns and Valiant had this famous question, can you combine weak classifiers to make a stronger one? Actually, Valiant is a touring award winner, so really famous professor from Harvard. And Schapire, a couple of years later, came up with the""]",canonical_phrase,__phrase__weak_classifier
242,overfitting,overfitting,"[""the problem of overfitting regularization By now, you've seen a couple different learning algorithms, linear regression and logistic regression. They work well for many problems, but when you apply them to certain machine learning applications, they can run into a problem called overfitting that can cause them to perform very poorly. What I'd like to do in this video is explain to you what is this overfitting problem, and in the next few videos after this, we'll talk about a technique called reg"", ""cost function regularization In this video, I'd like to convey to you, the main intuitions behind how regularization works. And, we'll also write down the cost function that we'll use, when we were using regularization. With the hand drawn examples that we have on these slides, I think I'll be able to convey part of the intuition. But, an even better way to see for yourself, how regularization works, is if you implement it, and, see it work for yourself. And, if you do the appropriate exercises "", ""regularized linear regression regularization For linear regression, we have previously worked out two learning algorithms. One based on gradient descent and one based on the normal equation. In this video, we'll take those two algorithms and generalize them to the case of regularized linear regression. Here's the optimization objective that we came up with last time for regularized linear regression. This first part is our usual objective for linear regression. And we now have this additional re""]",canonical_phrase,__phrase__overfitting
243,underfitting,underfitting,"[""the problem of overfitting regularization By now, you've seen a couple different learning algorithms, linear regression and logistic regression. They work well for many problems, but when you apply them to certain machine learning applications, they can run into a problem called overfitting that can cause them to perform very poorly. What I'd like to do in this video is explain to you what is this overfitting problem, and in the next few videos after this, we'll talk about a technique called reg"", ""cost function regularization In this video, I'd like to convey to you, the main intuitions behind how regularization works. And, we'll also write down the cost function that we'll use, when we were using regularization. With the hand drawn examples that we have on these slides, I think I'll be able to convey part of the intuition. But, an even better way to see for yourself, how regularization works, is if you implement it, and, see it work for yourself. And, if you do the appropriate exercises "", ""evaluating a hypothesis advice for applying machine learning In this video, I would like to talk about how to evaluate a hypothesis that has been learned by your algorithm. In later videos, we will build on this to talk about how to prevent in the problems of overfitting and underfitting as well. When we fit the parameters of our learning algorithm we think about choosing the parameters to minimize the training error. One might think that getting a really low value of training error might be a g""]",canonical_phrase,__phrase__underfitting
