source_id,target_id,source_index,target_index,source,target,label,split,negative_type,similarity
1,0,1,0,activation values,activation function,1,gold_all,none,0.799693763256073
0,6,0,6,activation function,back prop,1,gold_all,none,0.47263461351394653
0,68,0,68,activation function,forward propagation,1,gold_all,none,0.563094973564148
83,0,83,0,hidden layer,activation function,1,gold_all,none,0.629142701625824
84,0,84,0,hidden unit,activation function,1,gold_all,none,0.624427080154419
126,0,126,0,logistic function,activation function,1,gold_all,none,0.6444112062454224
158,0,158,0,neural network,activation function,1,gold_all,none,0.6387234926223755
209,0,209,0,sigmoid function,activation function,1,gold_all,none,0.7262243032455444
1,6,1,6,activation values,back prop,1,gold_all,none,0.46753397583961487
1,68,1,68,activation values,forward propagation,1,gold_all,none,0.5585500597953796
83,1,83,1,hidden layer,activation values,1,gold_all,none,0.5961733460426331
84,1,84,1,hidden unit,activation values,1,gold_all,none,0.5693262815475464
158,1,158,1,neural network,activation values,1,gold_all,none,0.5833467245101929
15,2,15,2,boosting algorithm,adaboost,1,gold_all,none,0.7498599290847778
111,2,111,2,learning method,adaboost,1,gold_all,none,0.40544697642326355
130,2,130,2,machine learning,adaboost,1,gold_all,none,0.40132078528404236
131,2,131,2,machine learning algorithm,adaboost,1,gold_all,none,0.42221611738204956
157,2,157,2,negative example,adaboost,1,gold_all,none,0.39660027623176575
186,2,186,2,positive data,adaboost,1,gold_all,none,0.38569289445877075
228,2,228,2,training data,adaboost,1,gold_all,none,0.40989720821380615
230,2,230,2,training error,adaboost,1,gold_all,none,0.336125910282135
241,2,241,2,weak classifier,adaboost,1,gold_all,none,0.7024742960929871
23,3,23,3,cluster,agglomerative clustering,1,gold_all,none,0.7620691061019897
24,3,24,3,clustering algorithm,agglomerative clustering,1,gold_all,none,0.6997983455657959
41,3,41,3,data set,agglomerative clustering,1,gold_all,none,0.31622114777565
85,3,85,3,hierarchical clustering,agglomerative clustering,1,gold_all,none,0.7449049353599548
100,3,100,3,k means,agglomerative clustering,1,gold_all,none,0.7066500186920166
4,5,4,5,anomalous example,anomaly detection,1,gold_all,none,0.78556889295578
41,4,41,4,data set,anomalous example,1,gold_all,none,0.38223040103912354
106,4,106,4,labeled data,anomalous example,1,gold_all,none,0.3629683256149292
228,4,228,4,training data,anomalous example,1,gold_all,none,0.44550514221191406
229,4,229,4,training data set,anomalous example,1,gold_all,none,0.38595134019851685
41,5,41,5,data set,anomaly detection,1,gold_all,none,0.41969504952430725
106,5,106,5,labeled data,anomaly detection,1,gold_all,none,0.47642335295677185
111,5,111,5,learning method,anomaly detection,1,gold_all,none,0.42801427841186523
112,5,112,5,learning problem,anomaly detection,1,gold_all,none,0.5077874660491943
114,5,114,5,learning system,anomaly detection,1,gold_all,none,0.4495397210121155
130,5,130,5,machine learning,anomaly detection,1,gold_all,none,0.4965042769908905
131,5,131,5,machine learning algorithm,anomaly detection,1,gold_all,none,0.45264989137649536
133,5,133,5,machine learning system,anomaly detection,1,gold_all,none,0.485676646232605
157,5,157,5,negative example,anomaly detection,1,gold_all,none,0.4648013710975647
160,5,160,5,non-anomalous examples,anomaly detection,1,gold_all,none,0.7986705899238586
186,5,186,5,positive data,anomaly detection,1,gold_all,none,0.4977242946624756
188,5,188,5,positive training example,anomaly detection,1,gold_all,none,0.4281976819038391
219,5,219,5,supervised learning,anomaly detection,1,gold_all,none,0.5076867938041687
228,5,228,5,training data,anomaly detection,1,gold_all,none,0.47903937101364136
229,5,229,5,training data set,anomaly detection,1,gold_all,none,0.3952072262763977
236,5,236,5,unsupervised learning,anomaly detection,1,gold_all,none,0.5358148813247681
11,6,11,6,bias unit,back prop,1,gold_all,none,0.5517752766609192
21,6,21,6,classification problem,back prop,1,gold_all,none,0.27561044692993164
26,6,26,6,features,back prop,1,gold_all,none,0.3886766731739044
48,6,48,6,derivative term,back prop,1,gold_all,none,0.5828767418861389
54,6,54,6,error cost function,back prop,1,gold_all,none,0.437011182308197
68,6,68,6,forward propagation,back prop,1,gold_all,none,0.6669451594352722
77,6,77,6,global optimum,back prop,1,gold_all,none,0.30176687240600586
81,6,81,6,gradient descent,back prop,1,gold_all,none,0.517733097076416
83,6,83,6,hidden layer,back prop,1,gold_all,none,0.5770054459571838
84,6,84,6,hidden unit,back prop,1,gold_all,none,0.5447763204574585
89,6,89,6,hypothesis,back prop,1,gold_all,none,0.36281701922416687
95,6,95,6,input layer,back prop,1,gold_all,none,0.4311176538467407
97,6,97,6,input units,back prop,1,gold_all,none,0.48399192094802856
111,6,111,6,learning method,back prop,1,gold_all,none,0.41462233662605286
113,6,113,6,learning rate,back prop,1,gold_all,none,0.41618674993515015
121,6,121,6,linear regression,back prop,1,gold_all,none,0.3745601773262024
122,6,122,6,local minimum,back prop,1,gold_all,none,0.3580161929130554
123,6,123,6,local optima,back prop,1,gold_all,none,0.3863926827907562
126,6,126,6,logistic function,back prop,1,gold_all,none,0.34908327460289
127,6,127,6,logistic regression,back prop,1,gold_all,none,0.28118079900741577
128,6,128,6,loss function,back prop,1,gold_all,none,0.5164549350738525
152,6,152,6,multi-class classification,back prop,1,gold_all,none,0.30280524492263794
158,6,158,6,neural network,back prop,1,gold_all,none,0.587295651435852
6,159,6,159,back prop,neural network learning,1,gold_all,none,0.5514421463012695
165,6,165,6,matrix,back prop,1,gold_all,none,0.43245863914489746
169,6,169,6,optimization algorithms,back prop,1,gold_all,none,0.4237128496170044
173,6,173,6,output layer,back prop,1,gold_all,none,0.5287343859672546
174,6,174,6,output unit,back prop,1,gold_all,none,0.5082144737243652
176,6,176,6,parameter vector,back prop,1,gold_all,none,0.5089216232299805
177,6,177,6,partial derivative,back prop,1,gold_all,none,0.603698194026947
214,6,214,6,squared error,back prop,1,gold_all,none,0.3672209084033966
228,6,228,6,training data,back prop,1,gold_all,none,0.3797963261604309
229,6,229,6,training data set,back prop,1,gold_all,none,0.4202539920806885
13,7,13,7,big data sets,batch gradient descent,1,gold_all,none,0.45150458812713623
48,7,48,7,derivative term,batch gradient descent,1,gold_all,none,0.5633713006973267
76,7,76,7,global minimum,batch gradient descent,1,gold_all,none,0.5847243070602417
77,7,77,7,global optimum,batch gradient descent,1,gold_all,none,0.4827991724014282
81,7,81,7,gradient descent,batch gradient descent,1,gold_all,none,0.7861573696136475
89,7,89,7,hypothesis,batch gradient descent,1,gold_all,none,0.3898891508579254
98,7,98,7,iterative algorithm,batch gradient descent,1,gold_all,none,0.6030818819999695
111,7,111,7,learning method,batch gradient descent,1,gold_all,none,0.5350494384765625
112,7,112,7,learning problem,batch gradient descent,1,gold_all,none,0.46142512559890747
7,113,7,113,batch gradient descent,learning rate,1,gold_all,none,0.6262151598930359
117,7,117,7,linear algebra,batch gradient descent,1,gold_all,none,0.30594903230667114
123,7,123,7,local optima,batch gradient descent,1,gold_all,none,0.5210709571838379
128,7,128,7,loss function,batch gradient descent,1,gold_all,none,0.5306435823440552
7,144,7,144,batch gradient descent,mini-batch gradient descent,1,gold_all,none,0.7821693420410156
7,145,7,145,batch gradient descent,mini-batch size,1,gold_all,none,0.7012131214141846
169,7,169,7,optimization algorithms,batch gradient descent,1,gold_all,none,0.609085202217102
170,7,170,7,optimization objective,batch gradient descent,1,gold_all,none,0.44611072540283203
177,7,177,7,partial derivative,batch gradient descent,1,gold_all,none,0.5109536051750183
214,7,214,7,squared error,batch gradient descent,1,gold_all,none,0.42386990785598755
8,9,8,9,bayesian approach,bayesian inference,1,gold_all,none,0.7867550849914551
125,8,125,8,log likelihood,bayesian approach,1,gold_all,none,0.4594234824180603
140,8,140,8,maximum likelihood,bayesian approach,1,gold_all,none,0.5277824401855469
141,8,141,8,maximum likelihood estimate,bayesian approach,1,gold_all,none,0.5349897742271423
29,9,29,9,conditional distribution,bayesian inference,1,gold_all,none,0.6964138150215149
41,9,41,9,data set,bayesian inference,1,gold_all,none,0.4161180257797241
9,75,9,75,bayesian inference,gibbs sampler,1,gold_all,none,0.5951100587844849
99,9,99,9,joint model probability,bayesian inference,1,gold_all,none,0.5560579895973206
9,109,9,109,bayesian inference,latent dirichlet allocation,1,gold_all,none,0.4038380980491638
111,9,111,9,learning method,bayesian inference,1,gold_all,none,0.5073518753051758
112,9,112,9,learning problem,bayesian inference,1,gold_all,none,0.5248554348945618
130,9,130,9,machine learning,bayesian inference,1,gold_all,none,0.4775681495666504
131,9,131,9,machine learning algorithm,bayesian inference,1,gold_all,none,0.45666083693504333
140,9,140,9,maximum likelihood,bayesian inference,1,gold_all,none,0.49552467465400696
141,9,141,9,maximum likelihood estimate,bayesian inference,1,gold_all,none,0.514721155166626
150,9,150,9,model parameters,bayesian inference,1,gold_all,none,0.36871522665023804
195,9,195,9,probabilistic model,bayesian inference,1,gold_all,none,0.6959661245346069
10,38,10,38,bias problem,cross validation error,1,gold_all,none,0.6286046504974365
41,10,41,10,data set,bias problem,1,gold_all,none,0.45827990770339966
56,10,56,10,evaluation metrics,bias problem,1,gold_all,none,0.414995402097702
73,10,73,10,generalization error,bias problem,1,gold_all,none,0.672133207321167
89,10,89,10,hypothesis,bias problem,1,gold_all,none,0.567470908164978
10,110,10,110,bias problem,learning curve,1,gold_all,none,0.5688503384590149
111,10,111,10,learning method,bias problem,1,gold_all,none,0.48671644926071167
112,10,112,10,learning problem,bias problem,1,gold_all,none,0.6659789681434631
114,10,114,10,learning system,bias problem,1,gold_all,none,0.4992689788341522
128,10,128,10,loss function,bias problem,1,gold_all,none,0.47736847400665283
130,10,130,10,machine learning,bias problem,1,gold_all,none,0.574369490146637
134,10,134,10,massive training set,bias problem,1,gold_all,none,0.5003269910812378
151,10,151,10,model selection,bias problem,1,gold_all,none,0.5036443471908569
10,204,10,204,bias problem,regularization,1,gold_all,none,0.4917111098766327
219,10,219,10,supervised learning,bias problem,1,gold_all,none,0.49587783217430115
226,10,226,10,test data set,bias problem,1,gold_all,none,0.49156075716018677
227,10,227,10,test error,bias problem,1,gold_all,none,0.5784107446670532
228,10,228,10,training data,bias problem,1,gold_all,none,0.5936265587806702
229,10,229,10,training data set,bias problem,1,gold_all,none,0.5299854874610901
230,10,230,10,training error,bias problem,1,gold_all,none,0.6682341694831848
11,68,11,68,bias unit,forward propagation,1,gold_all,none,0.4530203342437744
83,11,83,11,hidden layer,bias unit,1,gold_all,none,0.5616836547851562
84,11,84,11,hidden unit,bias unit,1,gold_all,none,0.7046970725059509
95,11,95,11,input layer,bias unit,1,gold_all,none,0.5355066657066345
97,11,97,11,input units,bias unit,1,gold_all,none,0.7478407025337219
158,11,158,11,neural network,bias unit,1,gold_all,none,0.5490690469741821
176,11,176,11,parameter vector,bias unit,1,gold_all,none,0.5730184316635132
41,12,41,12,data set,bias variance trade-off,1,gold_all,none,0.43032264709472656
53,12,53,12,error analysis,bias variance trade-off,1,gold_all,none,0.4967433214187622
73,12,73,12,generalization error,bias variance trade-off,1,gold_all,none,0.7034676671028137
88,12,88,12,recall,bias variance trade-off,1,gold_all,none,0.44199424982070923
94,12,94,12,input data,bias variance trade-off,1,gold_all,none,0.4281890392303467
111,12,111,12,learning method,bias variance trade-off,1,gold_all,none,0.459823876619339
112,12,112,12,learning problem,bias variance trade-off,1,gold_all,none,0.5337499976158142
114,12,114,12,learning system,bias variance trade-off,1,gold_all,none,0.47020024061203003
128,12,128,12,loss function,bias variance trade-off,1,gold_all,none,0.47418224811553955
130,12,130,12,machine learning,bias variance trade-off,1,gold_all,none,0.5229874849319458
131,12,131,12,machine learning algorithm,bias variance trade-off,1,gold_all,none,0.46569356322288513
133,12,133,12,machine learning system,bias variance trade-off,1,gold_all,none,0.5378612279891968
149,12,149,12,model complexity,bias variance trade-off,1,gold_all,none,0.6671696901321411
151,12,151,12,model selection,bias variance trade-off,1,gold_all,none,0.6806591749191284
192,12,192,12,prediction error,bias variance trade-off,1,gold_all,none,0.6243966817855835
12,204,12,204,bias variance trade-off,regularization,1,gold_all,none,0.6373522281646729
225,12,225,12,test data,bias variance trade-off,1,gold_all,none,0.5843286514282227
226,12,226,12,test data set,bias variance trade-off,1,gold_all,none,0.4946640729904175
227,12,227,12,test error,bias variance trade-off,1,gold_all,none,0.5004569888114929
228,12,228,12,training data,bias variance trade-off,1,gold_all,none,0.5954524278640747
229,12,229,12,training data set,bias variance trade-off,1,gold_all,none,0.5316252112388611
230,12,230,12,training error,bias variance trade-off,1,gold_all,none,0.6353728771209717
234,12,234,12,tuning parameter,bias variance trade-off,1,gold_all,none,0.5556635856628418
238,12,238,12,validation set,bias variance trade-off,1,gold_all,none,0.5987581014633179
242,12,242,12,overfitting,bias variance trade-off,1,gold_all,none,0.7345192432403564
243,12,243,12,underfitting,bias variance trade-off,1,gold_all,none,0.5991352796554565
41,13,41,13,data set,big data sets,1,gold_all,none,0.6704506278038025
13,46,13,46,big data sets,deep learning,1,gold_all,none,0.5785285830497742
13,47,13,47,big data sets,deep neural network,1,gold_all,none,0.4979713559150696
13,51,13,51,big data sets,document retrieval,1,gold_all,none,0.33969736099243164
13,158,13,158,big data sets,neural network,1,gold_all,none,0.47853004932403564
13,199,13,199,big data sets,recommender system,1,gold_all,none,0.35629093647003174
19,14,19,14,classification approach,binary classification,1,gold_all,none,0.664863109588623
21,14,21,14,classification problem,binary classification,1,gold_all,none,0.7597355842590332
26,14,26,14,features,binary classification,1,gold_all,none,0.5028700232505798
41,14,41,14,data set,binary classification,1,gold_all,none,0.45627617835998535
111,14,111,14,learning method,binary classification,1,gold_all,none,0.4606916010379791
130,14,130,14,machine learning,binary classification,1,gold_all,none,0.538762092590332
131,14,131,14,machine learning algorithm,binary classification,1,gold_all,none,0.5255787968635559
14,152,14,152,binary classification,multi-class classification,1,gold_all,none,0.6866027116775513
157,14,157,14,negative example,binary classification,1,gold_all,none,0.4582882821559906
14,158,14,158,binary classification,neural network,1,gold_all,none,0.397822767496109
185,14,185,14,positive class,binary classification,1,gold_all,none,0.6545352935791016
186,14,186,14,positive data,binary classification,1,gold_all,none,0.5032484531402588
188,14,188,14,positive training example,binary classification,1,gold_all,none,0.4571491479873657
190,14,190,14,predicted class,binary classification,1,gold_all,none,0.706377387046814
191,14,191,14,predicted value,binary classification,1,gold_all,none,0.37887823581695557
14,204,14,204,binary classification,regularization,1,gold_all,none,0.4416838586330414
226,14,226,14,test data set,binary classification,1,gold_all,none,0.4395489990711212
228,14,228,14,training data,binary classification,1,gold_all,none,0.5142256021499634
229,14,229,14,training data set,binary classification,1,gold_all,none,0.4504740238189697
41,15,41,15,data set,boosting algorithm,1,gold_all,none,0.41835159063339233
111,15,111,15,learning method,boosting algorithm,1,gold_all,none,0.5375425219535828
112,15,112,15,learning problem,boosting algorithm,1,gold_all,none,0.4597855508327484
130,15,130,15,machine learning,boosting algorithm,1,gold_all,none,0.4580812156200409
131,15,131,15,machine learning algorithm,boosting algorithm,1,gold_all,none,0.563877284526825
228,15,228,15,training data,boosting algorithm,1,gold_all,none,0.5089743733406067
241,15,241,15,weak classifier,boosting algorithm,1,gold_all,none,0.6769816279411316
16,17,16,17,character recognition,character segmentation,1,gold_all,none,0.7307542562484741
19,16,19,16,classification approach,character recognition,1,gold_all,none,0.3383164405822754
27,16,27,16,computer vision,character recognition,1,gold_all,none,0.672603964805603
41,16,41,16,data set,character recognition,1,gold_all,none,0.34510475397109985
112,16,112,16,learning problem,character recognition,1,gold_all,none,0.37563851475715637
114,16,114,16,learning system,character recognition,1,gold_all,none,0.4513605833053589
130,16,130,16,machine learning,character recognition,1,gold_all,none,0.5469536781311035
132,16,132,16,machine learning application,character recognition,1,gold_all,none,0.4259590208530426
133,16,133,16,machine learning system,character recognition,1,gold_all,none,0.4674372375011444
166,16,166,16,ocr problem,character recognition,1,gold_all,none,0.7779281735420227
16,180,16,180,character recognition,photo ocr,1,gold_all,none,0.738190770149231
225,16,225,16,test data,character recognition,1,gold_all,none,0.3578774929046631
226,16,226,16,test data set,character recognition,1,gold_all,none,0.31675130128860474
228,16,228,16,training data,character recognition,1,gold_all,none,0.41207003593444824
229,16,229,16,training data set,character recognition,1,gold_all,none,0.3434205651283264
112,17,112,17,learning problem,character segmentation,1,gold_all,none,0.2753954529762268
114,17,114,17,learning system,character segmentation,1,gold_all,none,0.3084154725074768
130,17,130,17,machine learning,character segmentation,1,gold_all,none,0.3091481328010559
132,17,132,17,machine learning application,character segmentation,1,gold_all,none,0.23139910399913788
133,17,133,17,machine learning system,character segmentation,1,gold_all,none,0.2707568109035492
225,17,225,17,test data,character segmentation,1,gold_all,none,0.24239709973335266
226,17,226,17,test data set,character segmentation,1,gold_all,none,0.2265649139881134
228,17,228,17,training data,character segmentation,1,gold_all,none,0.32292166352272034
229,17,229,17,training data set,character segmentation,1,gold_all,none,0.2595773935317993
21,18,21,18,classification problem,classification accuracy,1,gold_all,none,0.5946195721626282
18,31,18,31,classification accuracy,confusion matrix,1,gold_all,none,0.7384795546531677
18,37,18,37,classification accuracy,cross validation,1,gold_all,none,0.49620741605758667
41,18,41,18,data set,classification accuracy,1,gold_all,none,0.41095584630966187
18,53,18,53,classification accuracy,error analysis,1,gold_all,none,0.6081732511520386
56,18,56,18,evaluation metrics,classification accuracy,1,gold_all,none,0.7046406269073486
18,58,18,58,classification accuracy,f1 score,1,gold_all,none,0.7535176873207092
18,60,18,60,classification accuracy,false negative,1,gold_all,none,0.6424838304519653
18,61,18,61,classification accuracy,false positives,1,gold_all,none,0.661636233329773
94,18,94,18,input data,classification accuracy,1,gold_all,none,0.43082091212272644
106,18,106,18,labeled data,classification accuracy,1,gold_all,none,0.5169098377227783
112,18,112,18,learning problem,classification accuracy,1,gold_all,none,0.43991345167160034
130,18,130,18,machine learning,classification accuracy,1,gold_all,none,0.4422156810760498
157,18,157,18,negative example,classification accuracy,1,gold_all,none,0.4297941029071808
186,18,186,18,positive data,classification accuracy,1,gold_all,none,0.5352907180786133
190,18,190,18,predicted class,classification accuracy,1,gold_all,none,0.7232315540313721
191,18,191,18,predicted value,classification accuracy,1,gold_all,none,0.4635201394557953
219,18,219,18,supervised learning,classification accuracy,1,gold_all,none,0.5341590642929077
225,18,225,18,test data,classification accuracy,1,gold_all,none,0.4907578229904175
226,18,226,18,test data set,classification accuracy,1,gold_all,none,0.5110185146331787
18,232,18,232,classification accuracy,true negatives,1,gold_all,none,0.6680481433868408
18,233,18,233,classification accuracy,true positives,1,gold_all,none,0.6668640375137329
18,238,18,238,classification accuracy,validation set,1,gold_all,none,0.4833642840385437
21,19,21,19,classification problem,classification approach,1,gold_all,none,0.8068174123764038
26,19,26,19,features,classification approach,1,gold_all,none,0.5576369166374207
41,19,41,19,data set,classification approach,1,gold_all,none,0.5168584585189819
67,19,67,19,feature vector,classification approach,1,gold_all,none,0.42285579442977905
111,19,111,19,learning method,classification approach,1,gold_all,none,0.7386230230331421
112,19,112,19,learning problem,classification approach,1,gold_all,none,0.6316553950309753
19,118,19,118,classification approach,linear classifier,1,gold_all,none,0.5978448390960693
19,127,19,127,classification approach,logistic regression,1,gold_all,none,0.5629183053970337
130,19,130,19,machine learning,classification approach,1,gold_all,none,0.5250515937805176
131,19,131,19,machine learning algorithm,classification approach,1,gold_all,none,0.6966084837913513
19,152,19,152,classification approach,multi-class classification,1,gold_all,none,0.6541901230812073
19,158,19,158,classification approach,neural network,1,gold_all,none,0.47831055521965027
185,19,185,19,positive class,classification approach,1,gold_all,none,0.5206353664398193
186,19,186,19,positive data,classification approach,1,gold_all,none,0.48121532797813416
19,207,19,207,classification approach,sentiment analysis,1,gold_all,none,0.4183978736400604
219,19,219,19,supervised learning,classification approach,1,gold_all,none,0.6435481905937195
19,227,19,227,classification approach,test error,1,gold_all,none,0.44678258895874023
19,230,19,230,classification approach,training error,1,gold_all,none,0.5140649080276489
19,239,19,239,classification approach,variance problem,1,gold_all,none,0.3401869535446167
21,20,21,20,classification problem,classification error,1,gold_all,none,0.6523828506469727
20,31,20,31,classification error,confusion matrix,1,gold_all,none,0.7967306971549988
20,37,20,37,classification error,cross validation,1,gold_all,none,0.6335625052452087
20,38,20,38,classification error,cross validation error,1,gold_all,none,0.7740248441696167
41,20,41,20,data set,classification error,1,gold_all,none,0.4701094627380371
53,20,53,20,error analysis,classification error,1,gold_all,none,0.7809313535690308
20,60,20,60,classification error,false negative,1,gold_all,none,0.6885218620300293
20,61,20,61,classification error,false positives,1,gold_all,none,0.6873753070831299
130,20,130,20,machine learning,classification error,1,gold_all,none,0.5562664270401001
157,20,157,20,negative example,classification error,1,gold_all,none,0.4770698547363281
185,20,185,20,positive class,classification error,1,gold_all,none,0.5543649196624756
186,20,186,20,positive data,classification error,1,gold_all,none,0.4997326135635376
20,189,20,189,classification error,precision recall curve,1,gold_all,none,0.6188564896583557
190,20,190,20,predicted class,classification error,1,gold_all,none,0.7546460628509521
191,20,191,20,predicted value,classification error,1,gold_all,none,0.5123704075813293
20,204,20,204,classification error,regularization,1,gold_all,none,0.5507404804229736
20,227,20,227,classification error,test error,1,gold_all,none,0.745601236820221
20,230,20,230,classification error,training error,1,gold_all,none,0.7886317372322083
20,232,20,232,classification error,true negatives,1,gold_all,none,0.6452708840370178
20,233,20,233,classification error,true positives,1,gold_all,none,0.6147100925445557
20,237,20,237,classification error,validation error,1,gold_all,none,0.8176051378250122
20,242,20,242,classification error,overfitting,1,gold_all,none,0.6214174032211304
20,243,20,243,classification error,underfitting,1,gold_all,none,0.5958940982818604
41,21,41,21,data set,classification problem,1,gold_all,none,0.47047901153564453
21,42,21,42,classification problem,decision boundaries,1,gold_all,none,0.5832006931304932
21,44,21,44,classification problem,decision tree,1,gold_all,none,0.6271666884422302
21,46,21,46,classification problem,deep learning,1,gold_all,none,0.43487057089805603
21,68,21,68,classification problem,forward propagation,1,gold_all,none,0.2618643045425415
21,91,21,91,classification problem,image classification,1,gold_all,none,0.6066964268684387
112,21,112,21,learning problem,classification problem,1,gold_all,none,0.7349330186843872
21,118,21,118,classification problem,linear classifier,1,gold_all,none,0.5955156683921814
21,127,21,127,classification problem,logistic regression,1,gold_all,none,0.6256396770477295
130,21,130,21,machine learning,classification problem,1,gold_all,none,0.550216019153595
21,147,21,147,classification problem,misclassification error,1,gold_all,none,0.6243305206298828
21,152,21,152,classification problem,multi-class classification,1,gold_all,none,0.7064105272293091
21,158,21,158,classification problem,neural network,1,gold_all,none,0.4984797239303589
21,159,21,159,classification problem,neural network learning,1,gold_all,none,0.4520782232284546
219,21,219,21,supervised learning,classification problem,1,gold_all,none,0.6541925072669983
21,221,21,221,classification problem,support vector machine,1,gold_all,none,0.5848274230957031
23,22,23,22,cluster,cluster center,1,gold_all,none,0.6955273151397705
24,22,24,22,clustering algorithm,cluster center,1,gold_all,none,0.6296133995056152
22,85,22,85,cluster center,hierarchical clustering,1,gold_all,none,0.5516119003295898
22,100,22,100,cluster center,k means,1,gold_all,none,0.7125790119171143
22,102,22,102,cluster center,k-means objective,1,gold_all,none,0.6605091094970703
23,24,23,24,cluster,clustering algorithm,1,gold_all,none,0.846596360206604
23,25,23,25,cluster,collaborative filtering,1,gold_all,none,0.3714635372161865
23,85,23,85,cluster,hierarchical clustering,1,gold_all,none,0.7596371173858643
23,100,23,100,cluster,k means,1,gold_all,none,0.8375625610351562
23,102,23,102,cluster,k-means objective,1,gold_all,none,0.6849727034568787
236,23,236,23,unsupervised learning,cluster,1,gold_all,none,0.6403340101242065
41,24,41,24,data set,clustering algorithm,1,gold_all,none,0.4673793315887451
24,85,24,85,clustering algorithm,hierarchical clustering,1,gold_all,none,0.721472978591919
24,100,24,100,clustering algorithm,k means,1,gold_all,none,0.86407071352005
24,102,24,102,clustering algorithm,k-means objective,1,gold_all,none,0.667475700378418
111,24,111,24,learning method,clustering algorithm,1,gold_all,none,0.5631963014602661
112,24,112,24,learning problem,clustering algorithm,1,gold_all,none,0.4690929055213928
130,24,130,24,machine learning,clustering algorithm,1,gold_all,none,0.4475255310535431
131,24,131,24,machine learning algorithm,clustering algorithm,1,gold_all,none,0.5948050618171692
236,24,236,24,unsupervised learning,clustering algorithm,1,gold_all,none,0.6900282502174377
41,25,41,25,data set,collaborative filtering,1,gold_all,none,0.2680707275867462
67,25,67,25,feature vector,collaborative filtering,1,gold_all,none,0.27004295587539673
111,25,111,25,learning method,collaborative filtering,1,gold_all,none,0.2869260013103485
112,25,112,25,learning problem,collaborative filtering,1,gold_all,none,0.269463449716568
117,25,117,25,linear algebra,collaborative filtering,1,gold_all,none,0.3680925965309143
130,25,130,25,machine learning,collaborative filtering,1,gold_all,none,0.39911216497421265
131,25,131,25,machine learning algorithm,collaborative filtering,1,gold_all,none,0.34548982977867126
136,25,136,25,matrix factorization,collaborative filtering,1,gold_all,none,0.7913245558738708
165,25,165,25,matrix,collaborative filtering,1,gold_all,none,0.3853752613067627
191,25,191,25,predicted value,collaborative filtering,1,gold_all,none,0.2550055682659149
199,25,199,25,recommender system,collaborative filtering,1,gold_all,none,0.8358440399169922
224,25,224,25,symmetric matrix,collaborative filtering,1,gold_all,none,0.3565220832824707
226,25,226,25,test data set,collaborative filtering,1,gold_all,none,0.21075735986232758
228,25,228,25,training data,collaborative filtering,1,gold_all,none,0.3111411929130554
229,25,229,25,training data set,collaborative filtering,1,gold_all,none,0.26868754625320435
26,27,26,27,features,computer vision,1,gold_all,none,0.4967472553253174
26,37,26,37,features,cross validation,1,gold_all,none,0.5530591607093811
40,26,40,26,data representation,features,1,gold_all,none,0.6689106822013855
26,42,26,42,features,decision boundaries,1,gold_all,none,0.5010194778442383
26,43,26,43,features,decision stamp,1,gold_all,none,0.3660337030887604
26,44,26,44,features,decision tree,1,gold_all,none,0.580129861831665
26,45,26,45,features,deep features,1,gold_all,none,0.6039938926696777
26,46,26,46,features,deep learning,1,gold_all,none,0.532131552696228
26,47,26,47,features,deep neural network,1,gold_all,none,0.5207206606864929
26,49,26,49,features,design matrix,1,gold_all,none,0.5803049802780151
26,50,26,50,features,dimensionality reduction,1,gold_all,none,0.6627230644226074
26,59,26,59,features,face detection,1,gold_all,none,0.42968320846557617
26,62,26,62,features,feature engineering,1,gold_all,none,0.7759203910827637
26,63,26,63,features,feature extraction,1,gold_all,none,0.748500406742096
26,64,26,64,features,feature scaling,1,gold_all,none,0.6319454908370972
26,65,26,65,features,feature selection,1,gold_all,none,0.7682098746299744
26,66,26,66,features,feature space,1,gold_all,none,0.67182457447052
26,67,26,67,features,feature vector,1,gold_all,none,0.7024903297424316
26,68,26,68,features,forward propagation,1,gold_all,none,0.3560108542442322
26,74,26,74,features,generalized linear models,1,gold_all,none,0.3598865866661072
26,75,26,75,features,gibbs sampler,1,gold_all,none,0.30709198117256165
26,91,26,91,features,image classification,1,gold_all,none,0.48158174753189087
26,92,26,92,features,image retrieval,1,gold_all,none,0.37403786182403564
26,107,26,107,features,large margin classifier,1,gold_all,none,0.4915395677089691
26,108,26,108,features,lasso regression,1,gold_all,none,0.5234651565551758
26,109,26,109,features,latent dirichlet allocation,1,gold_all,none,0.27083927392959595
112,26,112,26,learning problem,features,1,gold_all,none,0.5268630385398865
114,26,114,26,learning system,features,1,gold_all,none,0.5865888595581055
26,118,26,118,features,linear classifier,1,gold_all,none,0.5867354869842529
26,120,26,120,features,linear model,1,gold_all,none,0.5958490371704102
26,121,26,121,features,linear regression,1,gold_all,none,0.4691356122493744
26,127,26,127,features,logistic regression,1,gold_all,none,0.4266008734703064
130,26,130,26,machine learning,features,1,gold_all,none,0.5523092150688171
26,142,26,142,features,mean normalization,1,gold_all,none,0.5426893830299377
26,148,26,148,features,mixture model,1,gold_all,none,0.3831946849822998
26,151,26,151,features,model selection,1,gold_all,none,0.608117938041687
26,152,26,152,features,multi-class classification,1,gold_all,none,0.45387834310531616
26,158,26,158,features,neural network,1,gold_all,none,0.5471959114074707
26,159,26,159,features,neural network learning,1,gold_all,none,0.48432618379592896
26,163,26,163,features,normalized features,1,gold_all,none,0.626438558101654
26,167,26,167,features,online learning,1,gold_all,none,0.36549460887908936
26,178,26,178,features,pca algorithm,1,gold_all,none,0.4648246765136719
26,181,26,181,features,polynomial features,1,gold_all,none,0.6455172896385193
26,183,26,183,features,polynomial regression,1,gold_all,none,0.36535483598709106
26,199,26,199,features,recommender system,1,gold_all,none,0.4041678309440613
26,202,26,202,features,regression model,1,gold_all,none,0.5678607821464539
26,203,26,203,features,regression problem,1,gold_all,none,0.4669879674911499
26,205,26,205,features,regularized linear regression,1,gold_all,none,0.4714644253253937
26,206,26,206,features,regularized logistic regression,1,gold_all,none,0.4017190933227539
26,207,26,207,features,sentiment analysis,1,gold_all,none,0.3406289219856262
26,208,26,208,features,sentiment classifier,1,gold_all,none,0.4602797031402588
26,210,26,210,features,spam filtering,1,gold_all,none,0.4671701192855835
26,219,26,219,features,supervised learning,1,gold_all,none,0.5890392661094666
26,221,26,221,features,support vector machine,1,gold_all,none,0.5261209011077881
26,231,26,231,features,transfer learning,1,gold_all,none,0.48871278762817383
26,235,26,235,features,unnormalized features,1,gold_all,none,0.5680562257766724
26,236,26,236,features,unsupervised learning,1,gold_all,none,0.4832642674446106
26,241,26,241,features,weak classifier,1,gold_all,none,0.5064914226531982
41,27,41,27,data set,computer vision,1,gold_all,none,0.40699121356010437
27,59,27,59,computer vision,face detection,1,gold_all,none,0.7006916403770447
27,91,27,91,computer vision,image classification,1,gold_all,none,0.7537992596626282
27,92,27,92,computer vision,image retrieval,1,gold_all,none,0.4962727427482605
130,27,130,27,machine learning,computer vision,1,gold_all,none,0.6467088460922241
132,27,132,27,machine learning application,computer vision,1,gold_all,none,0.5402816534042358
133,27,133,27,machine learning system,computer vision,1,gold_all,none,0.5560445189476013
27,166,27,166,computer vision,ocr problem,1,gold_all,none,0.5177896022796631
27,179,27,179,computer vision,pedestrian detection,1,gold_all,none,0.634667158126831
27,180,27,180,computer vision,photo ocr,1,gold_all,none,0.5172432065010071
29,69,29,69,conditional distribution,gaussian density,1,gold_all,none,0.5783171057701111
29,75,29,75,conditional distribution,gibbs sampler,1,gold_all,none,0.5346907377243042
29,99,29,99,conditional distribution,joint model probability,1,gold_all,none,0.7288712859153748
29,109,29,109,conditional distribution,latent dirichlet allocation,1,gold_all,none,0.41284745931625366
29,140,29,140,conditional distribution,maximum likelihood,1,gold_all,none,0.6223753690719604
29,141,29,141,conditional distribution,maximum likelihood estimate,1,gold_all,none,0.5041346549987793
29,195,29,195,conditional distribution,probabilistic model,1,gold_all,none,0.7347062230110168
41,31,41,31,data set,confusion matrix,1,gold_all,none,0.4720562696456909
60,31,60,31,false negative,confusion matrix,1,gold_all,none,0.7519098520278931
61,31,61,31,false positives,confusion matrix,1,gold_all,none,0.7134402394294739
87,31,87,31,precision,confusion matrix,1,gold_all,none,0.7410585880279541
88,31,88,31,recall,confusion matrix,1,gold_all,none,0.7832269072532654
165,31,165,31,matrix,confusion matrix,1,gold_all,none,0.4548152685165405
185,31,185,31,positive class,confusion matrix,1,gold_all,none,0.5669679045677185
232,31,232,31,true negatives,confusion matrix,1,gold_all,none,0.725529670715332
233,31,233,31,true positives,confusion matrix,1,gold_all,none,0.7251060009002686
165,32,165,32,matrix,conjugate gradient,1,gold_all,none,0.3950037360191345
168,32,168,32,optimal solution,conjugate gradient,1,gold_all,none,0.5130555629730225
169,32,169,32,optimization algorithms,conjugate gradient,1,gold_all,none,0.5744332075119019
170,32,170,32,optimization objective,conjugate gradient,1,gold_all,none,0.48093366622924805
176,32,176,32,parameter vector,conjugate gradient,1,gold_all,none,0.4713563323020935
177,32,177,32,partial derivative,conjugate gradient,1,gold_all,none,0.4497319757938385
81,33,81,33,gradient descent,convergence test,1,gold_all,none,0.6084302663803101
113,33,113,33,learning rate,convergence test,1,gold_all,none,0.5885847210884094
128,33,128,33,loss function,convergence test,1,gold_all,none,0.4291137158870697
34,54,34,54,convex function,error cost function,1,gold_all,none,0.543135941028595
34,79,34,79,convex function,gradient ascent,1,gold_all,none,0.5542278289794922
34,81,34,81,convex function,gradient descent,1,gold_all,none,0.5611146688461304
34,162,34,162,convex function,normal equation,1,gold_all,none,0.38498494029045105
34,217,34,217,convex function,stochastic gradient algorithm,1,gold_all,none,0.4676018953323364
77,35,77,35,global optimum,coordinate descent,1,gold_all,none,0.3481634259223938
123,35,123,35,local optima,coordinate descent,1,gold_all,none,0.4452059864997864
128,35,128,35,loss function,coordinate descent,1,gold_all,none,0.4242608845233917
165,35,165,35,matrix,coordinate descent,1,gold_all,none,0.34580370783805847
168,35,168,35,optimal solution,coordinate descent,1,gold_all,none,0.40679240226745605
169,35,169,35,optimization algorithms,coordinate descent,1,gold_all,none,0.5593344569206238
170,35,170,35,optimization objective,coordinate descent,1,gold_all,none,0.4155293107032776
171,35,171,35,optimization problem,coordinate descent,1,gold_all,none,0.4902147054672241
36,71,36,71,covariance matrix,gaussian model,1,gold_all,none,0.5652753114700317
90,36,90,36,identity matrics,covariance matrix,1,gold_all,none,0.4708453416824341
36,153,36,153,covariance matrix,multivariate gaussian distribution,1,gold_all,none,0.696630597114563
36,154,36,154,covariance matrix,multivariate gaussian model,1,gold_all,none,0.6189634799957275
165,36,165,36,matrix,covariance matrix,1,gold_all,none,0.5958930253982544
36,178,36,178,covariance matrix,pca algorithm,1,gold_all,none,0.6319700479507446
36,193,36,193,covariance matrix,principle components,1,gold_all,none,0.67582106590271
36,195,36,195,covariance matrix,probabilistic model,1,gold_all,none,0.40497156977653503
196,36,196,36,probability density,covariance matrix,1,gold_all,none,0.524982213973999
198,36,198,36,random variable,covariance matrix,1,gold_all,none,0.467455118894577
212,36,212,36,square matrix,covariance matrix,1,gold_all,none,0.65626060962677
215,36,215,36,standard deviation,covariance matrix,1,gold_all,none,0.5728892087936401
224,36,224,36,symmetric matrix,covariance matrix,1,gold_all,none,0.7353546023368835
37,38,37,38,cross validation,cross validation error,1,gold_all,none,0.7426426410675049
37,39,37,39,cross validation,cross validation sets,1,gold_all,none,0.8094083666801453
41,37,41,37,data set,cross validation,1,gold_all,none,0.5892560482025146
73,37,73,37,generalization error,cross validation,1,gold_all,none,0.6033347845077515
37,110,37,110,cross validation,learning curve,1,gold_all,none,0.5279840230941772
112,37,112,37,learning problem,cross validation,1,gold_all,none,0.5114585161209106
130,37,130,37,machine learning,cross validation,1,gold_all,none,0.5499818921089172
37,149,37,149,cross validation,model complexity,1,gold_all,none,0.5527187585830688
37,151,37,151,cross validation,model selection,1,gold_all,none,0.7096052169799805
157,37,157,37,negative example,cross validation,1,gold_all,none,0.4282309114933014
186,37,186,37,positive data,cross validation,1,gold_all,none,0.3828727602958679
188,37,188,37,positive training example,cross validation,1,gold_all,none,0.4281921684741974
191,37,191,37,predicted value,cross validation,1,gold_all,none,0.4308609366416931
192,37,192,37,prediction error,cross validation,1,gold_all,none,0.6136772036552429
219,37,219,37,supervised learning,cross validation,1,gold_all,none,0.5964853763580322
225,37,225,37,test data,cross validation,1,gold_all,none,0.7214757204055786
226,37,226,37,test data set,cross validation,1,gold_all,none,0.6651148796081543
227,37,227,37,test error,cross validation,1,gold_all,none,0.5699908137321472
228,37,228,37,training data,cross validation,1,gold_all,none,0.6617704629898071
229,37,229,37,training data set,cross validation,1,gold_all,none,0.5962690711021423
230,37,230,37,training error,cross validation,1,gold_all,none,0.6105341911315918
234,37,234,37,tuning parameter,cross validation,1,gold_all,none,0.5433046817779541
37,237,37,237,cross validation,validation error,1,gold_all,none,0.7412711977958679
238,37,238,37,validation set,cross validation,1,gold_all,none,0.7670119404792786
239,37,239,37,variance problem,cross validation,1,gold_all,none,0.5160280466079712
242,37,242,37,overfitting,cross validation,1,gold_all,none,0.6773960590362549
243,37,243,37,underfitting,cross validation,1,gold_all,none,0.5862041115760803
39,38,39,38,cross validation sets,cross validation error,1,gold_all,none,0.6791229248046875
41,38,41,38,data set,cross validation error,1,gold_all,none,0.5498968362808228
53,38,53,38,error analysis,cross validation error,1,gold_all,none,0.7116695642471313
73,38,73,38,generalization error,cross validation error,1,gold_all,none,0.7137612700462341
38,110,38,110,cross validation error,learning curve,1,gold_all,none,0.6794601082801819
112,38,112,38,learning problem,cross validation error,1,gold_all,none,0.5832319855690002
130,38,130,38,machine learning,cross validation error,1,gold_all,none,0.5220731496810913
38,149,38,149,cross validation error,model complexity,1,gold_all,none,0.5455966591835022
38,151,38,151,cross validation error,model selection,1,gold_all,none,0.5956625938415527
192,38,192,38,prediction error,cross validation error,1,gold_all,none,0.8027305603027344
225,38,225,38,test data,cross validation error,1,gold_all,none,0.6646454930305481
226,38,226,38,test data set,cross validation error,1,gold_all,none,0.6259937882423401
227,38,227,38,test error,cross validation error,1,gold_all,none,0.7912964820861816
228,38,228,38,training data,cross validation error,1,gold_all,none,0.6483889222145081
229,38,229,38,training data set,cross validation error,1,gold_all,none,0.6316011548042297
230,38,230,38,training error,cross validation error,1,gold_all,none,0.8820984363555908
237,38,237,38,validation error,cross validation error,1,gold_all,none,0.8205922842025757
238,38,238,38,validation set,cross validation error,1,gold_all,none,0.7167285084724426
239,38,239,38,variance problem,cross validation error,1,gold_all,none,0.5616979598999023
242,38,242,38,overfitting,cross validation error,1,gold_all,none,0.6527454853057861
243,38,243,38,underfitting,cross validation error,1,gold_all,none,0.5882582068443298
41,39,41,39,data set,cross validation sets,1,gold_all,none,0.6971645355224609
106,39,106,39,labeled data,cross validation sets,1,gold_all,none,0.5464218258857727
130,39,130,39,machine learning,cross validation sets,1,gold_all,none,0.44247865676879883
39,151,39,151,cross validation sets,model selection,1,gold_all,none,0.5328760147094727
219,39,219,39,supervised learning,cross validation sets,1,gold_all,none,0.5279558897018433
225,39,225,39,test data,cross validation sets,1,gold_all,none,0.6234079003334045
226,39,226,39,test data set,cross validation sets,1,gold_all,none,0.7213103771209717
228,39,228,39,training data,cross validation sets,1,gold_all,none,0.5919854640960693
229,39,229,39,training data set,cross validation sets,1,gold_all,none,0.6928960680961609
238,39,238,39,validation set,cross validation sets,1,gold_all,none,0.7927510738372803
40,46,40,46,data representation,deep learning,1,gold_all,none,0.5768857002258301
40,47,40,47,data representation,deep neural network,1,gold_all,none,0.4828594923019409
40,62,40,62,data representation,feature engineering,1,gold_all,none,0.638056755065918
40,66,40,66,data representation,feature space,1,gold_all,none,0.7340409159660339
40,67,40,67,data representation,feature vector,1,gold_all,none,0.7302560806274414
40,158,40,158,data representation,neural network,1,gold_all,none,0.4877634048461914
41,42,41,42,data set,decision boundaries,1,gold_all,none,0.45189207792282104
41,44,41,44,data set,decision tree,1,gold_all,none,0.5591490864753723
41,46,41,46,data set,deep learning,1,gold_all,none,0.4792143404483795
41,47,41,47,data set,deep neural network,1,gold_all,none,0.4720001220703125
41,49,41,49,data set,design matrix,1,gold_all,none,0.4949696362018585
41,50,41,50,data set,dimensionality reduction,1,gold_all,none,0.40081605315208435
41,51,41,51,data set,document retrieval,1,gold_all,none,0.3156501054763794
41,59,41,59,data set,face detection,1,gold_all,none,0.31894493103027344
41,62,41,62,data set,feature engineering,1,gold_all,none,0.45739662647247314
41,63,41,63,data set,feature extraction,1,gold_all,none,0.45015332102775574
41,66,41,66,data set,feature space,1,gold_all,none,0.49067139625549316
41,75,41,75,data set,gibbs sampler,1,gold_all,none,0.2702934741973877
41,91,41,91,data set,image classification,1,gold_all,none,0.37204381823539734
41,92,41,92,data set,image retrieval,1,gold_all,none,0.2863445580005646
41,94,41,94,data set,input data,1,gold_all,none,0.6784670352935791
41,96,41,96,data set,input space,1,gold_all,none,0.4806140959262848
41,106,41,106,data set,labeled data,1,gold_all,none,0.6972103118896484
41,107,41,107,data set,large margin classifier,1,gold_all,none,0.3931828439235687
41,108,41,108,data set,lasso regression,1,gold_all,none,0.35324954986572266
41,109,41,109,data set,latent dirichlet allocation,1,gold_all,none,0.20343902707099915
41,111,41,111,data set,learning method,1,gold_all,none,0.5086198449134827
41,114,41,114,data set,learning system,1,gold_all,none,0.5320307016372681
41,118,41,118,data set,linear classifier,1,gold_all,none,0.4735250174999237
41,121,41,121,data set,linear regression,1,gold_all,none,0.4334438741207123
41,127,41,127,data set,logistic regression,1,gold_all,none,0.3850218653678894
41,130,41,130,data set,machine learning,1,gold_all,none,0.5821434259414673
41,131,41,131,data set,machine learning algorithm,1,gold_all,none,0.565638542175293
41,133,41,133,data set,machine learning system,1,gold_all,none,0.5820595026016235
41,134,41,134,data set,massive training set,1,gold_all,none,0.6321872472763062
41,148,41,148,data set,mixture model,1,gold_all,none,0.3172433376312256
41,151,41,151,data set,model selection,1,gold_all,none,0.4783313274383545
41,152,41,152,data set,multi-class classification,1,gold_all,none,0.3850114941596985
41,157,41,157,data set,negative example,1,gold_all,none,0.48896560072898865
41,158,41,158,data set,neural network,1,gold_all,none,0.4585586190223694
41,160,41,160,data set,non-anomalous examples,1,gold_all,none,0.38935017585754395
41,167,41,167,data set,online learning,1,gold_all,none,0.3728445768356323
41,178,41,178,data set,pca algorithm,1,gold_all,none,0.3710939884185791
41,180,41,180,data set,photo ocr,1,gold_all,none,0.13662686944007874
41,186,41,186,data set,positive data,1,gold_all,none,0.5394938588142395
41,188,41,188,data set,positive training example,1,gold_all,none,0.4758688807487488
41,199,41,199,data set,recommender system,1,gold_all,none,0.29325181245803833
41,202,41,202,data set,regression model,1,gold_all,none,0.531917929649353
41,203,41,203,data set,regression problem,1,gold_all,none,0.4392285943031311
41,206,41,206,data set,regularized logistic regression,1,gold_all,none,0.308976948261261
41,207,41,207,data set,sentiment analysis,1,gold_all,none,0.2732585370540619
41,219,41,219,data set,supervised learning,1,gold_all,none,0.5623919367790222
41,221,41,221,data set,support vector machine,1,gold_all,none,0.42143720388412476
41,226,41,226,data set,test data set,1,gold_all,none,0.8733388185501099
41,229,41,229,data set,training data set,1,gold_all,none,0.8818614482879639
41,231,41,231,data set,transfer learning,1,gold_all,none,0.4245089292526245
41,236,41,236,data set,unsupervised learning,1,gold_all,none,0.44778090715408325
41,238,41,238,data set,validation set,1,gold_all,none,0.7443106174468994
66,42,66,42,feature space,decision boundaries,1,gold_all,none,0.5412172675132751
67,42,67,42,feature vector,decision boundaries,1,gold_all,none,0.36822015047073364
89,42,89,42,hypothesis,decision boundaries,1,gold_all,none,0.5409277081489563
94,42,94,42,input data,decision boundaries,1,gold_all,none,0.4136976897716522
42,107,42,107,decision boundaries,large margin classifier,1,gold_all,none,0.6576389670372009
111,42,111,42,learning method,decision boundaries,1,gold_all,none,0.4550014138221741
112,42,112,42,learning problem,decision boundaries,1,gold_all,none,0.53511643409729
130,42,130,42,machine learning,decision boundaries,1,gold_all,none,0.46115681529045105
219,42,219,42,supervised learning,decision boundaries,1,gold_all,none,0.5279645323753357
42,220,42,220,decision boundaries,support vector,1,gold_all,none,0.5992933511734009
42,221,42,221,decision boundaries,support vector machine,1,gold_all,none,0.49696433544158936
44,43,44,43,decision tree,decision stamp,1,gold_all,none,0.653242826461792
111,43,111,43,learning method,decision stamp,1,gold_all,none,0.38047468662261963
130,43,130,43,machine learning,decision stamp,1,gold_all,none,0.3352239429950714
131,43,131,43,machine learning algorithm,decision stamp,1,gold_all,none,0.3610241413116455
111,44,111,44,learning method,decision tree,1,gold_all,none,0.5460377931594849
112,44,112,44,learning problem,decision tree,1,gold_all,none,0.5661119222640991
130,44,130,44,machine learning,decision tree,1,gold_all,none,0.5700119137763977
131,44,131,44,machine learning algorithm,decision tree,1,gold_all,none,0.6320492625236511
157,44,157,44,negative example,decision tree,1,gold_all,none,0.46075764298439026
186,44,186,44,positive data,decision tree,1,gold_all,none,0.48402565717697144
225,44,225,44,test data,decision tree,1,gold_all,none,0.5341676473617554
228,44,228,44,training data,decision tree,1,gold_all,none,0.6024471521377563
45,46,45,46,deep features,deep learning,1,gold_all,none,0.8521740436553955
45,47,45,47,deep features,deep neural network,1,gold_all,none,0.7294991612434387
63,45,63,45,feature extraction,deep features,1,gold_all,none,0.6450721025466919
112,45,112,45,learning problem,deep features,1,gold_all,none,0.38143032789230347
130,45,130,45,machine learning,deep features,1,gold_all,none,0.6073740720748901
45,158,45,158,deep features,neural network,1,gold_all,none,0.6198363900184631
63,46,63,46,feature extraction,deep learning,1,gold_all,none,0.5905753374099731
111,46,111,46,learning method,deep learning,1,gold_all,none,0.4663556218147278
112,46,112,46,learning problem,deep learning,1,gold_all,none,0.497503399848938
118,46,118,46,linear classifier,deep learning,1,gold_all,none,0.5112676024436951
130,46,130,46,machine learning,deep learning,1,gold_all,none,0.7586750388145447
131,46,131,46,machine learning algorithm,deep learning,1,gold_all,none,0.5671490430831909
158,46,158,46,neural network,deep learning,1,gold_all,none,0.7696027159690857
177,46,177,46,partial derivative,deep learning,1,gold_all,none,0.40427055954933167
228,46,228,46,training data,deep learning,1,gold_all,none,0.5441175699234009
229,46,229,46,training data set,deep learning,1,gold_all,none,0.4956924319267273
106,47,106,47,labeled data,deep neural network,1,gold_all,none,0.4608269929885864
111,47,111,47,learning method,deep neural network,1,gold_all,none,0.5024635195732117
118,47,118,47,linear classifier,deep neural network,1,gold_all,none,0.5346169471740723
130,47,130,47,machine learning,deep neural network,1,gold_all,none,0.5910320281982422
158,47,158,47,neural network,deep neural network,1,gold_all,none,0.8861016035079956
228,47,228,47,training data,deep neural network,1,gold_all,none,0.507676362991333
48,68,48,68,derivative term,forward propagation,1,gold_all,none,0.4695826470851898
48,80,48,80,derivative term,gradient checking,1,gold_all,none,0.4663693904876709
48,81,48,81,derivative term,gradient descent,1,gold_all,none,0.5904959440231323
48,121,48,121,derivative term,linear regression,1,gold_all,none,0.39543184638023376
48,127,48,127,derivative term,logistic regression,1,gold_all,none,0.3051946759223938
48,159,48,159,derivative term,neural network learning,1,gold_all,none,0.525224506855011
48,162,48,162,derivative term,normal equation,1,gold_all,none,0.3472248315811157
48,169,48,169,derivative term,optimization algorithms,1,gold_all,none,0.5521721243858337
48,177,48,177,derivative term,partial derivative,1,gold_all,none,0.8217734098434448
48,217,48,217,derivative term,stochastic gradient algorithm,1,gold_all,none,0.5573614239692688
67,49,67,49,feature vector,design matrix,1,gold_all,none,0.5734418630599976
111,49,111,49,learning method,design matrix,1,gold_all,none,0.42271581292152405
49,162,49,162,design matrix,normal equation,1,gold_all,none,0.5446618795394897
165,49,165,49,matrix,design matrix,1,gold_all,none,0.6739357709884644
228,49,228,49,training data,design matrix,1,gold_all,none,0.4772425591945648
229,49,229,49,training data set,design matrix,1,gold_all,none,0.4289122223854065
67,50,67,50,feature vector,dimensionality reduction,1,gold_all,none,0.540757417678833
111,50,111,50,learning method,dimensionality reduction,1,gold_all,none,0.3952142894268036
117,50,117,50,linear algebra,dimensionality reduction,1,gold_all,none,0.4878186583518982
130,50,130,50,machine learning,dimensionality reduction,1,gold_all,none,0.42253029346466064
131,50,131,50,machine learning algorithm,dimensionality reduction,1,gold_all,none,0.408109188079834
165,50,165,50,matrix,dimensionality reduction,1,gold_all,none,0.441474974155426
50,178,50,178,dimensionality reduction,pca algorithm,1,gold_all,none,0.725981593132019
50,193,50,193,dimensionality reduction,principle components,1,gold_all,none,0.7407979369163513
236,50,236,50,unsupervised learning,dimensionality reduction,1,gold_all,none,0.5663235187530518
112,51,112,51,learning problem,document retrieval,1,gold_all,none,0.3663027584552765
130,51,130,51,machine learning,document retrieval,1,gold_all,none,0.4678696095943451
130,52,130,52,machine learning,early stopping,1,gold_all,none,0.4816649854183197
204,52,204,52,regularization,early stopping,1,gold_all,none,0.6530382037162781
230,52,230,52,training error,early stopping,1,gold_all,none,0.46737098693847656
237,52,237,52,validation error,early stopping,1,gold_all,none,0.5371849536895752
242,52,242,52,overfitting,early stopping,1,gold_all,none,0.5985308885574341
56,53,56,53,evaluation metrics,error analysis,1,gold_all,none,0.5913684964179993
53,60,53,60,error analysis,false negative,1,gold_all,none,0.5787156820297241
53,61,53,61,error analysis,false positives,1,gold_all,none,0.5697894096374512
94,53,94,53,input data,error analysis,1,gold_all,none,0.5556763410568237
106,53,106,53,labeled data,error analysis,1,gold_all,none,0.5220956802368164
53,110,53,110,error analysis,learning curve,1,gold_all,none,0.5186072587966919
157,53,157,53,negative example,error analysis,1,gold_all,none,0.42139196395874023
186,53,186,53,positive data,error analysis,1,gold_all,none,0.4200785756111145
226,53,226,53,test data set,error analysis,1,gold_all,none,0.5760538578033447
53,227,53,227,error analysis,test error,1,gold_all,none,0.7119335532188416
228,53,228,53,training data,error analysis,1,gold_all,none,0.6065906286239624
229,53,229,53,training data set,error analysis,1,gold_all,none,0.5159252882003784
53,233,53,233,error analysis,true positives,1,gold_all,none,0.48889604210853577
53,237,53,237,error analysis,validation error,1,gold_all,none,0.7589812874794006
53,239,53,239,error analysis,variance problem,1,gold_all,none,0.5608606338500977
53,242,53,242,error analysis,overfitting,1,gold_all,none,0.585907518863678
54,68,54,68,error cost function,forward propagation,1,gold_all,none,0.47060030698776245
83,54,83,54,hidden layer,error cost function,1,gold_all,none,0.4527100622653961
84,54,84,54,hidden unit,error cost function,1,gold_all,none,0.436372309923172
95,54,95,54,input layer,error cost function,1,gold_all,none,0.4862368106842041
97,54,97,54,input units,error cost function,1,gold_all,none,0.39207708835601807
117,54,117,54,linear algebra,error cost function,1,gold_all,none,0.4331207275390625
128,54,128,54,loss function,error cost function,1,gold_all,none,0.8076575398445129
158,54,158,54,neural network,error cost function,1,gold_all,none,0.4897266626358032
173,54,173,54,output layer,error cost function,1,gold_all,none,0.5064269304275513
174,54,174,54,output unit,error cost function,1,gold_all,none,0.48917558789253235
128,55,128,55,loss function,estimated parameters,1,gold_all,none,0.5189824104309082
55,149,55,149,estimated parameters,model complexity,1,gold_all,none,0.6134645938873291
150,55,150,55,model parameters,estimated parameters,1,gold_all,none,0.8641940355300903
55,200,55,200,estimated parameters,regression coefficients,1,gold_all,none,0.6356757283210754
55,242,55,242,estimated parameters,overfitting,1,gold_all,none,0.5713379979133606
56,58,56,58,evaluation metrics,f1 score,1,gold_all,none,0.7027183175086975
56,87,56,87,evaluation metrics,precision,1,gold_all,none,0.6833943128585815
56,88,56,88,evaluation metrics,recall,1,gold_all,none,0.6532447934150696
56,110,56,110,evaluation metrics,learning curve,1,gold_all,none,0.5246932506561279
225,56,225,56,test data,evaluation metrics,1,gold_all,none,0.6231264472007751
226,56,226,56,test data set,evaluation metrics,1,gold_all,none,0.5701439380645752
56,227,56,227,evaluation metrics,test error,1,gold_all,none,0.616586446762085
56,230,56,230,evaluation metrics,training error,1,gold_all,none,0.6318314671516418
98,57,98,57,iterative algorithm,expectation maximization,1,gold_all,none,0.40199172496795654
111,57,111,57,learning method,expectation maximization,1,gold_all,none,0.4409920275211334
128,57,128,57,loss function,expectation maximization,1,gold_all,none,0.26814499497413635
136,57,136,57,matrix factorization,expectation maximization,1,gold_all,none,0.41154754161834717
165,57,165,57,matrix,expectation maximization,1,gold_all,none,0.2315223217010498
236,57,236,57,unsupervised learning,expectation maximization,1,gold_all,none,0.5576155185699463
87,58,87,58,precision,f1 score,1,gold_all,none,0.7885658740997314
88,58,88,58,recall,f1 score,1,gold_all,none,0.8064937591552734
106,58,106,58,labeled data,f1 score,1,gold_all,none,0.49937546253204346
112,58,112,58,learning problem,f1 score,1,gold_all,none,0.47347965836524963
225,58,225,58,test data,f1 score,1,gold_all,none,0.5541173219680786
226,58,226,58,test data set,f1 score,1,gold_all,none,0.5173428058624268
228,58,228,58,training data,f1 score,1,gold_all,none,0.5100603103637695
229,58,229,58,training data set,f1 score,1,gold_all,none,0.4095201790332794
112,59,112,59,learning problem,face detection,1,gold_all,none,0.37802380323410034
114,59,114,59,learning system,face detection,1,gold_all,none,0.46190565824508667
132,59,132,59,machine learning application,face detection,1,gold_all,none,0.43188440799713135
133,59,133,59,machine learning system,face detection,1,gold_all,none,0.4758317470550537
106,60,106,60,labeled data,false negative,1,gold_all,none,0.5292841792106628
112,60,112,60,learning problem,false negative,1,gold_all,none,0.5630917549133301
130,60,130,60,machine learning,false negative,1,gold_all,none,0.478118896484375
157,60,157,60,negative example,false negative,1,gold_all,none,0.7102926969528198
172,60,172,60,output label,false negative,1,gold_all,none,0.5088474750518799
185,60,185,60,positive class,false negative,1,gold_all,none,0.699425220489502
186,60,186,60,positive data,false negative,1,gold_all,none,0.680877685546875
187,60,187,60,positive predictions,false negative,1,gold_all,none,0.7202141284942627
60,189,60,189,false negative,precision recall curve,1,gold_all,none,0.6084834933280945
190,60,190,60,predicted class,false negative,1,gold_all,none,0.6197555661201477
191,60,191,60,predicted value,false negative,1,gold_all,none,0.4609852433204651
225,60,225,60,test data,false negative,1,gold_all,none,0.5725535154342651
226,60,226,60,test data set,false negative,1,gold_all,none,0.5203441381454468
106,61,106,61,labeled data,false positives,1,gold_all,none,0.49136191606521606
112,61,112,61,learning problem,false positives,1,gold_all,none,0.5321786999702454
157,61,157,61,negative example,false positives,1,gold_all,none,0.6264241933822632
172,61,172,61,output label,false positives,1,gold_all,none,0.4908832311630249
185,61,185,61,positive class,false positives,1,gold_all,none,0.7108780145645142
186,61,186,61,positive data,false positives,1,gold_all,none,0.6659883260726929
187,61,187,61,positive predictions,false positives,1,gold_all,none,0.7191876173019409
61,189,61,189,false positives,precision recall curve,1,gold_all,none,0.6474822759628296
190,61,190,61,predicted class,false positives,1,gold_all,none,0.6212884187698364
191,61,191,61,predicted value,false positives,1,gold_all,none,0.429043710231781
225,61,225,61,test data,false positives,1,gold_all,none,0.5181800723075867
226,61,226,61,test data set,false positives,1,gold_all,none,0.4968737065792084
65,62,65,62,feature selection,feature engineering,1,gold_all,none,0.7461912035942078
112,62,112,62,learning problem,feature engineering,1,gold_all,none,0.5153310894966125
130,62,130,62,machine learning,feature engineering,1,gold_all,none,0.5548971891403198
63,91,63,91,feature extraction,image classification,1,gold_all,none,0.5394337177276611
63,92,63,92,feature extraction,image retrieval,1,gold_all,none,0.44596633315086365
112,63,112,63,learning problem,feature extraction,1,gold_all,none,0.4554581642150879
130,63,130,63,machine learning,feature extraction,1,gold_all,none,0.5133307576179504
63,158,63,158,feature extraction,neural network,1,gold_all,none,0.5550549626350403
63,207,63,207,feature extraction,sentiment analysis,1,gold_all,none,0.41232913732528687
66,64,66,64,feature space,feature scaling,1,gold_all,none,0.5412042737007141
67,64,67,64,feature vector,feature scaling,1,gold_all,none,0.565243124961853
94,64,94,64,input data,feature scaling,1,gold_all,none,0.5206512212753296
112,64,112,64,learning problem,feature scaling,1,gold_all,none,0.38268089294433594
130,64,130,64,machine learning,feature scaling,1,gold_all,none,0.3996920585632324
64,142,64,142,feature scaling,mean normalization,1,gold_all,none,0.8176684975624084
176,64,176,64,parameter vector,feature scaling,1,gold_all,none,0.45807281136512756
228,64,228,64,training data,feature scaling,1,gold_all,none,0.43534034490585327
229,64,229,64,training data set,feature scaling,1,gold_all,none,0.4452369213104248
67,65,67,65,feature vector,feature selection,1,gold_all,none,0.6051418781280518
111,65,111,65,learning method,feature selection,1,gold_all,none,0.5263422727584839
112,65,112,65,learning problem,feature selection,1,gold_all,none,0.5189868807792664
130,65,130,65,machine learning,feature selection,1,gold_all,none,0.5330101251602173
65,149,65,149,feature selection,model complexity,1,gold_all,none,0.5530322194099426
65,151,65,151,feature selection,model selection,1,gold_all,none,0.7236344218254089
225,65,225,65,test data,feature selection,1,gold_all,none,0.5193387866020203
226,65,226,65,test data set,feature selection,1,gold_all,none,0.504589855670929
228,65,228,65,training data,feature selection,1,gold_all,none,0.5889318585395813
67,66,67,66,feature vector,feature space,1,gold_all,none,0.7804852724075317
93,66,93,66,inner product,feature space,1,gold_all,none,0.4696831703186035
94,66,94,66,input data,feature space,1,gold_all,none,0.548255980014801
112,66,112,66,learning problem,feature space,1,gold_all,none,0.5110388994216919
66,118,66,118,feature space,linear classifier,1,gold_all,none,0.5825323462486267
66,121,66,121,feature space,linear regression,1,gold_all,none,0.46020740270614624
66,127,66,127,feature space,logistic regression,1,gold_all,none,0.45239967107772827
130,66,130,66,machine learning,feature space,1,gold_all,none,0.5114072561264038
66,152,66,152,feature space,multi-class classification,1,gold_all,none,0.41590914130210876
66,158,66,158,feature space,neural network,1,gold_all,none,0.4543134272098541
66,161,66,161,feature space,nonlinear hypotheses,1,gold_all,none,0.4869922399520874
165,66,165,66,matrix,feature space,1,gold_all,none,0.4878288507461548
176,66,176,66,parameter vector,feature space,1,gold_all,none,0.5274158716201782
181,66,181,66,polynomial features,feature space,1,gold_all,none,0.6160950064659119
66,220,66,220,feature space,support vector,1,gold_all,none,0.6774671673774719
66,221,66,221,feature space,support vector machine,1,gold_all,none,0.610116183757782
66,222,66,222,feature space,svm optimization,1,gold_all,none,0.543967068195343
67,68,67,68,feature vector,forward propagation,1,gold_all,none,0.4359202980995178
67,70,67,70,feature vector,gaussian kernel,1,gold_all,none,0.4413062632083893
67,81,67,81,feature vector,gradient descent,1,gold_all,none,0.35383594036102295
67,83,67,83,feature vector,hidden layer,1,gold_all,none,0.4836190342903137
94,67,94,67,input data,feature vector,1,gold_all,none,0.5713422298431396
67,95,67,95,feature vector,input layer,1,gold_all,none,0.5073248147964478
67,100,67,100,feature vector,k means,1,gold_all,none,0.3489261567592621
67,103,67,103,feature vector,kernel function,1,gold_all,none,0.5356566905975342
112,67,112,67,learning problem,feature vector,1,gold_all,none,0.4560792148113251
67,118,67,118,feature vector,linear classifier,1,gold_all,none,0.5622981786727905
67,119,67,119,feature vector,linear kernel,1,gold_all,none,0.5352141261100769
67,121,67,121,feature vector,linear regression,1,gold_all,none,0.4364734888076782
67,127,67,127,feature vector,logistic regression,1,gold_all,none,0.44234466552734375
130,67,130,67,machine learning,feature vector,1,gold_all,none,0.479014128446579
67,152,67,152,feature vector,multi-class classification,1,gold_all,none,0.3782809376716614
67,158,67,158,feature vector,neural network,1,gold_all,none,0.5049951076507568
67,161,67,161,feature vector,nonlinear hypotheses,1,gold_all,none,0.40744641423225403
67,162,67,162,feature vector,normal equation,1,gold_all,none,0.3784436285495758
67,167,67,167,feature vector,online learning,1,gold_all,none,0.33884674310684204
67,173,67,173,feature vector,output layer,1,gold_all,none,0.43564674258232117
67,175,67,175,feature vector,parameter estimation,1,gold_all,none,0.3206930458545685
67,178,67,178,feature vector,pca algorithm,1,gold_all,none,0.5037782192230225
67,181,67,181,feature vector,polynomial features,1,gold_all,none,0.5655771493911743
67,182,67,182,feature vector,polynomial kernel,1,gold_all,none,0.4851979613304138
67,193,67,193,feature vector,principle components,1,gold_all,none,0.559400737285614
67,200,67,200,feature vector,regression coefficients,1,gold_all,none,0.5311881899833679
67,202,67,202,feature vector,regression model,1,gold_all,none,0.42894965410232544
67,204,67,204,feature vector,regularization,1,gold_all,none,0.3889927864074707
67,213,67,213,feature vector,square projection error,1,gold_all,none,0.4449250400066376
219,67,219,67,supervised learning,feature vector,1,gold_all,none,0.4742391109466553
67,220,67,220,feature vector,support vector,1,gold_all,none,0.6294156908988953
67,221,67,221,feature vector,support vector machine,1,gold_all,none,0.5762343406677246
67,222,67,222,feature vector,svm optimization,1,gold_all,none,0.40764474868774414
67,242,67,242,feature vector,overfitting,1,gold_all,none,0.3356565535068512
67,243,67,243,feature vector,underfitting,1,gold_all,none,0.33399516344070435
83,68,83,68,hidden layer,forward propagation,1,gold_all,none,0.574744701385498
84,68,84,68,hidden unit,forward propagation,1,gold_all,none,0.5279360413551331
89,68,89,68,hypothesis,forward propagation,1,gold_all,none,0.368205189704895
95,68,95,68,input layer,forward propagation,1,gold_all,none,0.5782405138015747
97,68,97,68,input units,forward propagation,1,gold_all,none,0.5222330093383789
111,68,111,68,learning method,forward propagation,1,gold_all,none,0.4206017255783081
126,68,126,68,logistic function,forward propagation,1,gold_all,none,0.42947202920913696
127,68,127,68,logistic regression,forward propagation,1,gold_all,none,0.3412996232509613
128,68,128,68,loss function,forward propagation,1,gold_all,none,0.49132972955703735
139,68,139,68,matrix vector multiplication,forward propagation,1,gold_all,none,0.5842264890670776
158,68,158,68,neural network,forward propagation,1,gold_all,none,0.5809202194213867
68,159,68,159,forward propagation,neural network learning,1,gold_all,none,0.6042065620422363
161,68,161,68,nonlinear hypotheses,forward propagation,1,gold_all,none,0.4285373389720917
165,68,165,68,matrix,forward propagation,1,gold_all,none,0.37228870391845703
169,68,169,68,optimization algorithms,forward propagation,1,gold_all,none,0.41067594289779663
172,68,172,68,output label,forward propagation,1,gold_all,none,0.348980188369751
173,68,173,68,output layer,forward propagation,1,gold_all,none,0.6245989203453064
174,68,174,68,output unit,forward propagation,1,gold_all,none,0.5043201446533203
176,68,176,68,parameter vector,forward propagation,1,gold_all,none,0.5135163068771362
177,68,177,68,partial derivative,forward propagation,1,gold_all,none,0.4923743009567261
209,68,209,68,sigmoid function,forward propagation,1,gold_all,none,0.46347254514694214
228,68,228,68,training data,forward propagation,1,gold_all,none,0.32558080554008484
229,68,229,68,training data set,forward propagation,1,gold_all,none,0.366039514541626
240,68,240,68,vector multiplication,forward propagation,1,gold_all,none,0.554997980594635
69,71,69,71,gaussian density,gaussian model,1,gold_all,none,0.7312275171279907
72,69,72,69,gaussian random variable,gaussian density,1,gold_all,none,0.8550760746002197
69,75,69,75,gaussian density,gibbs sampler,1,gold_all,none,0.4447324872016907
90,69,90,69,identity matrics,gaussian density,1,gold_all,none,0.2886870503425598
69,153,69,153,gaussian density,multivariate gaussian distribution,1,gold_all,none,0.703092098236084
69,154,69,154,gaussian density,multivariate gaussian model,1,gold_all,none,0.6300696730613708
69,195,69,195,gaussian density,probabilistic model,1,gold_all,none,0.5068278908729553
196,69,196,69,probability density,gaussian density,1,gold_all,none,0.713097095489502
215,69,215,69,standard deviation,gaussian density,1,gold_all,none,0.5472385287284851
224,69,224,69,symmetric matrix,gaussian density,1,gold_all,none,0.38679271936416626
103,70,103,70,kernel function,gaussian kernel,1,gold_all,none,0.8579365015029907
70,104,70,104,gaussian kernel,kernel regression,1,gold_all,none,0.7411951422691345
130,70,130,70,machine learning,gaussian kernel,1,gold_all,none,0.449776828289032
220,70,220,70,support vector,gaussian kernel,1,gold_all,none,0.6029766798019409
221,70,221,70,support vector machine,gaussian kernel,1,gold_all,none,0.5737349390983582
71,148,71,148,gaussian model,mixture model,1,gold_all,none,0.7383307218551636
150,71,150,71,model parameters,gaussian model,1,gold_all,none,0.4623646140098572
71,154,71,154,gaussian model,multivariate gaussian model,1,gold_all,none,0.8442507982254028
165,71,165,71,matrix,gaussian model,1,gold_all,none,0.3307994306087494
195,71,195,71,probabilistic model,gaussian model,1,gold_all,none,0.7186827063560486
196,71,196,71,probability density,gaussian model,1,gold_all,none,0.6717349290847778
224,71,224,71,symmetric matrix,gaussian model,1,gold_all,none,0.38810670375823975
197,72,197,72,random numbers,gaussian random variable,1,gold_all,none,0.5612608790397644
198,72,198,72,random variable,gaussian random variable,1,gold_all,none,0.6840116381645203
89,73,89,73,hypothesis,generalization error,1,gold_all,none,0.5949530601501465
128,73,128,73,loss function,generalization error,1,gold_all,none,0.541887640953064
130,73,130,73,machine learning,generalization error,1,gold_all,none,0.5602823495864868
73,149,73,149,generalization error,model complexity,1,gold_all,none,0.6162276268005371
73,151,73,151,generalization error,model selection,1,gold_all,none,0.5402833223342896
176,73,176,73,parameter vector,generalization error,1,gold_all,none,0.46690359711647034
192,73,192,73,prediction error,generalization error,1,gold_all,none,0.7918529510498047
225,73,225,73,test data,generalization error,1,gold_all,none,0.6374949812889099
226,73,226,73,test data set,generalization error,1,gold_all,none,0.6221694350242615
227,73,227,73,test error,generalization error,1,gold_all,none,0.7310081720352173
228,73,228,73,training data,generalization error,1,gold_all,none,0.619217574596405
229,73,229,73,training data set,generalization error,1,gold_all,none,0.5669413208961487
230,73,230,73,training error,generalization error,1,gold_all,none,0.7582719326019287
73,239,73,239,generalization error,variance problem,1,gold_all,none,0.6707279682159424
73,242,73,242,generalization error,overfitting,1,gold_all,none,0.6940129399299622
73,243,73,243,generalization error,underfitting,1,gold_all,none,0.5882781744003296
118,74,118,74,linear classifier,generalized linear models,1,gold_all,none,0.43295150995254517
120,74,120,74,linear model,generalized linear models,1,gold_all,none,0.6192428469657898
121,74,121,74,linear regression,generalized linear models,1,gold_all,none,0.5279139280319214
127,74,127,74,logistic regression,generalized linear models,1,gold_all,none,0.5944697856903076
130,74,130,74,machine learning,generalized linear models,1,gold_all,none,0.3957062065601349
99,75,99,75,joint model probability,gibbs sampler,1,gold_all,none,0.502684473991394
140,75,140,75,maximum likelihood,gibbs sampler,1,gold_all,none,0.4289241135120392
141,75,141,75,maximum likelihood estimate,gibbs sampler,1,gold_all,none,0.4325881004333496
194,75,194,75,prior probability,gibbs sampler,1,gold_all,none,0.5343296527862549
195,75,195,75,probabilistic model,gibbs sampler,1,gold_all,none,0.5887119770050049
77,76,77,76,global optimum,global minimum,1,gold_all,none,0.7720332145690918
76,110,76,110,global minimum,learning curve,1,gold_all,none,0.5006396174430847
76,158,76,158,global minimum,neural network,1,gold_all,none,0.4507802128791809
76,162,76,162,global minimum,normal equation,1,gold_all,none,0.5103858113288879
76,170,76,170,global minimum,optimization objective,1,gold_all,none,0.6115993857383728
76,171,76,171,global minimum,optimization problem,1,gold_all,none,0.5855077505111694
76,222,76,222,global minimum,svm optimization,1,gold_all,none,0.5101800560951233
77,81,77,81,global optimum,gradient descent,1,gold_all,none,0.5741250514984131
77,159,77,159,global optimum,neural network learning,1,gold_all,none,0.5175182819366455
77,169,77,169,global optimum,optimization algorithms,1,gold_all,none,0.6222068667411804
78,79,78,79,gradient algorithm,gradient ascent,1,gold_all,none,0.834160566329956
78,217,78,217,gradient algorithm,stochastic gradient algorithm,1,gold_all,none,0.7971867322921753
111,79,111,79,learning method,gradient ascent,1,gold_all,none,0.4922819137573242
130,79,130,79,machine learning,gradient ascent,1,gold_all,none,0.5219036340713501
168,79,168,79,optimal solution,gradient ascent,1,gold_all,none,0.6153875589370728
177,79,177,79,partial derivative,gradient ascent,1,gold_all,none,0.5370882153511047
191,79,191,79,predicted value,gradient ascent,1,gold_all,none,0.41445574164390564
79,217,79,217,gradient ascent,stochastic gradient algorithm,1,gold_all,none,0.652018666267395
81,80,81,80,gradient descent,gradient checking,1,gold_all,none,0.5459961891174316
111,80,111,80,learning method,gradient checking,1,gold_all,none,0.318098783493042
122,80,122,80,local minimum,gradient checking,1,gold_all,none,0.5114619731903076
123,80,123,80,local optima,gradient checking,1,gold_all,none,0.4876479506492615
169,80,169,80,optimization algorithms,gradient checking,1,gold_all,none,0.4448930621147156
98,81,98,81,iterative algorithm,gradient descent,1,gold_all,none,0.6456415057182312
111,81,111,81,learning method,gradient descent,1,gold_all,none,0.5298562049865723
81,113,81,113,gradient descent,learning rate,1,gold_all,none,0.706639289855957
117,81,117,81,linear algebra,gradient descent,1,gold_all,none,0.39523983001708984
122,81,122,81,local minimum,gradient descent,1,gold_all,none,0.6289631724357605
123,81,123,81,local optima,gradient descent,1,gold_all,none,0.5592215061187744
81,127,81,127,gradient descent,logistic regression,1,gold_all,none,0.4334881007671356
130,81,130,81,machine learning,gradient descent,1,gold_all,none,0.6041207313537598
131,81,131,81,machine learning algorithm,gradient descent,1,gold_all,none,0.6122914552688599
137,81,137,81,matrix multiplication,gradient descent,1,gold_all,none,0.3824886679649353
139,81,139,81,matrix vector multiplication,gradient descent,1,gold_all,none,0.42500394582748413
81,144,81,144,gradient descent,mini-batch gradient descent,1,gold_all,none,0.6387940645217896
81,145,81,145,gradient descent,mini-batch size,1,gold_all,none,0.5966256260871887
146,81,146,81,minimization problem,gradient descent,1,gold_all,none,0.6830664873123169
150,81,150,81,model parameters,gradient descent,1,gold_all,none,0.5819624662399292
81,158,81,158,gradient descent,neural network,1,gold_all,none,0.5518912076950073
81,159,81,159,gradient descent,neural network learning,1,gold_all,none,0.7113381624221802
81,162,81,162,gradient descent,normal equation,1,gold_all,none,0.5802335739135742
165,81,165,81,matrix,gradient descent,1,gold_all,none,0.36592933535575867
168,81,168,81,optimal solution,gradient descent,1,gold_all,none,0.6015142798423767
169,81,169,81,optimization algorithms,gradient descent,1,gold_all,none,0.6937399506568909
170,81,170,81,optimization objective,gradient descent,1,gold_all,none,0.6109166145324707
171,81,171,81,optimization problem,gradient descent,1,gold_all,none,0.6337171196937561
176,81,176,81,parameter vector,gradient descent,1,gold_all,none,0.5915431976318359
177,81,177,81,partial derivative,gradient descent,1,gold_all,none,0.5000271797180176
81,205,81,205,gradient descent,regularized linear regression,1,gold_all,none,0.5325567722320557
81,206,81,206,gradient descent,regularized logistic regression,1,gold_all,none,0.496274471282959
81,217,81,217,gradient descent,stochastic gradient algorithm,1,gold_all,none,0.7140542268753052
219,81,219,81,supervised learning,gradient descent,1,gold_all,none,0.5780094861984253
84,83,84,83,hidden unit,hidden layer,1,gold_all,none,0.844260573387146
95,83,95,83,input layer,hidden layer,1,gold_all,none,0.6994559168815613
97,83,97,83,input units,hidden layer,1,gold_all,none,0.5893299579620361
130,83,130,83,machine learning,hidden layer,1,gold_all,none,0.546802818775177
158,83,158,83,neural network,hidden layer,1,gold_all,none,0.8272917866706848
83,159,83,159,hidden layer,neural network learning,1,gold_all,none,0.6366459727287292
209,83,209,83,sigmoid function,hidden layer,1,gold_all,none,0.4803096055984497
97,84,97,84,input units,hidden unit,1,gold_all,none,0.7555041313171387
126,84,126,84,logistic function,hidden unit,1,gold_all,none,0.4165373146533966
158,84,158,84,neural network,hidden unit,1,gold_all,none,0.7489750981330872
84,159,84,159,hidden unit,neural network learning,1,gold_all,none,0.5699645280838013
176,84,176,84,parameter vector,hidden unit,1,gold_all,none,0.5250234007835388
100,85,100,85,k means,hierarchical clustering,1,gold_all,none,0.7223510146141052
86,181,86,181,high order polynomial,polynomial features,1,gold_all,none,0.7384739518165588
86,183,86,183,high order polynomial,polynomial regression,1,gold_all,none,0.6927134990692139
184,86,184,86,polynomial terms,high order polynomial,1,gold_all,none,0.755068302154541
87,110,87,110,precision,learning curve,1,gold_all,none,0.4590035378932953
157,87,157,87,negative example,precision,1,gold_all,none,0.4961813688278198
87,158,87,158,precision,neural network,1,gold_all,none,0.3409448266029358
185,87,185,87,positive class,precision,1,gold_all,none,0.6406305432319641
186,87,186,87,positive data,precision,1,gold_all,none,0.5871618986129761
187,87,187,87,positive predictions,precision,1,gold_all,none,0.6806975603103638
87,189,87,189,precision,precision recall curve,1,gold_all,none,0.7604859471321106
190,87,190,87,predicted class,precision,1,gold_all,none,0.6452720165252686
191,87,191,87,predicted value,precision,1,gold_all,none,0.4692310094833374
225,87,225,87,test data,precision,1,gold_all,none,0.5449842214584351
226,87,226,87,test data set,precision,1,gold_all,none,0.5145384073257446
106,88,106,88,labeled data,recall,1,gold_all,none,0.5155068039894104
88,110,88,110,recall,learning curve,1,gold_all,none,0.4966920018196106
157,88,157,88,negative example,recall,1,gold_all,none,0.6002072691917419
88,158,88,158,recall,neural network,1,gold_all,none,0.3782019317150116
185,88,185,88,positive class,recall,1,gold_all,none,0.6876213550567627
186,88,186,88,positive data,recall,1,gold_all,none,0.6577370166778564
187,88,187,88,positive predictions,recall,1,gold_all,none,0.7419323921203613
88,189,88,189,recall,precision recall curve,1,gold_all,none,0.7345697283744812
190,88,190,88,predicted class,recall,1,gold_all,none,0.633399486541748
191,88,191,88,predicted value,recall,1,gold_all,none,0.4615226984024048
225,88,225,88,test data,recall,1,gold_all,none,0.5791454315185547
226,88,226,88,test data set,recall,1,gold_all,none,0.5287085771560669
112,89,112,89,learning problem,hypothesis,1,gold_all,none,0.6736243963241577
89,118,89,118,hypothesis,linear classifier,1,gold_all,none,0.4737966060638428
89,121,89,121,hypothesis,linear regression,1,gold_all,none,0.5233979821205139
89,127,89,127,hypothesis,logistic regression,1,gold_all,none,0.49818968772888184
130,89,130,89,machine learning,hypothesis,1,gold_all,none,0.6097217798233032
131,89,131,89,machine learning algorithm,hypothesis,1,gold_all,none,0.57090163230896
89,151,89,151,hypothesis,model selection,1,gold_all,none,0.619347095489502
89,158,89,158,hypothesis,neural network,1,gold_all,none,0.423386812210083
89,159,89,159,hypothesis,neural network learning,1,gold_all,none,0.5043653249740601
89,161,89,161,hypothesis,nonlinear hypotheses,1,gold_all,none,0.6388586163520813
89,167,89,167,hypothesis,online learning,1,gold_all,none,0.3824390172958374
89,183,89,183,hypothesis,polynomial regression,1,gold_all,none,0.41849613189697266
89,202,89,202,hypothesis,regression model,1,gold_all,none,0.5788841843605042
89,205,89,205,hypothesis,regularized linear regression,1,gold_all,none,0.44891858100891113
89,206,89,206,hypothesis,regularized logistic regression,1,gold_all,none,0.42371729016304016
89,217,89,217,hypothesis,stochastic gradient algorithm,1,gold_all,none,0.37663841247558594
89,221,89,221,hypothesis,support vector machine,1,gold_all,none,0.4986423850059509
117,90,117,90,linear algebra,identity matrics,1,gold_all,none,0.49046266078948975
90,137,90,137,identity matrics,matrix multiplication,1,gold_all,none,0.5860748291015625
90,138,90,138,identity matrics,matrix transpose,1,gold_all,none,0.5502326488494873
90,143,90,143,identity matrics,mean square error,1,gold_all,none,0.33490169048309326
90,153,90,153,identity matrics,multivariate gaussian distribution,1,gold_all,none,0.3014287054538727
165,90,165,90,matrix,identity matrics,1,gold_all,none,0.6341127157211304
106,91,106,91,labeled data,image classification,1,gold_all,none,0.577867329120636
112,91,112,91,learning problem,image classification,1,gold_all,none,0.4392974078655243
130,91,130,91,machine learning,image classification,1,gold_all,none,0.5241280198097229
185,91,185,91,positive class,image classification,1,gold_all,none,0.3946855068206787
112,92,112,92,learning problem,image retrieval,1,gold_all,none,0.3662673830986023
130,92,130,92,machine learning,image retrieval,1,gold_all,none,0.356089323759079
93,103,93,103,inner product,kernel function,1,gold_all,none,0.4300220012664795
93,107,93,107,inner product,large margin classifier,1,gold_all,none,0.2683262526988983
93,115,93,115,inner product,least squares,1,gold_all,none,0.3890833854675293
117,93,117,93,linear algebra,inner product,1,gold_all,none,0.4764884114265442
93,121,93,121,inner product,linear regression,1,gold_all,none,0.3380797505378723
93,127,93,127,inner product,logistic regression,1,gold_all,none,0.27887868881225586
93,158,93,158,inner product,neural network,1,gold_all,none,0.48534733057022095
93,164,93,164,inner product,normalized representation,1,gold_all,none,0.5253404378890991
93,171,93,171,inner product,optimization problem,1,gold_all,none,0.24424980580806732
93,182,93,182,inner product,polynomial kernel,1,gold_all,none,0.3896269202232361
93,214,93,214,inner product,squared error,1,gold_all,none,0.4629948139190674
93,221,93,221,inner product,support vector machine,1,gold_all,none,0.39361029863357544
93,222,93,222,inner product,svm optimization,1,gold_all,none,0.30469033122062683
240,93,240,93,vector multiplication,inner product,1,gold_all,none,0.7274234890937805
94,111,94,111,input data,learning method,1,gold_all,none,0.46855539083480835
94,114,94,114,input data,learning system,1,gold_all,none,0.6374194025993347
94,118,94,118,input data,linear classifier,1,gold_all,none,0.47814804315567017
94,120,94,120,input data,linear model,1,gold_all,none,0.5383382439613342
94,127,94,127,input data,logistic regression,1,gold_all,none,0.4421534538269043
130,94,130,94,machine learning,input data,1,gold_all,none,0.6242058873176575
94,131,94,131,input data,machine learning algorithm,1,gold_all,none,0.552778959274292
94,133,94,133,input data,machine learning system,1,gold_all,none,0.6242067217826843
94,152,94,152,input data,multi-class classification,1,gold_all,none,0.372988224029541
94,158,94,158,input data,neural network,1,gold_all,none,0.4677950441837311
94,202,94,202,input data,regression model,1,gold_all,none,0.5264817476272583
94,207,94,207,input data,sentiment analysis,1,gold_all,none,0.3208388686180115
94,208,94,208,input data,sentiment classifier,1,gold_all,none,0.42013561725616455
94,221,94,221,input data,support vector machine,1,gold_all,none,0.435355544090271
94,225,94,225,input data,test data,1,gold_all,none,0.6330239176750183
94,226,94,226,input data,test data set,1,gold_all,none,0.6170485615730286
94,228,94,228,input data,training data,1,gold_all,none,0.7272191643714905
94,229,94,229,input data,training data set,1,gold_all,none,0.6328235268592834
97,95,97,95,input units,input layer,1,gold_all,none,0.7483707666397095
158,95,158,95,neural network,input layer,1,gold_all,none,0.6405580043792725
95,159,95,159,input layer,neural network learning,1,gold_all,none,0.6901368498802185
228,95,228,95,training data,input layer,1,gold_all,none,0.45038798451423645
229,95,229,95,training data set,input layer,1,gold_all,none,0.43670982122421265
96,104,96,104,input space,kernel regression,1,gold_all,none,0.3889283835887909
111,96,111,96,learning method,input space,1,gold_all,none,0.43085750937461853
112,96,112,96,learning problem,input space,1,gold_all,none,0.5049893856048584
96,121,96,121,input space,linear regression,1,gold_all,none,0.4842483699321747
130,96,130,96,machine learning,input space,1,gold_all,none,0.5101500153541565
96,202,96,202,input space,regression model,1,gold_all,none,0.42993706464767456
228,96,228,96,training data,input space,1,gold_all,none,0.511499285697937
229,96,229,96,training data set,input space,1,gold_all,none,0.4875076115131378
158,97,158,97,neural network,input units,1,gold_all,none,0.613194465637207
97,159,97,159,input units,neural network learning,1,gold_all,none,0.5328521728515625
228,97,228,97,training data,input units,1,gold_all,none,0.3715685307979584
229,97,229,97,training data set,input units,1,gold_all,none,0.4137468934059143
98,100,98,100,iterative algorithm,k means,1,gold_all,none,0.3359619379043579
99,109,99,109,joint model probability,latent dirichlet allocation,1,gold_all,none,0.37143176794052124
99,148,99,148,joint model probability,mixture model,1,gold_all,none,0.5571568012237549
99,195,99,195,joint model probability,probabilistic model,1,gold_all,none,0.7273086309432983
100,102,100,102,k means,k-means objective,1,gold_all,none,0.783348798751831
111,100,111,100,learning method,k means,1,gold_all,none,0.4688171446323395
112,100,112,100,learning problem,k means,1,gold_all,none,0.43322402238845825
114,100,114,100,learning system,k means,1,gold_all,none,0.3766069710254669
130,100,130,100,machine learning,k means,1,gold_all,none,0.39830195903778076
131,100,131,100,machine learning algorithm,k means,1,gold_all,none,0.4747806191444397
170,100,170,100,optimization objective,k means,1,gold_all,none,0.2823510468006134
226,100,226,100,test data set,k means,1,gold_all,none,0.3602731227874756
236,100,236,100,unsupervised learning,k means,1,gold_all,none,0.6685274839401245
155,101,155,101,nearest neighbor search,k nearest neighbors,1,gold_all,none,0.8318264484405518
156,101,156,101,nearest neighbors,k nearest neighbors,1,gold_all,none,0.8958646059036255
123,102,123,102,local optima,k-means objective,1,gold_all,none,0.29787003993988037
119,103,119,103,linear kernel,kernel function,1,gold_all,none,0.8484594225883484
130,103,130,103,machine learning,kernel function,1,gold_all,none,0.5109577775001526
103,182,103,182,kernel function,polynomial kernel,1,gold_all,none,0.8344439268112183
103,218,103,218,kernel function,string kernel,1,gold_all,none,0.5861451625823975
221,103,221,103,support vector machine,kernel function,1,gold_all,none,0.7149264812469482
111,104,111,104,learning method,kernel regression,1,gold_all,none,0.4560467600822449
121,104,121,104,linear regression,kernel regression,1,gold_all,none,0.5636202692985535
130,104,130,104,machine learning,kernel regression,1,gold_all,none,0.44499367475509644
131,104,131,104,machine learning algorithm,kernel regression,1,gold_all,none,0.42174214124679565
169,104,169,104,optimization algorithms,kernel regression,1,gold_all,none,0.3752896785736084
171,104,171,104,optimization problem,kernel regression,1,gold_all,none,0.3538225293159485
202,104,202,104,regression model,kernel regression,1,gold_all,none,0.6436607837677002
229,104,229,104,training data set,kernel regression,1,gold_all,none,0.3682703375816345
177,105,177,105,partial derivative,l1 penalty,1,gold_all,none,0.3141072690486908
204,105,204,105,regularization,l1 penalty,1,gold_all,none,0.7133703231811523
106,118,106,118,labeled data,linear classifier,1,gold_all,none,0.5604013204574585
106,127,106,127,labeled data,logistic regression,1,gold_all,none,0.45473524928092957
106,157,106,157,labeled data,negative example,1,gold_all,none,0.4675997495651245
106,158,106,158,labeled data,neural network,1,gold_all,none,0.4495367705821991
106,160,106,160,labeled data,non-anomalous examples,1,gold_all,none,0.418692946434021
106,186,106,186,labeled data,positive data,1,gold_all,none,0.5587224364280701
106,188,106,188,labeled data,positive training example,1,gold_all,none,0.5108126401901245
106,219,106,219,labeled data,supervised learning,1,gold_all,none,0.765677809715271
106,221,106,221,labeled data,support vector machine,1,gold_all,none,0.5112436413764954
106,228,106,228,labeled data,training data,1,gold_all,none,0.745761513710022
106,229,106,229,labeled data,training data set,1,gold_all,none,0.657294511795044
106,238,106,238,labeled data,validation set,1,gold_all,none,0.5733974575996399
111,107,111,107,learning method,large margin classifier,1,gold_all,none,0.48599371314048767
118,107,118,107,linear classifier,large margin classifier,1,gold_all,none,0.6065599322319031
127,107,127,107,logistic regression,large margin classifier,1,gold_all,none,0.47603684663772583
157,107,157,107,negative example,large margin classifier,1,gold_all,none,0.4073377251625061
186,107,186,107,positive data,large margin classifier,1,gold_all,none,0.4644501209259033
107,221,107,221,large margin classifier,support vector machine,1,gold_all,none,0.6374870538711548
228,107,228,107,training data,large margin classifier,1,gold_all,none,0.5285267233848572
111,108,111,108,learning method,lasso regression,1,gold_all,none,0.41637367010116577
121,108,121,108,linear regression,lasso regression,1,gold_all,none,0.6441167593002319
130,108,130,108,machine learning,lasso regression,1,gold_all,none,0.42823344469070435
131,108,131,108,machine learning algorithm,lasso regression,1,gold_all,none,0.4181232154369354
168,108,168,108,optimal solution,lasso regression,1,gold_all,none,0.39899829030036926
169,108,169,108,optimization algorithms,lasso regression,1,gold_all,none,0.41024845838546753
171,108,171,108,optimization problem,lasso regression,1,gold_all,none,0.41954150795936584
200,108,200,108,regression coefficients,lasso regression,1,gold_all,none,0.5959801077842712
201,108,201,108,regression function,lasso regression,1,gold_all,none,0.524832010269165
202,108,202,108,regression model,lasso regression,1,gold_all,none,0.5279197096824646
228,108,228,108,training data,lasso regression,1,gold_all,none,0.4510621130466461
111,109,111,109,learning method,latent dirichlet allocation,1,gold_all,none,0.27058565616607666
112,109,112,109,learning problem,latent dirichlet allocation,1,gold_all,none,0.3209049105644226
128,109,128,109,loss function,latent dirichlet allocation,1,gold_all,none,0.11636411398649216
130,109,130,109,machine learning,latent dirichlet allocation,1,gold_all,none,0.2601524889469147
131,109,131,109,machine learning algorithm,latent dirichlet allocation,1,gold_all,none,0.22031132876873016
165,109,165,109,matrix,latent dirichlet allocation,1,gold_all,none,0.25164031982421875
169,109,169,109,optimization algorithms,latent dirichlet allocation,1,gold_all,none,0.17178340256214142
194,109,194,109,prior probability,latent dirichlet allocation,1,gold_all,none,0.43192005157470703
195,109,195,109,probabilistic model,latent dirichlet allocation,1,gold_all,none,0.45009559392929077
112,110,112,110,learning problem,learning curve,1,gold_all,none,0.6227905750274658
130,110,130,110,machine learning,learning curve,1,gold_all,none,0.5549207329750061
170,110,170,110,optimization objective,learning curve,1,gold_all,none,0.4866604208946228
226,110,226,110,test data set,learning curve,1,gold_all,none,0.5706568360328674
227,110,227,110,test error,learning curve,1,gold_all,none,0.6227434873580933
228,110,228,110,training data,learning curve,1,gold_all,none,0.6256065964698792
229,110,229,110,training data set,learning curve,1,gold_all,none,0.6052359342575073
230,110,230,110,training error,learning curve,1,gold_all,none,0.7266210317611694
110,239,110,239,learning curve,variance problem,1,gold_all,none,0.47623950242996216
110,242,110,242,learning curve,overfitting,1,gold_all,none,0.6270601153373718
110,243,110,243,learning curve,underfitting,1,gold_all,none,0.6006930470466614
112,111,112,111,learning problem,learning method,1,gold_all,none,0.7113588452339172
114,111,114,111,learning system,learning method,1,gold_all,none,0.6714316606521606
111,118,111,118,learning method,linear classifier,1,gold_all,none,0.5425964593887329
111,121,111,121,learning method,linear regression,1,gold_all,none,0.47398993372917175
111,127,111,127,learning method,logistic regression,1,gold_all,none,0.433870404958725
111,131,111,131,learning method,machine learning algorithm,1,gold_all,none,0.7861952781677246
111,147,111,147,learning method,misclassification error,1,gold_all,none,0.4024418294429779
111,148,111,148,learning method,mixture model,1,gold_all,none,0.3491012454032898
111,149,111,149,learning method,model complexity,1,gold_all,none,0.43285590410232544
111,150,111,150,learning method,model parameters,1,gold_all,none,0.4784587025642395
111,151,111,151,learning method,model selection,1,gold_all,none,0.5565541982650757
111,152,111,152,learning method,multi-class classification,1,gold_all,none,0.44526025652885437
111,155,111,155,learning method,nearest neighbor search,1,gold_all,none,0.4331464171409607
111,158,111,158,learning method,neural network,1,gold_all,none,0.5584826469421387
111,159,111,159,learning method,neural network learning,1,gold_all,none,0.6296433210372925
111,167,111,167,learning method,online learning,1,gold_all,none,0.6074386835098267
111,179,111,179,learning method,pedestrian detection,1,gold_all,none,0.1949111819267273
111,183,111,183,learning method,polynomial regression,1,gold_all,none,0.3520538806915283
111,202,111,202,learning method,regression model,1,gold_all,none,0.5723364353179932
111,205,111,205,learning method,regularized linear regression,1,gold_all,none,0.35820475220680237
111,206,111,206,learning method,regularized logistic regression,1,gold_all,none,0.33943501114845276
111,207,111,207,learning method,sentiment analysis,1,gold_all,none,0.28363174200057983
111,208,111,208,learning method,sentiment classifier,1,gold_all,none,0.386078417301178
111,217,111,217,learning method,stochastic gradient algorithm,1,gold_all,none,0.5667452812194824
111,219,111,219,learning method,supervised learning,1,gold_all,none,0.709358274936676
111,221,111,221,learning method,support vector machine,1,gold_all,none,0.616269588470459
111,222,111,222,learning method,svm optimization,1,gold_all,none,0.5352113842964172
111,236,111,236,learning method,unsupervised learning,1,gold_all,none,0.5085548162460327
111,241,111,241,learning method,weak classifier,1,gold_all,none,0.47010865807533264
112,114,112,114,learning problem,learning system,1,gold_all,none,0.6752749681472778
112,118,112,118,learning problem,linear classifier,1,gold_all,none,0.4863131642341614
112,121,112,121,learning problem,linear regression,1,gold_all,none,0.4482015371322632
112,127,112,127,learning problem,logistic regression,1,gold_all,none,0.4749806225299835
112,130,112,130,learning problem,machine learning,1,gold_all,none,0.6739914417266846
112,131,112,131,learning problem,machine learning algorithm,1,gold_all,none,0.6581383347511292
112,132,112,132,learning problem,machine learning application,1,gold_all,none,0.6052325963973999
112,133,112,133,learning problem,machine learning system,1,gold_all,none,0.6018208861351013
112,134,112,134,learning problem,massive training set,1,gold_all,none,0.47040802240371704
112,148,112,148,learning problem,mixture model,1,gold_all,none,0.35868239402770996
112,151,112,151,learning problem,model selection,1,gold_all,none,0.5536423921585083
112,152,112,152,learning problem,multi-class classification,1,gold_all,none,0.44419723749160767
112,155,112,155,learning problem,nearest neighbor search,1,gold_all,none,0.40464624762535095
112,158,112,158,learning problem,neural network,1,gold_all,none,0.500396192073822
112,162,112,162,learning problem,normal equation,1,gold_all,none,0.4330853223800659
112,167,112,167,learning problem,online learning,1,gold_all,none,0.4703957438468933
112,180,112,180,learning problem,photo ocr,1,gold_all,none,0.20882436633110046
112,195,112,195,learning problem,probabilistic model,1,gold_all,none,0.47413212060928345
112,199,112,199,learning problem,recommender system,1,gold_all,none,0.333443820476532
112,202,112,202,learning problem,regression model,1,gold_all,none,0.5600044131278992
112,203,112,203,learning problem,regression problem,1,gold_all,none,0.6900313496589661
112,210,112,210,learning problem,spam filtering,1,gold_all,none,0.4232507646083832
112,217,112,217,learning problem,stochastic gradient algorithm,1,gold_all,none,0.4508737325668335
112,219,112,219,learning problem,supervised learning,1,gold_all,none,0.6746779084205627
112,221,112,221,learning problem,support vector machine,1,gold_all,none,0.5476213693618774
112,222,112,222,learning problem,svm optimization,1,gold_all,none,0.5359468460083008
112,225,112,225,learning problem,test data,1,gold_all,none,0.5890665054321289
112,226,112,226,learning problem,test data set,1,gold_all,none,0.5779923796653748
112,228,112,228,learning problem,training data,1,gold_all,none,0.6927036046981812
112,229,112,229,learning problem,training data set,1,gold_all,none,0.6387163996696472
112,236,112,236,learning problem,unsupervised learning,1,gold_all,none,0.4799598455429077
112,238,112,238,learning problem,validation set,1,gold_all,none,0.5554421544075012
112,239,112,239,learning problem,variance problem,1,gold_all,none,0.5570446252822876
112,241,112,241,learning problem,weak classifier,1,gold_all,none,0.45315349102020264
130,113,130,113,machine learning,learning rate,1,gold_all,none,0.524003803730011
113,158,113,158,learning rate,neural network,1,gold_all,none,0.45409858226776123
113,167,113,167,learning rate,online learning,1,gold_all,none,0.5214829444885254
169,113,169,113,optimization algorithms,learning rate,1,gold_all,none,0.5209534764289856
113,217,113,217,learning rate,stochastic gradient algorithm,1,gold_all,none,0.5288281440734863
114,118,114,118,learning system,linear classifier,1,gold_all,none,0.5469094514846802
114,121,114,121,learning system,linear regression,1,gold_all,none,0.5452912449836731
114,127,114,127,learning system,logistic regression,1,gold_all,none,0.45016154646873474
130,114,130,114,machine learning,learning system,1,gold_all,none,0.741746187210083
132,114,132,114,machine learning application,learning system,1,gold_all,none,0.6542612314224243
114,133,114,133,learning system,machine learning system,1,gold_all,none,0.8013697266578674
114,152,114,152,learning system,multi-class classification,1,gold_all,none,0.41671523451805115
114,158,114,158,learning system,neural network,1,gold_all,none,0.6044696569442749
114,180,114,180,learning system,photo ocr,1,gold_all,none,0.2566775381565094
114,199,114,199,learning system,recommender system,1,gold_all,none,0.4450928568840027
114,210,114,210,learning system,spam filtering,1,gold_all,none,0.43584683537483215
114,223,114,223,learning system,svm packages,1,gold_all,none,0.4960528612136841
115,143,115,143,least squares,mean square error,1,gold_all,none,0.6522404551506042
165,115,165,115,matrix,least squares,1,gold_all,none,0.45065099000930786
115,214,115,214,least squares,squared error,1,gold_all,none,0.676200270652771
115,216,115,216,least squares,standard least squares,1,gold_all,none,0.9108565449714661
116,125,116,125,likelihood function,log likelihood,1,gold_all,none,0.8476691246032715
116,140,116,140,likelihood function,maximum likelihood,1,gold_all,none,0.8040949702262878
117,121,117,121,linear algebra,linear regression,1,gold_all,none,0.5492324829101562
117,127,117,127,linear algebra,logistic regression,1,gold_all,none,0.37104564905166626
117,136,117,136,linear algebra,matrix factorization,1,gold_all,none,0.5107889175415039
117,137,117,137,linear algebra,matrix multiplication,1,gold_all,none,0.6806659698486328
117,138,117,138,linear algebra,matrix transpose,1,gold_all,none,0.608627200126648
117,139,117,139,linear algebra,matrix vector multiplication,1,gold_all,none,0.6878440976142883
117,152,117,152,linear algebra,multi-class classification,1,gold_all,none,0.3382512331008911
117,162,117,162,linear algebra,normal equation,1,gold_all,none,0.5047200918197632
117,169,117,169,linear algebra,optimization algorithms,1,gold_all,none,0.40799498558044434
117,175,117,175,linear algebra,parameter estimation,1,gold_all,none,0.28435322642326355
117,177,117,177,linear algebra,partial derivative,1,gold_all,none,0.35729268193244934
117,178,117,178,linear algebra,pca algorithm,1,gold_all,none,0.5058692693710327
117,193,117,193,linear algebra,principle components,1,gold_all,none,0.4363905191421509
117,204,117,204,linear algebra,regularization,1,gold_all,none,0.4243752956390381
117,205,117,205,linear algebra,regularized linear regression,1,gold_all,none,0.41469642519950867
117,212,117,212,linear algebra,square matrix,1,gold_all,none,0.6252321004867554
117,213,117,213,linear algebra,square projection error,1,gold_all,none,0.4348711669445038
117,217,117,217,linear algebra,stochastic gradient algorithm,1,gold_all,none,0.3590877056121826
117,221,117,221,linear algebra,support vector machine,1,gold_all,none,0.45849543809890747
117,224,117,224,linear algebra,symmetric matrix,1,gold_all,none,0.5481882691383362
117,240,117,240,linear algebra,vector multiplication,1,gold_all,none,0.6529146432876587
118,119,118,119,linear classifier,linear kernel,1,gold_all,none,0.7344858050346375
120,118,120,118,linear model,linear classifier,1,gold_all,none,0.8227893710136414
118,127,118,127,linear classifier,logistic regression,1,gold_all,none,0.5678290128707886
130,118,130,118,machine learning,linear classifier,1,gold_all,none,0.5386189818382263
131,118,131,118,machine learning algorithm,linear classifier,1,gold_all,none,0.598801851272583
118,152,118,152,linear classifier,multi-class classification,1,gold_all,none,0.5550413727760315
157,118,157,118,negative example,linear classifier,1,gold_all,none,0.3793657422065735
118,158,118,158,linear classifier,neural network,1,gold_all,none,0.5503320693969727
185,118,185,118,positive class,linear classifier,1,gold_all,none,0.48905301094055176
186,118,186,118,positive data,linear classifier,1,gold_all,none,0.4357297420501709
187,118,187,118,positive predictions,linear classifier,1,gold_all,none,0.412309855222702
188,118,188,118,positive training example,linear classifier,1,gold_all,none,0.3664933443069458
118,206,118,206,linear classifier,regularized logistic regression,1,gold_all,none,0.46699729561805725
118,207,118,207,linear classifier,sentiment analysis,1,gold_all,none,0.3696618676185608
118,221,118,221,linear classifier,support vector machine,1,gold_all,none,0.6326940655708313
220,119,220,119,support vector,linear kernel,1,gold_all,none,0.6569231748580933
221,119,221,119,support vector machine,linear kernel,1,gold_all,none,0.6267789006233215
120,121,120,121,linear model,linear regression,1,gold_all,none,0.8109133243560791
120,127,120,127,linear model,logistic regression,1,gold_all,none,0.6269582509994507
130,120,130,120,machine learning,linear model,1,gold_all,none,0.56095290184021
128,121,128,121,loss function,linear regression,1,gold_all,none,0.5047016143798828
130,121,130,121,machine learning,linear regression,1,gold_all,none,0.5245688557624817
131,121,131,121,machine learning algorithm,linear regression,1,gold_all,none,0.5240837931632996
121,158,121,158,linear regression,neural network,1,gold_all,none,0.4322085976600647
121,159,121,159,linear regression,neural network learning,1,gold_all,none,0.5341945290565491
121,162,121,162,linear regression,normal equation,1,gold_all,none,0.6012266278266907
169,121,169,121,optimization algorithms,linear regression,1,gold_all,none,0.4103701114654541
171,121,171,121,optimization problem,linear regression,1,gold_all,none,0.4619765281677246
121,183,121,183,linear regression,polynomial regression,1,gold_all,none,0.6982806324958801
191,121,191,121,predicted value,linear regression,1,gold_all,none,0.6486001014709473
200,121,200,121,regression coefficients,linear regression,1,gold_all,none,0.7406996488571167
201,121,201,121,regression function,linear regression,1,gold_all,none,0.7565176486968994
202,121,202,121,regression model,linear regression,1,gold_all,none,0.7458081841468811
203,121,203,121,regression problem,linear regression,1,gold_all,none,0.6978833079338074
121,205,121,205,linear regression,regularized linear regression,1,gold_all,none,0.7020151615142822
219,121,219,121,supervised learning,linear regression,1,gold_all,none,0.6030470132827759
225,121,225,121,test data,linear regression,1,gold_all,none,0.43766987323760986
226,121,226,121,test data set,linear regression,1,gold_all,none,0.4674755930900574
228,121,228,121,training data,linear regression,1,gold_all,none,0.5084549188613892
229,121,229,121,training data set,linear regression,1,gold_all,none,0.47398117184638977
123,122,123,122,local optima,local minimum,1,gold_all,none,0.833187460899353
122,128,122,128,local minimum,loss function,1,gold_all,none,0.45010894536972046
122,159,122,159,local minimum,neural network learning,1,gold_all,none,0.537547767162323
122,169,122,169,local minimum,optimization algorithms,1,gold_all,none,0.49341660737991333
122,177,122,177,local minimum,partial derivative,1,gold_all,none,0.40993160009384155
122,204,122,204,local minimum,regularization,1,gold_all,none,0.5066835284233093
123,128,123,128,local optima,loss function,1,gold_all,none,0.5041208863258362
123,159,123,159,local optima,neural network learning,1,gold_all,none,0.5083813071250916
123,162,123,162,local optima,normal equation,1,gold_all,none,0.39583706855773926
123,169,123,169,local optima,optimization algorithms,1,gold_all,none,0.5411792993545532
123,170,123,170,local optima,optimization objective,1,gold_all,none,0.48441147804260254
123,177,123,177,local optima,partial derivative,1,gold_all,none,0.4533494710922241
123,204,123,204,local optima,regularization,1,gold_all,none,0.40656527876853943
123,221,123,221,local optima,support vector machine,1,gold_all,none,0.2417764961719513
123,222,123,222,local optima,svm optimization,1,gold_all,none,0.40624913573265076
125,140,125,140,log likelihood,maximum likelihood,1,gold_all,none,0.8480442762374878
125,141,125,141,log likelihood,maximum likelihood estimate,1,gold_all,none,0.7006689310073853
128,126,128,126,loss function,logistic function,1,gold_all,none,0.4939602315425873
126,158,126,158,logistic function,neural network,1,gold_all,none,0.4038425087928772
130,127,130,127,machine learning,logistic regression,1,gold_all,none,0.4892740249633789
131,127,131,127,machine learning algorithm,logistic regression,1,gold_all,none,0.4866793155670166
133,127,133,127,machine learning system,logistic regression,1,gold_all,none,0.43589073419570923
127,152,127,152,logistic regression,multi-class classification,1,gold_all,none,0.4886970520019531
157,127,157,127,negative example,logistic regression,1,gold_all,none,0.36964377760887146
127,158,127,158,logistic regression,neural network,1,gold_all,none,0.3798789083957672
127,159,127,159,logistic regression,neural network learning,1,gold_all,none,0.39481937885284424
165,127,165,127,matrix,logistic regression,1,gold_all,none,0.3043016195297241
169,127,169,127,optimization algorithms,logistic regression,1,gold_all,none,0.356635719537735
171,127,171,127,optimization problem,logistic regression,1,gold_all,none,0.41262659430503845
176,127,176,127,parameter vector,logistic regression,1,gold_all,none,0.4458632469177246
185,127,185,127,positive class,logistic regression,1,gold_all,none,0.5143311619758606
186,127,186,127,positive data,logistic regression,1,gold_all,none,0.44920140504837036
188,127,188,127,positive training example,logistic regression,1,gold_all,none,0.38629162311553955
191,127,191,127,predicted value,logistic regression,1,gold_all,none,0.5089954137802124
127,206,127,206,logistic regression,regularized logistic regression,1,gold_all,none,0.691057026386261
209,127,209,127,sigmoid function,logistic regression,1,gold_all,none,0.6078886985778809
219,127,219,127,supervised learning,logistic regression,1,gold_all,none,0.5250519514083862
127,221,127,221,logistic regression,support vector machine,1,gold_all,none,0.5502447485923767
225,127,225,127,test data,logistic regression,1,gold_all,none,0.36275142431259155
226,127,226,127,test data set,logistic regression,1,gold_all,none,0.40517234802246094
228,127,228,127,training data,logistic regression,1,gold_all,none,0.4646812081336975
229,127,229,127,training data set,logistic regression,1,gold_all,none,0.3991943299770355
130,128,130,128,machine learning,loss function,1,gold_all,none,0.5000476837158203
131,128,131,128,machine learning algorithm,loss function,1,gold_all,none,0.5864728689193726
150,128,150,128,model parameters,loss function,1,gold_all,none,0.5110794901847839
128,158,128,158,loss function,neural network,1,gold_all,none,0.5487658977508545
128,159,128,159,loss function,neural network learning,1,gold_all,none,0.5782626867294312
128,162,128,162,loss function,normal equation,1,gold_all,none,0.46259140968322754
170,128,170,128,optimization objective,loss function,1,gold_all,none,0.7355175614356995
171,128,171,128,optimization problem,loss function,1,gold_all,none,0.6056324243545532
176,128,176,128,parameter vector,loss function,1,gold_all,none,0.5754007697105408
128,205,128,205,loss function,regularized linear regression,1,gold_all,none,0.3965360224246979
128,206,128,206,loss function,regularized logistic regression,1,gold_all,none,0.37767690420150757
128,217,128,217,loss function,stochastic gradient algorithm,1,gold_all,none,0.5491851568222046
128,221,128,221,loss function,support vector machine,1,gold_all,none,0.4465903043746948
165,129,165,129,matrix,low rank matrix,1,gold_all,none,0.528628408908844
130,131,130,131,machine learning,machine learning algorithm,1,gold_all,none,0.760231077671051
130,132,130,132,machine learning,machine learning application,1,gold_all,none,0.7346517443656921
130,133,130,133,machine learning,machine learning system,1,gold_all,none,0.7692063450813293
130,148,130,148,machine learning,mixture model,1,gold_all,none,0.376628041267395
130,152,130,152,machine learning,multi-class classification,1,gold_all,none,0.4299050569534302
130,155,130,155,machine learning,nearest neighbor search,1,gold_all,none,0.39169204235076904
130,158,130,158,machine learning,neural network,1,gold_all,none,0.6285039186477661
130,162,130,162,machine learning,normal equation,1,gold_all,none,0.4631844162940979
130,166,130,166,machine learning,ocr problem,1,gold_all,none,0.369367778301239
130,167,130,167,machine learning,online learning,1,gold_all,none,0.5285865664482117
130,179,130,179,machine learning,pedestrian detection,1,gold_all,none,0.3777512311935425
130,180,130,180,machine learning,photo ocr,1,gold_all,none,0.3037153482437134
130,183,130,183,machine learning,polynomial regression,1,gold_all,none,0.3484894633293152
130,203,130,203,machine learning,regression problem,1,gold_all,none,0.575126051902771
130,205,130,205,machine learning,regularized linear regression,1,gold_all,none,0.47943973541259766
130,206,130,206,machine learning,regularized logistic regression,1,gold_all,none,0.4647582769393921
130,207,130,207,machine learning,sentiment analysis,1,gold_all,none,0.4015922248363495
130,208,130,208,machine learning,sentiment classifier,1,gold_all,none,0.5217689871788025
130,210,130,210,machine learning,spam filtering,1,gold_all,none,0.4354774057865143
130,219,130,219,machine learning,supervised learning,1,gold_all,none,0.7265708446502686
130,221,130,221,machine learning,support vector machine,1,gold_all,none,0.5500989556312561
130,222,130,222,machine learning,svm optimization,1,gold_all,none,0.494552880525589
130,223,130,223,machine learning,svm packages,1,gold_all,none,0.45002859830856323
130,225,130,225,machine learning,test data,1,gold_all,none,0.5987628698348999
130,226,130,226,machine learning,test data set,1,gold_all,none,0.5684137344360352
130,228,130,228,machine learning,training data,1,gold_all,none,0.6726860404014587
130,229,130,229,machine learning,training data set,1,gold_all,none,0.5812234878540039
130,232,130,232,machine learning,true negatives,1,gold_all,none,0.40409159660339355
130,233,130,233,machine learning,true positives,1,gold_all,none,0.3940443694591522
130,236,130,236,machine learning,unsupervised learning,1,gold_all,none,0.5657200813293457
130,238,130,238,machine learning,validation set,1,gold_all,none,0.5471997261047363
130,239,130,239,machine learning,variance problem,1,gold_all,none,0.48877009749412537
130,241,130,241,machine learning,weak classifier,1,gold_all,none,0.4349229633808136
130,242,130,242,machine learning,overfitting,1,gold_all,none,0.614764928817749
130,243,130,243,machine learning,underfitting,1,gold_all,none,0.5535708665847778
131,148,131,148,machine learning algorithm,mixture model,1,gold_all,none,0.31711843609809875
131,152,131,152,machine learning algorithm,multi-class classification,1,gold_all,none,0.4625624120235443
131,155,131,155,machine learning algorithm,nearest neighbor search,1,gold_all,none,0.39741724729537964
131,158,131,158,machine learning algorithm,neural network,1,gold_all,none,0.6262814998626709
169,131,169,131,optimization algorithms,machine learning algorithm,1,gold_all,none,0.7221379280090332
171,131,171,131,optimization problem,machine learning algorithm,1,gold_all,none,0.5969556570053101
131,202,131,202,machine learning algorithm,regression model,1,gold_all,none,0.625470757484436
131,205,131,205,machine learning algorithm,regularized linear regression,1,gold_all,none,0.41596901416778564
131,206,131,206,machine learning algorithm,regularized logistic regression,1,gold_all,none,0.4107203185558319
131,207,131,207,machine learning algorithm,sentiment analysis,1,gold_all,none,0.4028097987174988
131,208,131,208,machine learning algorithm,sentiment classifier,1,gold_all,none,0.4858952760696411
131,221,131,221,machine learning algorithm,support vector machine,1,gold_all,none,0.6828081607818604
133,132,133,132,machine learning system,machine learning application,1,gold_all,none,0.8286416530609131
132,166,132,166,machine learning application,ocr problem,1,gold_all,none,0.3195720314979553
132,180,132,180,machine learning application,photo ocr,1,gold_all,none,0.23847222328186035
132,199,132,199,machine learning application,recommender system,1,gold_all,none,0.4567416310310364
132,210,132,210,machine learning application,spam filtering,1,gold_all,none,0.4557639956474304
133,158,133,158,machine learning system,neural network,1,gold_all,none,0.5543239712715149
133,166,133,166,machine learning system,ocr problem,1,gold_all,none,0.3176495134830475
133,180,133,180,machine learning system,photo ocr,1,gold_all,none,0.2347586452960968
133,199,133,199,machine learning system,recommender system,1,gold_all,none,0.4654844403266907
133,210,133,210,machine learning system,spam filtering,1,gold_all,none,0.4442192316055298
133,221,133,221,machine learning system,support vector machine,1,gold_all,none,0.5115809440612793
133,222,133,222,machine learning system,svm optimization,1,gold_all,none,0.4514433741569519
133,223,133,223,machine learning system,svm packages,1,gold_all,none,0.5540479421615601
134,158,134,158,massive training set,neural network,1,gold_all,none,0.5177054405212402
219,134,219,134,supervised learning,massive training set,1,gold_all,none,0.5233289003372192
228,134,228,134,training data,massive training set,1,gold_all,none,0.636469304561615
229,134,229,134,training data set,massive training set,1,gold_all,none,0.6865845322608948
165,135,165,135,matrix,matrix addition,1,gold_all,none,0.6880102753639221
136,158,136,158,matrix factorization,neural network,1,gold_all,none,0.31751519441604614
165,136,165,136,matrix,matrix factorization,1,gold_all,none,0.5355459451675415
139,137,139,137,matrix vector multiplication,matrix multiplication,1,gold_all,none,0.9389963150024414
165,137,165,137,matrix,matrix multiplication,1,gold_all,none,0.7997522354125977
240,137,240,137,vector multiplication,matrix multiplication,1,gold_all,none,0.8287248611450195
165,138,165,138,matrix,matrix transpose,1,gold_all,none,0.7433953285217285
138,178,138,178,matrix transpose,pca algorithm,1,gold_all,none,0.48043331503868103
212,138,212,138,square matrix,matrix transpose,1,gold_all,none,0.6892263889312744
165,139,165,139,matrix,matrix vector multiplication,1,gold_all,none,0.7875790596008301
240,139,240,139,vector multiplication,matrix vector multiplication,1,gold_all,none,0.8744271397590637
140,141,140,141,maximum likelihood,maximum likelihood estimate,1,gold_all,none,0.7752280831336975
169,140,169,140,optimization algorithms,maximum likelihood,1,gold_all,none,0.4515312612056732
175,140,175,140,parameter estimation,maximum likelihood,1,gold_all,none,0.6181745529174805
176,140,176,140,parameter vector,maximum likelihood,1,gold_all,none,0.5246580839157104
195,140,195,140,probabilistic model,maximum likelihood,1,gold_all,none,0.5563099980354309
196,140,196,140,probability density,maximum likelihood,1,gold_all,none,0.6162973642349243
198,140,198,140,random variable,maximum likelihood,1,gold_all,none,0.47108888626098633
175,141,175,141,parameter estimation,maximum likelihood estimate,1,gold_all,none,0.7232838869094849
176,141,176,141,parameter vector,maximum likelihood estimate,1,gold_all,none,0.5637625455856323
195,141,195,141,probabilistic model,maximum likelihood estimate,1,gold_all,none,0.484966516494751
196,141,196,141,probability density,maximum likelihood estimate,1,gold_all,none,0.5211212038993835
198,141,198,141,random variable,maximum likelihood estimate,1,gold_all,none,0.48911482095718384
144,145,144,145,mini-batch gradient descent,mini-batch size,1,gold_all,none,0.8471489548683167
228,144,228,144,training data,mini-batch gradient descent,1,gold_all,none,0.3598848879337311
229,144,229,144,training data set,mini-batch gradient descent,1,gold_all,none,0.3961295187473297
146,158,146,158,minimization problem,neural network,1,gold_all,none,0.5371873378753662
168,146,168,146,optimal solution,minimization problem,1,gold_all,none,0.6699369549751282
171,146,171,146,optimization problem,minimization problem,1,gold_all,none,0.7749440670013428
146,204,146,204,minimization problem,regularization,1,gold_all,none,0.5782177448272705
146,221,146,221,minimization problem,support vector machine,1,gold_all,none,0.46800321340560913
147,204,147,204,misclassification error,regularization,1,gold_all,none,0.4939643144607544
147,242,147,242,misclassification error,overfitting,1,gold_all,none,0.5540726184844971
147,243,147,243,misclassification error,underfitting,1,gold_all,none,0.5538681745529175
150,148,150,148,model parameters,mixture model,1,gold_all,none,0.31750643253326416
194,148,194,148,prior probability,mixture model,1,gold_all,none,0.50786292552948
195,148,195,148,probabilistic model,mixture model,1,gold_all,none,0.6473259925842285
198,148,198,148,random variable,mixture model,1,gold_all,none,0.453091561794281
150,149,150,149,model parameters,model complexity,1,gold_all,none,0.6205204129219055
149,151,149,151,model complexity,model selection,1,gold_all,none,0.6529477834701538
150,151,150,151,model parameters,model selection,1,gold_all,none,0.6367492079734802
150,200,150,200,model parameters,regression coefficients,1,gold_all,none,0.6002411842346191
150,204,150,204,model parameters,regularization,1,gold_all,none,0.5986033082008362
150,234,150,234,model parameters,tuning parameter,1,gold_all,none,0.7985826730728149
150,242,150,242,model parameters,overfitting,1,gold_all,none,0.6102365851402283
176,151,176,151,parameter vector,model selection,1,gold_all,none,0.5158028602600098
225,151,225,151,test data,model selection,1,gold_all,none,0.6300119757652283
226,151,226,151,test data set,model selection,1,gold_all,none,0.570554792881012
227,151,227,151,test error,model selection,1,gold_all,none,0.4971592426300049
228,151,228,151,training data,model selection,1,gold_all,none,0.5909799337387085
229,151,229,151,training data set,model selection,1,gold_all,none,0.515194296836853
230,151,230,151,training error,model selection,1,gold_all,none,0.5091606378555298
234,151,234,151,tuning parameter,model selection,1,gold_all,none,0.6222798824310303
237,151,237,151,validation error,model selection,1,gold_all,none,0.6516146063804626
238,151,238,151,validation set,model selection,1,gold_all,none,0.6865702867507935
239,151,239,151,variance problem,model selection,1,gold_all,none,0.5053794384002686
242,151,242,151,overfitting,model selection,1,gold_all,none,0.6957155466079712
243,151,243,151,underfitting,model selection,1,gold_all,none,0.5741624236106873
157,152,157,152,negative example,multi-class classification,1,gold_all,none,0.4238111972808838
152,158,152,158,multi-class classification,neural network,1,gold_all,none,0.47770002484321594
152,159,152,159,multi-class classification,neural network learning,1,gold_all,none,0.3727037310600281
185,152,185,152,positive class,multi-class classification,1,gold_all,none,0.542156457901001
186,152,186,152,positive data,multi-class classification,1,gold_all,none,0.4223862886428833
228,152,228,152,training data,multi-class classification,1,gold_all,none,0.46310609579086304
229,152,229,152,training data set,multi-class classification,1,gold_all,none,0.41238391399383545
153,154,153,154,multivariate gaussian distribution,multivariate gaussian model,1,gold_all,none,0.8887190222740173
196,153,196,153,probability density,multivariate gaussian distribution,1,gold_all,none,0.6431607007980347
165,154,165,154,matrix,multivariate gaussian model,1,gold_all,none,0.373202919960022
175,154,175,154,parameter estimation,multivariate gaussian model,1,gold_all,none,0.4723377227783203
196,154,196,154,probability density,multivariate gaussian model,1,gold_all,none,0.604341983795166
224,154,224,154,symmetric matrix,multivariate gaussian model,1,gold_all,none,0.4355282485485077
156,155,156,155,nearest neighbors,nearest neighbor search,1,gold_all,none,0.8820011019706726
236,155,236,155,unsupervised learning,nearest neighbor search,1,gold_all,none,0.43902236223220825
157,158,157,158,negative example,neural network,1,gold_all,none,0.37225842475891113
190,157,190,157,predicted class,negative example,1,gold_all,none,0.46432697772979736
157,205,157,205,negative example,regularized linear regression,1,gold_all,none,0.29225093126296997
157,206,157,206,negative example,regularized logistic regression,1,gold_all,none,0.30764055252075195
157,219,157,219,negative example,supervised learning,1,gold_all,none,0.41123539209365845
157,221,157,221,negative example,support vector machine,1,gold_all,none,0.3823254704475403
157,230,157,230,negative example,training error,1,gold_all,none,0.5030335187911987
158,159,158,159,neural network,neural network learning,1,gold_all,none,0.7607373595237732
161,158,161,158,nonlinear hypotheses,neural network,1,gold_all,none,0.5059624314308167
165,158,165,158,matrix,neural network,1,gold_all,none,0.5525329113006592
168,158,168,158,optimal solution,neural network,1,gold_all,none,0.4300503730773926
169,158,169,158,optimization algorithms,neural network,1,gold_all,none,0.544965922832489
170,158,170,158,optimization objective,neural network,1,gold_all,none,0.37550845742225647
171,158,171,158,optimization problem,neural network,1,gold_all,none,0.4317227005958557
158,173,158,173,neural network,output layer,1,gold_all,none,0.7114815711975098
158,174,158,174,neural network,output unit,1,gold_all,none,0.6271812319755554
176,158,176,158,parameter vector,neural network,1,gold_all,none,0.5530382394790649
177,158,177,158,partial derivative,neural network,1,gold_all,none,0.49800002574920654
185,158,185,158,positive class,neural network,1,gold_all,none,0.28945213556289673
186,158,186,158,positive data,neural network,1,gold_all,none,0.3464930057525635
204,158,204,158,regularization,neural network,1,gold_all,none,0.4159107208251953
209,158,209,158,sigmoid function,neural network,1,gold_all,none,0.5000100135803223
217,158,217,158,stochastic gradient algorithm,neural network,1,gold_all,none,0.5408740043640137
219,158,219,158,supervised learning,neural network,1,gold_all,none,0.5362627506256104
225,158,225,158,test data,neural network,1,gold_all,none,0.45674097537994385
226,158,226,158,test data set,neural network,1,gold_all,none,0.43080031871795654
228,158,228,158,training data,neural network,1,gold_all,none,0.5453985929489136
229,158,229,158,training data set,neural network,1,gold_all,none,0.5331915616989136
165,159,165,159,matrix,neural network learning,1,gold_all,none,0.3890015482902527
169,159,169,159,optimization algorithms,neural network learning,1,gold_all,none,0.5941829085350037
177,159,177,159,partial derivative,neural network learning,1,gold_all,none,0.46159934997558594
228,159,228,159,training data,neural network learning,1,gold_all,none,0.5837681889533997
229,159,229,159,training data set,neural network learning,1,gold_all,none,0.5471413731575012
228,160,228,160,training data,non-anomalous examples,1,gold_all,none,0.4858902096748352
165,162,165,162,matrix,normal equation,1,gold_all,none,0.46812835335731506
168,162,168,162,optimal solution,normal equation,1,gold_all,none,0.495121031999588
170,162,170,162,optimization objective,normal equation,1,gold_all,none,0.49011895060539246
176,162,176,162,parameter vector,normal equation,1,gold_all,none,0.5080705881118774
177,162,177,162,partial derivative,normal equation,1,gold_all,none,0.3254382014274597
202,162,202,162,regression model,normal equation,1,gold_all,none,0.547088623046875
203,162,203,162,regression problem,normal equation,1,gold_all,none,0.5294976234436035
228,162,228,162,training data,normal equation,1,gold_all,none,0.43269336223602295
229,162,229,162,training data set,normal equation,1,gold_all,none,0.3567114472389221
165,169,165,169,matrix,optimization algorithms,1,gold_all,none,0.40930140018463135
165,175,165,175,matrix,parameter estimation,1,gold_all,none,0.3186686038970947
165,177,165,177,matrix,partial derivative,1,gold_all,none,0.46222931146621704
165,178,165,178,matrix,pca algorithm,1,gold_all,none,0.46625033020973206
165,183,165,183,matrix,polynomial regression,1,gold_all,none,0.2829495966434479
165,204,165,204,matrix,regularization,1,gold_all,none,0.34275054931640625
165,205,165,205,matrix,regularized linear regression,1,gold_all,none,0.32147860527038574
165,212,165,212,matrix,square matrix,1,gold_all,none,0.7356441617012024
165,213,165,213,matrix,square projection error,1,gold_all,none,0.44691747426986694
165,215,165,215,matrix,standard deviation,1,gold_all,none,0.36022529006004333
165,217,165,217,matrix,stochastic gradient algorithm,1,gold_all,none,0.37803035974502563
165,221,165,221,matrix,support vector machine,1,gold_all,none,0.44484853744506836
165,222,165,222,matrix,svm optimization,1,gold_all,none,0.35938480496406555
165,223,165,223,matrix,svm packages,1,gold_all,none,0.3459356129169464
165,224,165,224,matrix,symmetric matrix,1,gold_all,none,0.6398391723632812
166,180,166,180,ocr problem,photo ocr,1,gold_all,none,0.8813914656639099
225,167,225,167,test data,online learning,1,gold_all,none,0.4046356678009033
226,167,226,167,test data set,online learning,1,gold_all,none,0.3646630644798279
228,167,228,167,training data,online learning,1,gold_all,none,0.506818950176239
229,167,229,167,training data set,online learning,1,gold_all,none,0.4699332118034363
169,168,169,168,optimization algorithms,optimal solution,1,gold_all,none,0.6677083969116211
170,168,170,168,optimization objective,optimal solution,1,gold_all,none,0.7087104916572571
171,168,171,168,optimization problem,optimal solution,1,gold_all,none,0.7339667677879333
176,168,176,168,parameter vector,optimal solution,1,gold_all,none,0.5925887823104858
168,204,168,204,optimal solution,regularization,1,gold_all,none,0.49199387431144714
168,217,168,217,optimal solution,stochastic gradient algorithm,1,gold_all,none,0.4615940749645233
168,221,168,221,optimal solution,support vector machine,1,gold_all,none,0.43187206983566284
171,169,171,169,optimization problem,optimization algorithms,1,gold_all,none,0.7308970093727112
176,169,176,169,parameter vector,optimization algorithms,1,gold_all,none,0.5207189321517944
177,169,177,169,partial derivative,optimization algorithms,1,gold_all,none,0.4400148391723633
169,183,169,183,optimization algorithms,polynomial regression,1,gold_all,none,0.2961012125015259
169,205,169,205,optimization algorithms,regularized linear regression,1,gold_all,none,0.38185834884643555
169,206,169,206,optimization algorithms,regularized logistic regression,1,gold_all,none,0.344388484954834
169,217,169,217,optimization algorithms,stochastic gradient algorithm,1,gold_all,none,0.7225027084350586
169,221,169,221,optimization algorithms,support vector machine,1,gold_all,none,0.48802101612091064
171,170,171,170,optimization problem,optimization objective,1,gold_all,none,0.7825403809547424
176,170,176,170,parameter vector,optimization objective,1,gold_all,none,0.4947766065597534
177,170,177,170,partial derivative,optimization objective,1,gold_all,none,0.3889392018318176
170,183,170,183,optimization objective,polynomial regression,1,gold_all,none,0.35017040371894836
170,204,170,204,optimization objective,regularization,1,gold_all,none,0.5375068783760071
170,205,170,205,optimization objective,regularized linear regression,1,gold_all,none,0.45926690101623535
170,217,170,217,optimization objective,stochastic gradient algorithm,1,gold_all,none,0.45106446743011475
170,221,170,221,optimization objective,support vector machine,1,gold_all,none,0.41533344984054565
170,234,170,234,optimization objective,tuning parameter,1,gold_all,none,0.5295106172561646
177,171,177,171,partial derivative,optimization problem,1,gold_all,none,0.3296750485897064
171,204,171,204,optimization problem,regularization,1,gold_all,none,0.5330541133880615
171,205,171,205,optimization problem,regularized linear regression,1,gold_all,none,0.45681196451187134
171,221,171,221,optimization problem,support vector machine,1,gold_all,none,0.4535316824913025
171,222,171,222,optimization problem,svm optimization,1,gold_all,none,0.6676808595657349
174,173,174,173,output unit,output layer,1,gold_all,none,0.7683264017105103
176,173,176,173,parameter vector,output layer,1,gold_all,none,0.506330132484436
176,174,176,174,parameter vector,output unit,1,gold_all,none,0.5191125869750977
176,183,176,183,parameter vector,polynomial regression,1,gold_all,none,0.37257054448127747
176,204,176,204,parameter vector,regularization,1,gold_all,none,0.5167867541313171
176,205,176,205,parameter vector,regularized linear regression,1,gold_all,none,0.45576924085617065
176,206,176,206,parameter vector,regularized logistic regression,1,gold_all,none,0.40387484431266785
176,222,176,222,parameter vector,svm optimization,1,gold_all,none,0.5304148197174072
176,223,176,223,parameter vector,svm packages,1,gold_all,none,0.47757577896118164
177,205,177,205,partial derivative,regularized linear regression,1,gold_all,none,0.31751418113708496
177,206,177,206,partial derivative,regularized logistic regression,1,gold_all,none,0.2750890851020813
177,217,177,217,partial derivative,stochastic gradient algorithm,1,gold_all,none,0.471571147441864
193,178,193,178,principle components,pca algorithm,1,gold_all,none,0.78438800573349
213,178,213,178,square projection error,pca algorithm,1,gold_all,none,0.5825111269950867
219,179,219,179,supervised learning,pedestrian detection,1,gold_all,none,0.28721296787261963
226,179,226,179,test data set,pedestrian detection,1,gold_all,none,0.2096123993396759
228,179,228,179,training data,pedestrian detection,1,gold_all,none,0.270324170589447
229,179,229,179,training data set,pedestrian detection,1,gold_all,none,0.20087742805480957
181,183,181,183,polynomial features,polynomial regression,1,gold_all,none,0.784528374671936
184,181,184,181,polynomial terms,polynomial features,1,gold_all,none,0.8731138110160828
220,182,220,182,support vector,polynomial kernel,1,gold_all,none,0.5696582794189453
221,182,221,182,support vector machine,polynomial kernel,1,gold_all,none,0.552325963973999
223,182,223,182,svm packages,polynomial kernel,1,gold_all,none,0.3945653438568115
184,183,184,183,polynomial terms,polynomial regression,1,gold_all,none,0.7932552099227905
201,183,201,183,regression function,polynomial regression,1,gold_all,none,0.6384309530258179
202,183,202,183,regression model,polynomial regression,1,gold_all,none,0.6137670874595642
203,183,203,183,regression problem,polynomial regression,1,gold_all,none,0.5729638934135437
225,183,225,183,test data,polynomial regression,1,gold_all,none,0.2667505145072937
226,183,226,183,test data set,polynomial regression,1,gold_all,none,0.31568244099617004
228,183,228,183,training data,polynomial regression,1,gold_all,none,0.3270179033279419
229,183,229,183,training data set,polynomial regression,1,gold_all,none,0.2994973957538605
184,204,184,204,polynomial terms,regularization,1,gold_all,none,0.4743102788925171
184,205,184,205,polynomial terms,regularized linear regression,1,gold_all,none,0.4803813695907593
184,206,184,206,polynomial terms,regularized logistic regression,1,gold_all,none,0.39524272084236145
184,214,184,214,polynomial terms,squared error,1,gold_all,none,0.4507998824119568
184,221,184,221,polynomial terms,support vector machine,1,gold_all,none,0.3652132451534271
186,185,186,185,positive data,positive class,1,gold_all,none,0.8466654419898987
185,189,185,189,positive class,precision recall curve,1,gold_all,none,0.5435186624526978
185,221,185,221,positive class,support vector machine,1,gold_all,none,0.4307788014411926
185,222,185,222,positive class,svm optimization,1,gold_all,none,0.46361178159713745
185,232,185,232,positive class,true negatives,1,gold_all,none,0.7328554391860962
185,233,185,233,positive class,true positives,1,gold_all,none,0.7385684251785278
186,188,186,188,positive data,positive training example,1,gold_all,none,0.8291493058204651
186,189,186,189,positive data,precision recall curve,1,gold_all,none,0.5406051278114319
186,206,186,206,positive data,regularized logistic regression,1,gold_all,none,0.36454445123672485
186,220,186,220,positive data,support vector,1,gold_all,none,0.4854804575443268
186,221,186,221,positive data,support vector machine,1,gold_all,none,0.425453245639801
186,233,186,233,positive data,true positives,1,gold_all,none,0.669288158416748
228,188,228,188,training data,positive training example,1,gold_all,none,0.6303362846374512
229,188,229,188,training data set,positive training example,1,gold_all,none,0.5456473231315613
225,189,225,189,test data,precision recall curve,1,gold_all,none,0.46252375841140747
226,190,226,190,test data set,predicted class,1,gold_all,none,0.5281252264976501
190,233,190,233,predicted class,true positives,1,gold_all,none,0.5451160073280334
191,202,191,202,predicted value,regression model,1,gold_all,none,0.7504173517227173
225,191,225,191,test data,predicted value,1,gold_all,none,0.5233796834945679
226,191,226,191,test data set,predicted value,1,gold_all,none,0.49031245708465576
225,192,225,192,test data,prediction error,1,gold_all,none,0.6169854998588562
226,192,226,192,test data set,prediction error,1,gold_all,none,0.5803159475326538
192,227,192,227,prediction error,test error,1,gold_all,none,0.7767908573150635
192,230,192,230,prediction error,training error,1,gold_all,none,0.8312743902206421
192,237,192,237,prediction error,validation error,1,gold_all,none,0.8429559469223022
213,193,213,193,square projection error,principle components,1,gold_all,none,0.6001969575881958
198,194,198,194,random variable,prior probability,1,gold_all,none,0.58753502368927
198,195,198,195,random variable,probabilistic model,1,gold_all,none,0.6380974054336548
215,195,215,195,standard deviation,probabilistic model,1,gold_all,none,0.36918342113494873
198,196,198,196,random variable,probability density,1,gold_all,none,0.5802642107009888
197,198,197,198,random numbers,random variable,1,gold_all,none,0.6947570443153381
197,215,197,215,random numbers,standard deviation,1,gold_all,none,0.47219911217689514
198,215,198,215,random variable,standard deviation,1,gold_all,none,0.5469911694526672
202,200,202,200,regression model,regression coefficients,1,gold_all,none,0.6932649612426758
201,202,201,202,regression function,regression model,1,gold_all,none,0.832392156124115
202,205,202,205,regression model,regularized linear regression,1,gold_all,none,0.5423378944396973
219,202,219,202,supervised learning,regression model,1,gold_all,none,0.5868475437164307
228,202,228,202,training data,regression model,1,gold_all,none,0.6414099335670471
229,202,229,202,training data set,regression model,1,gold_all,none,0.5638831853866577
219,203,219,203,supervised learning,regression problem,1,gold_all,none,0.5913177132606506
228,203,228,203,training data,regression problem,1,gold_all,none,0.5699292421340942
229,203,229,203,training data set,regression problem,1,gold_all,none,0.4978026747703552
204,205,204,205,regularization,regularized linear regression,1,gold_all,none,0.8800753355026245
204,206,204,206,regularization,regularized logistic regression,1,gold_all,none,0.8080837726593018
219,204,219,204,supervised learning,regularization,1,gold_all,none,0.5814547538757324
239,204,239,204,variance problem,regularization,1,gold_all,none,0.5055611729621887
242,204,242,204,overfitting,regularization,1,gold_all,none,0.7224961519241333
243,204,243,204,underfitting,regularization,1,gold_all,none,0.6638703346252441
226,205,226,205,test data set,regularized linear regression,1,gold_all,none,0.40636736154556274
228,205,228,205,training data,regularized linear regression,1,gold_all,none,0.45196688175201416
229,205,229,205,training data set,regularized linear regression,1,gold_all,none,0.38498425483703613
209,206,209,206,sigmoid function,regularized logistic regression,1,gold_all,none,0.5185030698776245
225,206,225,206,test data,regularized logistic regression,1,gold_all,none,0.3702726662158966
228,206,228,206,training data,regularized logistic regression,1,gold_all,none,0.42460107803344727
229,206,229,206,training data set,regularized logistic regression,1,gold_all,none,0.3468090891838074
207,208,207,208,sentiment analysis,sentiment classifier,1,gold_all,none,0.793887197971344
225,207,225,207,test data,sentiment analysis,1,gold_all,none,0.24839317798614502
226,207,226,207,test data set,sentiment analysis,1,gold_all,none,0.23483729362487793
228,207,228,207,training data,sentiment analysis,1,gold_all,none,0.31026002764701843
229,207,229,207,training data set,sentiment analysis,1,gold_all,none,0.24807685613632202
225,208,225,208,test data,sentiment classifier,1,gold_all,none,0.4097251892089844
228,208,228,208,training data,sentiment classifier,1,gold_all,none,0.4756978154182434
212,211,212,211,square matrix,square distances,1,gold_all,none,0.5234886407852173
211,213,211,213,square distances,square projection error,1,gold_all,none,0.5887409448623657
212,213,212,213,square matrix,square projection error,1,gold_all,none,0.5858396887779236
214,216,214,216,squared error,standard least squares,1,gold_all,none,0.6111356019973755
220,218,220,218,support vector,string kernel,1,gold_all,none,0.4568631947040558
221,218,221,218,support vector machine,string kernel,1,gold_all,none,0.5042473077774048
219,221,219,221,supervised learning,support vector machine,1,gold_all,none,0.6250252723693848
225,219,225,219,test data,supervised learning,1,gold_all,none,0.5765107870101929
226,219,226,219,test data set,supervised learning,1,gold_all,none,0.5667580366134644
228,219,228,219,training data,supervised learning,1,gold_all,none,0.7317918539047241
229,219,229,219,training data set,supervised learning,1,gold_all,none,0.6262703537940979
219,239,219,239,supervised learning,variance problem,1,gold_all,none,0.4290032982826233
219,242,219,242,supervised learning,overfitting,1,gold_all,none,0.6028468608856201
220,221,220,221,support vector,support vector machine,1,gold_all,none,0.8173168301582336
220,222,220,222,support vector,svm optimization,1,gold_all,none,0.7457113265991211
220,223,220,223,support vector,svm packages,1,gold_all,none,0.5997198820114136
221,222,221,222,support vector machine,svm optimization,1,gold_all,none,0.7414025664329529
221,223,221,223,support vector machine,svm packages,1,gold_all,none,0.6910821199417114
225,221,225,221,test data,support vector machine,1,gold_all,none,0.4636802077293396
226,221,226,221,test data set,support vector machine,1,gold_all,none,0.408669650554657
228,221,228,221,training data,support vector machine,1,gold_all,none,0.5533740520477295
229,221,229,221,training data set,support vector machine,1,gold_all,none,0.4535136818885803
225,226,225,226,test data,test data set,1,gold_all,none,0.876198410987854
225,227,225,227,test data,test error,1,gold_all,none,0.7440799474716187
225,232,225,232,test data,true negatives,1,gold_all,none,0.4896170496940613
225,233,225,233,test data,true positives,1,gold_all,none,0.49311667680740356
225,237,225,237,test data,validation error,1,gold_all,none,0.7242116332054138
225,238,225,238,test data,validation set,1,gold_all,none,0.7699639201164246
225,242,225,242,test data,overfitting,1,gold_all,none,0.6208590269088745
225,243,225,243,test data,underfitting,1,gold_all,none,0.5514105558395386
226,227,226,227,test data set,test error,1,gold_all,none,0.7760311365127563
226,232,226,232,test data set,true negatives,1,gold_all,none,0.4573175609111786
226,233,226,233,test data set,true positives,1,gold_all,none,0.43150296807289124
226,237,226,237,test data set,validation error,1,gold_all,none,0.6544497013092041
226,238,226,238,test data set,validation set,1,gold_all,none,0.8347868919372559
226,239,226,239,test data set,variance problem,1,gold_all,none,0.43897339701652527
226,242,226,242,test data set,overfitting,1,gold_all,none,0.5501146912574768
226,243,226,243,test data set,underfitting,1,gold_all,none,0.5319706201553345
227,237,227,237,test error,validation error,1,gold_all,none,0.7637773752212524
227,239,227,239,test error,variance problem,1,gold_all,none,0.49412697553634644
227,242,227,242,test error,overfitting,1,gold_all,none,0.584092378616333
227,243,227,243,test error,underfitting,1,gold_all,none,0.5788732767105103
228,229,228,229,training data,training data set,1,gold_all,none,0.8448015451431274
228,230,228,230,training data,training error,1,gold_all,none,0.7299667596817017
228,232,228,232,training data,true negatives,1,gold_all,none,0.4670945405960083
228,233,228,233,training data,true positives,1,gold_all,none,0.4447278380393982
228,237,228,237,training data,validation error,1,gold_all,none,0.6449300050735474
228,238,228,238,training data,validation set,1,gold_all,none,0.7146280407905579
228,239,228,239,training data,variance problem,1,gold_all,none,0.5242663025856018
228,242,228,242,training data,overfitting,1,gold_all,none,0.6385585069656372
228,243,228,243,training data,underfitting,1,gold_all,none,0.608757734298706
229,230,229,230,training data set,training error,1,gold_all,none,0.7238433361053467
229,232,229,232,training data set,true negatives,1,gold_all,none,0.3641125559806824
229,233,229,233,training data set,true positives,1,gold_all,none,0.3159397840499878
229,237,229,237,training data set,validation error,1,gold_all,none,0.5617687702178955
229,238,229,238,training data set,validation set,1,gold_all,none,0.7888005971908569
229,239,229,239,training data set,variance problem,1,gold_all,none,0.4418725371360779
229,242,229,242,training data set,overfitting,1,gold_all,none,0.5461381673812866
229,243,229,243,training data set,underfitting,1,gold_all,none,0.5346568822860718
230,237,230,237,training error,validation error,1,gold_all,none,0.8202683925628662
230,239,230,239,training error,variance problem,1,gold_all,none,0.600579023361206
230,242,230,242,training error,overfitting,1,gold_all,none,0.6457308530807495
230,243,230,243,training error,underfitting,1,gold_all,none,0.6000583171844482
238,237,238,237,validation set,validation error,1,gold_all,none,0.7645957469940186
242,237,242,237,overfitting,validation error,1,gold_all,none,0.7089694738388062
243,237,243,237,underfitting,validation error,1,gold_all,none,0.6138119697570801
