source_id,target_id,source_index,target_index,source,target,label,split,negative_type,similarity
45,92,45,92,deep features,image retrieval,0,train,label_file_random,0.401943176984787
24,167,24,167,clustering algorithm,online learning,0,train,label_file_random,0.3558209240436554
26,41,26,41,features,data set,0,train,label_file_random,0.5727939605712891
130,192,130,192,machine learning,prediction error,0,train,label_file_random,0.5867969393730164
4,53,4,53,anomalous example,error analysis,0,train,label_file_random,0.3845919966697693
12,140,12,140,bias variance trade-off,maximum likelihood,0,train,label_file_random,0.5230387449264526
32,132,32,132,conjugate gradient,machine learning application,0,train,label_file_random,0.305047869682312
23,221,23,221,cluster,support vector machine,0,train,label_file_random,0.46302855014801025
41,196,41,196,data set,probability density,0,train,label_file_random,0.38457292318344116
24,148,24,148,clustering algorithm,mixture model,0,train,label_file_random,0.4543963074684143
70,111,70,111,gaussian kernel,learning method,0,train,label_file_random,0.4374251067638397
224,228,224,228,symmetric matrix,training data,0,train,label_file_random,0.3875507712364197
121,170,121,170,linear regression,optimization objective,0,train,label_file_random,0.497622013092041
14,230,14,230,binary classification,training error,0,train,label_file_random,0.43607640266418457
107,128,107,128,large margin classifier,loss function,0,train,label_file_random,0.37607643008232117
26,209,26,209,features,sigmoid function,0,train,label_file_random,0.35549813508987427
67,228,67,228,feature vector,training data,0,train,label_file_random,0.499652624130249
184,229,184,229,polynomial terms,training data set,0,train,label_file_random,0.3069879412651062
115,201,115,201,least squares,regression function,0,train,label_file_random,0.6443053483963013
208,220,208,220,sentiment classifier,support vector,0,train,label_file_random,0.5156412124633789
11,127,11,127,bias unit,logistic regression,0,train,label_file_random,0.3076675236225128
184,240,184,240,polynomial terms,vector multiplication,0,train,label_file_random,0.4141327738761902
77,152,77,152,global optimum,multi-class classification,0,train,label_file_random,0.2555429935455322
32,191,32,191,conjugate gradient,predicted value,0,train,label_file_random,0.3425842523574829
56,232,56,232,evaluation metrics,true negatives,0,train,label_file_random,0.5549666881561279
207,230,207,230,sentiment analysis,training error,0,train,label_file_random,0.2439028024673462
87,239,87,239,precision,variance problem,0,train,label_file_random,0.41303157806396484
105,183,105,183,l1 penalty,polynomial regression,0,train,label_file_random,0.40526753664016724
13,109,13,109,big data sets,latent dirichlet allocation,0,train,label_file_random,0.22439095377922058
171,220,171,220,optimization problem,support vector,0,train,label_file_random,0.49384427070617676
26,239,26,239,features,variance problem,0,train,label_file_random,0.4422455132007599
48,64,48,64,derivative term,feature scaling,0,train,label_file_random,0.34148019552230835
88,204,88,204,recall,regularization,0,train,label_file_random,0.48426517844200134
26,200,26,200,features,regression coefficients,0,train,label_file_random,0.5966088771820068
25,109,25,109,collaborative filtering,latent dirichlet allocation,0,train,label_file_random,0.41485050320625305
69,100,69,100,gaussian density,k means,0,train,label_file_random,0.3884836435317993
90,130,90,130,identity matrics,machine learning,0,train,label_file_random,0.36908504366874695
45,228,45,228,deep features,training data,0,train,label_file_random,0.48087331652641296
116,177,116,177,likelihood function,partial derivative,0,train,label_file_random,0.34758833050727844
57,221,57,221,expectation maximization,support vector machine,0,train,label_file_random,0.3506060838699341
112,242,112,242,learning problem,overfitting,0,train,label_file_random,0.5583629608154297
120,156,120,156,linear model,nearest neighbors,0,train,label_file_random,0.44115686416625977
77,95,77,95,global optimum,input layer,0,train,label_file_random,0.38013380765914917
140,229,140,229,maximum likelihood,training data set,0,train,label_file_random,0.4515876770019531
21,53,21,53,classification problem,error analysis,0,train,label_file_random,0.5538579821586609
5,233,5,233,anomaly detection,true positives,0,train,label_file_random,0.44567957520484924
111,119,111,119,learning method,linear kernel,0,train,label_file_random,0.4531845152378082
12,202,12,202,bias variance trade-off,regression model,0,train,label_file_random,0.5174157619476318
177,216,177,216,partial derivative,standard least squares,0,train,label_file_random,0.31159111857414246
26,97,26,97,features,input units,0,train,label_file_random,0.48304152488708496
97,177,97,177,input units,partial derivative,0,train,label_file_random,0.4213164448738098
110,113,110,113,learning curve,learning rate,0,train,label_file_random,0.6569231748580933
11,186,11,186,bias unit,positive data,0,train,label_file_random,0.372435063123703
67,131,67,131,feature vector,machine learning algorithm,0,train,label_file_random,0.49233922362327576
140,230,140,230,maximum likelihood,training error,0,train,label_file_random,0.46857932209968567
42,84,42,84,decision boundaries,hidden unit,0,train,label_file_random,0.32102304697036743
23,26,23,26,cluster,features,0,train,label_file_random,0.5739307403564453
146,236,146,236,minimization problem,unsupervised learning,0,train,label_file_random,0.43094587326049805
46,185,46,185,deep learning,positive class,0,train,label_file_random,0.3044869303703308
26,175,26,175,features,parameter estimation,0,train,label_file_random,0.42879819869995117
71,117,71,117,gaussian model,linear algebra,0,train,label_file_random,0.3431757092475891
170,199,170,199,optimization objective,recommender system,0,train,label_file_random,0.23562555015087128
188,226,188,226,positive training example,test data set,0,train,label_file_random,0.5167509317398071
106,198,106,198,labeled data,random variable,0,train,label_file_random,0.5627036094665527
131,140,131,140,machine learning algorithm,maximum likelihood,0,train,label_file_random,0.44626307487487793
89,170,89,170,hypothesis,optimization objective,0,train,label_file_random,0.5226033329963684
88,131,88,131,recall,machine learning algorithm,0,train,label_file_random,0.41311824321746826
88,133,88,133,recall,machine learning system,0,train,label_file_random,0.518596887588501
96,214,96,214,input space,squared error,0,train,label_file_random,0.46281978487968445
41,71,41,71,data set,gaussian model,0,train,label_file_random,0.3611888885498047
186,228,186,228,positive data,training data,0,train,label_file_random,0.5793001651763916
140,165,140,165,maximum likelihood,matrix,0,train,label_file_random,0.3166806101799011
118,209,118,209,linear classifier,sigmoid function,0,train,label_file_random,0.4125552177429199
94,176,94,176,input data,parameter vector,0,train,label_file_random,0.5659711956977844
109,202,109,202,latent dirichlet allocation,regression model,0,train,label_file_random,0.22523781657218933
26,213,26,213,features,square projection error,0,train,label_file_random,0.5026869773864746
79,125,79,125,gradient ascent,log likelihood,0,train,label_file_random,0.5314508676528931
127,162,127,162,logistic regression,normal equation,0,train,label_file_random,0.370834618806839
34,171,34,171,convex function,optimization problem,0,train,label_file_random,0.5042550563812256
89,114,89,114,hypothesis,learning system,0,train,label_file_random,0.5716668367385864
43,128,43,128,decision stamp,loss function,0,train,label_file_random,0.28574883937835693
41,217,41,217,data set,stochastic gradient algorithm,0,train,label_file_random,0.33607780933380127
7,26,7,26,batch gradient descent,features,0,train,label_file_random,0.389825701713562
174,186,174,186,output unit,positive data,0,train,label_file_random,0.34835031628608704
157,236,157,236,negative example,unsupervised learning,0,train,label_file_random,0.34606555104255676
41,113,41,113,data set,learning rate,0,train,label_file_random,0.33524489402770996
106,148,106,148,labeled data,mixture model,0,train,label_file_random,0.39449742436408997
156,195,156,195,nearest neighbors,probabilistic model,0,train,label_file_random,0.31484362483024597
5,232,5,232,anomaly detection,true negatives,0,train,label_file_random,0.5030696988105774
111,212,111,212,learning method,square matrix,0,train,label_file_random,0.34788450598716736
109,236,109,236,latent dirichlet allocation,unsupervised learning,0,train,label_file_random,0.3835580050945282
165,173,165,173,matrix,output layer,0,train,label_file_random,0.4477648138999939
75,219,75,219,gibbs sampler,supervised learning,0,train,label_file_random,0.2753813564777374
81,204,81,204,gradient descent,regularization,0,train,label_file_random,0.6140061616897583
112,156,112,156,learning problem,nearest neighbors,0,train,label_file_random,0.5046191215515137
149,226,149,226,model complexity,test data set,0,train,label_file_random,0.4889170527458191
200,240,200,240,regression coefficients,vector multiplication,0,train,label_file_random,0.3909173309803009
69,130,69,130,gaussian density,machine learning,0,train,label_file_random,0.3756752014160156
113,226,113,226,learning rate,test data set,0,train,label_file_random,0.4031440019607544
111,136,111,136,learning method,matrix factorization,0,train,label_file_random,0.3128221333026886
46,81,46,81,deep learning,gradient descent,0,train,label_file_random,0.6122263669967651
108,237,108,237,lasso regression,validation error,0,train,label_file_random,0.44496047496795654
17,157,17,157,character segmentation,negative example,0,train,label_file_random,0.21442049741744995
43,238,43,238,decision stamp,validation set,0,train,label_file_random,0.38895824551582336
76,214,76,214,global minimum,squared error,0,train,label_file_random,0.5224570631980896
195,236,195,236,probabilistic model,unsupervised learning,0,train,label_file_random,0.3457721173763275
130,186,130,186,machine learning,positive data,0,train,label_file_random,0.4089609980583191
31,45,31,45,confusion matrix,deep features,0,train,label_file_random,0.3332212567329407
13,81,13,81,big data sets,gradient descent,0,train,label_file_random,0.3712940812110901
21,82,21,82,classification problem,greedy algorithm,0,train,label_file_random,0.4948115348815918
202,241,202,241,regression model,weak classifier,0,train,label_file_random,0.4722912907600403
111,243,111,243,learning method,underfitting,0,train,label_file_random,0.44939929246902466
121,193,121,193,linear regression,principle components,0,train,label_file_random,0.34053274989128113
198,229,198,229,random variable,training data set,0,train,label_file_random,0.5287718176841736
131,188,131,188,machine learning algorithm,positive training example,0,train,label_file_random,0.3955586850643158
150,238,150,238,model parameters,validation set,0,train,label_file_random,0.5903842449188232
131,220,131,220,machine learning algorithm,support vector,0,train,label_file_random,0.5505127310752869
57,167,57,167,expectation maximization,online learning,0,train,label_file_random,0.31617236137390137
186,203,186,203,positive data,regression problem,0,train,label_file_random,0.4097469449043274
27,110,27,110,computer vision,learning curve,0,train,label_file_random,0.3135587275028229
88,171,88,171,recall,optimization problem,0,train,label_file_random,0.3534410297870636
131,157,131,157,machine learning algorithm,negative example,0,train,label_file_random,0.3705940842628479
56,130,56,130,evaluation metrics,machine learning,0,train,label_file_random,0.5178415179252625
170,226,170,226,optimization objective,test data set,0,train,label_file_random,0.4208318591117859
81,132,81,132,gradient descent,machine learning application,0,train,label_file_random,0.4412318170070648
157,226,157,226,negative example,test data set,0,train,label_file_random,0.5147562026977539
59,127,59,127,face detection,logistic regression,0,train,label_file_random,0.32673224806785583
36,142,36,142,covariance matrix,mean normalization,0,train,label_file_random,0.48891139030456543
41,162,41,162,data set,normal equation,0,train,label_file_random,0.3245639503002167
114,204,114,204,learning system,regularization,0,train,label_file_random,0.5679992437362671
126,214,126,214,logistic function,squared error,0,train,label_file_random,0.3609723448753357
83,242,83,242,hidden layer,overfitting,0,train,label_file_random,0.39359211921691895
146,238,146,238,minimization problem,validation set,0,train,label_file_random,0.44488826394081116
22,130,22,130,cluster center,machine learning,0,train,label_file_random,0.32610270380973816
37,61,37,61,cross validation,false positives,0,train,label_file_random,0.44878077507019043
111,133,111,133,learning method,machine learning system,0,train,label_file_random,0.5318198800086975
25,50,25,50,collaborative filtering,dimensionality reduction,0,train,label_file_random,0.45856618881225586
64,218,64,218,feature scaling,string kernel,0,train,label_file_random,0.2899295389652252
27,221,27,221,computer vision,support vector machine,0,train,label_file_random,0.4540783166885376
115,238,115,238,least squares,validation set,0,train,label_file_random,0.46434393525123596
50,202,50,202,dimensionality reduction,regression model,0,train,label_file_random,0.41598379611968994
19,133,19,133,classification approach,machine learning system,0,train,label_file_random,0.5181335210800171
123,219,123,219,local optima,supervised learning,0,train,label_file_random,0.3405982255935669
150,194,150,194,model parameters,prior probability,0,train,label_file_random,0.4608525335788727
24,157,24,157,clustering algorithm,negative example,0,train,label_file_random,0.3410142660140991
27,121,27,121,computer vision,linear regression,0,train,label_file_random,0.3201354444026947
41,48,41,48,data set,derivative term,0,train,label_file_random,0.3848841190338135
117,202,117,202,linear algebra,regression model,0,train,label_file_random,0.4106888175010681
60,238,60,238,false negative,validation set,0,train,label_file_random,0.5277001261711121
82,112,82,112,greedy algorithm,learning problem,0,train,label_file_random,0.47717851400375366
143,230,143,230,mean square error,training error,0,train,label_file_random,0.7118189334869385
204,214,204,214,regularization,squared error,0,train,label_file_random,0.45369842648506165
89,213,89,213,hypothesis,square projection error,0,train,label_file_random,0.4322274625301361
114,165,114,165,learning system,matrix,0,train,label_file_random,0.4665209949016571
171,184,171,184,optimization problem,polynomial terms,0,train,label_file_random,0.3401739299297333
54,228,54,228,error cost function,training data,0,train,label_file_random,0.5731258392333984
118,136,118,136,linear classifier,matrix factorization,0,train,label_file_random,0.3994225263595581
178,229,178,229,pca algorithm,training data set,0,train,label_file_random,0.3388621211051941
77,158,77,158,global optimum,neural network,0,train,label_file_random,0.33054372668266296
110,114,110,114,learning curve,learning system,0,train,label_file_random,0.6282552480697632
26,104,26,104,features,kernel regression,0,train,label_file_random,0.439741313457489
150,219,150,219,model parameters,supervised learning,0,train,label_file_random,0.5255440473556519
18,88,18,88,classification accuracy,recall,0,train,label_file_random,0.7462985515594482
5,53,5,53,anomaly detection,error analysis,0,train,label_file_random,0.5107467174530029
35,88,35,88,coordinate descent,recall,0,train,label_file_random,0.26077505946159363
13,79,13,79,big data sets,gradient ascent,0,train,label_file_random,0.2930629253387451
136,228,136,228,matrix factorization,training data,0,train,label_file_random,0.3198559582233429
29,169,29,169,conditional distribution,optimization algorithms,0,train,label_file_random,0.2722404897212982
23,150,23,150,cluster,model parameters,0,train,label_file_random,0.3191840648651123
89,169,89,169,hypothesis,optimization algorithms,0,train,label_file_random,0.47472912073135376
49,205,49,205,design matrix,regularized linear regression,0,train,label_file_random,0.48676958680152893
81,141,81,141,gradient descent,maximum likelihood estimate,0,train,label_file_random,0.4837445616722107
97,123,97,123,input units,local optima,0,train,label_file_random,0.3131011128425598
5,204,5,204,anomaly detection,regularization,0,train,label_file_random,0.4666314125061035
87,121,87,121,precision,linear regression,0,train,label_file_random,0.3762285113334656
26,78,26,78,features,gradient algorithm,0,train,label_file_random,0.37905409932136536
131,184,131,184,machine learning algorithm,polynomial terms,0,train,label_file_random,0.3957716226577759
104,238,104,238,kernel regression,validation set,0,train,label_file_random,0.40361395478248596
64,222,64,222,feature scaling,svm optimization,0,train,label_file_random,0.41416043043136597
100,133,100,133,k means,machine learning system,0,train,label_file_random,0.41210851073265076
25,186,25,186,collaborative filtering,positive data,0,train,label_file_random,0.25085878372192383
13,26,13,26,big data sets,features,0,train,label_file_random,0.4311046004295349
171,219,171,219,optimization problem,supervised learning,0,train,label_file_random,0.5654383897781372
118,176,118,176,linear classifier,parameter vector,0,train,label_file_random,0.5147364139556885
77,122,77,122,global optimum,local minimum,0,train,label_file_random,0.5795385241508484
70,226,70,226,gaussian kernel,test data set,0,train,label_file_random,0.369464248418808
41,224,41,224,data set,symmetric matrix,0,train,label_file_random,0.39021384716033936
106,231,106,231,labeled data,transfer learning,0,train,label_file_random,0.5356330871582031
51,111,51,111,document retrieval,learning method,0,train,label_file_random,0.35990554094314575
130,172,130,172,machine learning,output label,0,train,label_file_random,0.4952722191810608
77,89,77,89,global optimum,hypothesis,0,train,label_file_random,0.4805319607257843
120,143,120,143,linear model,mean square error,0,train,label_file_random,0.5615168213844299
203,214,203,214,regression problem,squared error,0,train,label_file_random,0.544520378112793
18,146,18,146,classification accuracy,minimization problem,0,train,label_file_random,0.32088881731033325
34,219,34,219,convex function,supervised learning,0,train,label_file_random,0.4204852283000946
81,151,81,151,gradient descent,model selection,0,train,label_file_random,0.47476518154144287
109,127,109,127,latent dirichlet allocation,logistic regression,0,train,label_file_random,0.26709020137786865
110,217,110,217,learning curve,stochastic gradient algorithm,0,train,label_file_random,0.4046784043312073
198,224,198,224,random variable,symmetric matrix,0,train,label_file_random,0.35169586539268494
86,112,86,112,high order polynomial,learning problem,0,train,label_file_random,0.35058754682540894
23,57,23,57,cluster,expectation maximization,0,train,label_file_random,0.5201438069343567
82,238,82,238,greedy algorithm,validation set,0,train,label_file_random,0.37645047903060913
208,238,208,238,sentiment classifier,validation set,0,train,label_file_random,0.37517493963241577
82,111,82,111,greedy algorithm,learning method,0,train,label_file_random,0.47874581813812256
127,181,127,181,logistic regression,polynomial features,0,train,label_file_random,0.4528300166130066
142,178,142,178,mean normalization,pca algorithm,0,train,label_file_random,0.4675387144088745
41,64,41,64,data set,feature scaling,0,train,label_file_random,0.4133400321006775
64,204,64,204,feature scaling,regularization,0,train,label_file_random,0.5070328712463379
168,226,168,226,optimal solution,test data set,0,train,label_file_random,0.4127641022205353
1,169,1,169,activation values,optimization algorithms,0,train,label_file_random,0.3646615147590637
89,186,89,186,hypothesis,positive data,0,train,label_file_random,0.4517262578010559
186,202,186,202,positive data,regression model,0,train,label_file_random,0.41853833198547363
152,218,152,218,multi-class classification,string kernel,0,train,label_file_random,0.2998396158218384
27,64,27,64,computer vision,feature scaling,0,train,label_file_random,0.36264675855636597
26,243,26,243,features,underfitting,0,train,label_file_random,0.4958641529083252
37,127,37,127,cross validation,logistic regression,0,train,label_file_random,0.41202569007873535
44,238,44,238,decision tree,validation set,0,train,label_file_random,0.5213049650192261
116,158,116,158,likelihood function,neural network,0,train,label_file_random,0.3855889141559601
112,150,112,150,learning problem,model parameters,0,train,label_file_random,0.47772902250289917
5,56,5,56,anomaly detection,evaluation metrics,0,train,label_file_random,0.35729262232780457
5,90,5,90,anomaly detection,identity matrics,0,train,label_file_random,0.31051814556121826
186,230,186,230,positive data,training error,0,train,label_file_random,0.4943664073944092
12,176,12,176,bias variance trade-off,parameter vector,0,train,label_file_random,0.5061390995979309
104,242,104,242,kernel regression,overfitting,0,train,label_file_random,0.47204387187957764
120,150,120,150,linear model,model parameters,0,train,label_file_random,0.5446019172668457
12,185,12,185,bias variance trade-off,positive class,0,train,label_file_random,0.30739033222198486
7,217,7,217,batch gradient descent,stochastic gradient algorithm,0,train,label_file_random,0.7812629342079163
133,229,133,229,machine learning system,training data set,0,train,label_file_random,0.5811125040054321
127,128,127,128,logistic regression,loss function,0,train,label_file_random,0.44561582803726196
14,238,14,238,binary classification,validation set,0,train,label_file_random,0.4421481490135193
41,116,41,116,data set,likelihood function,0,train,label_file_random,0.38365495204925537
111,117,111,117,learning method,linear algebra,0,train,label_file_random,0.41565191745758057
18,89,18,89,classification accuracy,hypothesis,0,train,label_file_random,0.4500930607318878
10,238,10,238,bias problem,validation set,0,train,label_file_random,0.5152177810668945
88,121,88,121,recall,linear regression,0,train,label_file_random,0.3889239728450775
127,161,127,161,logistic regression,nonlinear hypotheses,0,train,label_file_random,0.4252421259880066
89,98,89,98,hypothesis,iterative algorithm,0,train,label_file_random,0.3972150981426239
202,230,202,230,regression model,training error,0,train,label_file_random,0.5714067220687866
8,148,8,148,bayesian approach,mixture model,0,train,label_file_random,0.5224411487579346
24,211,24,211,clustering algorithm,square distances,0,train,label_file_random,0.4721642732620239
96,236,96,236,input space,unsupervised learning,0,train,label_file_random,0.4009518027305603
50,88,50,88,dimensionality reduction,recall,0,train,label_file_random,0.411391019821167
94,165,94,165,input data,matrix,0,train,label_file_random,0.46892333030700684
48,176,48,176,derivative term,parameter vector,0,train,label_file_random,0.5275210738182068
76,103,76,103,global minimum,kernel function,0,train,label_file_random,0.41520217061042786
23,175,23,175,cluster,parameter estimation,0,train,label_file_random,0.34749099612236023
0,139,0,139,activation function,matrix vector multiplication,0,train,label_file_random,0.5032957792282104
42,74,42,74,decision boundaries,generalized linear models,0,train,label_file_random,0.33842265605926514
35,191,35,191,coordinate descent,predicted value,0,train,label_file_random,0.3328053057193756
42,43,42,43,decision boundaries,decision stamp,0,train,label_file_random,0.5410093069076538
25,44,25,44,collaborative filtering,decision tree,0,train,label_file_random,0.333538293838501
26,172,26,172,features,output label,0,train,label_file_random,0.5367020964622498
193,211,193,211,principle components,square distances,0,train,label_file_random,0.3760516345500946
100,229,100,229,k means,training data set,0,train,label_file_random,0.4036177396774292
63,229,63,229,feature extraction,training data set,0,train,label_file_random,0.46081531047821045
40,130,40,130,data representation,machine learning,0,train,label_file_random,0.5935438871383667
156,242,156,242,nearest neighbors,overfitting,0,train,label_file_random,0.3879229426383972
171,226,171,226,optimization problem,test data set,0,train,label_file_random,0.36058270931243896
158,223,158,223,neural network,svm packages,0,train,label_file_random,0.34449315071105957
56,239,56,239,evaluation metrics,variance problem,0,train,label_file_random,0.43182194232940674
83,122,83,122,hidden layer,local minimum,0,train,label_file_random,0.4282742738723755
100,194,100,194,k means,prior probability,0,train,label_file_random,0.35001274943351746
54,127,54,127,error cost function,logistic regression,0,train,label_file_random,0.4957210421562195
100,224,100,224,k means,symmetric matrix,0,train,label_file_random,0.3732732832431793
152,222,152,222,multi-class classification,svm optimization,0,train,label_file_random,0.4240915775299072
83,111,83,111,hidden layer,learning method,0,train,label_file_random,0.4865082800388336
115,235,115,235,least squares,unnormalized features,0,train,label_file_random,0.4114633798599243
64,103,64,103,feature scaling,kernel function,0,train,label_file_random,0.4793395400047302
130,157,130,157,machine learning,negative example,0,train,label_file_random,0.3859606385231018
23,207,23,207,cluster,sentiment analysis,0,train,label_file_random,0.2839716374874115
77,130,77,130,global optimum,machine learning,0,train,label_file_random,0.4557516574859619
26,211,26,211,features,square distances,0,train,label_file_random,0.4109882116317749
35,150,35,150,coordinate descent,model parameters,0,train,label_file_random,0.39078471064567566
14,89,14,89,binary classification,hypothesis,0,train,label_file_random,0.523032546043396
22,140,22,140,cluster center,maximum likelihood,0,train,label_file_random,0.28494399785995483
1,139,1,139,activation values,matrix vector multiplication,0,train,label_file_random,0.48219969868659973
51,167,51,167,document retrieval,online learning,0,train,label_file_random,0.3337189257144928
70,89,70,89,gaussian kernel,hypothesis,0,train,label_file_random,0.485036164522171
173,240,173,240,output layer,vector multiplication,0,train,label_file_random,0.463656485080719
27,203,27,203,computer vision,regression problem,0,train,label_file_random,0.3666599690914154
79,112,79,112,gradient ascent,learning problem,0,train,label_file_random,0.44996708631515503
35,81,35,81,coordinate descent,gradient descent,0,train,label_file_random,0.6806349754333496
51,96,51,96,document retrieval,input space,0,train,label_file_random,0.43413740396499634
93,203,93,203,inner product,regression problem,0,train,label_file_random,0.3071160912513733
50,238,50,238,dimensionality reduction,validation set,0,train,label_file_random,0.3956214189529419
42,171,42,171,decision boundaries,optimization problem,0,train,label_file_random,0.427693247795105
13,133,13,133,big data sets,machine learning system,0,train,label_file_random,0.6289377212524414
34,128,34,128,convex function,loss function,0,train,label_file_random,0.6537085771560669
205,239,205,239,regularized linear regression,variance problem,0,train,label_file_random,0.4386889934539795
22,26,22,26,cluster center,features,0,train,label_file_random,0.3687477707862854
222,223,222,223,svm optimization,svm packages,0,train,label_file_random,0.7177743911743164
111,195,111,195,learning method,probabilistic model,0,train,label_file_random,0.43433165550231934
43,227,43,227,decision stamp,test error,0,train,label_file_random,0.3308652639389038
176,225,176,225,parameter vector,test data,0,train,label_file_random,0.5046933889389038
26,52,26,52,features,early stopping,0,train,label_file_random,0.34633755683898926
0,240,0,240,activation function,vector multiplication,0,train,label_file_random,0.4802926182746887
42,229,42,229,decision boundaries,training data set,0,train,label_file_random,0.4666355848312378
161,209,161,209,nonlinear hypotheses,sigmoid function,0,train,label_file_random,0.45482611656188965
84,180,84,180,hidden unit,photo ocr,0,train,label_file_random,0.268395334482193
125,177,125,177,log likelihood,partial derivative,0,train,label_file_random,0.32237324118614197
82,127,82,127,greedy algorithm,logistic regression,0,train,label_file_random,0.3013487160205841
37,111,37,111,cross validation,learning method,0,train,label_file_random,0.4879453778266907
119,127,119,127,linear kernel,logistic regression,0,train,label_file_random,0.4418525695800781
5,196,5,196,anomaly detection,probability density,0,train,label_file_random,0.6018309593200684
27,111,27,111,computer vision,learning method,0,train,label_file_random,0.3697490990161896
88,239,88,239,recall,variance problem,0,train,label_file_random,0.4416598677635193
37,53,37,53,cross validation,error analysis,0,train,label_file_random,0.6203510165214539
53,67,53,67,error analysis,feature vector,0,train,label_file_random,0.3503183424472809
50,89,50,89,dimensionality reduction,hypothesis,0,train,label_file_random,0.473016619682312
67,168,67,168,feature vector,optimal solution,0,train,label_file_random,0.4132472276687622
80,204,80,204,gradient checking,regularization,0,train,label_file_random,0.376834511756897
121,133,121,133,linear regression,machine learning system,0,train,label_file_random,0.49564868211746216
26,90,26,90,features,identity matrics,0,train,label_file_random,0.33326956629753113
22,71,22,71,cluster center,gaussian model,0,train,label_file_random,0.39567023515701294
56,134,56,134,evaluation metrics,massive training set,0,train,label_file_random,0.35444289445877075
93,218,93,218,inner product,string kernel,0,train,label_file_random,0.39813658595085144
55,98,55,98,estimated parameters,iterative algorithm,0,train,label_file_random,0.37115031480789185
111,181,111,181,learning method,polynomial features,0,train,label_file_random,0.40969318151474
51,136,51,136,document retrieval,matrix factorization,0,train,label_file_random,0.5068687200546265
12,93,12,93,bias variance trade-off,inner product,0,train,label_file_random,0.33236587047576904
17,127,17,127,character segmentation,logistic regression,0,train,label_file_random,0.2255949079990387
99,128,99,128,joint model probability,loss function,0,train,label_file_random,0.336699903011322
158,207,158,207,neural network,sentiment analysis,0,train,label_file_random,0.3457091152667999
65,170,65,170,feature selection,optimization objective,0,train,label_file_random,0.457869291305542
91,127,91,127,image classification,logistic regression,0,train,label_file_random,0.44565945863723755
119,152,119,152,linear kernel,multi-class classification,0,train,label_file_random,0.3670803904533386
21,81,21,81,classification problem,gradient descent,0,train,label_file_random,0.3696727156639099
20,238,20,238,classification error,validation set,0,train,label_file_random,0.614434540271759
37,236,37,236,cross validation,unsupervised learning,0,train,label_file_random,0.42716121673583984
115,203,115,203,least squares,regression problem,0,train,label_file_random,0.5604774951934814
81,203,81,203,gradient descent,regression problem,0,train,label_file_random,0.4899481534957886
178,219,178,219,pca algorithm,supervised learning,0,train,label_file_random,0.46545153856277466
88,230,88,230,recall,training error,0,train,label_file_random,0.5515075922012329
101,171,101,171,k nearest neighbors,optimization problem,0,train,label_file_random,0.3493994176387787
111,124,111,124,learning method,locality sensitive hashing,0,train,label_file_random,0.2491711527109146
48,97,48,97,derivative term,input units,0,train,label_file_random,0.48068171739578247
113,176,113,176,learning rate,parameter vector,0,train,label_file_random,0.5523388981819153
34,112,34,112,convex function,learning problem,0,train,label_file_random,0.4348282516002655
141,157,141,157,maximum likelihood estimate,negative example,0,train,label_file_random,0.38635605573654175
123,218,123,218,local optima,string kernel,0,train,label_file_random,0.11118480563163757
84,227,84,227,hidden unit,test error,0,train,label_file_random,0.33661752939224243
103,222,103,222,kernel function,svm optimization,0,train,label_file_random,0.6349687576293945
44,114,44,114,decision tree,learning system,0,train,label_file_random,0.5387006402015686
185,223,185,223,positive class,svm packages,0,train,label_file_random,0.33210957050323486
220,242,220,242,support vector,overfitting,0,train,label_file_random,0.49383556842803955
204,234,204,234,regularization,tuning parameter,0,train,label_file_random,0.5266268253326416
77,102,77,102,global optimum,k-means objective,0,train,label_file_random,0.45370206236839294
64,220,64,220,feature scaling,support vector,0,train,label_file_random,0.4195981025695801
117,141,117,141,linear algebra,maximum likelihood estimate,0,train,label_file_random,0.35791516304016113
119,158,119,158,linear kernel,neural network,0,train,label_file_random,0.42367541790008545
87,232,87,232,precision,true negatives,0,train,label_file_random,0.7334109544754028
27,35,27,35,computer vision,coordinate descent,0,train,label_file_random,0.369732141494751
51,101,51,101,document retrieval,k nearest neighbors,0,train,label_file_random,0.432170569896698
148,236,148,236,mixture model,unsupervised learning,0,train,label_file_random,0.46892988681793213
69,238,69,238,gaussian density,validation set,0,train,label_file_random,0.3212583363056183
16,110,16,110,character recognition,learning curve,0,train,label_file_random,0.3076481223106384
213,238,213,238,square projection error,validation set,0,train,label_file_random,0.40425992012023926
72,165,72,165,gaussian random variable,matrix,0,train,label_file_random,0.3160591721534729
60,165,60,165,false negative,matrix,0,train,label_file_random,0.3987129330635071
112,191,112,191,learning problem,predicted value,0,train,label_file_random,0.49603211879730225
76,113,76,113,global minimum,learning rate,0,train,label_file_random,0.5671007037162781
84,113,84,113,hidden unit,learning rate,0,train,label_file_random,0.4377920925617218
82,167,82,167,greedy algorithm,online learning,0,train,label_file_random,0.3552112281322479
7,229,7,229,batch gradient descent,training data set,0,train,label_file_random,0.5729305744171143
38,89,38,89,cross validation error,hypothesis,0,train,label_file_random,0.5229564905166626
76,81,76,81,global minimum,gradient descent,0,train,label_file_random,0.687391459941864
23,98,23,98,cluster,iterative algorithm,0,train,label_file_random,0.31820937991142273
120,202,120,202,linear model,regression model,0,train,label_file_random,0.7277353405952454
55,225,55,225,estimated parameters,test data,0,train,label_file_random,0.5258321166038513
64,100,64,100,feature scaling,k means,0,train,label_file_random,0.3803345859050751
42,230,42,230,decision boundaries,training error,0,train,label_file_random,0.49303191900253296
76,128,76,128,global minimum,loss function,0,train,label_file_random,0.6026215553283691
201,204,201,204,regression function,regularization,0,train,label_file_random,0.5297380685806274
37,70,37,70,cross validation,gaussian kernel,0,train,label_file_random,0.4296935498714447
31,226,31,226,confusion matrix,test data set,0,train,label_file_random,0.5364817380905151
96,234,96,234,input space,tuning parameter,0,train,label_file_random,0.38116326928138733
2,88,2,88,adaboost,recall,0,train,label_file_random,0.4314483106136322
181,205,181,205,polynomial features,regularized linear regression,0,train,label_file_random,0.546508252620697
131,149,131,149,machine learning algorithm,model complexity,0,train,label_file_random,0.5137649774551392
191,197,191,197,predicted value,random numbers,0,train,label_file_random,0.42686760425567627
98,170,98,170,iterative algorithm,optimization objective,0,train,label_file_random,0.42814889550209045
42,155,42,155,decision boundaries,nearest neighbor search,0,train,label_file_random,0.3468465507030487
76,228,76,228,global minimum,training data,0,train,label_file_random,0.44225630164146423
13,207,13,207,big data sets,sentiment analysis,0,train,label_file_random,0.2252318114042282
75,150,75,150,gibbs sampler,model parameters,0,train,label_file_random,0.21343064308166504
32,67,32,67,conjugate gradient,feature vector,0,train,label_file_random,0.23857159912586212
43,127,43,127,decision stamp,logistic regression,0,train,label_file_random,0.3430098295211792
19,81,19,81,classification approach,gradient descent,0,train,label_file_random,0.38452619314193726
89,238,89,238,hypothesis,validation set,0,train,label_file_random,0.6015968918800354
127,222,127,222,logistic regression,svm optimization,0,train,label_file_random,0.3921228051185608
106,155,106,155,labeled data,nearest neighbor search,0,train,label_file_random,0.47008463740348816
133,185,133,185,machine learning system,positive class,0,train,label_file_random,0.34526246786117554
236,239,236,239,unsupervised learning,variance problem,0,train,label_file_random,0.3603326082229614
210,237,210,237,spam filtering,validation error,0,train,label_file_random,0.33931076526641846
123,131,123,131,local optima,machine learning algorithm,0,train,label_file_random,0.3518175184726715
25,35,25,35,collaborative filtering,coordinate descent,0,train,label_file_random,0.3488558530807495
227,241,227,241,test error,weak classifier,0,train,label_file_random,0.4510289430618286
27,152,27,152,computer vision,multi-class classification,0,train,label_file_random,0.3935568332672119
83,172,83,172,hidden layer,output label,0,train,label_file_random,0.38034531474113464
121,209,121,209,linear regression,sigmoid function,0,train,label_file_random,0.38134926557540894
42,223,42,223,decision boundaries,svm packages,0,train,label_file_random,0.40653449296951294
2,43,2,43,adaboost,decision stamp,0,train,label_file_random,0.556609570980072
112,165,112,165,learning problem,matrix,0,train,label_file_random,0.44034892320632935
13,167,13,167,big data sets,online learning,0,train,label_file_random,0.4461691081523895
130,230,130,230,machine learning,training error,0,train,label_file_random,0.5533311367034912
21,157,21,157,classification problem,negative example,0,train,label_file_random,0.4911732077598572
114,146,114,146,learning system,minimization problem,0,train,label_file_random,0.6150597333908081
26,57,26,57,features,expectation maximization,0,train,label_file_random,0.38604599237442017
165,181,165,181,matrix,polynomial features,0,train,label_file_random,0.4227873682975769
35,149,35,149,coordinate descent,model complexity,0,train,label_file_random,0.42986464500427246
118,182,118,182,linear classifier,polynomial kernel,0,train,label_file_random,0.5298222303390503
15,230,15,230,boosting algorithm,training error,0,train,label_file_random,0.4434886574745178
95,186,95,186,input layer,positive data,0,train,label_file_random,0.26754799485206604
37,96,37,96,cross validation,input space,0,train,label_file_random,0.4472803473472595
141,149,141,149,maximum likelihood estimate,model complexity,0,train,label_file_random,0.5230991840362549
50,136,50,136,dimensionality reduction,matrix factorization,0,train,label_file_random,0.6621963977813721
131,133,131,133,machine learning algorithm,machine learning system,0,train,label_file_random,0.6830889582633972
86,220,86,220,high order polynomial,support vector,0,train,label_file_random,0.30609333515167236
214,242,214,242,squared error,overfitting,0,train,label_file_random,0.4906867742538452
81,93,81,93,gradient descent,inner product,0,train,label_file_random,0.2660345435142517
60,160,60,160,false negative,non-anomalous examples,0,train,label_file_random,0.46479180455207825
61,228,61,228,false positives,training data,0,train,label_file_random,0.5153089165687561
46,226,46,226,deep learning,test data set,0,train,label_file_random,0.4553140103816986
93,111,93,111,inner product,learning method,0,train,label_file_random,0.3276836574077606
42,88,42,88,decision boundaries,recall,0,train,label_file_random,0.4876261055469513
57,217,57,217,expectation maximization,stochastic gradient algorithm,0,train,label_file_random,0.35400161147117615
75,88,75,88,gibbs sampler,recall,0,train,label_file_random,0.19369584321975708
89,177,89,177,hypothesis,partial derivative,0,train,label_file_random,0.2921610474586487
88,104,88,104,recall,kernel regression,0,train,label_file_random,0.3999348282814026
81,134,81,134,gradient descent,massive training set,0,train,label_file_random,0.47414448857307434
217,238,217,238,stochastic gradient algorithm,validation set,0,train,label_file_random,0.3257889747619629
173,177,173,177,output layer,partial derivative,0,train,label_file_random,0.46306002140045166
128,223,128,223,loss function,svm packages,0,train,label_file_random,0.31581181287765503
121,157,121,157,linear regression,negative example,0,train,label_file_random,0.2704193592071533
81,209,81,209,gradient descent,sigmoid function,0,train,label_file_random,0.45846471190452576
211,228,211,228,square distances,training data,0,train,label_file_random,0.35629650950431824
9,156,9,156,bayesian inference,nearest neighbors,0,train,label_file_random,0.3803117573261261
22,96,22,96,cluster center,input space,0,train,label_file_random,0.3442660868167877
192,198,192,198,prediction error,random variable,0,train,label_file_random,0.5051586627960205
89,219,89,219,hypothesis,supervised learning,0,train,label_file_random,0.6004977226257324
140,238,140,238,maximum likelihood,validation set,0,train,label_file_random,0.4636046290397644
37,170,37,170,cross validation,optimization objective,0,train,label_file_random,0.4691068232059479
150,195,150,195,model parameters,probabilistic model,0,train,label_file_random,0.4368441700935364
13,170,13,170,big data sets,optimization objective,0,train,label_file_random,0.1762535274028778
110,219,110,219,learning curve,supervised learning,0,train,label_file_random,0.611350953578949
23,160,23,160,cluster,non-anomalous examples,0,train,label_file_random,0.44446486234664917
32,214,32,214,conjugate gradient,squared error,0,train,label_file_random,0.4032861292362213
42,173,42,173,decision boundaries,output layer,0,train,label_file_random,0.41023868322372437
24,141,24,141,clustering algorithm,maximum likelihood estimate,0,train,label_file_random,0.4138156473636627
13,85,13,85,big data sets,hierarchical clustering,0,train,label_file_random,0.3274504244327545
10,181,10,181,bias problem,polynomial features,0,train,label_file_random,0.3653520345687866
11,152,11,152,bias unit,multi-class classification,0,train,label_file_random,0.3104163706302643
51,207,51,207,document retrieval,sentiment analysis,0,train,label_file_random,0.3689141869544983
19,203,19,203,classification approach,regression problem,0,train,label_file_random,0.5323805809020996
175,215,175,215,parameter estimation,standard deviation,0,train,label_file_random,0.387450635433197
48,214,48,214,derivative term,squared error,0,train,label_file_random,0.4367898404598236
67,128,67,128,feature vector,loss function,0,train,label_file_random,0.4339286983013153
29,150,29,150,conditional distribution,model parameters,0,train,label_file_random,0.3591482937335968
26,58,26,58,features,f1 score,0,train,label_file_random,0.5015405416488647
32,130,32,130,conjugate gradient,machine learning,0,train,label_file_random,0.4395976662635803
10,26,10,26,bias problem,features,0,train,label_file_random,0.4736664891242981
44,199,44,199,decision tree,recommender system,0,train,label_file_random,0.41932135820388794
218,222,218,222,string kernel,svm optimization,0,train,label_file_random,0.35456228256225586
128,214,128,214,loss function,squared error,0,train,label_file_random,0.6566119194030762
148,219,148,219,mixture model,supervised learning,0,train,label_file_random,0.37705302238464355
89,147,89,147,hypothesis,misclassification error,0,train,label_file_random,0.5178455710411072
140,206,140,206,maximum likelihood,regularized logistic regression,0,train,label_file_random,0.477049320936203
118,230,118,230,linear classifier,training error,0,train,label_file_random,0.4636417031288147
23,75,23,75,cluster,gibbs sampler,0,train,label_file_random,0.3038785755634308
97,121,97,121,input units,linear regression,0,train,label_file_random,0.30985260009765625
13,165,13,165,big data sets,matrix,0,train,label_file_random,0.48273229598999023
90,215,90,215,identity matrics,standard deviation,0,train,label_file_random,0.2963007092475891
98,162,98,162,iterative algorithm,normal equation,0,train,label_file_random,0.41190069913864136
91,92,91,92,image classification,image retrieval,0,train,label_file_random,0.5197207927703857
165,184,165,184,matrix,polynomial terms,0,train,label_file_random,0.442024290561676
70,229,70,229,gaussian kernel,training data set,0,train,label_file_random,0.35332340002059937
113,242,113,242,learning rate,overfitting,0,train,label_file_random,0.5132015943527222
37,65,37,65,cross validation,feature selection,0,train,label_file_random,0.578242301940918
148,165,148,165,mixture model,matrix,0,train,label_file_random,0.2806698679924011
93,152,93,152,inner product,multi-class classification,0,train,label_file_random,0.29209309816360474
27,47,27,47,computer vision,deep neural network,0,train,label_file_random,0.5451920628547668
81,109,81,109,gradient descent,latent dirichlet allocation,0,train,label_file_random,0.1792176067829132
58,238,58,238,f1 score,validation set,0,train,label_file_random,0.5435527563095093
25,177,25,177,collaborative filtering,partial derivative,0,train,label_file_random,0.1493862420320511
23,199,23,199,cluster,recommender system,0,train,label_file_random,0.3213180899620056
81,88,81,88,gradient descent,recall,0,train,label_file_random,0.3391205072402954
90,230,90,230,identity matrics,training error,0,train,label_file_random,0.3620128631591797
13,23,13,23,big data sets,cluster,0,train,label_file_random,0.3838152289390564
23,123,23,123,cluster,local optima,0,train,label_file_random,0.2818489372730255
149,156,149,156,model complexity,nearest neighbors,0,train,label_file_random,0.36004793643951416
127,242,127,242,logistic regression,overfitting,0,train,label_file_random,0.42342638969421387
64,242,64,242,feature scaling,overfitting,0,train,label_file_random,0.4206135869026184
109,117,109,117,latent dirichlet allocation,linear algebra,0,train,label_file_random,0.22559654712677002
26,113,26,113,features,learning rate,0,train,label_file_random,0.4038676619529724
149,202,149,202,model complexity,regression model,0,train,label_file_random,0.5513070225715637
171,182,171,182,optimization problem,polynomial kernel,0,train,label_file_random,0.29460665583610535
67,236,67,236,feature vector,unsupervised learning,0,train,label_file_random,0.3774091601371765
49,214,49,214,design matrix,squared error,0,train,label_file_random,0.41930755972862244
1,48,1,48,activation values,derivative term,0,train,label_file_random,0.4744092524051666
41,171,41,171,data set,optimization problem,0,train,label_file_random,0.3778623640537262
200,225,200,225,regression coefficients,test data,0,train,label_file_random,0.433012455701828
120,214,120,214,linear model,squared error,0,train,label_file_random,0.47427862882614136
143,216,143,216,mean square error,standard least squares,0,train,label_file_random,0.6349776983261108
0,168,0,168,activation function,optimal solution,0,train,label_file_random,0.4092402458190918
40,93,40,93,data representation,inner product,0,train,label_file_random,0.4694395065307617
67,76,67,76,feature vector,global minimum,0,train,label_file_random,0.31692585349082947
29,111,29,111,conditional distribution,learning method,0,train,label_file_random,0.3938658833503723
132,204,132,204,machine learning application,regularization,0,train,label_file_random,0.4555051922798157
145,217,145,217,mini-batch size,stochastic gradient algorithm,0,train,label_file_random,0.5780792832374573
27,87,27,87,computer vision,precision,0,train,label_file_random,0.33804333209991455
13,57,13,57,big data sets,expectation maximization,0,train,label_file_random,0.2523205280303955
81,143,81,143,gradient descent,mean square error,0,train,label_file_random,0.5234140157699585
48,89,48,89,derivative term,hypothesis,0,train,label_file_random,0.3746185004711151
42,118,42,118,decision boundaries,linear classifier,0,train,label_file_random,0.5208678841590881
136,221,136,221,matrix factorization,support vector machine,0,train,label_file_random,0.38100409507751465
19,132,19,132,classification approach,machine learning application,0,train,label_file_random,0.547227680683136
52,89,52,89,early stopping,hypothesis,0,train,label_file_random,0.4476484954357147
111,171,111,171,learning method,optimization problem,0,train,label_file_random,0.5301937460899353
10,133,10,133,bias problem,machine learning system,0,train,label_file_random,0.57478928565979
53,112,53,112,error analysis,learning problem,0,train,label_file_random,0.601851761341095
156,219,156,219,nearest neighbors,supervised learning,0,train,label_file_random,0.5312800407409668
193,219,193,219,principle components,supervised learning,0,train,label_file_random,0.4308755695819855
20,42,20,42,classification error,decision boundaries,0,train,label_file_random,0.5791143178939819
27,225,27,225,computer vision,test data,0,train,label_file_random,0.41333335638046265
128,225,128,225,loss function,test data,0,train,label_file_random,0.4358097314834595
11,42,11,42,bias unit,decision boundaries,0,train,label_file_random,0.33176466822624207
113,115,113,115,learning rate,least squares,0,train,label_file_random,0.4769764542579651
37,106,37,106,cross validation,labeled data,0,train,label_file_random,0.5514862537384033
76,221,76,221,global minimum,support vector machine,0,train,label_file_random,0.31301531195640564
23,195,23,195,cluster,probabilistic model,0,train,label_file_random,0.3142859935760498
8,88,8,88,bayesian approach,recall,0,train,label_file_random,0.4041064381599426
88,219,88,219,recall,supervised learning,0,train,label_file_random,0.5320695042610168
11,177,11,177,bias unit,partial derivative,0,train,label_file_random,0.4631388187408447
111,169,111,169,learning method,optimization algorithms,0,train,label_file_random,0.6870818734169006
27,40,27,40,computer vision,data representation,0,train,label_file_random,0.48685216903686523
199,228,199,228,recommender system,training data,0,train,label_file_random,0.35855334997177124
89,165,89,165,hypothesis,matrix,0,train,label_file_random,0.3671092092990875
19,89,19,89,classification approach,hypothesis,0,train,label_file_random,0.5666732788085938
111,174,111,174,learning method,output unit,0,train,label_file_random,0.396274596452713
206,234,206,234,regularized logistic regression,tuning parameter,0,train,label_file_random,0.34295687079429626
21,173,21,173,classification problem,output layer,0,train,label_file_random,0.4418841600418091
225,229,225,229,test data,training data set,0,train,label_file_random,0.7269226312637329
83,230,83,230,hidden layer,training error,0,train,label_file_random,0.44433796405792236
202,207,202,207,regression model,sentiment analysis,0,train,label_file_random,0.3267025053501129
40,124,40,124,data representation,locality sensitive hashing,0,train,label_file_random,0.4201139807701111
54,131,54,131,error cost function,machine learning algorithm,0,train,label_file_random,0.5860072374343872
42,46,42,46,decision boundaries,deep learning,0,train,label_file_random,0.4017866253852844
35,104,35,104,coordinate descent,kernel regression,0,train,label_file_random,0.4613141417503357
27,242,27,242,computer vision,overfitting,0,train,label_file_random,0.4151085615158081
73,234,73,234,generalization error,tuning parameter,0,train,label_file_random,0.45097455382347107
43,110,43,110,decision stamp,learning curve,0,train,label_file_random,0.36430472135543823
151,157,151,157,model selection,negative example,0,train,label_file_random,0.3292432725429535
42,174,42,174,decision boundaries,output unit,0,train,label_file_random,0.3473852276802063
111,191,111,191,learning method,predicted value,0,train,label_file_random,0.47588101029396057
176,191,176,191,parameter vector,predicted value,0,train,label_file_random,0.5001399517059326
66,242,66,242,feature space,overfitting,0,train,label_file_random,0.4139009416103363
199,229,199,229,recommender system,training data set,0,train,label_file_random,0.2927347421646118
203,236,203,236,regression problem,unsupervised learning,0,train,label_file_random,0.41071075201034546
14,44,14,44,binary classification,decision tree,0,train,label_file_random,0.5699495077133179
95,184,95,184,input layer,polynomial terms,0,train,label_file_random,0.3909754455089569
121,168,121,168,linear regression,optimal solution,0,train,label_file_random,0.4584622383117676
46,165,46,165,deep learning,matrix,0,train,label_file_random,0.477164089679718
88,243,88,243,recall,underfitting,0,train,label_file_random,0.49951910972595215
74,141,74,141,generalized linear models,maximum likelihood estimate,0,train,label_file_random,0.5211507081985474
111,203,111,203,learning method,regression problem,0,train,label_file_random,0.510044515132904
158,239,158,239,neural network,variance problem,0,train,label_file_random,0.34640926122665405
12,171,12,171,bias variance trade-off,optimization problem,0,train,label_file_random,0.4526302218437195
46,242,46,242,deep learning,overfitting,0,train,label_file_random,0.5415170788764954
171,186,171,186,optimization problem,positive data,0,train,label_file_random,0.34091153740882874
111,122,111,122,learning method,local minimum,0,train,label_file_random,0.31026339530944824
49,242,49,242,design matrix,overfitting,0,train,label_file_random,0.40300828218460083
73,198,73,198,generalization error,random variable,0,train,label_file_random,0.4581165909767151
55,203,55,203,estimated parameters,regression problem,0,train,label_file_random,0.4723541736602783
17,27,17,27,character segmentation,computer vision,0,train,label_file_random,0.4538436532020569
66,111,66,111,feature space,learning method,0,train,label_file_random,0.5112490653991699
127,177,127,177,logistic regression,partial derivative,0,train,label_file_random,0.2634632885456085
106,131,106,131,labeled data,machine learning algorithm,0,train,label_file_random,0.5501622557640076
80,89,80,89,gradient checking,hypothesis,0,train,label_file_random,0.30742961168289185
168,177,168,177,optimal solution,partial derivative,0,train,label_file_random,0.44265586137771606
90,214,90,214,identity matrics,squared error,0,train,label_file_random,0.3862013816833496
81,90,81,90,gradient descent,identity matrics,0,train,label_file_random,0.321668416261673
157,233,157,233,negative example,true positives,0,train,label_file_random,0.5836899876594543
21,222,21,222,classification problem,svm optimization,0,train,label_file_random,0.49500951170921326
32,204,32,204,conjugate gradient,regularization,0,train,label_file_random,0.4926287531852722
186,236,186,236,positive data,unsupervised learning,0,train,label_file_random,0.34365421533584595
86,171,86,171,high order polynomial,optimization problem,0,train,label_file_random,0.2812977433204651
104,191,104,191,kernel regression,predicted value,0,train,label_file_random,0.4893796145915985
81,192,81,192,gradient descent,prediction error,0,train,label_file_random,0.5814650654792786
109,172,109,172,latent dirichlet allocation,output label,0,train,label_file_random,0.18547150492668152
90,106,90,106,identity matrics,labeled data,0,train,label_file_random,0.3561950623989105
198,228,198,228,random variable,training data,0,train,label_file_random,0.5625957250595093
127,141,127,141,logistic regression,maximum likelihood estimate,0,train,label_file_random,0.528117299079895
140,150,140,150,maximum likelihood,model parameters,0,train,label_file_random,0.5595502257347107
128,202,128,202,loss function,regression model,0,train,label_file_random,0.5306889414787292
165,210,165,210,matrix,spam filtering,0,train,label_file_random,0.32497638463974
19,27,19,27,classification approach,computer vision,0,train,label_file_random,0.3823607563972473
181,228,181,228,polynomial features,training data,0,train,label_file_random,0.4437410831451416
96,131,96,131,input space,machine learning algorithm,0,train,label_file_random,0.45382678508758545
1,11,1,11,activation values,bias unit,0,train,label_file_random,0.5110252499580383
67,123,67,123,feature vector,local optima,0,train,label_file_random,0.21374939382076263
92,111,92,111,image retrieval,learning method,0,train,label_file_random,0.36186668276786804
84,243,84,243,hidden unit,underfitting,0,train,label_file_random,0.36364445090293884
168,203,168,203,optimal solution,regression problem,0,train,label_file_random,0.47956138849258423
47,231,47,231,deep neural network,transfer learning,0,train,label_file_random,0.5159597396850586
23,229,23,229,cluster,training data set,0,train,label_file_random,0.47712206840515137
19,49,19,49,classification approach,design matrix,0,train,label_file_random,0.42483586072921753
127,172,127,172,logistic regression,output label,0,train,label_file_random,0.4977722764015198
193,212,193,212,principle components,square matrix,0,train,label_file_random,0.5475744009017944
23,202,23,202,cluster,regression model,0,train,label_file_random,0.4057212769985199
184,209,184,209,polynomial terms,sigmoid function,0,train,label_file_random,0.3556445837020874
67,185,67,185,feature vector,positive class,0,train,label_file_random,0.36454302072525024
219,230,219,230,supervised learning,training error,0,train,label_file_random,0.6008115410804749
66,76,66,76,feature space,global minimum,0,train,label_file_random,0.3674260079860687
42,234,42,234,decision boundaries,tuning parameter,0,train,label_file_random,0.44943052530288696
58,232,58,232,f1 score,true negatives,0,train,label_file_random,0.6969661116600037
115,202,115,202,least squares,regression model,0,train,label_file_random,0.5938616991043091
156,165,156,165,nearest neighbors,matrix,0,train,label_file_random,0.4208364486694336
103,181,103,181,kernel function,polynomial features,0,train,label_file_random,0.667382538318634
156,229,156,229,nearest neighbors,training data set,0,train,label_file_random,0.5494927167892456
128,147,128,147,loss function,misclassification error,0,train,label_file_random,0.5288329124450684
98,139,98,139,iterative algorithm,matrix vector multiplication,0,train,label_file_random,0.4353390336036682
39,56,39,56,cross validation sets,evaluation metrics,0,train,label_file_random,0.42688828706741333
76,182,76,182,global minimum,polynomial kernel,0,train,label_file_random,0.32795995473861694
114,134,114,134,learning system,massive training set,0,train,label_file_random,0.5193727016448975
193,229,193,229,principle components,training data set,0,train,label_file_random,0.3364337682723999
50,112,50,112,dimensionality reduction,learning problem,0,train,label_file_random,0.4184703826904297
110,207,110,207,learning curve,sentiment analysis,0,train,label_file_random,0.24225971102714539
176,177,176,177,parameter vector,partial derivative,0,train,label_file_random,0.4893572926521301
93,204,93,204,inner product,regularization,0,train,label_file_random,0.2638710141181946
126,177,126,177,logistic function,partial derivative,0,train,label_file_random,0.30882519483566284
79,116,79,116,gradient ascent,likelihood function,0,train,label_file_random,0.511928915977478
12,218,12,218,bias variance trade-off,string kernel,0,train,label_file_random,0.27623847126960754
22,112,22,112,cluster center,learning problem,0,train,label_file_random,0.3893018364906311
27,66,27,66,computer vision,feature space,0,train,label_file_random,0.45984551310539246
103,184,103,184,kernel function,polynomial terms,0,train,label_file_random,0.5195382237434387
176,185,176,185,parameter vector,positive class,0,train,label_file_random,0.3695909082889557
53,132,53,132,error analysis,machine learning application,0,train,label_file_random,0.5518211722373962
93,242,93,242,inner product,overfitting,0,train,label_file_random,0.25244659185409546
90,242,90,242,identity matrics,overfitting,0,train,label_file_random,0.2663056552410126
16,127,16,127,character recognition,logistic regression,0,train,label_file_random,0.2815314531326294
184,220,184,220,polynomial terms,support vector,0,train,label_file_random,0.3914305865764618
21,243,21,243,classification problem,underfitting,0,train,label_file_random,0.4263056516647339
37,193,37,193,cross validation,principle components,0,train,label_file_random,0.363442063331604
111,199,111,199,learning method,recommender system,0,train,label_file_random,0.33072882890701294
89,146,89,146,hypothesis,minimization problem,0,train,label_file_random,0.5413217544555664
23,67,23,67,cluster,feature vector,0,train,label_file_random,0.40518540143966675
68,214,68,214,forward propagation,squared error,0,train,label_file_random,0.3599427342414856
1,184,1,184,activation values,polynomial terms,0,train,label_file_random,0.401972234249115
103,165,103,165,kernel function,matrix,0,train,label_file_random,0.4265536367893219
23,96,23,96,cluster,input space,0,train,label_file_random,0.38219544291496277
131,162,131,162,machine learning algorithm,normal equation,0,train,label_file_random,0.43745338916778564
11,161,11,161,bias unit,nonlinear hypotheses,0,train,label_file_random,0.4110197424888611
111,237,111,237,learning method,validation error,0,train,label_file_random,0.4177835285663605
219,232,219,232,supervised learning,true negatives,0,train,label_file_random,0.39730989933013916
108,170,108,170,lasso regression,optimization objective,0,train,label_file_random,0.4122216999530792
21,126,21,126,classification problem,logistic function,0,train,label_file_random,0.408633828163147
77,127,77,127,global optimum,logistic regression,0,train,label_file_random,0.3272174596786499
88,140,88,140,recall,maximum likelihood,0,train,label_file_random,0.4808247685432434
45,165,45,165,deep features,matrix,0,train,label_file_random,0.4482891857624054
27,88,27,88,computer vision,recall,0,train,label_file_random,0.33696678280830383
128,184,128,184,loss function,polynomial terms,0,train,label_file_random,0.38593244552612305
69,111,69,111,gaussian density,learning method,0,train,label_file_random,0.36404603719711304
26,204,26,204,features,regularization,0,train,label_file_random,0.5293894410133362
100,109,100,109,k means,latent dirichlet allocation,0,train,label_file_random,0.39579927921295166
131,236,131,236,machine learning algorithm,unsupervised learning,0,train,label_file_random,0.4947415888309479
23,117,23,117,cluster,linear algebra,0,train,label_file_random,0.3040579855442047
121,217,121,217,linear regression,stochastic gradient algorithm,0,train,label_file_random,0.3794877231121063
111,130,111,130,learning method,machine learning,0,train,label_file_random,0.6231164336204529
26,98,26,98,features,iterative algorithm,0,train,label_file_random,0.32306429743766785
41,112,41,112,data set,learning problem,0,train,label_file_random,0.5503168702125549
186,204,186,204,positive data,regularization,0,train,label_file_random,0.3814023733139038
82,230,82,230,greedy algorithm,training error,0,train,label_file_random,0.2893228530883789
172,177,172,177,output label,partial derivative,0,train,label_file_random,0.3657139539718628
16,111,16,111,character recognition,learning method,0,train,label_file_random,0.3349846601486206
21,209,21,209,classification problem,sigmoid function,0,train,label_file_random,0.413193017244339
4,238,4,238,anomalous example,validation set,0,train,label_file_random,0.31623315811157227
183,216,183,216,polynomial regression,standard least squares,0,train,label_file_random,0.6336587071418762
4,37,4,37,anomalous example,cross validation,0,train,label_file_random,0.2558477818965912
39,170,39,170,cross validation sets,optimization objective,0,train,label_file_random,0.3737484812736511
21,204,21,204,classification problem,regularization,0,train,label_file_random,0.41176480054855347
72,215,72,215,gaussian random variable,standard deviation,0,train,label_file_random,0.5872799754142761
12,146,12,146,bias variance trade-off,minimization problem,0,train,label_file_random,0.5606896281242371
14,128,14,128,binary classification,loss function,0,train,label_file_random,0.40069836378097534
13,236,13,236,big data sets,unsupervised learning,0,train,label_file_random,0.40565305948257446
44,140,44,140,decision tree,maximum likelihood,0,train,label_file_random,0.4385966658592224
142,199,142,199,mean normalization,recommender system,0,train,label_file_random,0.29092860221862793
42,242,42,242,decision boundaries,overfitting,0,train,label_file_random,0.504790723323822
113,191,113,191,learning rate,predicted value,0,train,label_file_random,0.39489123225212097
112,142,112,142,learning problem,mean normalization,0,train,label_file_random,0.35301411151885986
81,207,81,207,gradient descent,sentiment analysis,0,train,label_file_random,0.26472678780555725
183,206,183,206,polynomial regression,regularized logistic regression,0,train,label_file_random,0.4117506742477417
112,161,112,161,learning problem,nonlinear hypotheses,0,train,label_file_random,0.5321872234344482
141,186,141,186,maximum likelihood estimate,positive data,0,train,label_file_random,0.4338935315608978
21,133,21,133,classification problem,machine learning system,0,train,label_file_random,0.5222798585891724
64,162,64,162,feature scaling,normal equation,0,train,label_file_random,0.43889302015304565
90,115,90,115,identity matrics,least squares,0,train,label_file_random,0.38539421558380127
18,142,18,142,classification accuracy,mean normalization,0,train,label_file_random,0.276660293340683
205,237,205,237,regularized linear regression,validation error,0,train,label_file_random,0.5193197131156921
56,238,56,238,evaluation metrics,validation set,0,train,label_file_random,0.5955618023872375
41,161,41,161,data set,nonlinear hypotheses,0,train,label_file_random,0.35278087854385376
94,103,94,103,input data,kernel function,0,train,label_file_random,0.4360584616661072
50,106,50,106,dimensionality reduction,labeled data,0,train,label_file_random,0.4401940703392029
12,156,12,156,bias variance trade-off,nearest neighbors,0,train,label_file_random,0.45020800828933716
82,88,82,88,greedy algorithm,recall,0,train,label_file_random,0.38694101572036743
130,143,130,143,machine learning,mean square error,0,train,label_file_random,0.5562477707862854
65,108,65,108,feature selection,lasso regression,0,train,label_file_random,0.7713645100593567
153,229,153,229,multivariate gaussian distribution,training data set,0,train,label_file_random,0.2902110517024994
41,81,41,81,data set,gradient descent,0,train,label_file_random,0.38556307554244995
177,242,177,242,partial derivative,overfitting,0,train,label_file_random,0.27697157859802246
140,207,140,207,maximum likelihood,sentiment analysis,0,train,label_file_random,0.27414101362228394
53,176,53,176,error analysis,parameter vector,0,train,label_file_random,0.42712390422821045
123,176,123,176,local optima,parameter vector,0,train,label_file_random,0.4002563953399658
26,228,26,228,features,training data,0,train,label_file_random,0.7116351127624512
156,214,156,214,nearest neighbors,squared error,0,train,label_file_random,0.38884401321411133
123,127,123,127,local optima,logistic regression,0,train,label_file_random,0.15599629282951355
111,156,111,156,learning method,nearest neighbors,0,train,label_file_random,0.5242362022399902
56,111,56,111,evaluation metrics,learning method,0,train,label_file_random,0.3828028440475464
117,226,117,226,linear algebra,test data set,0,train,label_file_random,0.3007084131240845
41,185,41,185,data set,positive class,0,train,label_file_random,0.3691413104534149
64,236,64,236,feature scaling,unsupervised learning,0,train,label_file_random,0.3315716087818146
146,226,146,226,minimization problem,test data set,0,train,label_file_random,0.38499414920806885
37,58,37,58,cross validation,f1 score,0,train,label_file_random,0.5646823644638062
14,173,14,173,binary classification,output layer,0,train,label_file_random,0.4001215100288391
67,136,67,136,feature vector,matrix factorization,0,train,label_file_random,0.40673577785491943
214,243,214,243,squared error,underfitting,0,train,label_file_random,0.48551180958747864
203,220,203,220,regression problem,support vector,0,train,label_file_random,0.45109888911247253
132,158,132,158,machine learning application,neural network,0,train,label_file_random,0.5136170387268066
176,243,176,243,parameter vector,underfitting,0,train,label_file_random,0.46314987540245056
0,112,0,112,activation function,learning problem,0,train,label_file_random,0.36178022623062134
165,174,165,174,matrix,output unit,0,train,label_file_random,0.5065146684646606
77,112,77,112,global optimum,learning problem,0,train,label_file_random,0.4662543833255768
130,149,130,149,machine learning,model complexity,0,train,label_file_random,0.5970373749732971
177,234,177,234,partial derivative,tuning parameter,0,train,label_file_random,0.40484973788261414
199,203,199,203,recommender system,regression problem,0,train,label_file_random,0.31516581773757935
23,106,23,106,cluster,labeled data,0,train,label_file_random,0.5373162627220154
125,148,125,148,log likelihood,mixture model,0,train,label_file_random,0.44458630681037903
63,81,63,81,feature extraction,gradient descent,0,train,label_file_random,0.4376024007797241
150,229,150,229,model parameters,training data set,0,train,label_file_random,0.5319027304649353
41,176,41,176,data set,parameter vector,0,train,label_file_random,0.5245774984359741
133,225,133,225,machine learning system,test data,0,train,label_file_random,0.6770986914634705
201,226,201,226,regression function,test data set,0,train,label_file_random,0.4641300439834595
122,158,122,158,local minimum,neural network,0,train,label_file_random,0.4384896755218506
10,37,10,37,bias problem,cross validation,0,train,label_file_random,0.4966409206390381
20,44,20,44,classification error,decision tree,0,train,label_file_random,0.5574709177017212
96,128,96,128,input space,loss function,0,train,label_file_random,0.4311180114746094
77,98,77,98,global optimum,iterative algorithm,0,train,label_file_random,0.381577730178833
55,230,55,230,estimated parameters,training error,0,train,label_file_random,0.5010925531387329
93,212,93,212,inner product,square matrix,0,train,label_file_random,0.5007351636886597
88,130,88,130,recall,machine learning,0,train,label_file_random,0.48642173409461975
100,178,100,178,k means,pca algorithm,0,train,label_file_random,0.4546297490596771
60,232,60,232,false negative,true negatives,0,train,label_file_random,0.8696707487106323
34,183,34,183,convex function,polynomial regression,0,train,label_file_random,0.34941673278808594
50,215,50,215,dimensionality reduction,standard deviation,0,train,label_file_random,0.4291214644908905
40,118,40,118,data representation,linear classifier,0,train,label_file_random,0.5386970043182373
18,229,18,229,classification accuracy,training data set,0,train,label_file_random,0.43615877628326416
119,165,119,165,linear kernel,matrix,0,train,label_file_random,0.4465835690498352
111,215,111,215,learning method,standard deviation,0,train,label_file_random,0.3009876608848572
26,141,26,141,features,maximum likelihood estimate,0,train,label_file_random,0.5294977426528931
120,242,120,242,linear model,overfitting,0,train,label_file_random,0.509797215461731
41,233,41,233,data set,true positives,0,train,label_file_random,0.32411032915115356
34,177,34,177,convex function,partial derivative,0,train,label_file_random,0.5128204822540283
74,242,74,242,generalized linear models,overfitting,0,train,label_file_random,0.355563223361969
130,156,130,156,machine learning,nearest neighbors,0,train,label_file_random,0.4365055561065674
58,111,58,111,f1 score,learning method,0,train,label_file_random,0.35397958755493164
26,36,26,36,features,covariance matrix,0,train,label_file_random,0.5456962585449219
127,210,127,210,logistic regression,spam filtering,0,train,label_file_random,0.41901442408561707
44,141,44,141,decision tree,maximum likelihood estimate,0,train,label_file_random,0.5103755593299866
89,141,89,141,hypothesis,maximum likelihood estimate,0,train,label_file_random,0.6061934232711792
32,203,32,203,conjugate gradient,regression problem,0,train,label_file_random,0.36989080905914307
38,143,38,143,cross validation error,mean square error,0,train,label_file_random,0.6869577169418335
128,215,128,215,loss function,standard deviation,0,train,label_file_random,0.38407468795776367
204,237,204,237,regularization,validation error,0,train,label_file_random,0.6163612008094788
53,185,53,185,error analysis,positive class,0,train,label_file_random,0.3918927311897278
71,229,71,229,gaussian model,training data set,0,train,label_file_random,0.3453105092048645
37,132,37,132,cross validation,machine learning application,0,train,label_file_random,0.5189945697784424
25,141,25,141,collaborative filtering,maximum likelihood estimate,0,train,label_file_random,0.2959135174751282
52,238,52,238,early stopping,validation set,0,train,label_file_random,0.5275143384933472
210,238,210,238,spam filtering,validation set,0,train,label_file_random,0.41906484961509705
100,148,100,148,k means,mixture model,0,train,label_file_random,0.5524779558181763
26,29,26,29,features,conditional distribution,0,train,label_file_random,0.42832648754119873
51,164,51,164,document retrieval,normalized representation,0,train,label_file_random,0.501858651638031
131,156,131,156,machine learning algorithm,nearest neighbors,0,train,label_file_random,0.4678683280944824
53,119,53,119,error analysis,linear kernel,0,train,label_file_random,0.3647691607475281
207,242,207,242,sentiment analysis,overfitting,0,train,label_file_random,0.24399986863136292
175,228,175,228,parameter estimation,training data,0,train,label_file_random,0.5251192450523376
20,131,20,131,classification error,machine learning algorithm,0,train,label_file_random,0.4919864237308502
39,89,39,89,cross validation sets,hypothesis,0,train,label_file_random,0.46810466051101685
142,146,142,146,mean normalization,minimization problem,0,train,label_file_random,0.4669913649559021
130,140,130,140,machine learning,maximum likelihood,0,train,label_file_random,0.5681647062301636
127,241,127,241,logistic regression,weak classifier,0,train,label_file_random,0.41965508460998535
86,111,86,111,high order polynomial,learning method,0,train,label_file_random,0.38316988945007324
168,228,168,228,optimal solution,training data,0,train,label_file_random,0.4807206094264984
42,206,42,206,decision boundaries,regularized logistic regression,0,train,label_file_random,0.46677324175834656
77,80,77,80,global optimum,gradient checking,0,train,label_file_random,0.34349751472473145
56,121,56,121,evaluation metrics,linear regression,0,train,label_file_random,0.407972514629364
111,116,111,116,learning method,likelihood function,0,train,label_file_random,0.45066583156585693
36,175,36,175,covariance matrix,parameter estimation,0,train,label_file_random,0.3567892014980316
24,140,24,140,clustering algorithm,maximum likelihood,0,train,label_file_random,0.32915985584259033
88,114,88,114,recall,learning system,0,train,label_file_random,0.5162338614463806
149,234,149,234,model complexity,tuning parameter,0,train,label_file_random,0.4879273772239685
147,228,147,228,misclassification error,training data,0,train,label_file_random,0.5810657739639282
138,229,138,229,matrix transpose,training data set,0,train,label_file_random,0.3648081421852112
25,221,25,221,collaborative filtering,support vector machine,0,train,label_file_random,0.31870317459106445
41,69,41,69,data set,gaussian density,0,train,label_file_random,0.32097089290618896
136,207,136,207,matrix factorization,sentiment analysis,0,train,label_file_random,0.3830645680427551
40,91,40,91,data representation,image classification,0,train,label_file_random,0.4693237841129303
155,242,155,242,nearest neighbor search,overfitting,0,train,label_file_random,0.32484784722328186
48,111,48,111,derivative term,learning method,0,train,label_file_random,0.5215728878974915
86,128,86,128,high order polynomial,loss function,0,train,label_file_random,0.38385531306266785
34,76,34,76,convex function,global minimum,0,train,label_file_random,0.6260318756103516
58,130,58,130,f1 score,machine learning,0,train,label_file_random,0.45402413606643677
155,228,155,228,nearest neighbor search,training data,0,train,label_file_random,0.44132018089294434
93,202,93,202,inner product,regression model,0,train,label_file_random,0.3469994068145752
147,230,147,230,misclassification error,training error,0,train,label_file_random,0.7452090382575989
199,226,199,226,recommender system,test data set,0,train,label_file_random,0.2303498089313507
138,142,138,142,matrix transpose,mean normalization,0,train,label_file_random,0.44407567381858826
26,55,26,55,features,estimated parameters,0,train,label_file_random,0.5630725026130676
14,174,14,174,binary classification,output unit,0,train,label_file_random,0.3872952461242676
211,229,211,229,square distances,training data set,0,train,label_file_random,0.3651953637599945
128,140,128,140,loss function,maximum likelihood,0,train,label_file_random,0.4827394187450409
132,226,132,226,machine learning application,test data set,0,train,label_file_random,0.5232139229774475
41,228,41,228,data set,training data,0,train,label_file_random,0.7575443387031555
45,231,45,231,deep features,transfer learning,0,train,label_file_random,0.5995382070541382
44,156,44,156,decision tree,nearest neighbors,0,train,label_file_random,0.5057893991470337
84,133,84,133,hidden unit,machine learning system,0,train,label_file_random,0.43869316577911377
204,228,204,228,regularization,training data,0,train,label_file_random,0.5526763200759888
50,64,50,64,dimensionality reduction,feature scaling,0,train,label_file_random,0.552875280380249
65,191,65,191,feature selection,predicted value,0,train,label_file_random,0.45194974541664124
26,100,26,100,features,k means,0,train,label_file_random,0.5018342733383179
155,219,155,219,nearest neighbor search,supervised learning,0,train,label_file_random,0.4622947573661804
25,46,25,46,collaborative filtering,deep learning,0,train,label_file_random,0.3377452492713928
67,129,67,129,feature vector,low rank matrix,0,train,label_file_random,0.4273037612438202
46,128,46,128,deep learning,loss function,0,train,label_file_random,0.43538373708724976
44,59,44,59,decision tree,face detection,0,train,label_file_random,0.3377060294151306
27,236,27,236,computer vision,unsupervised learning,0,train,label_file_random,0.48243653774261475
87,233,87,233,precision,true positives,0,train,label_file_random,0.7675336599349976
35,238,35,238,coordinate descent,validation set,0,train,label_file_random,0.3701130747795105
44,208,44,208,decision tree,sentiment classifier,0,train,label_file_random,0.48338639736175537
57,127,57,127,expectation maximization,logistic regression,0,train,label_file_random,0.30626389384269714
13,106,13,106,big data sets,labeled data,0,train,label_file_random,0.47142988443374634
23,130,23,130,cluster,machine learning,0,train,label_file_random,0.41953086853027344
156,210,156,210,nearest neighbors,spam filtering,0,train,label_file_random,0.3821619749069214
173,204,173,204,output layer,regularization,0,train,label_file_random,0.3180559575557709
204,236,204,236,regularization,unsupervised learning,0,train,label_file_random,0.41203445196151733
83,205,83,205,hidden layer,regularized linear regression,0,train,label_file_random,0.30517494678497314
105,206,105,206,l1 penalty,regularized logistic regression,0,train,label_file_random,0.6410778760910034
1,97,1,97,activation values,input units,0,train,label_file_random,0.5708714723587036
110,134,110,134,learning curve,massive training set,0,train,label_file_random,0.450269877910614
23,42,23,42,cluster,decision boundaries,0,train,label_file_random,0.38998502492904663
65,120,65,120,feature selection,linear model,0,train,label_file_random,0.5599575042724609
13,172,13,172,big data sets,output label,0,train,label_file_random,0.22198566794395447
27,227,27,227,computer vision,test error,0,train,label_file_random,0.31223219633102417
89,133,89,133,hypothesis,machine learning system,0,train,label_file_random,0.5971035361289978
121,141,121,141,linear regression,maximum likelihood estimate,0,train,label_file_random,0.5344129204750061
23,127,23,127,cluster,logistic regression,0,train,label_file_random,0.3290930390357971
182,218,182,218,polynomial kernel,string kernel,0,train,label_file_random,0.5477595329284668
186,238,186,238,positive data,validation set,0,train,label_file_random,0.4512212574481964
27,199,27,199,computer vision,recommender system,0,train,label_file_random,0.37483465671539307
26,94,26,94,features,input data,0,train,label_file_random,0.652687132358551
77,165,77,165,global optimum,matrix,0,train,label_file_random,0.25814223289489746
114,220,114,220,learning system,support vector,0,train,label_file_random,0.6092684268951416
34,116,34,116,convex function,likelihood function,0,train,label_file_random,0.4613330066204071
152,173,152,173,multi-class classification,output layer,0,train,label_file_random,0.4024013578891754
128,177,128,177,loss function,partial derivative,0,train,label_file_random,0.5679376721382141
48,84,48,84,derivative term,hidden unit,0,train,label_file_random,0.5397769212722778
112,146,112,146,learning problem,minimization problem,0,train,label_file_random,0.7096088528633118
46,127,46,127,deep learning,logistic regression,0,train,label_file_random,0.4006703197956085
84,204,84,204,hidden unit,regularization,0,train,label_file_random,0.33935654163360596
45,118,45,118,deep features,linear classifier,0,train,label_file_random,0.477519154548645
67,88,67,88,feature vector,recall,0,train,label_file_random,0.3509839177131653
74,140,74,140,generalized linear models,maximum likelihood,0,train,label_file_random,0.45256829261779785
215,229,215,229,standard deviation,training data set,0,train,label_file_random,0.42753827571868896
26,216,26,216,features,standard least squares,0,train,label_file_random,0.4596799612045288
21,66,21,66,classification problem,feature space,0,train,label_file_random,0.5052130222320557
128,168,128,168,loss function,optimal solution,0,train,label_file_random,0.6671690940856934
158,203,158,203,neural network,regression problem,0,train,label_file_random,0.4645463526248932
157,174,157,174,negative example,output unit,0,train,label_file_random,0.31453341245651245
42,157,42,157,decision boundaries,negative example,0,train,label_file_random,0.4405469000339508
131,136,131,136,machine learning algorithm,matrix factorization,0,train,label_file_random,0.3675241768360138
42,204,42,204,decision boundaries,regularization,0,train,label_file_random,0.4778648614883423
20,88,20,88,classification error,recall,0,train,label_file_random,0.6985914707183838
37,81,37,81,cross validation,gradient descent,0,train,label_file_random,0.5102999210357666
20,52,20,52,classification error,early stopping,0,train,label_file_random,0.40631091594696045
132,151,132,151,machine learning application,model selection,0,train,label_file_random,0.5447715520858765
181,243,181,243,polynomial features,underfitting,0,train,label_file_random,0.43954381346702576
21,226,21,226,classification problem,test data set,0,train,label_file_random,0.46544206142425537
130,176,130,176,machine learning,parameter vector,0,train,label_file_random,0.5466061234474182
19,98,19,98,classification approach,iterative algorithm,0,train,label_file_random,0.43509697914123535
115,234,115,234,least squares,tuning parameter,0,train,label_file_random,0.4571857452392578
123,214,123,214,local optima,squared error,0,train,label_file_random,0.33123788237571716
214,217,214,217,squared error,stochastic gradient algorithm,0,train,label_file_random,0.42157313227653503
54,98,54,98,error cost function,iterative algorithm,0,train,label_file_random,0.4825778007507324
41,211,41,211,data set,square distances,0,train,label_file_random,0.37690645456314087
89,204,89,204,hypothesis,regularization,0,train,label_file_random,0.5489932298660278
1,177,1,177,activation values,partial derivative,0,train,label_file_random,0.44952982664108276
23,78,23,78,cluster,gradient algorithm,0,train,label_file_random,0.30746370553970337
61,87,61,87,false positives,precision,0,train,label_file_random,0.7982544898986816
41,53,41,53,data set,error analysis,0,train,label_file_random,0.5351251363754272
76,202,76,202,global minimum,regression model,0,train,label_file_random,0.339947372674942
176,184,176,184,parameter vector,polynomial terms,0,train,label_file_random,0.43642473220825195
200,228,200,228,regression coefficients,training data,0,train,label_file_random,0.5024630427360535
154,228,154,228,multivariate gaussian model,training data,0,train,label_file_random,0.38406094908714294
115,191,115,191,least squares,predicted value,0,train,label_file_random,0.5090129971504211
180,226,180,226,photo ocr,test data set,0,train,label_file_random,0.1086239218711853
193,226,193,226,principle components,test data set,0,train,label_file_random,0.3000603914260864
196,229,196,229,probability density,training data set,0,train,label_file_random,0.3965167999267578
111,172,111,172,learning method,output label,0,train,label_file_random,0.44705930352211
152,223,152,223,multi-class classification,svm packages,0,train,label_file_random,0.36470550298690796
7,23,7,23,batch gradient descent,cluster,0,train,label_file_random,0.3672177791595459
88,89,88,89,recall,hypothesis,0,train,label_file_random,0.5087174773216248
13,75,13,75,big data sets,gibbs sampler,0,train,label_file_random,0.23442041873931885
37,67,37,67,cross validation,feature vector,0,train,label_file_random,0.33182623982429504
42,169,42,169,decision boundaries,optimization algorithms,0,train,label_file_random,0.36667075753211975
0,67,0,67,activation function,feature vector,0,train,label_file_random,0.4582926332950592
104,216,104,216,kernel regression,standard least squares,0,train,label_file_random,0.520581841468811
152,177,152,177,multi-class classification,partial derivative,0,train,label_file_random,0.29745620489120483
64,238,64,238,feature scaling,validation set,0,train,label_file_random,0.40183401107788086
49,176,49,176,design matrix,parameter vector,0,train,label_file_random,0.5974645614624023
203,242,203,242,regression problem,overfitting,0,train,label_file_random,0.524011492729187
147,229,147,229,misclassification error,training data set,0,train,label_file_random,0.4787384271621704
109,219,109,219,latent dirichlet allocation,supervised learning,0,train,label_file_random,0.28021904826164246
162,205,162,205,normal equation,regularized linear regression,0,train,label_file_random,0.6051740646362305
114,228,114,228,learning system,training data,0,train,label_file_random,0.7061657905578613
11,139,11,139,bias unit,matrix vector multiplication,0,train,label_file_random,0.5050095319747925
88,170,88,170,recall,optimization objective,0,train,label_file_random,0.37865132093429565
112,128,112,128,learning problem,loss function,0,train,label_file_random,0.6011158227920532
181,220,181,220,polynomial features,support vector,0,train,label_file_random,0.45939546823501587
115,237,115,237,least squares,validation error,0,train,label_file_random,0.49138277769088745
54,177,54,177,error cost function,partial derivative,0,train,label_file_random,0.4725092649459839
176,218,176,218,parameter vector,string kernel,0,train,label_file_random,0.3453969359397888
220,225,220,225,support vector,test data,0,train,label_file_random,0.4752614498138428
44,88,44,88,decision tree,recall,0,train,label_file_random,0.5513167381286621
113,122,113,122,learning rate,local minimum,0,train,label_file_random,0.5040363073348999
169,207,169,207,optimization algorithms,sentiment analysis,0,train,label_file_random,0.29222530126571655
210,232,210,232,spam filtering,true negatives,0,train,label_file_random,0.422428160905838
171,229,171,229,optimization problem,training data set,0,train,label_file_random,0.4439201354980469
156,236,156,236,nearest neighbors,unsupervised learning,0,train,label_file_random,0.49923279881477356
54,112,54,112,error cost function,learning problem,0,train,label_file_random,0.6221467852592468
81,228,81,228,gradient descent,training data,0,train,label_file_random,0.5285235643386841
41,175,41,175,data set,parameter estimation,0,train,label_file_random,0.4361165165901184
27,45,27,45,computer vision,deep features,0,train,label_file_random,0.64128577709198
48,202,48,202,derivative term,regression model,0,train,label_file_random,0.42256057262420654
54,126,54,126,error cost function,logistic function,0,train,label_file_random,0.44402796030044556
41,79,41,79,data set,gradient ascent,0,train,label_file_random,0.3074043393135071
111,220,111,220,learning method,support vector,0,train,label_file_random,0.5292285084724426
89,113,89,113,hypothesis,learning rate,0,train,label_file_random,0.4268489181995392
214,239,214,239,squared error,variance problem,0,train,label_file_random,0.46886447072029114
111,123,111,123,learning method,local optima,0,train,label_file_random,0.3574194610118866
54,130,54,130,error cost function,machine learning,0,train,label_file_random,0.5971912145614624
39,112,39,112,cross validation sets,learning problem,0,train,label_file_random,0.4470651149749756
170,202,170,202,optimization objective,regression model,0,train,label_file_random,0.4549701511859894
130,170,130,170,machine learning,optimization objective,0,train,label_file_random,0.5103229284286499
5,23,5,23,anomaly detection,cluster,0,train,label_file_random,0.5002251267433167
149,203,149,203,model complexity,regression problem,0,train,label_file_random,0.5409818887710571
205,238,205,238,regularized linear regression,validation set,0,train,label_file_random,0.47405827045440674
26,34,26,34,features,convex function,0,train,label_file_random,0.4197283983230591
64,185,64,185,feature scaling,positive class,0,train,label_file_random,0.28080350160598755
165,228,165,228,matrix,training data,0,train,label_file_random,0.45705652236938477
8,22,8,22,bayesian approach,cluster center,0,train,label_file_random,0.25609683990478516
161,184,161,184,nonlinear hypotheses,polynomial terms,0,train,label_file_random,0.6058921813964844
147,225,147,225,misclassification error,test data,0,train,label_file_random,0.584359884262085
81,184,81,184,gradient descent,polynomial terms,0,train,label_file_random,0.3470765948295593
81,242,81,242,gradient descent,overfitting,0,train,label_file_random,0.5304555892944336
127,238,127,238,logistic regression,validation set,0,train,label_file_random,0.3912934958934784
130,209,130,209,machine learning,sigmoid function,0,train,label_file_random,0.40679576992988586
41,110,41,110,data set,learning curve,0,train,label_file_random,0.4906187355518341
51,199,51,199,document retrieval,recommender system,0,train,label_file_random,0.5425994992256165
1,161,1,161,activation values,nonlinear hypotheses,0,train,label_file_random,0.407985657453537
112,186,112,186,learning problem,positive data,0,train,label_file_random,0.5087090730667114
131,170,131,170,machine learning algorithm,optimization objective,0,train,label_file_random,0.5305135846138
20,147,20,147,classification error,misclassification error,0,train,label_file_random,0.9350465536117554
50,213,50,213,dimensionality reduction,square projection error,0,train,label_file_random,0.5817210674285889
4,56,4,56,anomalous example,evaluation metrics,0,train,label_file_random,0.2455207258462906
60,233,60,233,false negative,true positives,0,train,label_file_random,0.807522177696228
32,228,32,228,conjugate gradient,training data,0,train,label_file_random,0.3261568546295166
104,132,104,132,kernel regression,machine learning application,0,train,label_file_random,0.4667872488498688
89,139,89,139,hypothesis,matrix vector multiplication,0,train,label_file_random,0.30980008840560913
13,24,13,24,big data sets,clustering algorithm,0,train,label_file_random,0.3860098123550415
176,230,176,230,parameter vector,training error,0,train,label_file_random,0.5037575364112854
21,191,21,191,classification problem,predicted value,0,train,label_file_random,0.47053229808807373
60,111,60,111,false negative,learning method,0,train,label_file_random,0.43814322352409363
86,229,86,229,high order polynomial,training data set,0,train,label_file_random,0.3186306953430176
196,224,196,224,probability density,symmetric matrix,0,train,label_file_random,0.38762953877449036
199,220,199,220,recommender system,support vector,0,train,label_file_random,0.3265446722507477
87,90,87,90,precision,identity matrics,0,train,label_file_random,0.2926977872848511
74,128,74,128,generalized linear models,loss function,0,train,label_file_random,0.3480803966522217
70,170,70,170,gaussian kernel,optimization objective,0,train,label_file_random,0.4211028516292572
84,169,84,169,hidden unit,optimization algorithms,0,train,label_file_random,0.41289737820625305
136,242,136,242,matrix factorization,overfitting,0,train,label_file_random,0.34077274799346924
128,229,128,229,loss function,training data set,0,train,label_file_random,0.5479174852371216
18,27,18,27,classification accuracy,computer vision,0,train,label_file_random,0.29813531041145325
114,227,114,227,learning system,test error,0,train,label_file_random,0.5034047365188599
44,46,44,46,decision tree,deep learning,0,train,label_file_random,0.47826430201530457
21,141,21,141,classification problem,maximum likelihood estimate,0,train,label_file_random,0.5382882356643677
114,229,114,229,learning system,training data set,0,train,label_file_random,0.5923354625701904
81,128,81,128,gradient descent,loss function,0,train,label_file_random,0.6325294971466064
81,133,81,133,gradient descent,machine learning system,0,train,label_file_random,0.5496646761894226
1,111,1,111,activation values,learning method,0,train,label_file_random,0.37432464957237244
100,219,100,219,k means,supervised learning,0,train,label_file_random,0.4848042130470276
75,130,75,130,gibbs sampler,machine learning,0,train,label_file_random,0.3084522485733032
1,95,1,95,activation values,input layer,0,train,label_file_random,0.6202312111854553
11,240,11,240,bias unit,vector multiplication,0,train,label_file_random,0.4543766379356384
12,182,12,182,bias variance trade-off,polynomial kernel,0,train,label_file_random,0.28340592980384827
84,128,84,128,hidden unit,loss function,0,train,label_file_random,0.5038133859634399
93,223,93,223,inner product,svm packages,0,train,label_file_random,0.2628467082977295
35,131,35,131,coordinate descent,machine learning algorithm,0,train,label_file_random,0.4608217775821686
84,173,84,173,hidden unit,output layer,0,train,label_file_random,0.6481736898422241
234,242,234,242,tuning parameter,overfitting,0,train,label_file_random,0.5264997482299805
60,236,60,236,false negative,unsupervised learning,0,train,label_file_random,0.3536699414253235
24,118,24,118,clustering algorithm,linear classifier,0,train,label_file_random,0.482763409614563
43,157,43,157,decision stamp,negative example,0,train,label_file_random,0.3582135736942291
131,167,131,167,machine learning algorithm,online learning,0,train,label_file_random,0.523331880569458
73,143,73,143,generalization error,mean square error,0,train,label_file_random,0.6270045638084412
46,225,46,225,deep learning,test data,0,train,label_file_random,0.4955313205718994
26,76,26,76,features,global minimum,0,train,label_file_random,0.40231481194496155
13,25,13,25,big data sets,collaborative filtering,0,train,label_file_random,0.33503127098083496
23,101,23,101,cluster,k nearest neighbors,0,train,label_file_random,0.6370771527290344
55,168,55,168,estimated parameters,optimal solution,0,train,label_file_random,0.5770007967948914
84,132,84,132,hidden unit,machine learning application,0,train,label_file_random,0.40437179803848267
191,206,191,206,predicted value,regularized logistic regression,0,train,label_file_random,0.35713106393814087
90,128,90,128,identity matrics,loss function,0,train,label_file_random,0.3915024399757385
156,169,156,169,nearest neighbors,optimization algorithms,0,train,label_file_random,0.3987272083759308
199,219,199,219,recommender system,supervised learning,0,train,label_file_random,0.3936702013015747
103,158,103,158,kernel function,neural network,0,train,label_file_random,0.4801567494869232
81,116,81,116,gradient descent,likelihood function,0,train,label_file_random,0.5098836421966553
130,217,130,217,machine learning,stochastic gradient algorithm,0,train,label_file_random,0.5065402984619141
185,218,185,218,positive class,string kernel,0,train,label_file_random,0.27061033248901367
162,204,162,204,normal equation,regularization,0,train,label_file_random,0.579574704170227
149,201,149,201,model complexity,regression function,0,train,label_file_random,0.5393683910369873
58,121,58,121,f1 score,linear regression,0,train,label_file_random,0.35342249274253845
26,95,26,95,features,input layer,0,train,label_file_random,0.5308067202568054
170,220,170,220,optimization objective,support vector,0,train,label_file_random,0.4847041070461273
0,161,0,161,activation function,nonlinear hypotheses,0,train,label_file_random,0.4897202253341675
121,181,121,181,linear regression,polynomial features,0,train,label_file_random,0.5605522394180298
165,189,165,189,matrix,precision recall curve,0,train,label_file_random,0.26232102513313293
86,149,86,149,high order polynomial,model complexity,0,train,label_file_random,0.5028313994407654
34,169,34,169,convex function,optimization algorithms,0,train,label_file_random,0.5056009888648987
77,131,77,131,global optimum,machine learning algorithm,0,train,label_file_random,0.4303111433982849
121,156,121,156,linear regression,nearest neighbors,0,train,label_file_random,0.38872459530830383
86,157,86,157,high order polynomial,negative example,0,train,label_file_random,0.29269838333129883
172,195,172,195,output label,probabilistic model,0,train,label_file_random,0.45016971230506897
23,29,23,29,cluster,conditional distribution,0,train,label_file_random,0.36578038334846497
128,200,128,200,loss function,regression coefficients,0,train,label_file_random,0.47184714674949646
136,169,136,169,matrix factorization,optimization algorithms,0,train,label_file_random,0.2876119017601013
75,81,75,81,gibbs sampler,gradient descent,0,train,label_file_random,0.3000231981277466
141,165,141,165,maximum likelihood estimate,matrix,0,train,label_file_random,0.3874814808368683
70,228,70,228,gaussian kernel,training data,0,train,label_file_random,0.4271496832370758
18,204,18,204,classification accuracy,regularization,0,train,label_file_random,0.4236573278903961
100,138,100,138,k means,matrix transpose,0,train,label_file_random,0.26654356718063354
21,168,21,168,classification problem,optimal solution,0,train,label_file_random,0.4729372262954712
78,207,78,207,gradient algorithm,sentiment analysis,0,train,label_file_random,0.2896226644515991
64,128,64,128,feature scaling,loss function,0,train,label_file_random,0.4039856493473053
70,204,70,204,gaussian kernel,regularization,0,train,label_file_random,0.5145768523216248
22,228,22,228,cluster center,training data,0,train,label_file_random,0.33437585830688477
115,176,115,176,least squares,parameter vector,0,train,label_file_random,0.5422959327697754
156,220,156,220,nearest neighbors,support vector,0,train,label_file_random,0.46909579634666443
20,128,20,128,classification error,loss function,0,train,label_file_random,0.5771949291229248
50,110,50,110,dimensionality reduction,learning curve,0,train,label_file_random,0.3406898081302643
131,146,131,146,machine learning algorithm,minimization problem,0,train,label_file_random,0.6072167754173279
58,60,58,60,f1 score,false negative,0,train,label_file_random,0.7168829441070557
86,227,86,227,high order polynomial,test error,0,train,label_file_random,0.31932398676872253
23,40,23,40,cluster,data representation,0,train,label_file_random,0.5235381126403809
66,219,66,219,feature space,supervised learning,0,train,label_file_random,0.5912838578224182
21,26,21,26,classification problem,features,0,train,label_file_random,0.5705373287200928
44,167,44,167,decision tree,online learning,0,train,label_file_random,0.3915146291255951
132,209,132,209,machine learning application,sigmoid function,0,train,label_file_random,0.31164681911468506
33,176,33,176,convergence test,parameter vector,0,train,label_file_random,0.44434136152267456
37,220,37,220,cross validation,support vector,0,train,label_file_random,0.493925005197525
19,176,19,176,classification approach,parameter vector,0,train,label_file_random,0.4441695809364319
168,202,168,202,optimal solution,regression model,0,train,label_file_random,0.42218178510665894
84,214,84,214,hidden unit,squared error,0,train,label_file_random,0.3627486228942871
5,239,5,239,anomaly detection,variance problem,0,train,label_file_random,0.45487314462661743
1,165,1,165,activation values,matrix,0,train,label_file_random,0.44390833377838135
55,198,55,198,estimated parameters,random variable,0,train,label_file_random,0.4829576015472412
169,214,169,214,optimization algorithms,squared error,0,train,label_file_random,0.42695295810699463
110,214,110,214,learning curve,squared error,0,train,label_file_random,0.6023586392402649
171,181,171,181,optimization problem,polynomial features,0,train,label_file_random,0.3676857054233551
165,225,165,225,matrix,test data,0,train,label_file_random,0.4295126795768738
161,219,161,219,nonlinear hypotheses,supervised learning,0,train,label_file_random,0.43307146430015564
210,229,210,229,spam filtering,training data set,0,train,label_file_random,0.38303250074386597
34,127,34,127,convex function,logistic regression,0,train,label_file_random,0.37320786714553833
118,149,118,149,linear classifier,model complexity,0,train,label_file_random,0.4672750234603882
106,178,106,178,labeled data,pca algorithm,0,train,label_file_random,0.4079030454158783
73,238,73,238,generalization error,validation set,0,train,label_file_random,0.598981499671936
23,88,23,88,cluster,recall,0,train,label_file_random,0.40668413043022156
41,150,41,150,data set,model parameters,0,train,label_file_random,0.48074018955230713
125,206,125,206,log likelihood,regularized logistic regression,0,train,label_file_random,0.5537548065185547
76,218,76,218,global minimum,string kernel,0,train,label_file_random,0.2146359086036682
10,176,10,176,bias problem,parameter vector,0,train,label_file_random,0.4718681871891022
152,176,152,176,multi-class classification,parameter vector,0,train,label_file_random,0.36104023456573486
86,221,86,221,high order polynomial,support vector machine,0,train,label_file_random,0.35756203532218933
84,237,84,237,hidden unit,validation error,0,train,label_file_random,0.32219770550727844
216,242,216,242,standard least squares,overfitting,0,train,label_file_random,0.5186721682548523
26,225,26,225,features,test data,0,train,label_file_random,0.5935258865356445
150,226,150,226,model parameters,test data set,0,train,label_file_random,0.5296062231063843
130,195,130,195,machine learning,probabilistic model,0,train,label_file_random,0.47950389981269836
83,89,83,89,hidden layer,hypothesis,0,train,label_file_random,0.4259316325187683
121,239,121,239,linear regression,variance problem,0,train,label_file_random,0.38430678844451904
55,191,55,191,estimated parameters,predicted value,0,train,label_file_random,0.5361561179161072
21,220,21,220,classification problem,support vector,0,train,label_file_random,0.49862220883369446
44,128,44,128,decision tree,loss function,0,train,label_file_random,0.49938684701919556
92,229,92,229,image retrieval,training data set,0,train,label_file_random,0.29878219962120056
66,218,66,218,feature space,string kernel,0,train,label_file_random,0.4685431718826294
204,229,204,229,regularization,training data set,0,train,label_file_random,0.4857219457626343
114,226,114,226,learning system,test data set,0,train,label_file_random,0.551899790763855
46,136,46,136,deep learning,matrix factorization,0,train,label_file_random,0.41474276781082153
180,225,180,225,photo ocr,test data,0,train,label_file_random,0.16970711946487427
35,127,35,127,coordinate descent,logistic regression,0,train,label_file_random,0.35789620876312256
51,57,51,57,document retrieval,expectation maximization,0,train,label_file_random,0.339424192905426
96,143,96,143,input space,mean square error,0,train,label_file_random,0.4272218346595764
37,201,37,201,cross validation,regression function,0,train,label_file_random,0.4671698212623596
180,228,180,228,photo ocr,training data,0,train,label_file_random,0.2109352946281433
41,146,41,146,data set,minimization problem,0,train,label_file_random,0.3766573667526245
26,73,26,73,features,generalization error,0,train,label_file_random,0.4472840428352356
141,169,141,169,maximum likelihood estimate,optimization algorithms,0,train,label_file_random,0.4791797697544098
174,240,174,240,output unit,vector multiplication,0,train,label_file_random,0.5231065154075623
22,41,22,41,cluster center,data set,0,train,label_file_random,0.3728060722351074
21,186,21,186,classification problem,positive data,0,train,label_file_random,0.5169724822044373
238,239,238,239,validation set,variance problem,0,train,label_file_random,0.4763922095298767
95,214,95,214,input layer,squared error,0,train,label_file_random,0.42340365052223206
108,151,108,151,lasso regression,model selection,0,train,label_file_random,0.5910282135009766
24,127,24,127,clustering algorithm,logistic regression,0,train,label_file_random,0.34369826316833496
36,41,36,41,covariance matrix,data set,0,train,label_file_random,0.40189993381500244
32,152,32,152,conjugate gradient,multi-class classification,0,train,label_file_random,0.2703450918197632
79,157,79,157,gradient ascent,negative example,0,train,label_file_random,0.2452699840068817
67,113,67,113,feature vector,learning rate,0,train,label_file_random,0.32517769932746887
99,150,99,150,joint model probability,model parameters,0,train,label_file_random,0.40513861179351807
158,227,158,227,neural network,test error,0,train,label_file_random,0.43099653720855713
5,13,5,13,anomaly detection,big data sets,0,train,label_file_random,0.3031642735004425
158,243,158,243,neural network,underfitting,0,train,label_file_random,0.4190834164619446
160,226,160,226,non-anomalous examples,test data set,0,train,label_file_random,0.43885552883148193
100,118,100,118,k means,linear classifier,0,train,label_file_random,0.4448978304862976
4,226,4,226,anomalous example,test data set,0,train,label_file_random,0.3967849314212799
26,129,26,129,features,low rank matrix,0,train,label_file_random,0.4548075497150421
84,114,84,114,hidden unit,learning system,0,train,label_file_random,0.47277867794036865
70,156,70,156,gaussian kernel,nearest neighbors,0,train,label_file_random,0.49240294098854065
112,119,112,119,learning problem,linear kernel,0,train,label_file_random,0.3961644470691681
191,200,191,200,predicted value,regression coefficients,0,train,label_file_random,0.618725597858429
156,167,156,167,nearest neighbors,online learning,0,train,label_file_random,0.38371512293815613
53,88,53,88,error analysis,recall,0,train,label_file_random,0.5834763646125793
5,175,5,175,anomaly detection,parameter estimation,0,train,label_file_random,0.4691450297832489
172,211,172,211,output label,square distances,0,train,label_file_random,0.26977601647377014
45,221,45,221,deep features,support vector machine,0,train,label_file_random,0.41118401288986206
88,150,88,150,recall,model parameters,0,train,label_file_random,0.35532379150390625
5,117,5,117,anomaly detection,linear algebra,0,train,label_file_random,0.35401731729507446
193,215,193,215,principle components,standard deviation,0,train,label_file_random,0.4470336139202118
37,183,37,183,cross validation,polynomial regression,0,train,label_file_random,0.32695358991622925
88,177,88,177,recall,partial derivative,0,train,label_file_random,0.22727391123771667
113,128,113,128,learning rate,loss function,0,train,label_file_random,0.5221678018569946
26,234,26,234,features,tuning parameter,0,train,label_file_random,0.5269286036491394
57,100,57,100,expectation maximization,k means,0,train,label_file_random,0.5877898931503296
37,169,37,169,cross validation,optimization algorithms,0,train,label_file_random,0.44368261098861694
62,111,62,111,feature engineering,learning method,0,train,label_file_random,0.46633270382881165
26,138,26,138,features,matrix transpose,0,train,label_file_random,0.4526592791080475
110,176,110,176,learning curve,parameter vector,0,train,label_file_random,0.5387100577354431
103,111,103,111,kernel function,learning method,0,train,label_file_random,0.5261134505271912
68,184,68,184,forward propagation,polynomial terms,0,train,label_file_random,0.35967791080474854
38,84,38,84,cross validation error,hidden unit,0,train,label_file_random,0.3924601674079895
83,226,83,226,hidden layer,test data set,0,train,label_file_random,0.3647448420524597
19,228,19,228,classification approach,training data,0,train,label_file_random,0.6367257833480835
88,183,88,183,recall,polynomial regression,0,train,label_file_random,0.27390366792678833
89,242,89,242,hypothesis,overfitting,0,train,label_file_random,0.5663043856620789
41,60,41,60,data set,false negative,0,train,label_file_random,0.4702652096748352
101,202,101,202,k nearest neighbors,regression model,0,train,label_file_random,0.5046036243438721
26,105,26,105,features,l1 penalty,0,train,label_file_random,0.3939666152000427
21,236,21,236,classification problem,unsupervised learning,0,train,label_file_random,0.4712635278701782
13,118,13,118,big data sets,linear classifier,0,train,label_file_random,0.334659606218338
21,227,21,227,classification problem,test error,0,train,label_file_random,0.5071477293968201
111,134,111,134,learning method,massive training set,0,train,label_file_random,0.43626758456230164
4,67,4,67,anomalous example,feature vector,0,train,label_file_random,0.3159071207046509
43,225,43,225,decision stamp,test data,0,train,label_file_random,0.3648865222930908
110,237,110,237,learning curve,validation error,0,train,label_file_random,0.6069056987762451
29,98,29,98,conditional distribution,iterative algorithm,0,train,label_file_random,0.24038083851337433
121,197,121,197,linear regression,random numbers,0,train,label_file_random,0.36870574951171875
39,230,39,230,cross validation sets,training error,0,train,label_file_random,0.5437970161437988
115,242,115,242,least squares,overfitting,0,train,label_file_random,0.522779643535614
101,108,101,108,k nearest neighbors,lasso regression,0,train,label_file_random,0.40596163272857666
0,214,0,214,activation function,squared error,0,train,label_file_random,0.4108407497406006
22,77,22,77,cluster center,global optimum,0,train,label_file_random,0.2668495178222656
108,183,108,183,lasso regression,polynomial regression,0,train,label_file_random,0.5195069313049316
10,39,10,39,bias problem,cross validation sets,0,train,label_file_random,0.3871577978134155
71,100,71,100,gaussian model,k means,0,train,label_file_random,0.4507189989089966
21,95,21,95,classification problem,input layer,0,train,label_file_random,0.363960862159729
142,219,142,219,mean normalization,supervised learning,0,train,label_file_random,0.3892408013343811
42,140,42,140,decision boundaries,maximum likelihood,0,train,label_file_random,0.44782066345214844
84,112,84,112,hidden unit,learning problem,0,train,label_file_random,0.42123693227767944
64,98,64,98,feature scaling,iterative algorithm,0,train,label_file_random,0.41930514574050903
98,168,98,168,iterative algorithm,optimal solution,0,train,label_file_random,0.42001837491989136
183,204,183,204,polynomial regression,regularization,0,train,label_file_random,0.48181313276290894
98,123,98,123,iterative algorithm,local optima,0,train,label_file_random,0.362554669380188
48,123,48,123,derivative term,local optima,0,train,label_file_random,0.47894299030303955
22,123,22,123,cluster center,local optima,0,train,label_file_random,0.19988404214382172
67,238,67,238,feature vector,validation set,0,train,label_file_random,0.36472007632255554
98,113,98,113,iterative algorithm,learning rate,0,train,label_file_random,0.4926867187023163
106,220,106,220,labeled data,support vector,0,train,label_file_random,0.5508212447166443
0,229,0,229,activation function,training data set,0,train,label_file_random,0.3604079484939575
20,226,20,226,classification error,test data set,0,train,label_file_random,0.5613212585449219
83,173,83,173,hidden layer,output layer,0,train,label_file_random,0.7461150288581848
43,186,43,186,decision stamp,positive data,0,train,label_file_random,0.3579253554344177
26,99,26,99,features,joint model probability,0,train,label_file_random,0.4039951264858246
53,114,53,114,error analysis,learning system,0,train,label_file_random,0.5501742959022522
22,69,22,69,cluster center,gaussian density,0,train,label_file_random,0.40311408042907715
104,141,104,141,kernel regression,maximum likelihood estimate,0,train,label_file_random,0.5477008819580078
9,81,9,81,bayesian inference,gradient descent,0,train,label_file_random,0.32461464405059814
38,121,38,121,cross validation error,linear regression,0,train,label_file_random,0.5239889025688171
150,225,150,225,model parameters,test data,0,train,label_file_random,0.5407785177230835
103,123,103,123,kernel function,local optima,0,train,label_file_random,0.3122553825378418
64,106,64,106,feature scaling,labeled data,0,train,label_file_random,0.395412415266037
76,165,76,165,global minimum,matrix,0,train,label_file_random,0.3187834620475769
36,117,36,117,covariance matrix,linear algebra,0,train,label_file_random,0.5446121692657471
23,89,23,89,cluster,hypothesis,0,train,label_file_random,0.46006470918655396
140,157,140,157,maximum likelihood,negative example,0,train,label_file_random,0.37358176708221436
19,202,19,202,classification approach,regression model,0,train,label_file_random,0.5762751698493958
134,226,134,226,massive training set,test data set,0,train,label_file_random,0.6090940833091736
88,105,88,105,recall,l1 penalty,0,train,label_file_random,0.37704139947891235
104,115,104,115,kernel regression,least squares,0,train,label_file_random,0.4894450306892395
41,55,41,55,data set,estimated parameters,0,train,label_file_random,0.4909457564353943
93,131,93,131,inner product,machine learning algorithm,0,train,label_file_random,0.3286619782447815
111,170,111,170,learning method,optimization objective,0,train,label_file_random,0.4872879385948181
76,122,76,122,global minimum,local minimum,0,train,label_file_random,0.7921890020370483
13,110,13,110,big data sets,learning curve,0,train,label_file_random,0.27757149934768677
88,173,88,173,recall,output layer,0,train,label_file_random,0.3133344054222107
5,67,5,67,anomaly detection,feature vector,0,train,label_file_random,0.4039686322212219
118,220,118,220,linear classifier,support vector,0,train,label_file_random,0.578133761882782
113,199,113,199,learning rate,recommender system,0,train,label_file_random,0.24012795090675354
47,238,47,238,deep neural network,validation set,0,train,label_file_random,0.4301419258117676
42,225,42,225,decision boundaries,test data,0,train,label_file_random,0.47087690234184265
48,83,48,83,derivative term,hidden layer,0,train,label_file_random,0.5060596466064453
90,228,90,228,identity matrics,training data,0,train,label_file_random,0.3225063681602478
12,119,12,119,bias variance trade-off,linear kernel,0,train,label_file_random,0.3484106659889221
0,177,0,177,activation function,partial derivative,0,train,label_file_random,0.457939475774765
165,197,165,197,matrix,random numbers,0,train,label_file_random,0.35058480501174927
84,127,84,127,hidden unit,logistic regression,0,train,label_file_random,0.31057417392730713
12,81,12,81,bias variance trade-off,gradient descent,0,train,label_file_random,0.4736703038215637
83,184,83,184,hidden layer,polynomial terms,0,train,label_file_random,0.40010392665863037
37,233,37,233,cross validation,true positives,0,train,label_file_random,0.44377994537353516
171,199,171,199,optimization problem,recommender system,0,train,label_file_random,0.3314221501350403
84,130,84,130,hidden unit,machine learning,0,train,label_file_random,0.48881980776786804
119,128,119,128,linear kernel,loss function,0,train,label_file_random,0.40617814660072327
53,182,53,182,error analysis,polynomial kernel,0,train,label_file_random,0.3047097325325012
150,214,150,214,model parameters,squared error,0,train,label_file_random,0.44331884384155273
53,190,53,190,error analysis,predicted class,0,train,label_file_random,0.5756924748420715
86,237,86,237,high order polynomial,validation error,0,train,label_file_random,0.37578725814819336
220,243,220,243,support vector,underfitting,0,train,label_file_random,0.45721182227134705
93,94,93,94,inner product,input data,0,train,label_file_random,0.34334683418273926
130,198,130,198,machine learning,random variable,0,train,label_file_random,0.5445459485054016
5,26,5,26,anomaly detection,features,0,train,label_file_random,0.42827361822128296
22,128,22,128,cluster center,loss function,0,train,label_file_random,0.2905307412147522
41,58,41,58,data set,f1 score,0,train,label_file_random,0.41625046730041504
151,202,151,202,model selection,regression model,0,train,label_file_random,0.5784763097763062
53,158,53,158,error analysis,neural network,0,train,label_file_random,0.4012274444103241
51,148,51,148,document retrieval,mixture model,0,train,label_file_random,0.3220188319683075
183,186,183,186,polynomial regression,positive data,0,train,label_file_random,0.2540436387062073
115,151,115,151,least squares,model selection,0,train,label_file_random,0.5598317384719849
181,202,181,202,polynomial features,regression model,0,train,label_file_random,0.5131489634513855
12,96,12,96,bias variance trade-off,input space,0,train,label_file_random,0.3843744397163391
214,228,214,228,squared error,training data,0,train,label_file_random,0.4637439548969269
12,165,12,165,bias variance trade-off,matrix,0,train,label_file_random,0.32884228229522705
111,160,111,160,learning method,non-anomalous examples,0,train,label_file_random,0.3501906991004944
83,151,83,151,hidden layer,model selection,0,train,label_file_random,0.36067259311676025
60,229,60,229,false negative,training data set,0,train,label_file_random,0.4803275465965271
63,228,63,228,feature extraction,training data,0,train,label_file_random,0.548130452632904
22,111,22,111,cluster center,learning method,0,train,label_file_random,0.3749820291996002
180,219,180,219,photo ocr,supervised learning,0,train,label_file_random,0.23501256108283997
111,229,111,229,learning method,training data set,0,train,label_file_random,0.6260528564453125
26,223,26,223,features,svm packages,0,train,label_file_random,0.44387000799179077
176,220,176,220,parameter vector,support vector,0,train,label_file_random,0.6229814887046814
103,128,103,128,kernel function,loss function,0,train,label_file_random,0.46801862120628357
67,191,67,191,feature vector,predicted value,0,train,label_file_random,0.4756354093551636
67,138,67,138,feature vector,matrix transpose,0,train,label_file_random,0.47496962547302246
170,184,170,184,optimization objective,polynomial terms,0,train,label_file_random,0.35601362586021423
111,230,111,230,learning method,training error,0,train,label_file_random,0.5799890756607056
13,112,13,112,big data sets,learning problem,0,train,label_file_random,0.418129563331604
168,238,168,238,optimal solution,validation set,0,train,label_file_random,0.4577021896839142
106,156,106,156,labeled data,nearest neighbors,0,train,label_file_random,0.5792468786239624
39,58,39,58,cross validation sets,f1 score,0,train,label_file_random,0.3947850167751312
13,156,13,156,big data sets,nearest neighbors,0,train,label_file_random,0.37538453936576843
121,151,121,151,linear regression,model selection,0,train,label_file_random,0.5455664396286011
77,83,77,83,global optimum,hidden layer,0,train,label_file_random,0.2952130436897278
89,209,89,209,hypothesis,sigmoid function,0,train,label_file_random,0.37731778621673584
55,136,55,136,estimated parameters,matrix factorization,0,train,label_file_random,0.3498583137989044
76,118,76,118,global minimum,linear classifier,0,train,label_file_random,0.34481900930404663
128,228,128,228,loss function,training data,0,train,label_file_random,0.5240820646286011
76,119,76,119,global minimum,linear kernel,0,train,label_file_random,0.4027920663356781
15,42,15,42,boosting algorithm,decision boundaries,0,train,label_file_random,0.35322707891464233
84,205,84,205,hidden unit,regularized linear regression,0,train,label_file_random,0.2700389623641968
129,176,129,176,low rank matrix,parameter vector,0,train,label_file_random,0.42590656876564026
173,214,173,214,output layer,squared error,0,train,label_file_random,0.3671198785305023
71,141,71,141,gaussian model,maximum likelihood estimate,0,train,label_file_random,0.5238746404647827
60,228,60,228,false negative,training data,0,train,label_file_random,0.586963415145874
127,183,127,183,logistic regression,polynomial regression,0,train,label_file_random,0.4517562985420227
141,191,141,191,maximum likelihood estimate,predicted value,0,train,label_file_random,0.5612537264823914
87,118,87,118,precision,linear classifier,0,train,label_file_random,0.43135911226272583
87,167,87,167,precision,online learning,0,train,label_file_random,0.29843029379844666
53,204,53,204,error analysis,regularization,0,train,label_file_random,0.5206486582756042
68,122,68,122,forward propagation,local minimum,0,train,label_file_random,0.34679463505744934
133,204,133,204,machine learning system,regularization,0,train,label_file_random,0.5290385484695435
41,187,41,187,data set,positive predictions,0,train,label_file_random,0.3419930338859558
15,128,15,128,boosting algorithm,loss function,0,train,label_file_random,0.3806820809841156
143,165,143,165,mean square error,matrix,0,train,label_file_random,0.402909517288208
120,204,120,204,linear model,regularization,0,train,label_file_random,0.5351400375366211
117,167,117,167,linear algebra,online learning,0,train,label_file_random,0.33648109436035156
81,237,81,237,gradient descent,validation error,0,train,label_file_random,0.495094358921051
67,170,67,170,feature vector,optimization objective,0,train,label_file_random,0.32653629779815674
11,209,11,209,bias unit,sigmoid function,0,train,label_file_random,0.4728812873363495
26,134,26,134,features,massive training set,0,train,label_file_random,0.492154061794281
201,216,201,216,regression function,standard least squares,0,train,label_file_random,0.623267412185669
116,206,116,206,likelihood function,regularized logistic regression,0,train,label_file_random,0.46948468685150146
32,48,32,48,conjugate gradient,derivative term,0,train,label_file_random,0.47448134422302246
73,150,73,150,generalization error,model parameters,0,train,label_file_random,0.4984292984008789
239,242,239,242,variance problem,overfitting,0,train,label_file_random,0.6931161880493164
54,204,54,204,error cost function,regularization,0,train,label_file_random,0.5748611092567444
9,88,9,88,bayesian inference,recall,0,train,label_file_random,0.3798985481262207
128,191,128,191,loss function,predicted value,0,train,label_file_random,0.5935789346694946
27,238,27,238,computer vision,validation set,0,train,label_file_random,0.373759388923645
132,243,132,243,machine learning application,underfitting,0,train,label_file_random,0.4844120442867279
64,141,64,141,feature scaling,maximum likelihood estimate,0,train,label_file_random,0.3172653615474701
74,191,74,191,generalized linear models,predicted value,0,train,label_file_random,0.413688063621521
53,221,53,221,error analysis,support vector machine,0,train,label_file_random,0.4240788221359253
151,205,151,205,model selection,regularized linear regression,0,train,label_file_random,0.5313966274261475
21,83,21,83,classification problem,hidden layer,0,train,label_file_random,0.44063812494277954
60,88,60,88,false negative,recall,0,train,label_file_random,0.8192493915557861
86,170,86,170,high order polynomial,optimization objective,0,train,label_file_random,0.30510735511779785
37,178,37,178,cross validation,pca algorithm,0,train,label_file_random,0.37736839056015015
54,121,54,121,error cost function,linear regression,0,train,label_file_random,0.5981264114379883
181,226,181,226,polynomial features,test data set,0,train,label_file_random,0.34897559881210327
72,111,72,111,gaussian random variable,learning method,0,train,label_file_random,0.38560542464256287
27,157,27,157,computer vision,negative example,0,train,label_file_random,0.2820894718170166
86,226,86,226,high order polynomial,test data set,0,train,label_file_random,0.2828976511955261
202,226,202,226,regression model,test data set,0,train,label_file_random,0.5395230054855347
20,149,20,149,classification error,model complexity,0,train,label_file_random,0.584114134311676
30,41,30,41,conditional probabilities,data set,0,train,label_file_random,0.38309967517852783
115,204,115,204,least squares,regularization,0,train,label_file_random,0.646282970905304
41,93,41,93,data set,inner product,0,train,label_file_random,0.32696497440338135
111,132,111,132,learning method,machine learning application,0,train,label_file_random,0.512654185295105
80,83,80,83,gradient checking,hidden layer,0,train,label_file_random,0.4594535231590271
21,119,21,119,classification problem,linear kernel,0,train,label_file_random,0.4017924666404724
96,156,96,156,input space,nearest neighbors,0,train,label_file_random,0.4826582074165344
121,150,121,150,linear regression,model parameters,0,train,label_file_random,0.5157928466796875
14,88,14,88,binary classification,recall,0,train,label_file_random,0.5504675507545471
41,243,41,243,data set,underfitting,0,train,label_file_random,0.48563265800476074
163,234,163,234,normalized features,tuning parameter,0,train,label_file_random,0.3462379574775696
81,115,81,115,gradient descent,least squares,0,train,label_file_random,0.6033751964569092
106,233,106,233,labeled data,true positives,0,train,label_file_random,0.4105142056941986
10,121,10,121,bias problem,linear regression,0,train,label_file_random,0.437175452709198
87,199,87,199,precision,recommender system,0,train,label_file_random,0.29790765047073364
80,121,80,121,gradient checking,linear regression,0,train,label_file_random,0.2843300700187683
57,219,57,219,expectation maximization,supervised learning,0,train,label_file_random,0.4596105217933655
44,121,44,121,decision tree,linear regression,0,train,label_file_random,0.4812377691268921
41,142,41,142,data set,mean normalization,0,train,label_file_random,0.3634510338306427
171,176,171,176,optimization problem,parameter vector,0,train,label_file_random,0.5332967042922974
165,227,165,227,matrix,test error,0,train,label_file_random,0.3700823485851288
213,219,213,219,square projection error,supervised learning,0,train,label_file_random,0.4519937038421631
0,157,0,157,activation function,negative example,0,train,label_file_random,0.2678017020225525
110,133,110,133,learning curve,machine learning system,0,train,label_file_random,0.500831127166748
98,111,98,111,iterative algorithm,learning method,0,train,label_file_random,0.5742968320846558
150,191,150,191,model parameters,predicted value,0,train,label_file_random,0.4477064311504364
41,138,41,138,data set,matrix transpose,0,train,label_file_random,0.3687548041343689
136,167,136,167,matrix factorization,online learning,0,train,label_file_random,0.27712592482566833
158,240,158,240,neural network,vector multiplication,0,train,label_file_random,0.5852985978126526
45,220,45,220,deep features,support vector,0,train,label_file_random,0.4399798512458801
228,236,228,236,training data,unsupervised learning,0,train,label_file_random,0.5502274036407471
25,93,25,93,collaborative filtering,inner product,0,train,label_file_random,0.24803820252418518
219,236,219,236,supervised learning,unsupervised learning,0,train,label_file_random,0.6553775668144226
32,113,32,113,conjugate gradient,learning rate,0,train,label_file_random,0.49372994899749756
21,122,21,122,classification problem,local minimum,0,train,label_file_random,0.2684217095375061
132,141,132,141,machine learning application,maximum likelihood estimate,0,train,label_file_random,0.4501323401927948
112,227,112,227,learning problem,test error,0,train,label_file_random,0.5843596458435059
70,101,70,101,gaussian kernel,k nearest neighbors,0,train,label_file_random,0.5266586542129517
36,228,36,228,covariance matrix,training data,0,train,label_file_random,0.4178957939147949
126,229,126,229,logistic function,training data set,0,train,label_file_random,0.26081186532974243
26,186,26,186,features,positive data,0,train,label_file_random,0.4275701642036438
53,133,53,133,error analysis,machine learning system,0,train,label_file_random,0.5987805128097534
5,60,5,60,anomaly detection,false negative,0,train,label_file_random,0.5158490538597107
138,213,138,213,matrix transpose,square projection error,0,train,label_file_random,0.4906730055809021
88,179,88,179,recall,pedestrian detection,0,train,label_file_random,0.22179894149303436
206,242,206,242,regularized logistic regression,overfitting,0,train,label_file_random,0.5364182591438293
117,219,117,219,linear algebra,supervised learning,0,train,label_file_random,0.45039018988609314
133,182,133,182,machine learning system,polynomial kernel,0,train,label_file_random,0.32355740666389465
13,195,13,195,big data sets,probabilistic model,0,train,label_file_random,0.26016730070114136
57,195,57,195,expectation maximization,probabilistic model,0,train,label_file_random,0.5058597326278687
141,148,141,148,maximum likelihood estimate,mixture model,0,train,label_file_random,0.46590375900268555
106,124,106,124,labeled data,locality sensitive hashing,0,train,label_file_random,0.3538386821746826
57,81,57,81,expectation maximization,gradient descent,0,train,label_file_random,0.3762417137622833
116,229,116,229,likelihood function,training data set,0,train,label_file_random,0.4167238175868988
225,230,225,230,test data,training error,0,train,label_file_random,0.6761261224746704
140,199,140,199,maximum likelihood,recommender system,0,train,label_file_random,0.3644568920135498
186,219,186,219,positive data,supervised learning,0,train,label_file_random,0.4539030194282532
87,133,87,133,precision,machine learning system,0,train,label_file_random,0.49005284905433655
90,229,90,229,identity matrics,training data set,0,train,label_file_random,0.35808318853378296
59,128,59,128,face detection,loss function,0,train,label_file_random,0.20141789317131042
109,149,109,149,latent dirichlet allocation,model complexity,0,train,label_file_random,0.18578407168388367
46,50,46,50,deep learning,dimensionality reduction,0,train,label_file_random,0.4768701195716858
209,228,209,228,sigmoid function,training data,0,train,label_file_random,0.31795841455459595
229,234,229,234,training data set,tuning parameter,0,train,label_file_random,0.5131669044494629
21,242,21,242,classification problem,overfitting,0,train,label_file_random,0.46153727173805237
11,202,11,202,bias unit,regression model,0,train,label_file_random,0.427227646112442
224,229,224,229,symmetric matrix,training data set,0,train,label_file_random,0.3700200319290161
218,228,218,228,string kernel,training data,0,train,label_file_random,0.3510006368160248
37,200,37,200,cross validation,regression coefficients,0,train,label_file_random,0.4359533190727234
20,121,20,121,classification error,linear regression,0,train,label_file_random,0.451748251914978
108,156,108,156,lasso regression,nearest neighbors,0,train,label_file_random,0.4022848606109619
27,109,27,109,computer vision,latent dirichlet allocation,0,train,label_file_random,0.1967242807149887
142,193,142,193,mean normalization,principle components,0,train,label_file_random,0.4985195994377136
38,204,38,204,cross validation error,regularization,0,train,label_file_random,0.538433313369751
42,187,42,187,decision boundaries,positive predictions,0,train,label_file_random,0.5258374214172363
147,227,147,227,misclassification error,test error,0,train,label_file_random,0.7253924608230591
105,108,105,108,l1 penalty,lasso regression,0,train,label_file_random,0.7864125967025757
70,127,70,127,gaussian kernel,logistic regression,0,train,label_file_random,0.4372400641441345
4,175,4,175,anomalous example,parameter estimation,0,train,label_file_random,0.35546138882637024
142,226,142,226,mean normalization,test data set,0,train,label_file_random,0.37626585364341736
83,228,83,228,hidden layer,training data,0,train,label_file_random,0.5132087469100952
37,56,37,56,cross validation,evaluation metrics,0,train,label_file_random,0.5930391550064087
199,200,199,200,recommender system,regression coefficients,0,train,label_file_random,0.3362097144126892
64,221,64,221,feature scaling,support vector machine,0,train,label_file_random,0.38694119453430176
42,182,42,182,decision boundaries,polynomial kernel,0,train,label_file_random,0.39145588874816895
141,230,141,230,maximum likelihood estimate,training error,0,train,label_file_random,0.5640124678611755
64,215,64,215,feature scaling,standard deviation,0,train,label_file_random,0.5129837989807129
26,137,26,137,features,matrix multiplication,0,train,label_file_random,0.44222790002822876
37,42,37,42,cross validation,decision boundaries,0,train,label_file_random,0.5115931034088135
112,172,112,172,learning problem,output label,0,train,label_file_random,0.5003296136856079
40,51,40,51,data representation,document retrieval,0,train,label_file_random,0.5397120714187622
8,165,8,165,bayesian approach,matrix,0,train,label_file_random,0.2992241382598877
132,212,132,212,machine learning application,square matrix,0,train,label_file_random,0.37757623195648193
111,225,111,225,learning method,test data,0,train,label_file_random,0.5014427304267883
67,240,67,240,feature vector,vector multiplication,0,train,label_file_random,0.6372490525245667
26,232,26,232,features,true negatives,0,train,label_file_random,0.39099669456481934
107,171,107,171,large margin classifier,optimization problem,0,train,label_file_random,0.4566859006881714
64,226,64,226,feature scaling,test data set,0,train,label_file_random,0.3923283815383911
191,242,191,242,predicted value,overfitting,0,train,label_file_random,0.44295746088027954
53,165,53,165,error analysis,matrix,0,train,label_file_random,0.3704407215118408
106,215,106,215,labeled data,standard deviation,0,train,label_file_random,0.43286001682281494
9,148,9,148,bayesian inference,mixture model,0,train,label_file_random,0.4603847861289978
41,140,41,140,data set,maximum likelihood,0,train,label_file_random,0.4042385220527649
23,53,23,53,cluster,error analysis,0,train,label_file_random,0.42493993043899536
132,177,132,177,machine learning application,partial derivative,0,train,label_file_random,0.1943148672580719
89,237,89,237,hypothesis,validation error,0,train,label_file_random,0.5642349720001221
42,133,42,133,decision boundaries,machine learning system,0,train,label_file_random,0.44565877318382263
98,112,98,112,iterative algorithm,learning problem,0,train,label_file_random,0.4800485670566559
128,220,128,220,loss function,support vector,0,train,label_file_random,0.44734659790992737
140,148,140,148,maximum likelihood,mixture model,0,train,label_file_random,0.5062338709831238
58,158,58,158,f1 score,neural network,0,train,label_file_random,0.36966994404792786
79,204,79,204,gradient ascent,regularization,0,train,label_file_random,0.459061861038208
100,110,100,110,k means,learning curve,0,train,label_file_random,0.34990566968917847
19,157,19,157,classification approach,negative example,0,train,label_file_random,0.46380898356437683
204,226,204,226,regularization,test data set,0,train,label_file_random,0.502665638923645
0,220,0,220,activation function,support vector,0,train,label_file_random,0.38214001059532166
132,165,132,165,machine learning application,matrix,0,train,label_file_random,0.4392760396003723
81,149,81,149,gradient descent,model complexity,0,train,label_file_random,0.5254759192466736
2,42,2,42,adaboost,decision boundaries,0,train,label_file_random,0.35132426023483276
84,152,84,152,hidden unit,multi-class classification,0,train,label_file_random,0.35568490624427795
48,174,48,174,derivative term,output unit,0,train,label_file_random,0.5185084342956543
110,131,110,131,learning curve,machine learning algorithm,0,train,label_file_random,0.5623366236686707
140,186,140,186,maximum likelihood,positive data,0,train,label_file_random,0.40860170125961304
131,228,131,228,machine learning algorithm,training data,0,train,label_file_random,0.6713511347770691
49,113,49,113,design matrix,learning rate,0,train,label_file_random,0.36741459369659424
25,142,25,142,collaborative filtering,mean normalization,0,train,label_file_random,0.2501986026763916
41,120,41,120,data set,linear model,0,train,label_file_random,0.492567241191864
128,218,128,218,loss function,string kernel,0,train,label_file_random,0.2756710946559906
23,71,23,71,cluster,gaussian model,0,train,label_file_random,0.45526766777038574
132,227,132,227,machine learning application,test error,0,train,label_file_random,0.43028345704078674
169,191,169,191,optimization algorithms,predicted value,0,train,label_file_random,0.385725200176239
146,186,146,186,minimization problem,positive data,0,train,label_file_random,0.36269086599349976
27,42,27,42,computer vision,decision boundaries,0,train,label_file_random,0.4136141538619995
23,224,23,224,cluster,symmetric matrix,0,train,label_file_random,0.39532285928726196
21,113,21,113,classification problem,learning rate,0,train,label_file_random,0.3511577546596527
63,150,63,150,feature extraction,model parameters,0,train,label_file_random,0.4070250988006592
199,202,199,202,recommender system,regression model,0,train,label_file_random,0.36171412467956543
165,168,165,168,matrix,optimal solution,0,train,label_file_random,0.4154718518257141
105,163,105,163,l1 penalty,normalized features,0,train,label_file_random,0.3807407021522522
107,117,107,117,large margin classifier,linear algebra,0,train,label_file_random,0.3989201784133911
146,243,146,243,minimization problem,underfitting,0,train,label_file_random,0.5449662804603577
84,202,84,202,hidden unit,regression model,0,train,label_file_random,0.4263222813606262
21,106,21,106,classification problem,labeled data,0,train,label_file_random,0.6520612239837646
37,121,37,121,cross validation,linear regression,0,train,label_file_random,0.5020251870155334
98,140,98,140,iterative algorithm,maximum likelihood,0,train,label_file_random,0.3244897723197937
215,228,215,228,standard deviation,training data,0,train,label_file_random,0.4348801076412201
130,136,130,136,machine learning,matrix factorization,0,train,label_file_random,0.40661630034446716
63,242,63,242,feature extraction,overfitting,0,train,label_file_random,0.45213449001312256
41,84,41,84,data set,hidden unit,0,train,label_file_random,0.4011503756046295
41,170,41,170,data set,optimization objective,0,train,label_file_random,0.3708415925502777
133,226,133,226,machine learning system,test data set,0,train,label_file_random,0.5884425640106201
26,85,26,85,features,hierarchical clustering,0,train,label_file_random,0.35732537508010864
21,64,21,64,classification problem,feature scaling,0,train,label_file_random,0.33182770013809204
90,234,90,234,identity matrics,tuning parameter,0,train,label_file_random,0.2725555896759033
182,228,182,228,polynomial kernel,training data,0,train,label_file_random,0.317948579788208
160,225,160,225,non-anomalous examples,test data,0,train,label_file_random,0.4715765118598938
109,217,109,217,latent dirichlet allocation,stochastic gradient algorithm,0,train,label_file_random,0.2587847113609314
80,127,80,127,gradient checking,logistic regression,0,train,label_file_random,0.209456205368042
103,185,103,185,kernel function,positive class,0,train,label_file_random,0.45513916015625
91,231,91,231,image classification,transfer learning,0,train,label_file_random,0.5963698625564575
168,186,168,186,optimal solution,positive data,0,train,label_file_random,0.3710069954395294
46,156,46,156,deep learning,nearest neighbors,0,train,label_file_random,0.4050057530403137
20,87,20,87,classification error,precision,0,train,label_file_random,0.7187974452972412
81,201,81,201,gradient descent,regression function,0,train,label_file_random,0.5659390687942505
88,95,88,95,recall,input layer,0,train,label_file_random,0.2684210240840912
83,204,83,204,hidden layer,regularization,0,train,label_file_random,0.3985379934310913
41,77,41,77,data set,global optimum,0,train,label_file_random,0.2873516380786896
176,199,176,199,parameter vector,recommender system,0,train,label_file_random,0.4044601321220398
118,223,118,223,linear classifier,svm packages,0,train,label_file_random,0.4353451728820801
64,127,64,127,feature scaling,logistic regression,0,train,label_file_random,0.3772101104259491
87,219,87,219,precision,supervised learning,0,train,label_file_random,0.46030038595199585
38,201,38,201,cross validation error,regression function,0,train,label_file_random,0.49768269062042236
35,44,35,44,coordinate descent,decision tree,0,train,label_file_random,0.3379373550415039
44,109,44,109,decision tree,latent dirichlet allocation,0,train,label_file_random,0.24931217730045319
131,181,131,181,machine learning algorithm,polynomial features,0,train,label_file_random,0.42200934886932373
46,231,46,231,deep learning,transfer learning,0,train,label_file_random,0.5611556768417358
219,238,219,238,supervised learning,validation set,0,train,label_file_random,0.5687671899795532
169,242,169,242,optimization algorithms,overfitting,0,train,label_file_random,0.42439740896224976
127,203,127,203,logistic regression,regression problem,0,train,label_file_random,0.554224967956543
132,152,132,152,machine learning application,multi-class classification,0,train,label_file_random,0.38988959789276123
110,238,110,238,learning curve,validation set,0,train,label_file_random,0.5618665218353271
110,202,110,202,learning curve,regression model,0,train,label_file_random,0.5434826612472534
46,106,46,106,deep learning,labeled data,0,train,label_file_random,0.510658323764801
113,127,113,127,learning rate,logistic regression,0,train,label_file_random,0.3516101837158203
75,217,75,217,gibbs sampler,stochastic gradient algorithm,0,train,label_file_random,0.4362962245941162
76,142,76,142,global minimum,mean normalization,0,train,label_file_random,0.4180607497692108
117,149,117,149,linear algebra,model complexity,0,train,label_file_random,0.4282037615776062
152,165,152,165,multi-class classification,matrix,0,train,label_file_random,0.3628065884113312
113,162,113,162,learning rate,normal equation,0,train,label_file_random,0.43654435873031616
141,217,141,217,maximum likelihood estimate,stochastic gradient algorithm,0,train,label_file_random,0.4067390561103821
88,180,88,180,recall,photo ocr,0,train,label_file_random,0.14144770801067352
55,229,55,229,estimated parameters,training data set,0,train,label_file_random,0.5442887544631958
50,239,50,239,dimensionality reduction,variance problem,0,train,label_file_random,0.46524280309677124
167,207,167,207,online learning,sentiment analysis,0,train,label_file_random,0.23585191369056702
176,203,176,203,parameter vector,regression problem,0,train,label_file_random,0.42640700936317444
42,177,42,177,decision boundaries,partial derivative,0,train,label_file_random,0.3537898659706116
67,225,67,225,feature vector,test data,0,train,label_file_random,0.41141408681869507
37,202,37,202,cross validation,regression model,0,train,label_file_random,0.49799954891204834
13,211,13,211,big data sets,square distances,0,train,label_file_random,0.28543218970298767
26,169,26,169,features,optimization algorithms,0,train,label_file_random,0.4388458728790283
202,240,202,240,regression model,vector multiplication,0,train,label_file_random,0.3533058166503906
12,158,12,158,bias variance trade-off,neural network,0,train,label_file_random,0.42966797947883606
69,175,69,175,gaussian density,parameter estimation,0,train,label_file_random,0.4389101564884186
84,110,84,110,hidden unit,learning curve,0,train,label_file_random,0.399816632270813
93,119,93,119,inner product,linear kernel,0,train,label_file_random,0.44459041953086853
188,238,188,238,positive training example,validation set,0,train,label_file_random,0.46107789874076843
38,205,38,205,cross validation error,regularized linear regression,0,train,label_file_random,0.44676750898361206
1,88,1,88,activation values,recall,0,train,label_file_random,0.368607759475708
26,168,26,168,features,optimal solution,0,train,label_file_random,0.47574079036712646
49,76,49,76,design matrix,global minimum,0,train,label_file_random,0.4007371664047241
155,164,155,164,nearest neighbor search,normalized representation,0,train,label_file_random,0.3781747817993164
42,243,42,243,decision boundaries,underfitting,0,train,label_file_random,0.4019300937652588
81,200,81,200,gradient descent,regression coefficients,0,train,label_file_random,0.5182170867919922
12,89,12,89,bias variance trade-off,hypothesis,0,train,label_file_random,0.5652446746826172
46,238,46,238,deep learning,validation set,0,train,label_file_random,0.4653671383857727
103,114,103,114,kernel function,learning system,0,train,label_file_random,0.5707711577415466
41,61,41,61,data set,false positives,0,train,label_file_random,0.4351828694343567
106,130,106,130,labeled data,machine learning,0,train,label_file_random,0.5936260223388672
36,64,36,64,covariance matrix,feature scaling,0,train,label_file_random,0.46220046281814575
44,136,44,136,decision tree,matrix factorization,0,train,label_file_random,0.3210785388946533
26,70,26,70,features,gaussian kernel,0,train,label_file_random,0.4608374834060669
112,176,112,176,learning problem,parameter vector,0,train,label_file_random,0.5496950745582581
51,165,51,165,document retrieval,matrix,0,train,label_file_random,0.3891018033027649
12,143,12,143,bias variance trade-off,mean square error,0,train,label_file_random,0.608447790145874
170,191,170,191,optimization objective,predicted value,0,train,label_file_random,0.4682164490222931
5,88,5,88,anomaly detection,recall,0,train,label_file_random,0.5277103185653687
110,210,110,210,learning curve,spam filtering,0,train,label_file_random,0.2915181815624237
191,238,191,238,predicted value,validation set,0,train,label_file_random,0.4959661662578583
183,214,183,214,polynomial regression,squared error,0,train,label_file_random,0.5042712092399597
103,228,103,228,kernel function,training data,0,train,label_file_random,0.4713994264602661
121,242,121,242,linear regression,overfitting,0,train,label_file_random,0.5417336821556091
