source_id,target_id,source_index,target_index,source,target,label,split,negative_type,similarity
41,134,41,134,data set,massive training set,1,train,none,0.6321872472763062
67,83,67,83,feature vector,hidden layer,1,train,none,0.4836190342903137
78,217,78,217,gradient algorithm,stochastic gradient algorithm,1,train,none,0.7971867322921753
219,158,219,158,supervised learning,neural network,1,train,none,0.5362627506256104
226,183,226,183,test data set,polynomial regression,1,train,none,0.31568244099617004
226,16,226,16,test data set,character recognition,1,train,none,0.31675130128860474
121,159,121,159,linear regression,neural network learning,1,train,none,0.5341945290565491
226,53,226,53,test data set,error analysis,1,train,none,0.5760538578033447
112,134,112,134,learning problem,massive training set,1,train,none,0.47040802240371704
128,162,128,162,loss function,normal equation,1,train,none,0.46259140968322754
165,138,165,138,matrix,matrix transpose,1,train,none,0.7433953285217285
111,65,111,65,learning method,feature selection,1,train,none,0.5263422727584839
219,204,219,204,supervised learning,regularization,1,train,none,0.5814547538757324
118,206,118,206,linear classifier,regularized logistic regression,1,train,none,0.46699729561805725
130,16,130,16,machine learning,character recognition,1,train,none,0.5469536781311035
40,47,40,47,data representation,deep neural network,1,train,none,0.4828594923019409
169,104,169,104,optimization algorithms,kernel regression,1,train,none,0.3752896785736084
100,85,100,85,k means,hierarchical clustering,1,train,none,0.7223510146141052
93,222,93,222,inner product,svm optimization,1,train,none,0.30469033122062683
26,47,26,47,features,deep neural network,1,train,none,0.5207206606864929
111,14,111,14,learning method,binary classification,1,train,none,0.4606916010379791
225,227,225,227,test data,test error,1,train,none,0.7440799474716187
165,50,165,50,matrix,dimensionality reduction,1,train,none,0.441474974155426
99,195,99,195,joint model probability,probabilistic model,1,train,none,0.7273086309432983
165,57,165,57,matrix,expectation maximization,1,train,none,0.2315223217010498
131,100,131,100,machine learning algorithm,k means,1,train,none,0.4747806191444397
176,223,176,223,parameter vector,svm packages,1,train,none,0.47757577896118164
112,62,112,62,learning problem,feature engineering,1,train,none,0.5153310894966125
134,158,134,158,massive training set,neural network,1,train,none,0.5177054405212402
36,71,36,71,covariance matrix,gaussian model,1,train,none,0.5652753114700317
219,202,219,202,supervised learning,regression model,1,train,none,0.5868475437164307
21,221,21,221,classification problem,support vector machine,1,train,none,0.5848274230957031
186,60,186,60,positive data,false negative,1,train,none,0.680877685546875
158,173,158,173,neural network,output layer,1,train,none,0.7114815711975098
228,237,228,237,training data,validation error,1,train,none,0.6449300050735474
61,31,61,31,false positives,confusion matrix,1,train,none,0.7134402394294739
236,5,236,5,unsupervised learning,anomaly detection,1,train,none,0.5358148813247681
202,200,202,200,regression model,regression coefficients,1,train,none,0.6932649612426758
132,17,132,17,machine learning application,character segmentation,1,train,none,0.23139910399913788
41,229,41,229,data set,training data set,1,train,none,0.8818614482879639
201,202,201,202,regression function,regression model,1,train,none,0.832392156124115
20,242,20,242,classification error,overfitting,1,train,none,0.6214174032211304
26,219,26,219,features,supervised learning,1,train,none,0.5890392661094666
165,139,165,139,matrix,matrix vector multiplication,1,train,none,0.7875790596008301
158,54,158,54,neural network,error cost function,1,train,none,0.4897266626358032
111,131,111,131,learning method,machine learning algorithm,1,train,none,0.7861952781677246
11,6,11,6,bias unit,back prop,1,train,none,0.5517752766609192
227,151,227,151,test error,model selection,1,train,none,0.4971592426300049
29,141,29,141,conditional distribution,maximum likelihood estimate,1,train,none,0.5041346549987793
94,127,94,127,input data,logistic regression,1,train,none,0.4421534538269043
117,127,117,127,linear algebra,logistic regression,1,train,none,0.37104564905166626
185,61,185,61,positive class,false positives,1,train,none,0.7108780145645142
149,151,149,151,model complexity,model selection,1,train,none,0.6529477834701538
89,68,89,68,hypothesis,forward propagation,1,train,none,0.368205189704895
21,159,21,159,classification problem,neural network learning,1,train,none,0.4520782232284546
116,125,116,125,likelihood function,log likelihood,1,train,none,0.8476691246032715
229,239,229,239,training data set,variance problem,1,train,none,0.4418725371360779
170,32,170,32,optimization objective,conjugate gradient,1,train,none,0.48093366622924805
133,59,133,59,machine learning system,face detection,1,train,none,0.4758317470550537
228,121,228,121,training data,linear regression,1,train,none,0.5084549188613892
191,20,191,20,predicted value,classification error,1,train,none,0.5123704075813293
229,230,229,230,training data set,training error,1,train,none,0.7238433361053467
130,210,130,210,machine learning,spam filtering,1,train,none,0.4354774057865143
228,39,228,39,training data,cross validation sets,1,train,none,0.5919854640960693
41,39,41,39,data set,cross validation sets,1,train,none,0.6971645355224609
55,149,55,149,estimated parameters,model complexity,1,train,none,0.6134645938873291
13,158,13,158,big data sets,neural network,1,train,none,0.47853004932403564
56,87,56,87,evaluation metrics,precision,1,train,none,0.6833943128585815
67,162,67,162,feature vector,normal equation,1,train,none,0.3784436285495758
34,54,34,54,convex function,error cost function,1,train,none,0.543135941028595
71,148,71,148,gaussian model,mixture model,1,train,none,0.7383307218551636
73,239,73,239,generalization error,variance problem,1,train,none,0.6707279682159424
158,83,158,83,neural network,hidden layer,1,train,none,0.8272917866706848
221,119,221,119,support vector machine,linear kernel,1,train,none,0.6267789006233215
171,121,171,121,optimization problem,linear regression,1,train,none,0.4619765281677246
56,10,56,10,evaluation metrics,bias problem,1,train,none,0.414995402097702
73,12,73,12,generalization error,bias variance trade-off,1,train,none,0.7034676671028137
171,221,171,221,optimization problem,support vector machine,1,train,none,0.4535316824913025
48,7,48,7,derivative term,batch gradient descent,1,train,none,0.5633713006973267
130,113,130,113,machine learning,learning rate,1,train,none,0.524003803730011
226,232,226,232,test data set,true negatives,1,train,none,0.4573175609111786
93,164,93,164,inner product,normalized representation,1,train,none,0.5253404378890991
125,141,125,141,log likelihood,maximum likelihood estimate,1,train,none,0.7006689310073853
226,17,226,17,test data set,character segmentation,1,train,none,0.2265649139881134
76,110,76,110,global minimum,learning curve,1,train,none,0.5006396174430847
229,202,229,202,training data set,regression model,1,train,none,0.5638831853866577
41,37,41,37,data set,cross validation,1,train,none,0.5892560482025146
215,69,215,69,standard deviation,gaussian density,1,train,none,0.5472385287284851
26,65,26,65,features,feature selection,1,train,none,0.7682098746299744
141,8,141,8,maximum likelihood estimate,bayesian approach,1,train,none,0.5349897742271423
26,37,26,37,features,cross validation,1,train,none,0.5530591607093811
26,210,26,210,features,spam filtering,1,train,none,0.4671701192855835
111,57,111,57,learning method,expectation maximization,1,train,none,0.4409920275211334
26,152,26,152,features,multi-class classification,1,train,none,0.45387834310531616
94,18,94,18,input data,classification accuracy,1,train,none,0.43082091212272644
77,169,77,169,global optimum,optimization algorithms,1,train,none,0.6222068667411804
111,50,111,50,learning method,dimensionality reduction,1,train,none,0.3952142894268036
97,6,97,6,input units,back prop,1,train,none,0.48399192094802856
111,151,111,151,learning method,model selection,1,train,none,0.5565541982650757
158,174,158,174,neural network,output unit,1,train,none,0.6271812319755554
219,242,219,242,supervised learning,overfitting,1,train,none,0.6028468608856201
192,227,192,227,prediction error,test error,1,train,none,0.7767908573150635
131,127,131,127,machine learning algorithm,logistic regression,1,train,none,0.4866793155670166
77,81,77,81,global optimum,gradient descent,1,train,none,0.5741250514984131
130,74,130,74,machine learning,generalized linear models,1,train,none,0.3957062065601349
26,221,26,221,features,support vector machine,1,train,none,0.5261209011077881
171,205,171,205,optimization problem,regularized linear regression,1,train,none,0.45681196451187134
146,204,146,204,minimization problem,regularization,1,train,none,0.5782177448272705
169,140,169,140,optimization algorithms,maximum likelihood,1,train,none,0.4515312612056732
81,145,81,145,gradient descent,mini-batch size,1,train,none,0.5966256260871887
239,204,239,204,variance problem,regularization,1,train,none,0.5055611729621887
112,203,112,203,learning problem,regression problem,1,train,none,0.6900313496589661
225,232,225,232,test data,true negatives,1,train,none,0.4896170496940613
114,10,114,10,learning system,bias problem,1,train,none,0.4992689788341522
94,133,94,133,input data,machine learning system,1,train,none,0.6242067217826843
176,11,176,11,parameter vector,bias unit,1,train,none,0.5730184316635132
112,63,112,63,learning problem,feature extraction,1,train,none,0.4554581642150879
21,118,21,118,classification problem,linear classifier,1,train,none,0.5955156683921814
157,14,157,14,negative example,binary classification,1,train,none,0.4582882821559906
228,10,228,10,training data,bias problem,1,train,none,0.5936265587806702
184,86,184,86,polynomial terms,high order polynomial,1,train,none,0.755068302154541
168,35,168,35,optimal solution,coordinate descent,1,train,none,0.40679240226745605
132,16,132,16,machine learning application,character recognition,1,train,none,0.4259590208530426
176,66,176,66,parameter vector,feature space,1,train,none,0.5274158716201782
128,12,128,12,loss function,bias variance trade-off,1,train,none,0.47418224811553955
55,200,55,200,estimated parameters,regression coefficients,1,train,none,0.6356757283210754
185,118,185,118,positive class,linear classifier,1,train,none,0.48905301094055176
131,44,131,44,machine learning algorithm,decision tree,1,train,none,0.6320492625236511
20,60,20,60,classification error,false negative,1,train,none,0.6885218620300293
190,18,190,18,predicted class,classification accuracy,1,train,none,0.7232315540313721
18,58,18,58,classification accuracy,f1 score,1,train,none,0.7535176873207092
85,3,85,3,hierarchical clustering,agglomerative clustering,1,train,none,0.7449049353599548
48,6,48,6,derivative term,back prop,1,train,none,0.5828767418861389
81,217,81,217,gradient descent,stochastic gradient algorithm,1,train,none,0.7140542268753052
130,62,130,62,machine learning,feature engineering,1,train,none,0.5548971891403198
41,152,41,152,data set,multi-class classification,1,train,none,0.3850114941596985
73,149,73,149,generalization error,model complexity,1,train,none,0.6162276268005371
228,107,228,107,training data,large margin classifier,1,train,none,0.5285267233848572
76,7,76,7,global minimum,batch gradient descent,1,train,none,0.5847243070602417
209,127,209,127,sigmoid function,logistic regression,1,train,none,0.6078886985778809
128,121,128,121,loss function,linear regression,1,train,none,0.5047016143798828
198,140,198,140,random variable,maximum likelihood,1,train,none,0.47108888626098633
147,242,147,242,misclassification error,overfitting,1,train,none,0.5540726184844971
171,128,171,128,optimization problem,loss function,1,train,none,0.6056324243545532
94,53,94,53,input data,error analysis,1,train,none,0.5556763410568237
229,104,229,104,training data set,kernel regression,1,train,none,0.3682703375816345
133,27,133,27,machine learning system,computer vision,1,train,none,0.5560445189476013
224,25,224,25,symmetric matrix,collaborative filtering,1,train,none,0.3565220832824707
230,2,230,2,training error,adaboost,1,train,none,0.336125910282135
239,38,239,38,variance problem,cross validation error,1,train,none,0.5616979598999023
100,102,100,102,k means,k-means objective,1,train,none,0.783348798751831
89,127,89,127,hypothesis,logistic regression,1,train,none,0.49818968772888184
42,107,42,107,decision boundaries,large margin classifier,1,train,none,0.6576389670372009
130,238,130,238,machine learning,validation set,1,train,none,0.5471997261047363
26,107,26,107,features,large margin classifier,1,train,none,0.4915395677089691
192,237,192,237,prediction error,validation error,1,train,none,0.8429559469223022
66,152,66,152,feature space,multi-class classification,1,train,none,0.41590914130210876
112,51,112,51,learning problem,document retrieval,1,train,none,0.3663027584552765
195,9,195,9,probabilistic model,bayesian inference,1,train,none,0.6959661245346069
56,110,56,110,evaluation metrics,learning curve,1,train,none,0.5246932506561279
111,100,111,100,learning method,k means,1,train,none,0.4688171446323395
13,199,13,199,big data sets,recommender system,1,train,none,0.35629093647003174
121,104,121,104,linear regression,kernel regression,1,train,none,0.5636202692985535
21,152,21,152,classification problem,multi-class classification,1,train,none,0.7064105272293091
151,10,151,10,model selection,bias problem,1,train,none,0.5036443471908569
55,242,55,242,estimated parameters,overfitting,1,train,none,0.5713379979133606
147,204,147,204,misclassification error,regularization,1,train,none,0.4939643144607544
112,12,112,12,learning problem,bias variance trade-off,1,train,none,0.5337499976158142
213,193,213,193,square projection error,principle components,1,train,none,0.6001969575881958
202,104,202,104,regression model,kernel regression,1,train,none,0.6436607837677002
225,158,225,158,test data,neural network,1,train,none,0.45674097537994385
121,74,121,74,linear regression,generalized linear models,1,train,none,0.5279139280319214
13,46,13,46,big data sets,deep learning,1,train,none,0.5785285830497742
34,79,34,79,convex function,gradient ascent,1,train,none,0.5542278289794922
26,159,26,159,features,neural network learning,1,train,none,0.48432618379592896
96,121,96,121,input space,linear regression,1,train,none,0.4842483699321747
230,239,230,239,training error,variance problem,1,train,none,0.600579023361206
181,183,181,183,polynomial features,polynomial regression,1,train,none,0.784528374671936
41,121,41,121,data set,linear regression,1,train,none,0.4334438741207123
69,195,69,195,gaussian density,probabilistic model,1,train,none,0.5068278908729553
41,4,41,4,data set,anomalous example,1,train,none,0.38223040103912354
83,159,83,159,hidden layer,neural network learning,1,train,none,0.6366459727287292
130,166,130,166,machine learning,ocr problem,1,train,none,0.369367778301239
229,203,229,203,training data set,regression problem,1,train,none,0.4978026747703552
238,237,238,237,validation set,validation error,1,train,none,0.7645957469940186
67,95,67,95,feature vector,input layer,1,train,none,0.5073248147964478
95,83,95,83,input layer,hidden layer,1,train,none,0.6994559168815613
117,221,117,221,linear algebra,support vector machine,1,train,none,0.45849543809890747
48,217,48,217,derivative term,stochastic gradient algorithm,1,train,none,0.5573614239692688
131,43,131,43,machine learning algorithm,decision stamp,1,train,none,0.3610241413116455
26,19,26,19,features,classification approach,1,train,none,0.5576369166374207
41,114,41,114,data set,learning system,1,train,none,0.5320307016372681
117,137,117,137,linear algebra,matrix multiplication,1,train,none,0.6806659698486328
26,158,26,158,features,neural network,1,train,none,0.5471959114074707
112,44,112,44,learning problem,decision tree,1,train,none,0.5661119222640991
120,121,120,121,linear model,linear regression,1,train,none,0.8109133243560791
186,127,186,127,positive data,logistic regression,1,train,none,0.44920140504837036
130,223,130,223,machine learning,svm packages,1,train,none,0.45002859830856323
228,5,228,5,training data,anomaly detection,1,train,none,0.47903937101364136
111,107,111,107,learning method,large margin classifier,1,train,none,0.48599371314048767
106,221,106,221,labeled data,support vector machine,1,train,none,0.5112436413764954
117,93,117,93,linear algebra,inner product,1,train,none,0.4764884114265442
170,168,170,168,optimization objective,optimal solution,1,train,none,0.7087104916572571
20,204,20,204,classification error,regularization,1,train,none,0.5507404804229736
56,227,56,227,evaluation metrics,test error,1,train,none,0.616586446762085
26,120,26,120,features,linear model,1,train,none,0.5958490371704102
226,65,226,65,test data set,feature selection,1,train,none,0.504589855670929
191,202,191,202,predicted value,regression model,1,train,none,0.7504173517227173
225,191,225,191,test data,predicted value,1,train,none,0.5233796834945679
131,81,131,81,machine learning algorithm,gradient descent,1,train,none,0.6122914552688599
112,118,112,118,learning problem,linear classifier,1,train,none,0.4863131642341614
83,1,83,1,hidden layer,activation values,1,train,none,0.5961733460426331
140,75,140,75,maximum likelihood,gibbs sampler,1,train,none,0.4289241135120392
191,79,191,79,predicted value,gradient ascent,1,train,none,0.41445574164390564
176,128,176,128,parameter vector,loss function,1,train,none,0.5754007697105408
130,148,130,148,machine learning,mixture model,1,train,none,0.376628041267395
202,205,202,205,regression model,regularized linear regression,1,train,none,0.5423378944396973
130,203,130,203,machine learning,regression problem,1,train,none,0.575126051902771
22,85,22,85,cluster center,hierarchical clustering,1,train,none,0.5516119003295898
89,183,89,183,hypothesis,polynomial regression,1,train,none,0.41849613189697266
26,163,26,163,features,normalized features,1,train,none,0.626438558101654
126,158,126,158,logistic function,neural network,1,train,none,0.4038425087928772
89,42,89,42,hypothesis,decision boundaries,1,train,none,0.5409277081489563
100,3,100,3,k means,agglomerative clustering,1,train,none,0.7066500186920166
158,46,158,46,neural network,deep learning,1,train,none,0.7696027159690857
41,127,41,127,data set,logistic regression,1,train,none,0.3850218653678894
89,7,89,7,hypothesis,batch gradient descent,1,train,none,0.3898891508579254
242,237,242,237,overfitting,validation error,1,train,none,0.7089694738388062
112,217,112,217,learning problem,stochastic gradient algorithm,1,train,none,0.4508737325668335
150,200,150,200,model parameters,regression coefficients,1,train,none,0.6002411842346191
229,233,229,233,training data set,true positives,1,train,none,0.3159397840499878
226,221,226,221,test data set,support vector machine,1,train,none,0.408669650554657
123,102,123,102,local optima,k-means objective,1,train,none,0.29787003993988037
81,80,81,80,gradient descent,gradient checking,1,train,none,0.5459961891174316
219,42,219,42,supervised learning,decision boundaries,1,train,none,0.5279645323753357
95,11,95,11,input layer,bias unit,1,train,none,0.5355066657066345
117,90,117,90,linear algebra,identity matrics,1,train,none,0.49046266078948975
186,233,186,233,positive data,true positives,1,train,none,0.669288158416748
228,49,228,49,training data,design matrix,1,train,none,0.4772425591945648
221,70,221,70,support vector machine,gaussian kernel,1,train,none,0.5737349390983582
230,73,230,73,training error,generalization error,1,train,none,0.7582719326019287
168,158,168,158,optimal solution,neural network,1,train,none,0.4300503730773926
67,181,67,181,feature vector,polynomial features,1,train,none,0.5655771493911743
41,50,41,50,data set,dimensionality reduction,1,train,none,0.40081605315208435
19,207,19,207,classification approach,sentiment analysis,1,train,none,0.4183978736400604
53,227,53,227,error analysis,test error,1,train,none,0.7119335532188416
117,205,117,205,linear algebra,regularized linear regression,1,train,none,0.41469642519950867
227,239,227,239,test error,variance problem,1,train,none,0.49412697553634644
130,179,130,179,machine learning,pedestrian detection,1,train,none,0.3777512311935425
229,6,229,6,training data set,back prop,1,train,none,0.4202539920806885
106,127,106,127,labeled data,logistic regression,1,train,none,0.45473524928092957
131,5,131,5,machine learning algorithm,anomaly detection,1,train,none,0.45264989137649536
121,205,121,205,linear regression,regularized linear regression,1,train,none,0.7020151615142822
130,243,130,243,machine learning,underfitting,1,train,none,0.5535708665847778
26,50,26,50,features,dimensionality reduction,1,train,none,0.6627230644226074
229,205,229,205,training data set,regularized linear regression,1,train,none,0.38498425483703613
0,6,0,6,activation function,back prop,1,train,none,0.47263461351394653
243,12,243,12,underfitting,bias variance trade-off,1,train,none,0.5991352796554565
41,109,41,109,data set,latent dirichlet allocation,1,train,none,0.20343902707099915
171,158,171,158,optimization problem,neural network,1,train,none,0.4317227005958557
127,6,127,6,logistic regression,back prop,1,train,none,0.28118079900741577
169,113,169,113,optimization algorithms,learning rate,1,train,none,0.5209534764289856
114,199,114,199,learning system,recommender system,1,train,none,0.4450928568840027
60,189,60,189,false negative,precision recall curve,1,train,none,0.6084834933280945
48,177,48,177,derivative term,partial derivative,1,train,none,0.8217734098434448
237,151,237,151,validation error,model selection,1,train,none,0.6516146063804626
190,60,190,60,predicted class,false negative,1,train,none,0.6197555661201477
130,207,130,207,machine learning,sentiment analysis,1,train,none,0.4015922248363495
23,100,23,100,cluster,k means,1,train,none,0.8375625610351562
225,192,225,192,test data,prediction error,1,train,none,0.6169854998588562
165,154,165,154,matrix,multivariate gaussian model,1,train,none,0.373202919960022
209,68,209,68,sigmoid function,forward propagation,1,train,none,0.46347254514694214
18,53,18,53,classification accuracy,error analysis,1,train,none,0.6081732511520386
186,158,186,158,positive data,neural network,1,train,none,0.3464930057525635
192,12,192,12,prediction error,bias variance trade-off,1,train,none,0.6243966817855835
188,37,188,37,positive training example,cross validation,1,train,none,0.4281921684741974
234,151,234,151,tuning parameter,model selection,1,train,none,0.6222798824310303
37,237,37,237,cross validation,validation error,1,train,none,0.7412711977958679
130,158,130,158,machine learning,neural network,1,train,none,0.6285039186477661
228,152,228,152,training data,multi-class classification,1,train,none,0.46310609579086304
228,53,228,53,training data,error analysis,1,train,none,0.6065906286239624
177,206,177,206,partial derivative,regularized logistic regression,1,train,none,0.2750890851020813
165,213,165,213,matrix,square projection error,1,train,none,0.44691747426986694
98,81,98,81,iterative algorithm,gradient descent,1,train,none,0.6456415057182312
228,202,228,202,training data,regression model,1,train,none,0.6414099335670471
67,175,67,175,feature vector,parameter estimation,1,train,none,0.3206930458545685
228,58,228,58,training data,f1 score,1,train,none,0.5100603103637695
130,37,130,37,machine learning,cross validation,1,train,none,0.5499818921089172
169,217,169,217,optimization algorithms,stochastic gradient algorithm,1,train,none,0.7225027084350586
130,155,130,155,machine learning,nearest neighbor search,1,train,none,0.39169204235076904
81,205,81,205,gradient descent,regularized linear regression,1,train,none,0.5325567722320557
174,54,174,54,output unit,error cost function,1,train,none,0.48917558789253235
230,151,230,151,training error,model selection,1,train,none,0.5091606378555298
18,60,18,60,classification accuracy,false negative,1,train,none,0.6424838304519653
94,64,94,64,input data,feature scaling,1,train,none,0.5206512212753296
118,119,118,119,linear classifier,linear kernel,1,train,none,0.7344858050346375
131,89,131,89,machine learning algorithm,hypothesis,1,train,none,0.57090163230896
177,6,177,6,partial derivative,back prop,1,train,none,0.603698194026947
117,139,117,139,linear algebra,matrix vector multiplication,1,train,none,0.6878440976142883
157,2,157,2,negative example,adaboost,1,train,none,0.39660027623176575
133,222,133,222,machine learning system,svm optimization,1,train,none,0.4514433741569519
76,158,76,158,global minimum,neural network,1,train,none,0.4507802128791809
123,81,123,81,local optima,gradient descent,1,train,none,0.5592215061187744
186,14,186,14,positive data,binary classification,1,train,none,0.5032484531402588
14,158,14,158,binary classification,neural network,1,train,none,0.397822767496109
127,107,127,107,logistic regression,large margin classifier,1,train,none,0.47603684663772583
112,239,112,239,learning problem,variance problem,1,train,none,0.5570446252822876
88,158,88,158,recall,neural network,1,train,none,0.3782019317150116
112,58,112,58,learning problem,f1 score,1,train,none,0.47347965836524963
229,46,229,46,training data set,deep learning,1,train,none,0.4956924319267273
226,73,226,73,test data set,generalization error,1,train,none,0.6221694350242615
26,6,26,6,features,back prop,1,train,none,0.3886766731739044
94,226,94,226,input data,test data set,1,train,none,0.6170485615730286
98,57,98,57,iterative algorithm,expectation maximization,1,train,none,0.40199172496795654
26,74,26,74,features,generalized linear models,1,train,none,0.3598865866661072
230,10,230,10,training error,bias problem,1,train,none,0.6682341694831848
229,110,229,110,training data set,learning curve,1,train,none,0.6052359342575073
83,11,83,11,hidden layer,bias unit,1,train,none,0.5616836547851562
225,17,225,17,test data,character segmentation,1,train,none,0.24239709973335266
41,12,41,12,data set,bias variance trade-off,1,train,none,0.43032264709472656
94,131,94,131,input data,machine learning algorithm,1,train,none,0.552778959274292
228,4,228,4,training data,anomalous example,1,train,none,0.44550514221191406
117,50,117,50,linear algebra,dimensionality reduction,1,train,none,0.4878186583518982
200,108,200,108,regression coefficients,lasso regression,1,train,none,0.5959801077842712
229,68,229,68,training data set,forward propagation,1,train,none,0.366039514541626
186,37,186,37,positive data,cross validation,1,train,none,0.3828727602958679
114,5,114,5,learning system,anomaly detection,1,train,none,0.4495397210121155
73,242,73,242,generalization error,overfitting,1,train,none,0.6940129399299622
130,15,130,15,machine learning,boosting algorithm,1,train,none,0.4580812156200409
185,189,185,189,positive class,precision recall curve,1,train,none,0.5435186624526978
111,155,111,155,learning method,nearest neighbor search,1,train,none,0.4331464171409607
190,88,190,88,predicted class,recall,1,train,none,0.633399486541748
157,37,157,37,negative example,cross validation,1,train,none,0.4282309114933014
170,158,170,158,optimization objective,neural network,1,train,none,0.37550845742225647
199,25,199,25,recommender system,collaborative filtering,1,train,none,0.8358440399169922
130,108,130,108,machine learning,lasso regression,1,train,none,0.42823344469070435
126,6,126,6,logistic function,back prop,1,train,none,0.34908327460289
158,97,158,97,neural network,input units,1,train,none,0.613194465637207
228,25,228,25,training data,collaborative filtering,1,train,none,0.3111411929130554
131,19,131,19,machine learning algorithm,classification approach,1,train,none,0.6966084837913513
76,222,76,222,global minimum,svm optimization,1,train,none,0.5101800560951233
186,61,186,61,positive data,false positives,1,train,none,0.6659883260726929
137,81,137,81,matrix multiplication,gradient descent,1,train,none,0.3824886679649353
188,127,188,127,positive training example,logistic regression,1,train,none,0.38629162311553955
13,47,13,47,big data sets,deep neural network,1,train,none,0.4979713559150696
229,242,229,242,training data set,overfitting,1,train,none,0.5461381673812866
176,64,176,64,parameter vector,feature scaling,1,train,none,0.45807281136512756
106,60,106,60,labeled data,false negative,1,train,none,0.5292841792106628
130,10,130,10,machine learning,bias problem,1,train,none,0.574369490146637
226,14,226,14,test data set,binary classification,1,train,none,0.4395489990711212
67,182,67,182,feature vector,polynomial kernel,1,train,none,0.4851979613304138
201,183,201,183,regression function,polynomial regression,1,train,none,0.6384309530258179
241,2,241,2,weak classifier,adaboost,1,train,none,0.7024742960929871
63,46,63,46,feature extraction,deep learning,1,train,none,0.5905753374099731
81,158,81,158,gradient descent,neural network,1,train,none,0.5518912076950073
131,207,131,207,machine learning algorithm,sentiment analysis,1,train,none,0.4028097987174988
41,157,41,157,data set,negative example,1,train,none,0.48896560072898865
130,9,130,9,machine learning,bayesian inference,1,train,none,0.4775681495666504
172,60,172,60,output label,false negative,1,train,none,0.5088474750518799
228,188,228,188,training data,positive training example,1,train,none,0.6303362846374512
41,38,41,38,data set,cross validation error,1,train,none,0.5498968362808228
158,1,158,1,neural network,activation values,1,train,none,0.5833467245101929
238,39,238,39,validation set,cross validation sets,1,train,none,0.7927510738372803
10,204,10,204,bias problem,regularization,1,train,none,0.4917111098766327
131,221,131,221,machine learning algorithm,support vector machine,1,train,none,0.6828081607818604
229,188,229,188,training data set,positive training example,1,train,none,0.5456473231315613
228,238,228,238,training data,validation set,1,train,none,0.7146280407905579
69,153,69,153,gaussian density,multivariate gaussian distribution,1,train,none,0.703092098236084
130,232,130,232,machine learning,true negatives,1,train,none,0.40409159660339355
117,121,117,121,linear algebra,linear regression,1,train,none,0.5492324829101562
175,140,175,140,parameter estimation,maximum likelihood,1,train,none,0.6181745529174805
226,191,226,191,test data set,predicted value,1,train,none,0.49031245708465576
198,215,198,215,random variable,standard deviation,1,train,none,0.5469911694526672
230,52,230,52,training error,early stopping,1,train,none,0.46737098693847656
120,74,120,74,linear model,generalized linear models,1,train,none,0.6192428469657898
171,81,171,81,optimization problem,gradient descent,1,train,none,0.6337171196937561
112,18,112,18,learning problem,classification accuracy,1,train,none,0.43991345167160034
53,233,53,233,error analysis,true positives,1,train,none,0.48889604210853577
41,186,41,186,data set,positive data,1,train,none,0.5394938588142395
195,71,195,71,probabilistic model,gaussian model,1,train,none,0.7186827063560486
24,3,24,3,clustering algorithm,agglomerative clustering,1,train,none,0.6997983455657959
152,6,152,6,multi-class classification,back prop,1,train,none,0.30280524492263794
168,32,168,32,optimal solution,conjugate gradient,1,train,none,0.5130555629730225
127,221,127,221,logistic regression,support vector machine,1,train,none,0.5502447485923767
81,144,81,144,gradient descent,mini-batch gradient descent,1,train,none,0.6387940645217896
87,58,87,58,precision,f1 score,1,train,none,0.7885658740997314
112,221,112,221,learning problem,support vector machine,1,train,none,0.5476213693618774
89,121,89,121,hypothesis,linear regression,1,train,none,0.5233979821205139
130,91,130,91,machine learning,image classification,1,train,none,0.5241280198097229
185,20,185,20,positive class,classification error,1,train,none,0.5543649196624756
18,238,18,238,classification accuracy,validation set,1,train,none,0.4833642840385437
133,132,133,132,machine learning system,machine learning application,1,train,none,0.8286416530609131
63,207,63,207,feature extraction,sentiment analysis,1,train,none,0.41232913732528687
128,54,128,54,loss function,error cost function,1,train,none,0.8076575398445129
112,195,112,195,learning problem,probabilistic model,1,train,none,0.47413212060928345
177,7,177,7,partial derivative,batch gradient descent,1,train,none,0.5109536051750183
53,110,53,110,error analysis,learning curve,1,train,none,0.5186072587966919
41,133,41,133,data set,machine learning system,1,train,none,0.5820595026016235
170,128,170,128,optimization objective,loss function,1,train,none,0.7355175614356995
112,133,112,133,learning problem,machine learning system,1,train,none,0.6018208861351013
226,100,226,100,test data set,k means,1,train,none,0.3602731227874756
130,18,130,18,machine learning,classification accuracy,1,train,none,0.4422156810760498
26,64,26,64,features,feature scaling,1,train,none,0.6319454908370972
128,109,128,109,loss function,latent dirichlet allocation,1,train,none,0.11636411398649216
111,108,111,108,learning method,lasso regression,1,train,none,0.41637367010116577
227,242,227,242,test error,overfitting,1,train,none,0.584092378616333
94,42,94,42,input data,decision boundaries,1,train,none,0.4136976897716522
111,241,111,241,learning method,weak classifier,1,train,none,0.47010865807533264
157,44,157,44,negative example,decision tree,1,train,none,0.46075764298439026
229,221,229,221,training data set,support vector machine,1,train,none,0.4535136818885803
41,59,41,59,data set,face detection,1,train,none,0.31894493103027344
63,45,63,45,feature extraction,deep features,1,train,none,0.6450721025466919
188,5,188,5,positive training example,anomaly detection,1,train,none,0.4281976819038391
219,10,219,10,supervised learning,bias problem,1,train,none,0.49587783217430115
130,221,130,221,machine learning,support vector machine,1,train,none,0.5500989556312561
130,24,130,24,machine learning,clustering algorithm,1,train,none,0.4475255310535431
185,158,185,158,positive class,neural network,1,train,none,0.28945213556289673
221,223,221,223,support vector machine,svm packages,1,train,none,0.6910821199417114
26,91,26,91,features,image classification,1,train,none,0.48158174753189087
128,159,128,159,loss function,neural network learning,1,train,none,0.5782626867294312
111,2,111,2,learning method,adaboost,1,train,none,0.40544697642326355
184,204,184,204,polynomial terms,regularization,1,train,none,0.4743102788925171
203,162,203,162,regression problem,normal equation,1,train,none,0.5294976234436035
26,62,26,62,features,feature engineering,1,train,none,0.7759203910827637
242,12,242,12,overfitting,bias variance trade-off,1,train,none,0.7345192432403564
19,16,19,16,classification approach,character recognition,1,train,none,0.3383164405822754
111,207,111,207,learning method,sentiment analysis,1,train,none,0.28363174200057983
190,157,190,157,predicted class,negative example,1,train,none,0.46432697772979736
211,213,211,213,square distances,square projection error,1,train,none,0.5887409448623657
229,237,229,237,training data set,validation error,1,train,none,0.5617687702178955
56,18,56,18,evaluation metrics,classification accuracy,1,train,none,0.7046406269073486
229,96,229,96,training data set,input space,1,train,none,0.4875076115131378
157,152,157,152,negative example,multi-class classification,1,train,none,0.4238111972808838
7,113,7,113,batch gradient descent,learning rate,1,train,none,0.6262151598930359
111,158,111,158,learning method,neural network,1,train,none,0.5584826469421387
158,11,158,11,neural network,bias unit,1,train,none,0.5490690469741821
176,32,176,32,parameter vector,conjugate gradient,1,train,none,0.4713563323020935
242,151,242,151,overfitting,model selection,1,train,none,0.6957155466079712
67,161,67,161,feature vector,nonlinear hypotheses,1,train,none,0.40744641423225403
65,151,65,151,feature selection,model selection,1,train,none,0.7236344218254089
53,61,53,61,error analysis,false positives,1,train,none,0.5697894096374512
219,21,219,21,supervised learning,classification problem,1,train,none,0.6541925072669983
225,58,225,58,test data,f1 score,1,train,none,0.5541173219680786
99,148,99,148,joint model probability,mixture model,1,train,none,0.5571568012237549
111,147,111,147,learning method,misclassification error,1,train,none,0.4024418294429779
117,7,117,7,linear algebra,batch gradient descent,1,train,none,0.30594903230667114
177,159,177,159,partial derivative,neural network learning,1,train,none,0.46159934997558594
67,100,67,100,feature vector,k means,1,train,none,0.3489261567592621
136,57,136,57,matrix factorization,expectation maximization,1,train,none,0.41154754161834717
111,81,111,81,learning method,gradient descent,1,train,none,0.5298562049865723
185,14,185,14,positive class,binary classification,1,train,none,0.6545352935791016
97,54,97,54,input units,error cost function,1,train,none,0.39207708835601807
209,83,209,83,sigmoid function,hidden layer,1,train,none,0.4803096055984497
66,64,66,64,feature space,feature scaling,1,train,none,0.5412042737007141
112,121,112,121,learning problem,linear regression,1,train,none,0.4482015371322632
67,19,67,19,feature vector,classification approach,1,train,none,0.42285579442977905
26,109,26,109,features,latent dirichlet allocation,1,train,none,0.27083927392959595
67,222,67,222,feature vector,svm optimization,1,train,none,0.40764474868774414
226,158,226,158,test data set,neural network,1,train,none,0.43080031871795654
95,68,95,68,input layer,forward propagation,1,train,none,0.5782405138015747
111,118,111,118,learning method,linear classifier,1,train,none,0.5425964593887329
41,27,41,27,data set,computer vision,1,train,none,0.40699121356010437
67,158,67,158,feature vector,neural network,1,train,none,0.5049951076507568
229,121,229,121,training data set,linear regression,1,train,none,0.47398117184638977
177,32,177,32,partial derivative,conjugate gradient,1,train,none,0.4497319757938385
1,6,1,6,activation values,back prop,1,train,none,0.46753397583961487
130,118,130,118,machine learning,linear classifier,1,train,none,0.5386189818382263
68,6,68,6,forward propagation,back prop,1,train,none,0.6669451594352722
131,155,131,155,machine learning algorithm,nearest neighbor search,1,train,none,0.39741724729537964
106,5,106,5,labeled data,anomaly detection,1,train,none,0.47642335295677185
111,206,111,206,learning method,regularized logistic regression,1,train,none,0.33943501114845276
193,178,193,178,principle components,pca algorithm,1,train,none,0.78438800573349
169,80,169,80,optimization algorithms,gradient checking,1,train,none,0.4448930621147156
228,232,228,232,training data,true negatives,1,train,none,0.4670945405960083
21,44,21,44,classification problem,decision tree,1,train,none,0.6271666884422302
106,39,106,39,labeled data,cross validation sets,1,train,none,0.5464218258857727
38,110,38,110,cross validation error,learning curve,1,train,none,0.6794601082801819
76,162,76,162,global minimum,normal equation,1,train,none,0.5103858113288879
198,148,198,148,random variable,mixture model,1,train,none,0.453091561794281
225,16,225,16,test data,character recognition,1,train,none,0.3578774929046631
166,180,166,180,ocr problem,photo ocr,1,train,none,0.8813914656639099
229,10,229,10,training data set,bias problem,1,train,none,0.5299854874610901
225,151,225,151,test data,model selection,1,train,none,0.6300119757652283
41,118,41,118,data set,linear classifier,1,train,none,0.4735250174999237
228,205,228,205,training data,regularized linear regression,1,train,none,0.45196688175201416
229,207,229,207,training data set,sentiment analysis,1,train,none,0.24807685613632202
122,80,122,80,local minimum,gradient checking,1,train,none,0.5114619731903076
41,226,41,226,data set,test data set,1,train,none,0.8733388185501099
128,68,128,68,loss function,forward propagation,1,train,none,0.49132972955703735
41,107,41,107,data set,large margin classifier,1,train,none,0.3931828439235687
130,73,130,73,machine learning,generalization error,1,train,none,0.5602823495864868
111,217,111,217,learning method,stochastic gradient algorithm,1,train,none,0.5667452812194824
185,60,185,60,positive class,false negative,1,train,none,0.699425220489502
229,159,229,159,training data set,neural network learning,1,train,none,0.5471413731575012
20,227,20,227,classification error,test error,1,train,none,0.745601236820221
121,158,121,158,linear regression,neural network,1,train,none,0.4322085976600647
169,68,169,68,optimization algorithms,forward propagation,1,train,none,0.41067594289779663
117,138,117,138,linear algebra,matrix transpose,1,train,none,0.608627200126648
53,60,53,60,error analysis,false negative,1,train,none,0.5787156820297241
8,9,8,9,bayesian approach,bayesian inference,1,train,none,0.7867550849914551
225,37,225,37,test data,cross validation,1,train,none,0.7214757204055786
112,219,112,219,learning problem,supervised learning,1,train,none,0.6746779084205627
151,12,151,12,model selection,bias variance trade-off,1,train,none,0.6806591749191284
111,104,111,104,learning method,kernel regression,1,train,none,0.4560467600822449
36,193,36,193,covariance matrix,principle components,1,train,none,0.67582106590271
165,215,165,215,matrix,standard deviation,1,train,none,0.36022529006004333
130,47,130,47,machine learning,deep neural network,1,train,none,0.5910320281982422
150,151,150,151,model parameters,model selection,1,train,none,0.6367492079734802
67,119,67,119,feature vector,linear kernel,1,train,none,0.5352141261100769
94,12,94,12,input data,bias variance trade-off,1,train,none,0.4281890392303467
84,6,84,6,hidden unit,back prop,1,train,none,0.5447763204574585
226,190,226,190,test data set,predicted class,1,train,none,0.5281252264976501
112,167,112,167,learning problem,online learning,1,train,none,0.4703957438468933
36,178,36,178,covariance matrix,pca algorithm,1,train,none,0.6319700479507446
203,183,203,183,regression problem,polynomial regression,1,train,none,0.5729638934135437
173,68,173,68,output layer,forward propagation,1,train,none,0.6245989203453064
238,38,238,38,validation set,cross validation error,1,train,none,0.7167285084724426
186,118,186,118,positive data,linear classifier,1,train,none,0.4357297420501709
27,179,27,179,computer vision,pedestrian detection,1,train,none,0.634667158126831
111,236,111,236,learning method,unsupervised learning,1,train,none,0.5085548162460327
123,204,123,204,local optima,regularization,1,train,none,0.40656527876853943
220,223,220,223,support vector,svm packages,1,train,none,0.5997198820114136
158,159,158,159,neural network,neural network learning,1,train,none,0.7607373595237732
226,87,226,87,test data set,precision,1,train,none,0.5145384073257446
171,104,171,104,optimization problem,kernel regression,1,train,none,0.3538225293159485
130,183,130,183,machine learning,polynomial regression,1,train,none,0.3484894633293152
130,17,130,17,machine learning,character segmentation,1,train,none,0.3091481328010559
106,58,106,58,labeled data,f1 score,1,train,none,0.49937546253204346
112,15,112,15,learning problem,boosting algorithm,1,train,none,0.4597855508327484
229,16,229,16,training data set,character recognition,1,train,none,0.3434205651283264
87,158,87,158,precision,neural network,1,train,none,0.3409448266029358
227,243,227,243,test error,underfitting,1,train,none,0.5788732767105103
112,91,112,91,learning problem,image classification,1,train,none,0.4392974078655243
128,73,128,73,loss function,generalization error,1,train,none,0.541887640953064
243,204,243,204,underfitting,regularization,1,train,none,0.6638703346252441
112,148,112,148,learning problem,mixture model,1,train,none,0.35868239402770996
112,202,112,202,learning problem,regression model,1,train,none,0.5600044131278992
41,51,41,51,data set,document retrieval,1,train,none,0.3156501054763794
130,60,130,60,machine learning,false negative,1,train,none,0.478118896484375
111,10,111,10,learning method,bias problem,1,train,none,0.48671644926071167
132,199,132,199,machine learning application,recommender system,1,train,none,0.4567416310310364
112,9,112,9,learning problem,bayesian inference,1,train,none,0.5248554348945618
21,42,21,42,classification problem,decision boundaries,1,train,none,0.5832006931304932
240,137,240,137,vector multiplication,matrix multiplication,1,train,none,0.8287248611450195
103,218,103,218,kernel function,string kernel,1,train,none,0.5861451625823975
113,6,113,6,learning rate,back prop,1,train,none,0.41618674993515015
131,205,131,205,machine learning algorithm,regularized linear regression,1,train,none,0.41596901416778564
128,55,128,55,loss function,estimated parameters,1,train,none,0.5189824104309082
111,183,111,183,learning method,polynomial regression,1,train,none,0.3520538806915283
112,65,112,65,learning problem,feature selection,1,train,none,0.5189868807792664
67,127,67,127,feature vector,logistic regression,1,train,none,0.44234466552734375
157,230,157,230,negative example,training error,1,train,none,0.5030335187911987
219,81,219,81,supervised learning,gradient descent,1,train,none,0.5780094861984253
165,223,165,223,matrix,svm packages,1,train,none,0.3459356129169464
198,36,198,36,random variable,covariance matrix,1,train,none,0.467455118894577
168,204,168,204,optimal solution,regularization,1,train,none,0.49199387431144714
67,42,67,42,feature vector,decision boundaries,1,train,none,0.36822015047073364
113,158,113,158,learning rate,neural network,1,train,none,0.45409858226776123
228,95,228,95,training data,input layer,1,train,none,0.45038798451423645
116,140,116,140,likelihood function,maximum likelihood,1,train,none,0.8040949702262878
37,151,37,151,cross validation,model selection,1,train,none,0.7096052169799805
41,14,41,14,data set,binary classification,1,train,none,0.45627617835998535
177,158,177,158,partial derivative,neural network,1,train,none,0.49800002574920654
191,37,191,37,predicted value,cross validation,1,train,none,0.4308609366416931
41,15,41,15,data set,boosting algorithm,1,train,none,0.41835159063339233
112,38,112,38,learning problem,cross validation error,1,train,none,0.5832319855690002
112,229,112,229,learning problem,training data set,1,train,none,0.6387163996696472
220,218,220,218,support vector,string kernel,1,train,none,0.4568631947040558
157,5,157,5,negative example,anomaly detection,1,train,none,0.4648013710975647
169,206,169,206,optimization algorithms,regularized logistic regression,1,train,none,0.344388484954834
112,46,112,46,learning problem,deep learning,1,train,none,0.497503399848938
113,167,113,167,learning rate,online learning,1,train,none,0.5214829444885254
112,127,112,127,learning problem,logistic regression,1,train,none,0.4749806225299835
131,128,131,128,machine learning algorithm,loss function,1,train,none,0.5864728689193726
227,110,227,110,test error,learning curve,1,train,none,0.6227434873580933
225,121,225,121,test data,linear regression,1,train,none,0.43766987323760986
228,38,228,38,training data,cross validation error,1,train,none,0.6483889222145081
229,243,229,243,training data set,underfitting,1,train,none,0.5346568822860718
87,31,87,31,precision,confusion matrix,1,train,none,0.7410585880279541
111,7,111,7,learning method,batch gradient descent,1,train,none,0.5350494384765625
130,109,130,109,machine learning,latent dirichlet allocation,1,train,none,0.2601524889469147
23,22,23,22,cluster,cluster center,1,train,none,0.6955273151397705
169,131,169,131,optimization algorithms,machine learning algorithm,1,train,none,0.7221379280090332
227,10,227,10,test error,bias problem,1,train,none,0.5784107446670532
130,67,130,67,machine learning,feature vector,1,train,none,0.479014128446579
111,24,111,24,learning method,clustering algorithm,1,train,none,0.5631963014602661
187,88,187,88,positive predictions,recall,1,train,none,0.7419323921203613
150,242,150,242,model parameters,overfitting,1,train,none,0.6102365851402283
81,6,81,6,gradient descent,back prop,1,train,none,0.517733097076416
131,208,131,208,machine learning algorithm,sentiment classifier,1,train,none,0.4858952760696411
99,109,99,109,joint model probability,latent dirichlet allocation,1,train,none,0.37143176794052124
41,91,41,91,data set,image classification,1,train,none,0.37204381823539734
1,0,1,0,activation values,activation function,1,train,none,0.799693763256073
118,74,118,74,linear classifier,generalized linear models,1,train,none,0.43295150995254517
107,221,107,221,large margin classifier,support vector machine,1,train,none,0.6374870538711548
229,95,229,95,training data set,input layer,1,train,none,0.43670982122421265
95,159,95,159,input layer,neural network learning,1,train,none,0.6901368498802185
106,188,106,188,labeled data,positive training example,1,train,none,0.5108126401901245
112,66,112,66,learning problem,feature space,1,train,none,0.5110388994216919
186,206,186,206,positive data,regularized logistic regression,1,train,none,0.36454445123672485
90,138,90,138,identity matrics,matrix transpose,1,train,none,0.5502326488494873
228,144,228,144,training data,mini-batch gradient descent,1,train,none,0.3598848879337311
243,151,243,151,underfitting,model selection,1,train,none,0.5741624236106873
13,51,13,51,big data sets,document retrieval,1,train,none,0.33969736099243164
114,111,114,111,learning system,learning method,1,train,none,0.6714316606521606
0,68,0,68,activation function,forward propagation,1,train,none,0.563094973564148
157,88,157,88,negative example,recall,1,train,none,0.6002072691917419
192,37,192,37,prediction error,cross validation,1,train,none,0.6136772036552429
170,7,170,7,optimization objective,batch gradient descent,1,train,none,0.44611072540283203
88,110,88,110,recall,learning curve,1,train,none,0.4966920018196106
26,59,26,59,features,face detection,1,train,none,0.42968320846557617
170,205,170,205,optimization objective,regularized linear regression,1,train,none,0.45926690101623535
88,31,88,31,recall,confusion matrix,1,train,none,0.7832269072532654
130,133,130,133,machine learning,machine learning system,1,train,none,0.7692063450813293
41,221,41,221,data set,support vector machine,1,train,none,0.42143720388412476
115,214,115,214,least squares,squared error,1,train,none,0.676200270652771
238,37,238,37,validation set,cross validation,1,train,none,0.7670119404792786
56,58,56,58,evaluation metrics,f1 score,1,train,none,0.7027183175086975
146,158,146,158,minimization problem,neural network,1,train,none,0.5371873378753662
169,121,169,121,optimization algorithms,linear regression,1,train,none,0.4103701114654541
192,230,192,230,prediction error,training error,1,train,none,0.8312743902206421
112,111,112,111,learning problem,learning method,1,train,none,0.7113588452339172
229,206,229,206,training data set,regularized logistic regression,1,train,none,0.3468090891838074
130,79,130,79,machine learning,gradient ascent,1,train,none,0.5219036340713501
114,118,114,118,learning system,linear classifier,1,train,none,0.5469094514846802
84,1,84,1,hidden unit,activation values,1,train,none,0.5693262815475464
238,151,238,151,validation set,model selection,1,train,none,0.6865702867507935
93,127,93,127,inner product,logistic regression,1,train,none,0.27887868881225586
186,220,186,220,positive data,support vector,1,train,none,0.4854804575443268
118,46,118,46,linear classifier,deep learning,1,train,none,0.5112676024436951
26,202,26,202,features,regression model,1,train,none,0.5678607821464539
240,139,240,139,vector multiplication,matrix vector multiplication,1,train,none,0.8744271397590637
128,6,128,6,loss function,back prop,1,train,none,0.5164549350738525
106,18,106,18,labeled data,classification accuracy,1,train,none,0.5169098377227783
224,71,224,71,symmetric matrix,gaussian model,1,train,none,0.38810670375823975
26,205,26,205,features,regularized linear regression,1,train,none,0.4714644253253937
106,219,106,219,labeled data,supervised learning,1,train,none,0.765677809715271
111,6,111,6,learning method,back prop,1,train,none,0.41462233662605286
114,127,114,127,learning system,logistic regression,1,train,none,0.45016154646873474
112,222,112,222,learning problem,svm optimization,1,train,none,0.5359468460083008
228,203,228,203,training data,regression problem,1,train,none,0.5699292421340942
134,10,134,10,massive training set,bias problem,1,train,none,0.5003269910812378
165,158,165,158,matrix,neural network,1,train,none,0.5525329113006592
106,4,106,4,labeled data,anomalous example,1,train,none,0.3629683256149292
181,66,181,66,polynomial features,feature space,1,train,none,0.6160950064659119
226,207,226,207,test data set,sentiment analysis,1,train,none,0.23483729362487793
176,151,176,151,parameter vector,model selection,1,train,none,0.5158028602600098
225,39,225,39,test data,cross validation sets,1,train,none,0.6234079003334045
111,159,111,159,learning method,neural network learning,1,train,none,0.6296433210372925
111,219,111,219,learning method,supervised learning,1,train,none,0.709358274936676
201,121,201,121,regression function,linear regression,1,train,none,0.7565176486968994
149,12,149,12,model complexity,bias variance trade-off,1,train,none,0.6671696901321411
117,152,117,152,linear algebra,multi-class classification,1,train,none,0.3382512331008911
176,81,176,81,parameter vector,gradient descent,1,train,none,0.5915431976318359
219,203,219,203,supervised learning,regression problem,1,train,none,0.5913177132606506
130,228,130,228,machine learning,training data,1,train,none,0.6726860404014587
111,222,111,222,learning method,svm optimization,1,train,none,0.5352113842964172
123,177,123,177,local optima,partial derivative,1,train,none,0.4533494710922241
198,196,198,196,random variable,probability density,1,train,none,0.5802642107009888
6,159,6,159,back prop,neural network learning,1,train,none,0.5514421463012695
229,73,229,73,training data set,generalization error,1,train,none,0.5669413208961487
45,47,45,47,deep features,deep neural network,1,train,none,0.7294991612434387
225,61,225,61,test data,false positives,1,train,none,0.5181800723075867
219,127,219,127,supervised learning,logistic regression,1,train,none,0.5250519514083862
212,138,212,138,square matrix,matrix transpose,1,train,none,0.6892263889312744
19,14,19,14,classification approach,binary classification,1,train,none,0.664863109588623
226,37,226,37,test data set,cross validation,1,train,none,0.6651148796081543
41,18,41,18,data set,classification accuracy,1,train,none,0.41095584630966187
79,217,79,217,gradient ascent,stochastic gradient algorithm,1,train,none,0.652018666267395
93,171,93,171,inner product,optimization problem,1,train,none,0.24424980580806732
56,230,56,230,evaluation metrics,training error,1,train,none,0.6318314671516418
89,73,89,73,hypothesis,generalization error,1,train,none,0.5949530601501465
86,181,86,181,high order polynomial,polynomial features,1,train,none,0.7384739518165588
176,204,176,204,parameter vector,regularization,1,train,none,0.5167867541313171
37,38,37,38,cross validation,cross validation error,1,train,none,0.7426426410675049
111,167,111,167,learning method,online learning,1,train,none,0.6074386835098267
117,25,117,25,linear algebra,collaborative filtering,1,train,none,0.3680925965309143
212,211,212,211,square matrix,square distances,1,train,none,0.5234886407852173
98,7,98,7,iterative algorithm,batch gradient descent,1,train,none,0.6030818819999695
112,64,112,64,learning problem,feature scaling,1,train,none,0.38268089294433594
224,69,224,69,symmetric matrix,gaussian density,1,train,none,0.38679271936416626
202,183,202,183,regression model,polynomial regression,1,train,none,0.6137670874595642
161,158,161,158,nonlinear hypotheses,neural network,1,train,none,0.5059624314308167
190,20,190,20,predicted class,classification error,1,train,none,0.7546460628509521
26,231,26,231,features,transfer learning,1,train,none,0.48871278762817383
226,10,226,10,test data set,bias problem,1,train,none,0.49156075716018677
26,203,26,203,features,regression problem,1,train,none,0.4669879674911499
78,79,78,79,gradient algorithm,gradient ascent,1,train,none,0.834160566329956
112,26,112,26,learning problem,features,1,train,none,0.5268630385398865
131,118,131,118,machine learning algorithm,linear classifier,1,train,none,0.598801851272583
169,109,169,109,optimization algorithms,latent dirichlet allocation,1,train,none,0.17178340256214142
204,206,204,206,regularization,regularized logistic regression,1,train,none,0.8080837726593018
94,114,94,114,input data,learning system,1,train,none,0.6374194025993347
228,37,228,37,training data,cross validation,1,train,none,0.6617704629898071
112,42,112,42,learning problem,decision boundaries,1,train,none,0.53511643409729
228,242,228,242,training data,overfitting,1,train,none,0.6385585069656372
112,89,112,89,learning problem,hypothesis,1,train,none,0.6736243963241577
226,110,226,110,test data set,learning curve,1,train,none,0.5706568360328674
111,19,111,19,learning method,classification approach,1,train,none,0.7386230230331421
128,206,128,206,loss function,regularized logistic regression,1,train,none,0.37767690420150757
114,12,114,12,learning system,bias variance trade-off,1,train,none,0.47020024061203003
225,242,225,242,test data,overfitting,1,train,none,0.6208590269088745
228,167,228,167,training data,online learning,1,train,none,0.506818950176239
150,55,150,55,model parameters,estimated parameters,1,train,none,0.8641940355300903
130,51,130,51,machine learning,document retrieval,1,train,none,0.4678696095943451
111,202,111,202,learning method,regression model,1,train,none,0.5723364353179932
89,205,89,205,hypothesis,regularized linear regression,1,train,none,0.44891858100891113
228,160,228,160,training data,non-anomalous examples,1,train,none,0.4858902096748352
219,39,219,39,supervised learning,cross validation sets,1,train,none,0.5279558897018433
113,217,113,217,learning rate,stochastic gradient algorithm,1,train,none,0.5288281440734863
41,75,41,75,data set,gibbs sampler,1,train,none,0.2702934741973877
7,144,7,144,batch gradient descent,mini-batch gradient descent,1,train,none,0.7821693420410156
41,94,41,94,data set,input data,1,train,none,0.6784670352935791
219,18,219,18,supervised learning,classification accuracy,1,train,none,0.5341590642929077
130,83,130,83,machine learning,hidden layer,1,train,none,0.546802818775177
130,121,130,121,machine learning,linear regression,1,train,none,0.5245688557624817
111,150,111,150,learning method,model parameters,1,train,none,0.4784587025642395
130,39,130,39,machine learning,cross validation sets,1,train,none,0.44247865676879883
94,208,94,208,input data,sentiment classifier,1,train,none,0.42013561725616455
114,17,114,17,learning system,character segmentation,1,train,none,0.3084154725074768
94,67,94,67,input data,feature vector,1,train,none,0.5713422298431396
89,118,89,118,hypothesis,linear classifier,1,train,none,0.4737966060638428
226,18,226,18,test data set,classification accuracy,1,train,none,0.5110185146331787
122,159,122,159,local minimum,neural network learning,1,train,none,0.537547767162323
48,121,48,121,derivative term,linear regression,1,train,none,0.39543184638023376
48,127,48,127,derivative term,logistic regression,1,train,none,0.3051946759223938
122,177,122,177,local minimum,partial derivative,1,train,none,0.40993160009384155
41,130,41,130,data set,machine learning,1,train,none,0.5821434259414673
165,31,165,31,matrix,confusion matrix,1,train,none,0.4548152685165405
176,73,176,73,parameter vector,generalization error,1,train,none,0.46690359711647034
214,6,214,6,squared error,back prop,1,train,none,0.3672209084033966
19,152,19,152,classification approach,multi-class classification,1,train,none,0.6541901230812073
66,161,66,161,feature space,nonlinear hypotheses,1,train,none,0.4869922399520874
88,12,88,12,recall,bias variance trade-off,1,train,none,0.44199424982070923
114,26,114,26,learning system,features,1,train,none,0.5865888595581055
136,158,136,158,matrix factorization,neural network,1,train,none,0.31751519441604614
128,205,128,205,loss function,regularized linear regression,1,train,none,0.3965360224246979
95,54,95,54,input layer,error cost function,1,train,none,0.4862368106842041
156,101,156,101,nearest neighbors,k nearest neighbors,1,train,none,0.8958646059036255
38,149,38,149,cross validation error,model complexity,1,train,none,0.5455966591835022
94,229,94,229,input data,training data set,1,train,none,0.6328235268592834
176,183,176,183,parameter vector,polynomial regression,1,train,none,0.37257054448127747
176,205,176,205,parameter vector,regularized linear regression,1,train,none,0.45576924085617065
168,217,168,217,optimal solution,stochastic gradient algorithm,1,train,none,0.4615940749645233
212,213,212,213,square matrix,square projection error,1,train,none,0.5858396887779236
165,127,165,127,matrix,logistic regression,1,train,none,0.3043016195297241
242,52,242,52,overfitting,early stopping,1,train,none,0.5985308885574341
185,233,185,233,positive class,true positives,1,train,none,0.7385684251785278
165,224,165,224,matrix,symmetric matrix,1,train,none,0.6398391723632812
225,18,225,18,test data,classification accuracy,1,train,none,0.4907578229904175
157,61,157,61,negative example,false positives,1,train,none,0.6264241933822632
165,135,165,135,matrix,matrix addition,1,train,none,0.6880102753639221
41,158,41,158,data set,neural network,1,train,none,0.4585586190223694
115,216,115,216,least squares,standard least squares,1,train,none,0.9108565449714661
229,144,229,144,training data set,mini-batch gradient descent,1,train,none,0.3961295187473297
173,54,173,54,output layer,error cost function,1,train,none,0.5064269304275513
236,57,236,57,unsupervised learning,expectation maximization,1,train,none,0.5576155185699463
219,37,219,37,supervised learning,cross validation,1,train,none,0.5964853763580322
53,20,53,20,error analysis,classification error,1,train,none,0.7809313535690308
70,104,70,104,gaussian kernel,kernel regression,1,train,none,0.7411951422691345
157,127,157,127,negative example,logistic regression,1,train,none,0.36964377760887146
191,25,191,25,predicted value,collaborative filtering,1,train,none,0.2550055682659149
191,87,191,87,predicted value,precision,1,train,none,0.4692310094833374
44,43,44,43,decision tree,decision stamp,1,train,none,0.653242826461792
187,118,187,118,positive predictions,linear classifier,1,train,none,0.412309855222702
41,3,41,3,data set,agglomerative clustering,1,train,none,0.31622114777565
36,195,36,195,covariance matrix,probabilistic model,1,train,none,0.40497156977653503
171,146,171,146,optimization problem,minimization problem,1,train,none,0.7749440670013428
93,107,93,107,inner product,large margin classifier,1,train,none,0.2683262526988983
41,203,41,203,data set,regression problem,1,train,none,0.4392285943031311
130,120,130,120,machine learning,linear model,1,train,none,0.56095290184021
114,152,114,152,learning system,multi-class classification,1,train,none,0.41671523451805115
26,43,26,43,features,decision stamp,1,train,none,0.3660337030887604
117,162,117,162,linear algebra,normal equation,1,train,none,0.5047200918197632
209,0,209,0,sigmoid function,activation function,1,train,none,0.7262243032455444
88,189,88,189,recall,precision recall curve,1,train,none,0.7345697283744812
106,88,106,88,labeled data,recall,1,train,none,0.5155068039894104
117,177,117,177,linear algebra,partial derivative,1,train,none,0.35729268193244934
128,10,128,10,loss function,bias problem,1,train,none,0.47736847400665283
94,66,94,66,input data,feature space,1,train,none,0.548255980014801
97,68,97,68,input units,forward propagation,1,train,none,0.5222330093383789
41,92,41,92,data set,image retrieval,1,train,none,0.2863445580005646
176,222,176,222,parameter vector,svm optimization,1,train,none,0.5304148197174072
130,46,130,46,machine learning,deep learning,1,train,none,0.7586750388145447
112,5,112,5,learning problem,anomaly detection,1,train,none,0.5077874660491943
127,74,127,74,logistic regression,generalized linear models,1,train,none,0.5944697856903076
24,102,24,102,clustering algorithm,k-means objective,1,train,none,0.667475700378418
228,162,228,162,training data,normal equation,1,train,none,0.43269336223602295
112,45,112,45,learning problem,deep features,1,train,none,0.38143032789230347
171,170,171,170,optimization problem,optimization objective,1,train,none,0.7825403809547424
23,24,23,24,cluster,clustering algorithm,1,train,none,0.846596360206604
185,88,185,88,positive class,recall,1,train,none,0.6876213550567627
111,127,111,127,learning method,logistic regression,1,train,none,0.433870404958725
123,128,123,128,local optima,loss function,1,train,none,0.5041208863258362
22,100,22,100,cluster center,k means,1,train,none,0.7125790119171143
128,33,128,33,loss function,convergence test,1,train,none,0.4291137158870697
67,25,67,25,feature vector,collaborative filtering,1,train,none,0.27004295587539673
112,21,112,21,learning problem,classification problem,1,train,none,0.7349330186843872
66,118,66,118,feature space,linear classifier,1,train,none,0.5825323462486267
229,17,229,17,training data set,character segmentation,1,train,none,0.2595773935317993
67,220,67,220,feature vector,support vector,1,train,none,0.6294156908988953
112,19,112,19,learning problem,classification approach,1,train,none,0.6316553950309753
112,17,112,17,learning problem,character segmentation,1,train,none,0.2753954529762268
41,131,41,131,data set,machine learning algorithm,1,train,none,0.565638542175293
225,167,225,167,test data,online learning,1,train,none,0.4046356678009033
66,220,66,220,feature space,support vector,1,train,none,0.6774671673774719
236,24,236,24,unsupervised learning,clustering algorithm,1,train,none,0.6900282502174377
158,84,158,84,neural network,hidden unit,1,train,none,0.7489750981330872
229,167,229,167,training data set,online learning,1,train,none,0.4699332118034363
165,129,165,129,matrix,low rank matrix,1,train,none,0.528628408908844
88,58,88,58,recall,f1 score,1,train,none,0.8064937591552734
229,97,229,97,training data set,input units,1,train,none,0.4137468934059143
83,54,83,54,hidden layer,error cost function,1,train,none,0.4527100622653961
130,26,130,26,machine learning,features,1,train,none,0.5523092150688171
170,183,170,183,optimization objective,polynomial regression,1,train,none,0.35017040371894836
121,183,121,183,linear regression,polynomial regression,1,train,none,0.6982806324958801
66,158,66,158,feature space,neural network,1,train,none,0.4543134272098541
94,152,94,152,input data,multi-class classification,1,train,none,0.372988224029541
225,60,225,60,test data,false negative,1,train,none,0.5725535154342651
171,35,171,35,optimization problem,coordinate descent,1,train,none,0.4902147054672241
125,8,125,8,log likelihood,bayesian approach,1,train,none,0.4594234824180603
226,151,226,151,test data set,model selection,1,train,none,0.570554792881012
226,238,226,238,test data set,validation set,1,train,none,0.8347868919372559
130,25,130,25,machine learning,collaborative filtering,1,train,none,0.39911216497421265
177,169,177,169,partial derivative,optimization algorithms,1,train,none,0.4400148391723633
226,219,226,219,test data set,supervised learning,1,train,none,0.5667580366134644
229,37,229,37,training data set,cross validation,1,train,none,0.5962690711021423
226,127,226,127,test data set,logistic regression,1,train,none,0.40517234802246094
221,103,221,103,support vector machine,kernel function,1,train,none,0.7149264812469482
111,46,111,46,learning method,deep learning,1,train,none,0.4663556218147278
228,46,228,46,training data,deep learning,1,train,none,0.5441175699234009
99,75,99,75,joint model probability,gibbs sampler,1,train,none,0.502684473991394
197,198,197,198,random numbers,random variable,1,train,none,0.6947570443153381
229,183,229,183,training data set,polynomial regression,1,train,none,0.2994973957538605
111,152,111,152,learning method,multi-class classification,1,train,none,0.44526025652885437
228,17,228,17,training data,character segmentation,1,train,none,0.32292166352272034
186,152,186,152,positive data,multi-class classification,1,train,none,0.4223862886428833
221,222,221,222,support vector machine,svm optimization,1,train,none,0.7414025664329529
226,121,226,121,test data set,linear regression,1,train,none,0.4674755930900574
4,5,4,5,anomalous example,anomaly detection,1,train,none,0.78556889295578
114,210,114,210,learning system,spam filtering,1,train,none,0.43584683537483215
121,108,121,108,linear regression,lasso regression,1,train,none,0.6441167593002319
41,148,41,148,data set,mixture model,1,train,none,0.3172433376312256
228,44,228,44,training data,decision tree,1,train,none,0.6024471521377563
21,20,21,20,classification problem,classification error,1,train,none,0.6523828506469727
229,158,229,158,training data set,neural network,1,train,none,0.5331915616989136
19,127,19,127,classification approach,logistic regression,1,train,none,0.5629183053970337
237,38,237,38,validation error,cross validation error,1,train,none,0.8205922842025757
27,92,27,92,computer vision,image retrieval,1,train,none,0.4962727427482605
19,239,19,239,classification approach,variance problem,1,train,none,0.3401869535446167
87,110,87,110,precision,learning curve,1,train,none,0.4590035378932953
18,61,18,61,classification accuracy,false positives,1,train,none,0.661636233329773
130,233,130,233,machine learning,true positives,1,train,none,0.3940443694591522
221,218,221,218,support vector machine,string kernel,1,train,none,0.5042473077774048
67,193,67,193,feature vector,principle components,1,train,none,0.559400737285614
113,33,113,33,learning rate,convergence test,1,train,none,0.5885847210884094
16,17,16,17,character recognition,character segmentation,1,train,none,0.7307542562484741
26,68,26,68,features,forward propagation,1,train,none,0.3560108542442322
157,221,157,221,negative example,support vector machine,1,train,none,0.3823254704475403
106,91,106,91,labeled data,image classification,1,train,none,0.577867329120636
67,221,67,221,feature vector,support vector machine,1,train,none,0.5762343406677246
61,189,61,189,false positives,precision recall curve,1,train,none,0.6474822759628296
234,12,234,12,tuning parameter,bias variance trade-off,1,train,none,0.5556635856628418
90,153,90,153,identity matrics,multivariate gaussian distribution,1,train,none,0.3014287054538727
130,65,130,65,machine learning,feature selection,1,train,none,0.5330101251602173
133,199,133,199,machine learning system,recommender system,1,train,none,0.4654844403266907
233,31,233,31,true positives,confusion matrix,1,train,none,0.7251060009002686
41,25,41,25,data set,collaborative filtering,1,train,none,0.2680707275867462
226,58,226,58,test data set,f1 score,1,train,none,0.5173428058624268
165,175,165,175,matrix,parameter estimation,1,train,none,0.3186686038970947
226,60,226,60,test data set,false negative,1,train,none,0.5203441381454468
112,151,112,151,learning problem,model selection,1,train,none,0.5536423921585083
157,53,157,53,negative example,error analysis,1,train,none,0.42139196395874023
225,38,225,38,test data,cross validation error,1,train,none,0.6646454930305481
117,217,117,217,linear algebra,stochastic gradient algorithm,1,train,none,0.3590877056121826
128,158,128,158,loss function,neural network,1,train,none,0.5487658977508545
90,69,90,69,identity matrics,gaussian density,1,train,none,0.2886870503425598
77,159,77,159,global optimum,neural network learning,1,train,none,0.5175182819366455
48,159,48,159,derivative term,neural network learning,1,train,none,0.525224506855011
169,7,169,7,optimization algorithms,batch gradient descent,1,train,none,0.609085202217102
226,233,226,233,test data set,true positives,1,train,none,0.43150296807289124
228,6,228,6,training data,back prop,1,train,none,0.3797963261604309
220,221,220,221,support vector,support vector machine,1,train,none,0.8173168301582336
157,18,157,18,negative example,classification accuracy,1,train,none,0.4297941029071808
42,220,42,220,decision boundaries,support vector,1,train,none,0.5992933511734009
111,221,111,221,learning method,support vector machine,1,train,none,0.616269588470459
69,75,69,75,gaussian density,gibbs sampler,1,train,none,0.4447324872016907
20,230,20,230,classification error,training error,1,train,none,0.7886317372322083
165,32,165,32,matrix,conjugate gradient,1,train,none,0.3950037360191345
225,44,225,44,test data,decision tree,1,train,none,0.5341676473617554
229,39,229,39,training data set,cross validation sets,1,train,none,0.6928960680961609
67,213,67,213,feature vector,square projection error,1,train,none,0.4449250400066376
194,109,194,109,prior probability,latent dirichlet allocation,1,train,none,0.43192005157470703
140,9,140,9,maximum likelihood,bayesian inference,1,train,none,0.49552467465400696
229,219,229,219,training data set,supervised learning,1,train,none,0.6262703537940979
226,243,226,243,test data set,underfitting,1,train,none,0.5319706201553345
157,87,157,87,negative example,precision,1,train,none,0.4961813688278198
118,47,118,47,linear classifier,deep neural network,1,train,none,0.5346169471740723
131,121,131,121,machine learning algorithm,linear regression,1,train,none,0.5240837931632996
213,178,213,178,square projection error,pca algorithm,1,train,none,0.5825111269950867
111,42,111,42,learning method,decision boundaries,1,train,none,0.4550014138221741
232,31,232,31,true negatives,confusion matrix,1,train,none,0.725529670715332
228,14,228,14,training data,binary classification,1,train,none,0.5142256021499634
122,6,122,6,local minimum,back prop,1,train,none,0.3580161929130554
158,6,158,6,neural network,back prop,1,train,none,0.587295651435852
121,162,121,162,linear regression,normal equation,1,train,none,0.6012266278266907
132,180,132,180,machine learning application,photo ocr,1,train,none,0.23847222328186035
19,158,19,158,classification approach,neural network,1,train,none,0.47831055521965027
171,169,171,169,optimization problem,optimization algorithms,1,train,none,0.7308970093727112
161,68,161,68,nonlinear hypotheses,forward propagation,1,train,none,0.4285373389720917
128,221,128,221,loss function,support vector machine,1,train,none,0.4465903043746948
228,239,228,239,training data,variance problem,1,train,none,0.5242663025856018
1,68,1,68,activation values,forward propagation,1,train,none,0.5585500597953796
40,26,40,26,data representation,features,1,train,none,0.6689106822013855
81,113,81,113,gradient descent,learning rate,1,train,none,0.706639289855957
26,44,26,44,features,decision tree,1,train,none,0.580129861831665
84,83,84,83,hidden unit,hidden layer,1,train,none,0.844260573387146
170,81,170,81,optimization objective,gradient descent,1,train,none,0.6109166145324707
48,169,48,169,derivative term,optimization algorithms,1,train,none,0.5521721243858337
226,239,226,239,test data set,variance problem,1,train,none,0.43897339701652527
155,101,155,101,nearest neighbor search,k nearest neighbors,1,train,none,0.8318264484405518
130,63,130,63,machine learning,feature extraction,1,train,none,0.5133307576179504
111,121,111,121,learning method,linear regression,1,train,none,0.47398993372917175
177,81,177,81,partial derivative,gradient descent,1,train,none,0.5000271797180176
94,120,94,120,input data,linear model,1,train,none,0.5383382439613342
41,49,41,49,data set,design matrix,1,train,none,0.4949696362018585
185,221,185,221,positive class,support vector machine,1,train,none,0.4307788014411926
170,162,170,162,optimization objective,normal equation,1,train,none,0.49011895060539246
190,87,190,87,predicted class,precision,1,train,none,0.6452720165252686
219,5,219,5,supervised learning,anomaly detection,1,train,none,0.5076867938041687
224,154,224,154,symmetric matrix,multivariate gaussian model,1,train,none,0.4355282485485077
106,61,106,61,labeled data,false positives,1,train,none,0.49136191606521606
130,2,130,2,machine learning,adaboost,1,train,none,0.40132078528404236
41,24,41,24,data set,clustering algorithm,1,train,none,0.4673793315887451
111,179,111,179,learning method,pedestrian detection,1,train,none,0.1949111819267273
158,0,158,0,neural network,activation function,1,train,none,0.6387234926223755
123,222,123,222,local optima,svm optimization,1,train,none,0.40624913573265076
26,183,26,183,features,polynomial regression,1,train,none,0.36535483598709106
131,15,131,15,machine learning algorithm,boosting algorithm,1,train,none,0.563877284526825
67,118,67,118,feature vector,linear classifier,1,train,none,0.5622981786727905
37,149,37,149,cross validation,model complexity,1,train,none,0.5527187585830688
21,127,21,127,classification problem,logistic regression,1,train,none,0.6256396770477295
71,154,71,154,gaussian model,multivariate gaussian model,1,train,none,0.8442507982254028
93,115,93,115,inner product,least squares,1,train,none,0.3890833854675293
150,128,150,128,model parameters,loss function,1,train,none,0.5110794901847839
176,68,176,68,parameter vector,forward propagation,1,train,none,0.5135163068771362
186,107,186,107,positive data,large margin classifier,1,train,none,0.4644501209259033
60,31,60,31,false negative,confusion matrix,1,train,none,0.7519098520278931
168,162,168,162,optimal solution,normal equation,1,train,none,0.495121031999588
94,202,94,202,input data,regression model,1,train,none,0.5264817476272583
228,96,228,96,training data,input space,1,train,none,0.511499285697937
185,152,185,152,positive class,multi-class classification,1,train,none,0.542156457901001
26,27,26,27,features,computer vision,1,train,none,0.4967472553253174
228,179,228,179,training data,pedestrian detection,1,train,none,0.270324170589447
184,205,184,205,polynomial terms,regularized linear regression,1,train,none,0.4803813695907593
20,31,20,31,classification error,confusion matrix,1,train,none,0.7967306971549988
67,49,67,49,feature vector,design matrix,1,train,none,0.5734418630599976
204,205,204,205,regularization,regularized linear regression,1,train,none,0.8800753355026245
130,20,130,20,machine learning,classification error,1,train,none,0.5562664270401001
200,121,200,121,regression coefficients,linear regression,1,train,none,0.7406996488571167
227,73,227,73,test error,generalization error,1,train,none,0.7310081720352173
133,210,133,210,machine learning system,spam filtering,1,train,none,0.4442192316055298
123,221,123,221,local optima,support vector machine,1,train,none,0.2417764961719513
171,131,171,131,optimization problem,machine learning algorithm,1,train,none,0.5969556570053101
26,206,26,206,features,regularized logistic regression,1,train,none,0.4017190933227539
186,19,186,19,positive data,classification approach,1,train,none,0.48121532797813416
81,159,81,159,gradient descent,neural network learning,1,train,none,0.7113381624221802
130,127,130,127,machine learning,logistic regression,1,train,none,0.4892740249633789
131,206,131,206,machine learning algorithm,regularized logistic regression,1,train,none,0.4107203185558319
131,9,131,9,machine learning algorithm,bayesian inference,1,train,none,0.45666083693504333
243,237,243,237,underfitting,validation error,1,train,none,0.6138119697570801
170,110,170,110,optimization objective,learning curve,1,train,none,0.4866604208946228
228,65,228,65,training data,feature selection,1,train,none,0.5889318585395813
229,4,229,4,training data set,anomalous example,1,train,none,0.38595134019851685
157,219,157,219,negative example,supervised learning,1,train,none,0.41123539209365845
24,85,24,85,clustering algorithm,hierarchical clustering,1,train,none,0.721472978591919
26,151,26,151,features,model selection,1,train,none,0.608117938041687
65,62,65,62,feature selection,feature engineering,1,train,none,0.7461912035942078
112,16,112,16,learning problem,character recognition,1,train,none,0.37563851475715637
26,118,26,118,features,linear classifier,1,train,none,0.5867354869842529
73,10,73,10,generalization error,bias problem,1,train,none,0.672133207321167
150,9,150,9,model parameters,bayesian inference,1,train,none,0.36871522665023804
41,106,41,106,data set,labeled data,1,train,none,0.6972103118896484
229,25,229,25,training data set,collaborative filtering,1,train,none,0.26868754625320435
67,243,67,243,feature vector,underfitting,1,train,none,0.33399516344070435
220,119,220,119,support vector,linear kernel,1,train,none,0.6569231748580933
40,62,40,62,data representation,feature engineering,1,train,none,0.638056755065918
204,105,204,105,regularization,l1 penalty,1,train,none,0.7133703231811523
123,35,123,35,local optima,coordinate descent,1,train,none,0.4452059864997864
168,221,168,221,optimal solution,support vector machine,1,train,none,0.43187206983566284
196,71,196,71,probability density,gaussian model,1,train,none,0.6717349290847778
229,134,229,134,training data set,massive training set,1,train,none,0.6865845322608948
66,121,66,121,feature space,linear regression,1,train,none,0.46020740270614624
114,121,114,121,learning system,linear regression,1,train,none,0.5452912449836731
89,202,89,202,hypothesis,regression model,1,train,none,0.5788841843605042
131,12,131,12,machine learning algorithm,bias variance trade-off,1,train,none,0.46569356322288513
26,167,26,167,features,online learning,1,train,none,0.36549460887908936
174,6,174,6,output unit,back prop,1,train,none,0.5082144737243652
84,0,84,0,hidden unit,activation function,1,train,none,0.624427080154419
225,207,225,207,test data,sentiment analysis,1,train,none,0.24839317798614502
112,210,112,210,learning problem,spam filtering,1,train,none,0.4232507646083832
131,148,131,148,machine learning algorithm,mixture model,1,train,none,0.31711843609809875
201,108,201,108,regression function,lasso regression,1,train,none,0.524832010269165
229,38,229,38,training data set,cross validation error,1,train,none,0.6316011548042297
112,132,112,132,learning problem,machine learning application,1,train,none,0.6052325963973999
89,206,89,206,hypothesis,regularized logistic regression,1,train,none,0.42371729016304016
41,20,41,20,data set,classification error,1,train,none,0.4701094627380371
220,222,220,222,support vector,svm optimization,1,train,none,0.7457113265991211
99,9,99,9,joint model probability,bayesian inference,1,train,none,0.5560579895973206
69,71,69,71,gaussian density,gaussian model,1,train,none,0.7312275171279907
130,52,130,52,machine learning,early stopping,1,train,none,0.4816649854183197
130,103,130,103,machine learning,kernel function,1,train,none,0.5109577775001526
49,162,49,162,design matrix,normal equation,1,train,none,0.5446618795394897
63,158,63,158,feature extraction,neural network,1,train,none,0.5550549626350403
131,152,131,152,machine learning algorithm,multi-class classification,1,train,none,0.4625624120235443
118,127,118,127,linear classifier,logistic regression,1,train,none,0.5678290128707886
226,205,226,205,test data set,regularized linear regression,1,train,none,0.40636736154556274
243,38,243,38,underfitting,cross validation error,1,train,none,0.5882582068443298
128,217,128,217,loss function,stochastic gradient algorithm,1,train,none,0.5491851568222046
225,189,225,189,test data,precision recall curve,1,train,none,0.46252375841140747
136,25,136,25,matrix factorization,collaborative filtering,1,train,none,0.7913245558738708
157,158,157,158,negative example,neural network,1,train,none,0.37225842475891113
241,15,241,15,weak classifier,boosting algorithm,1,train,none,0.6769816279411316
176,141,176,141,parameter vector,maximum likelihood estimate,1,train,none,0.5637625455856323
130,229,130,229,machine learning,training data set,1,train,none,0.5812234878540039
230,243,230,243,training error,underfitting,1,train,none,0.6000583171844482
127,68,127,68,logistic regression,forward propagation,1,train,none,0.3412996232509613
209,158,209,158,sigmoid function,neural network,1,train,none,0.5000100135803223
225,243,225,243,test data,underfitting,1,train,none,0.5514105558395386
29,109,29,109,conditional distribution,latent dirichlet allocation,1,train,none,0.41284745931625366
34,217,34,217,convex function,stochastic gradient algorithm,1,train,none,0.4676018953323364
133,17,133,17,machine learning system,character segmentation,1,train,none,0.2707568109035492
89,159,89,159,hypothesis,neural network learning,1,train,none,0.5043653249740601
94,221,94,221,input data,support vector machine,1,train,none,0.435355544090271
229,64,229,64,training data set,feature scaling,1,train,none,0.4452369213104248
165,6,165,6,matrix,back prop,1,train,none,0.43245863914489746
112,25,112,25,learning problem,collaborative filtering,1,train,none,0.269463449716568
41,21,41,21,data set,classification problem,1,train,none,0.47047901153564453
236,155,236,155,unsupervised learning,nearest neighbor search,1,train,none,0.43902236223220825
111,15,111,15,learning method,boosting algorithm,1,train,none,0.5375425219535828
103,70,103,70,kernel function,gaussian kernel,1,train,none,0.8579365015029907
45,92,45,92,deep features,image retrieval,0,train,label_file_random,0.401943176984787
24,167,24,167,clustering algorithm,online learning,0,train,label_file_random,0.3558209240436554
26,41,26,41,features,data set,0,train,label_file_random,0.5727939605712891
130,192,130,192,machine learning,prediction error,0,train,label_file_random,0.5867969393730164
4,53,4,53,anomalous example,error analysis,0,train,label_file_random,0.3845919966697693
12,140,12,140,bias variance trade-off,maximum likelihood,0,train,label_file_random,0.5230387449264526
32,132,32,132,conjugate gradient,machine learning application,0,train,label_file_random,0.305047869682312
23,221,23,221,cluster,support vector machine,0,train,label_file_random,0.46302855014801025
41,196,41,196,data set,probability density,0,train,label_file_random,0.38457292318344116
24,148,24,148,clustering algorithm,mixture model,0,train,label_file_random,0.4543963074684143
70,111,70,111,gaussian kernel,learning method,0,train,label_file_random,0.4374251067638397
224,228,224,228,symmetric matrix,training data,0,train,label_file_random,0.3875507712364197
121,170,121,170,linear regression,optimization objective,0,train,label_file_random,0.497622013092041
14,230,14,230,binary classification,training error,0,train,label_file_random,0.43607640266418457
107,128,107,128,large margin classifier,loss function,0,train,label_file_random,0.37607643008232117
26,209,26,209,features,sigmoid function,0,train,label_file_random,0.35549813508987427
67,228,67,228,feature vector,training data,0,train,label_file_random,0.499652624130249
184,229,184,229,polynomial terms,training data set,0,train,label_file_random,0.3069879412651062
115,201,115,201,least squares,regression function,0,train,label_file_random,0.6443053483963013
208,220,208,220,sentiment classifier,support vector,0,train,label_file_random,0.5156412124633789
11,127,11,127,bias unit,logistic regression,0,train,label_file_random,0.3076675236225128
184,240,184,240,polynomial terms,vector multiplication,0,train,label_file_random,0.4141327738761902
77,152,77,152,global optimum,multi-class classification,0,train,label_file_random,0.2555429935455322
32,191,32,191,conjugate gradient,predicted value,0,train,label_file_random,0.3425842523574829
56,232,56,232,evaluation metrics,true negatives,0,train,label_file_random,0.5549666881561279
207,230,207,230,sentiment analysis,training error,0,train,label_file_random,0.2439028024673462
87,239,87,239,precision,variance problem,0,train,label_file_random,0.41303157806396484
105,183,105,183,l1 penalty,polynomial regression,0,train,label_file_random,0.40526753664016724
13,109,13,109,big data sets,latent dirichlet allocation,0,train,label_file_random,0.22439095377922058
171,220,171,220,optimization problem,support vector,0,train,label_file_random,0.49384427070617676
26,239,26,239,features,variance problem,0,train,label_file_random,0.4422455132007599
48,64,48,64,derivative term,feature scaling,0,train,label_file_random,0.34148019552230835
88,204,88,204,recall,regularization,0,train,label_file_random,0.48426517844200134
26,200,26,200,features,regression coefficients,0,train,label_file_random,0.5966088771820068
25,109,25,109,collaborative filtering,latent dirichlet allocation,0,train,label_file_random,0.41485050320625305
69,100,69,100,gaussian density,k means,0,train,label_file_random,0.3884836435317993
90,130,90,130,identity matrics,machine learning,0,train,label_file_random,0.36908504366874695
45,228,45,228,deep features,training data,0,train,label_file_random,0.48087331652641296
116,177,116,177,likelihood function,partial derivative,0,train,label_file_random,0.34758833050727844
57,221,57,221,expectation maximization,support vector machine,0,train,label_file_random,0.3506060838699341
112,242,112,242,learning problem,overfitting,0,train,label_file_random,0.5583629608154297
120,156,120,156,linear model,nearest neighbors,0,train,label_file_random,0.44115686416625977
77,95,77,95,global optimum,input layer,0,train,label_file_random,0.38013380765914917
140,229,140,229,maximum likelihood,training data set,0,train,label_file_random,0.4515876770019531
21,53,21,53,classification problem,error analysis,0,train,label_file_random,0.5538579821586609
5,233,5,233,anomaly detection,true positives,0,train,label_file_random,0.44567957520484924
111,119,111,119,learning method,linear kernel,0,train,label_file_random,0.4531845152378082
12,202,12,202,bias variance trade-off,regression model,0,train,label_file_random,0.5174157619476318
177,216,177,216,partial derivative,standard least squares,0,train,label_file_random,0.31159111857414246
26,97,26,97,features,input units,0,train,label_file_random,0.48304152488708496
97,177,97,177,input units,partial derivative,0,train,label_file_random,0.4213164448738098
110,113,110,113,learning curve,learning rate,0,train,label_file_random,0.6569231748580933
11,186,11,186,bias unit,positive data,0,train,label_file_random,0.372435063123703
67,131,67,131,feature vector,machine learning algorithm,0,train,label_file_random,0.49233922362327576
140,230,140,230,maximum likelihood,training error,0,train,label_file_random,0.46857932209968567
42,84,42,84,decision boundaries,hidden unit,0,train,label_file_random,0.32102304697036743
23,26,23,26,cluster,features,0,train,label_file_random,0.5739307403564453
146,236,146,236,minimization problem,unsupervised learning,0,train,label_file_random,0.43094587326049805
46,185,46,185,deep learning,positive class,0,train,label_file_random,0.3044869303703308
26,175,26,175,features,parameter estimation,0,train,label_file_random,0.42879819869995117
71,117,71,117,gaussian model,linear algebra,0,train,label_file_random,0.3431757092475891
170,199,170,199,optimization objective,recommender system,0,train,label_file_random,0.23562555015087128
188,226,188,226,positive training example,test data set,0,train,label_file_random,0.5167509317398071
106,198,106,198,labeled data,random variable,0,train,label_file_random,0.5627036094665527
131,140,131,140,machine learning algorithm,maximum likelihood,0,train,label_file_random,0.44626307487487793
89,170,89,170,hypothesis,optimization objective,0,train,label_file_random,0.5226033329963684
88,131,88,131,recall,machine learning algorithm,0,train,label_file_random,0.41311824321746826
88,133,88,133,recall,machine learning system,0,train,label_file_random,0.518596887588501
96,214,96,214,input space,squared error,0,train,label_file_random,0.46281978487968445
41,71,41,71,data set,gaussian model,0,train,label_file_random,0.3611888885498047
186,228,186,228,positive data,training data,0,train,label_file_random,0.5793001651763916
140,165,140,165,maximum likelihood,matrix,0,train,label_file_random,0.3166806101799011
118,209,118,209,linear classifier,sigmoid function,0,train,label_file_random,0.4125552177429199
94,176,94,176,input data,parameter vector,0,train,label_file_random,0.5659711956977844
109,202,109,202,latent dirichlet allocation,regression model,0,train,label_file_random,0.22523781657218933
26,213,26,213,features,square projection error,0,train,label_file_random,0.5026869773864746
79,125,79,125,gradient ascent,log likelihood,0,train,label_file_random,0.5314508676528931
127,162,127,162,logistic regression,normal equation,0,train,label_file_random,0.370834618806839
34,171,34,171,convex function,optimization problem,0,train,label_file_random,0.5042550563812256
89,114,89,114,hypothesis,learning system,0,train,label_file_random,0.5716668367385864
43,128,43,128,decision stamp,loss function,0,train,label_file_random,0.28574883937835693
41,217,41,217,data set,stochastic gradient algorithm,0,train,label_file_random,0.33607780933380127
7,26,7,26,batch gradient descent,features,0,train,label_file_random,0.389825701713562
174,186,174,186,output unit,positive data,0,train,label_file_random,0.34835031628608704
157,236,157,236,negative example,unsupervised learning,0,train,label_file_random,0.34606555104255676
41,113,41,113,data set,learning rate,0,train,label_file_random,0.33524489402770996
106,148,106,148,labeled data,mixture model,0,train,label_file_random,0.39449742436408997
156,195,156,195,nearest neighbors,probabilistic model,0,train,label_file_random,0.31484362483024597
5,232,5,232,anomaly detection,true negatives,0,train,label_file_random,0.5030696988105774
111,212,111,212,learning method,square matrix,0,train,label_file_random,0.34788450598716736
109,236,109,236,latent dirichlet allocation,unsupervised learning,0,train,label_file_random,0.3835580050945282
165,173,165,173,matrix,output layer,0,train,label_file_random,0.4477648138999939
75,219,75,219,gibbs sampler,supervised learning,0,train,label_file_random,0.2753813564777374
81,204,81,204,gradient descent,regularization,0,train,label_file_random,0.6140061616897583
112,156,112,156,learning problem,nearest neighbors,0,train,label_file_random,0.5046191215515137
149,226,149,226,model complexity,test data set,0,train,label_file_random,0.4889170527458191
200,240,200,240,regression coefficients,vector multiplication,0,train,label_file_random,0.3909173309803009
69,130,69,130,gaussian density,machine learning,0,train,label_file_random,0.3756752014160156
113,226,113,226,learning rate,test data set,0,train,label_file_random,0.4031440019607544
111,136,111,136,learning method,matrix factorization,0,train,label_file_random,0.3128221333026886
46,81,46,81,deep learning,gradient descent,0,train,label_file_random,0.6122263669967651
108,237,108,237,lasso regression,validation error,0,train,label_file_random,0.44496047496795654
17,157,17,157,character segmentation,negative example,0,train,label_file_random,0.21442049741744995
43,238,43,238,decision stamp,validation set,0,train,label_file_random,0.38895824551582336
76,214,76,214,global minimum,squared error,0,train,label_file_random,0.5224570631980896
195,236,195,236,probabilistic model,unsupervised learning,0,train,label_file_random,0.3457721173763275
130,186,130,186,machine learning,positive data,0,train,label_file_random,0.4089609980583191
31,45,31,45,confusion matrix,deep features,0,train,label_file_random,0.3332212567329407
13,81,13,81,big data sets,gradient descent,0,train,label_file_random,0.3712940812110901
21,82,21,82,classification problem,greedy algorithm,0,train,label_file_random,0.4948115348815918
202,241,202,241,regression model,weak classifier,0,train,label_file_random,0.4722912907600403
111,243,111,243,learning method,underfitting,0,train,label_file_random,0.44939929246902466
121,193,121,193,linear regression,principle components,0,train,label_file_random,0.34053274989128113
198,229,198,229,random variable,training data set,0,train,label_file_random,0.5287718176841736
131,188,131,188,machine learning algorithm,positive training example,0,train,label_file_random,0.3955586850643158
150,238,150,238,model parameters,validation set,0,train,label_file_random,0.5903842449188232
131,220,131,220,machine learning algorithm,support vector,0,train,label_file_random,0.5505127310752869
57,167,57,167,expectation maximization,online learning,0,train,label_file_random,0.31617236137390137
186,203,186,203,positive data,regression problem,0,train,label_file_random,0.4097469449043274
27,110,27,110,computer vision,learning curve,0,train,label_file_random,0.3135587275028229
88,171,88,171,recall,optimization problem,0,train,label_file_random,0.3534410297870636
131,157,131,157,machine learning algorithm,negative example,0,train,label_file_random,0.3705940842628479
56,130,56,130,evaluation metrics,machine learning,0,train,label_file_random,0.5178415179252625
170,226,170,226,optimization objective,test data set,0,train,label_file_random,0.4208318591117859
81,132,81,132,gradient descent,machine learning application,0,train,label_file_random,0.4412318170070648
157,226,157,226,negative example,test data set,0,train,label_file_random,0.5147562026977539
59,127,59,127,face detection,logistic regression,0,train,label_file_random,0.32673224806785583
36,142,36,142,covariance matrix,mean normalization,0,train,label_file_random,0.48891139030456543
41,162,41,162,data set,normal equation,0,train,label_file_random,0.3245639503002167
114,204,114,204,learning system,regularization,0,train,label_file_random,0.5679992437362671
126,214,126,214,logistic function,squared error,0,train,label_file_random,0.3609723448753357
83,242,83,242,hidden layer,overfitting,0,train,label_file_random,0.39359211921691895
146,238,146,238,minimization problem,validation set,0,train,label_file_random,0.44488826394081116
22,130,22,130,cluster center,machine learning,0,train,label_file_random,0.32610270380973816
37,61,37,61,cross validation,false positives,0,train,label_file_random,0.44878077507019043
111,133,111,133,learning method,machine learning system,0,train,label_file_random,0.5318198800086975
25,50,25,50,collaborative filtering,dimensionality reduction,0,train,label_file_random,0.45856618881225586
64,218,64,218,feature scaling,string kernel,0,train,label_file_random,0.2899295389652252
27,221,27,221,computer vision,support vector machine,0,train,label_file_random,0.4540783166885376
115,238,115,238,least squares,validation set,0,train,label_file_random,0.46434393525123596
50,202,50,202,dimensionality reduction,regression model,0,train,label_file_random,0.41598379611968994
19,133,19,133,classification approach,machine learning system,0,train,label_file_random,0.5181335210800171
123,219,123,219,local optima,supervised learning,0,train,label_file_random,0.3405982255935669
150,194,150,194,model parameters,prior probability,0,train,label_file_random,0.4608525335788727
24,157,24,157,clustering algorithm,negative example,0,train,label_file_random,0.3410142660140991
27,121,27,121,computer vision,linear regression,0,train,label_file_random,0.3201354444026947
41,48,41,48,data set,derivative term,0,train,label_file_random,0.3848841190338135
117,202,117,202,linear algebra,regression model,0,train,label_file_random,0.4106888175010681
60,238,60,238,false negative,validation set,0,train,label_file_random,0.5277001261711121
82,112,82,112,greedy algorithm,learning problem,0,train,label_file_random,0.47717851400375366
143,230,143,230,mean square error,training error,0,train,label_file_random,0.7118189334869385
204,214,204,214,regularization,squared error,0,train,label_file_random,0.45369842648506165
89,213,89,213,hypothesis,square projection error,0,train,label_file_random,0.4322274625301361
114,165,114,165,learning system,matrix,0,train,label_file_random,0.4665209949016571
171,184,171,184,optimization problem,polynomial terms,0,train,label_file_random,0.3401739299297333
54,228,54,228,error cost function,training data,0,train,label_file_random,0.5731258392333984
118,136,118,136,linear classifier,matrix factorization,0,train,label_file_random,0.3994225263595581
178,229,178,229,pca algorithm,training data set,0,train,label_file_random,0.3388621211051941
77,158,77,158,global optimum,neural network,0,train,label_file_random,0.33054372668266296
110,114,110,114,learning curve,learning system,0,train,label_file_random,0.6282552480697632
26,104,26,104,features,kernel regression,0,train,label_file_random,0.439741313457489
150,219,150,219,model parameters,supervised learning,0,train,label_file_random,0.5255440473556519
18,88,18,88,classification accuracy,recall,0,train,label_file_random,0.7462985515594482
5,53,5,53,anomaly detection,error analysis,0,train,label_file_random,0.5107467174530029
35,88,35,88,coordinate descent,recall,0,train,label_file_random,0.26077505946159363
13,79,13,79,big data sets,gradient ascent,0,train,label_file_random,0.2930629253387451
136,228,136,228,matrix factorization,training data,0,train,label_file_random,0.3198559582233429
29,169,29,169,conditional distribution,optimization algorithms,0,train,label_file_random,0.2722404897212982
23,150,23,150,cluster,model parameters,0,train,label_file_random,0.3191840648651123
89,169,89,169,hypothesis,optimization algorithms,0,train,label_file_random,0.47472912073135376
49,205,49,205,design matrix,regularized linear regression,0,train,label_file_random,0.48676958680152893
81,141,81,141,gradient descent,maximum likelihood estimate,0,train,label_file_random,0.4837445616722107
97,123,97,123,input units,local optima,0,train,label_file_random,0.3131011128425598
5,204,5,204,anomaly detection,regularization,0,train,label_file_random,0.4666314125061035
87,121,87,121,precision,linear regression,0,train,label_file_random,0.3762285113334656
26,78,26,78,features,gradient algorithm,0,train,label_file_random,0.37905409932136536
131,184,131,184,machine learning algorithm,polynomial terms,0,train,label_file_random,0.3957716226577759
104,238,104,238,kernel regression,validation set,0,train,label_file_random,0.40361395478248596
64,222,64,222,feature scaling,svm optimization,0,train,label_file_random,0.41416043043136597
100,133,100,133,k means,machine learning system,0,train,label_file_random,0.41210851073265076
25,186,25,186,collaborative filtering,positive data,0,train,label_file_random,0.25085878372192383
13,26,13,26,big data sets,features,0,train,label_file_random,0.4311046004295349
171,219,171,219,optimization problem,supervised learning,0,train,label_file_random,0.5654383897781372
118,176,118,176,linear classifier,parameter vector,0,train,label_file_random,0.5147364139556885
77,122,77,122,global optimum,local minimum,0,train,label_file_random,0.5795385241508484
70,226,70,226,gaussian kernel,test data set,0,train,label_file_random,0.369464248418808
41,224,41,224,data set,symmetric matrix,0,train,label_file_random,0.39021384716033936
106,231,106,231,labeled data,transfer learning,0,train,label_file_random,0.5356330871582031
51,111,51,111,document retrieval,learning method,0,train,label_file_random,0.35990554094314575
130,172,130,172,machine learning,output label,0,train,label_file_random,0.4952722191810608
77,89,77,89,global optimum,hypothesis,0,train,label_file_random,0.4805319607257843
120,143,120,143,linear model,mean square error,0,train,label_file_random,0.5615168213844299
203,214,203,214,regression problem,squared error,0,train,label_file_random,0.544520378112793
18,146,18,146,classification accuracy,minimization problem,0,train,label_file_random,0.32088881731033325
34,219,34,219,convex function,supervised learning,0,train,label_file_random,0.4204852283000946
81,151,81,151,gradient descent,model selection,0,train,label_file_random,0.47476518154144287
109,127,109,127,latent dirichlet allocation,logistic regression,0,train,label_file_random,0.26709020137786865
110,217,110,217,learning curve,stochastic gradient algorithm,0,train,label_file_random,0.4046784043312073
198,224,198,224,random variable,symmetric matrix,0,train,label_file_random,0.35169586539268494
86,112,86,112,high order polynomial,learning problem,0,train,label_file_random,0.35058754682540894
23,57,23,57,cluster,expectation maximization,0,train,label_file_random,0.5201438069343567
82,238,82,238,greedy algorithm,validation set,0,train,label_file_random,0.37645047903060913
208,238,208,238,sentiment classifier,validation set,0,train,label_file_random,0.37517493963241577
82,111,82,111,greedy algorithm,learning method,0,train,label_file_random,0.47874581813812256
127,181,127,181,logistic regression,polynomial features,0,train,label_file_random,0.4528300166130066
142,178,142,178,mean normalization,pca algorithm,0,train,label_file_random,0.4675387144088745
41,64,41,64,data set,feature scaling,0,train,label_file_random,0.4133400321006775
64,204,64,204,feature scaling,regularization,0,train,label_file_random,0.5070328712463379
168,226,168,226,optimal solution,test data set,0,train,label_file_random,0.4127641022205353
1,169,1,169,activation values,optimization algorithms,0,train,label_file_random,0.3646615147590637
89,186,89,186,hypothesis,positive data,0,train,label_file_random,0.4517262578010559
186,202,186,202,positive data,regression model,0,train,label_file_random,0.41853833198547363
152,218,152,218,multi-class classification,string kernel,0,train,label_file_random,0.2998396158218384
27,64,27,64,computer vision,feature scaling,0,train,label_file_random,0.36264675855636597
26,243,26,243,features,underfitting,0,train,label_file_random,0.4958641529083252
37,127,37,127,cross validation,logistic regression,0,train,label_file_random,0.41202569007873535
44,238,44,238,decision tree,validation set,0,train,label_file_random,0.5213049650192261
116,158,116,158,likelihood function,neural network,0,train,label_file_random,0.3855889141559601
112,150,112,150,learning problem,model parameters,0,train,label_file_random,0.47772902250289917
5,56,5,56,anomaly detection,evaluation metrics,0,train,label_file_random,0.35729262232780457
5,90,5,90,anomaly detection,identity matrics,0,train,label_file_random,0.31051814556121826
186,230,186,230,positive data,training error,0,train,label_file_random,0.4943664073944092
12,176,12,176,bias variance trade-off,parameter vector,0,train,label_file_random,0.5061390995979309
104,242,104,242,kernel regression,overfitting,0,train,label_file_random,0.47204387187957764
120,150,120,150,linear model,model parameters,0,train,label_file_random,0.5446019172668457
12,185,12,185,bias variance trade-off,positive class,0,train,label_file_random,0.30739033222198486
7,217,7,217,batch gradient descent,stochastic gradient algorithm,0,train,label_file_random,0.7812629342079163
133,229,133,229,machine learning system,training data set,0,train,label_file_random,0.5811125040054321
127,128,127,128,logistic regression,loss function,0,train,label_file_random,0.44561582803726196
14,238,14,238,binary classification,validation set,0,train,label_file_random,0.4421481490135193
41,116,41,116,data set,likelihood function,0,train,label_file_random,0.38365495204925537
111,117,111,117,learning method,linear algebra,0,train,label_file_random,0.41565191745758057
18,89,18,89,classification accuracy,hypothesis,0,train,label_file_random,0.4500930607318878
10,238,10,238,bias problem,validation set,0,train,label_file_random,0.5152177810668945
88,121,88,121,recall,linear regression,0,train,label_file_random,0.3889239728450775
127,161,127,161,logistic regression,nonlinear hypotheses,0,train,label_file_random,0.4252421259880066
89,98,89,98,hypothesis,iterative algorithm,0,train,label_file_random,0.3972150981426239
202,230,202,230,regression model,training error,0,train,label_file_random,0.5714067220687866
8,148,8,148,bayesian approach,mixture model,0,train,label_file_random,0.5224411487579346
24,211,24,211,clustering algorithm,square distances,0,train,label_file_random,0.4721642732620239
96,236,96,236,input space,unsupervised learning,0,train,label_file_random,0.4009518027305603
50,88,50,88,dimensionality reduction,recall,0,train,label_file_random,0.411391019821167
94,165,94,165,input data,matrix,0,train,label_file_random,0.46892333030700684
48,176,48,176,derivative term,parameter vector,0,train,label_file_random,0.5275210738182068
76,103,76,103,global minimum,kernel function,0,train,label_file_random,0.41520217061042786
23,175,23,175,cluster,parameter estimation,0,train,label_file_random,0.34749099612236023
0,139,0,139,activation function,matrix vector multiplication,0,train,label_file_random,0.5032957792282104
42,74,42,74,decision boundaries,generalized linear models,0,train,label_file_random,0.33842265605926514
35,191,35,191,coordinate descent,predicted value,0,train,label_file_random,0.3328053057193756
42,43,42,43,decision boundaries,decision stamp,0,train,label_file_random,0.5410093069076538
25,44,25,44,collaborative filtering,decision tree,0,train,label_file_random,0.333538293838501
26,172,26,172,features,output label,0,train,label_file_random,0.5367020964622498
193,211,193,211,principle components,square distances,0,train,label_file_random,0.3760516345500946
100,229,100,229,k means,training data set,0,train,label_file_random,0.4036177396774292
63,229,63,229,feature extraction,training data set,0,train,label_file_random,0.46081531047821045
40,130,40,130,data representation,machine learning,0,train,label_file_random,0.5935438871383667
156,242,156,242,nearest neighbors,overfitting,0,train,label_file_random,0.3879229426383972
171,226,171,226,optimization problem,test data set,0,train,label_file_random,0.36058270931243896
158,223,158,223,neural network,svm packages,0,train,label_file_random,0.34449315071105957
56,239,56,239,evaluation metrics,variance problem,0,train,label_file_random,0.43182194232940674
83,122,83,122,hidden layer,local minimum,0,train,label_file_random,0.4282742738723755
100,194,100,194,k means,prior probability,0,train,label_file_random,0.35001274943351746
54,127,54,127,error cost function,logistic regression,0,train,label_file_random,0.4957210421562195
100,224,100,224,k means,symmetric matrix,0,train,label_file_random,0.3732732832431793
152,222,152,222,multi-class classification,svm optimization,0,train,label_file_random,0.4240915775299072
83,111,83,111,hidden layer,learning method,0,train,label_file_random,0.4865082800388336
115,235,115,235,least squares,unnormalized features,0,train,label_file_random,0.4114633798599243
64,103,64,103,feature scaling,kernel function,0,train,label_file_random,0.4793395400047302
130,157,130,157,machine learning,negative example,0,train,label_file_random,0.3859606385231018
23,207,23,207,cluster,sentiment analysis,0,train,label_file_random,0.2839716374874115
77,130,77,130,global optimum,machine learning,0,train,label_file_random,0.4557516574859619
26,211,26,211,features,square distances,0,train,label_file_random,0.4109882116317749
35,150,35,150,coordinate descent,model parameters,0,train,label_file_random,0.39078471064567566
14,89,14,89,binary classification,hypothesis,0,train,label_file_random,0.523032546043396
22,140,22,140,cluster center,maximum likelihood,0,train,label_file_random,0.28494399785995483
1,139,1,139,activation values,matrix vector multiplication,0,train,label_file_random,0.48219969868659973
51,167,51,167,document retrieval,online learning,0,train,label_file_random,0.3337189257144928
70,89,70,89,gaussian kernel,hypothesis,0,train,label_file_random,0.485036164522171
173,240,173,240,output layer,vector multiplication,0,train,label_file_random,0.463656485080719
27,203,27,203,computer vision,regression problem,0,train,label_file_random,0.3666599690914154
79,112,79,112,gradient ascent,learning problem,0,train,label_file_random,0.44996708631515503
35,81,35,81,coordinate descent,gradient descent,0,train,label_file_random,0.6806349754333496
51,96,51,96,document retrieval,input space,0,train,label_file_random,0.43413740396499634
93,203,93,203,inner product,regression problem,0,train,label_file_random,0.3071160912513733
50,238,50,238,dimensionality reduction,validation set,0,train,label_file_random,0.3956214189529419
42,171,42,171,decision boundaries,optimization problem,0,train,label_file_random,0.427693247795105
13,133,13,133,big data sets,machine learning system,0,train,label_file_random,0.6289377212524414
34,128,34,128,convex function,loss function,0,train,label_file_random,0.6537085771560669
205,239,205,239,regularized linear regression,variance problem,0,train,label_file_random,0.4386889934539795
22,26,22,26,cluster center,features,0,train,label_file_random,0.3687477707862854
222,223,222,223,svm optimization,svm packages,0,train,label_file_random,0.7177743911743164
111,195,111,195,learning method,probabilistic model,0,train,label_file_random,0.43433165550231934
43,227,43,227,decision stamp,test error,0,train,label_file_random,0.3308652639389038
176,225,176,225,parameter vector,test data,0,train,label_file_random,0.5046933889389038
26,52,26,52,features,early stopping,0,train,label_file_random,0.34633755683898926
0,240,0,240,activation function,vector multiplication,0,train,label_file_random,0.4802926182746887
42,229,42,229,decision boundaries,training data set,0,train,label_file_random,0.4666355848312378
161,209,161,209,nonlinear hypotheses,sigmoid function,0,train,label_file_random,0.45482611656188965
84,180,84,180,hidden unit,photo ocr,0,train,label_file_random,0.268395334482193
125,177,125,177,log likelihood,partial derivative,0,train,label_file_random,0.32237324118614197
82,127,82,127,greedy algorithm,logistic regression,0,train,label_file_random,0.3013487160205841
37,111,37,111,cross validation,learning method,0,train,label_file_random,0.4879453778266907
119,127,119,127,linear kernel,logistic regression,0,train,label_file_random,0.4418525695800781
5,196,5,196,anomaly detection,probability density,0,train,label_file_random,0.6018309593200684
27,111,27,111,computer vision,learning method,0,train,label_file_random,0.3697490990161896
88,239,88,239,recall,variance problem,0,train,label_file_random,0.4416598677635193
37,53,37,53,cross validation,error analysis,0,train,label_file_random,0.6203510165214539
53,67,53,67,error analysis,feature vector,0,train,label_file_random,0.3503183424472809
50,89,50,89,dimensionality reduction,hypothesis,0,train,label_file_random,0.473016619682312
67,168,67,168,feature vector,optimal solution,0,train,label_file_random,0.4132472276687622
80,204,80,204,gradient checking,regularization,0,train,label_file_random,0.376834511756897
121,133,121,133,linear regression,machine learning system,0,train,label_file_random,0.49564868211746216
26,90,26,90,features,identity matrics,0,train,label_file_random,0.33326956629753113
22,71,22,71,cluster center,gaussian model,0,train,label_file_random,0.39567023515701294
56,134,56,134,evaluation metrics,massive training set,0,train,label_file_random,0.35444289445877075
93,218,93,218,inner product,string kernel,0,train,label_file_random,0.39813658595085144
55,98,55,98,estimated parameters,iterative algorithm,0,train,label_file_random,0.37115031480789185
111,181,111,181,learning method,polynomial features,0,train,label_file_random,0.40969318151474
51,136,51,136,document retrieval,matrix factorization,0,train,label_file_random,0.5068687200546265
12,93,12,93,bias variance trade-off,inner product,0,train,label_file_random,0.33236587047576904
17,127,17,127,character segmentation,logistic regression,0,train,label_file_random,0.2255949079990387
99,128,99,128,joint model probability,loss function,0,train,label_file_random,0.336699903011322
158,207,158,207,neural network,sentiment analysis,0,train,label_file_random,0.3457091152667999
65,170,65,170,feature selection,optimization objective,0,train,label_file_random,0.457869291305542
91,127,91,127,image classification,logistic regression,0,train,label_file_random,0.44565945863723755
119,152,119,152,linear kernel,multi-class classification,0,train,label_file_random,0.3670803904533386
21,81,21,81,classification problem,gradient descent,0,train,label_file_random,0.3696727156639099
20,238,20,238,classification error,validation set,0,train,label_file_random,0.614434540271759
37,236,37,236,cross validation,unsupervised learning,0,train,label_file_random,0.42716121673583984
115,203,115,203,least squares,regression problem,0,train,label_file_random,0.5604774951934814
81,203,81,203,gradient descent,regression problem,0,train,label_file_random,0.4899481534957886
178,219,178,219,pca algorithm,supervised learning,0,train,label_file_random,0.46545153856277466
88,230,88,230,recall,training error,0,train,label_file_random,0.5515075922012329
101,171,101,171,k nearest neighbors,optimization problem,0,train,label_file_random,0.3493994176387787
111,124,111,124,learning method,locality sensitive hashing,0,train,label_file_random,0.2491711527109146
48,97,48,97,derivative term,input units,0,train,label_file_random,0.48068171739578247
113,176,113,176,learning rate,parameter vector,0,train,label_file_random,0.5523388981819153
34,112,34,112,convex function,learning problem,0,train,label_file_random,0.4348282516002655
141,157,141,157,maximum likelihood estimate,negative example,0,train,label_file_random,0.38635605573654175
123,218,123,218,local optima,string kernel,0,train,label_file_random,0.11118480563163757
84,227,84,227,hidden unit,test error,0,train,label_file_random,0.33661752939224243
103,222,103,222,kernel function,svm optimization,0,train,label_file_random,0.6349687576293945
44,114,44,114,decision tree,learning system,0,train,label_file_random,0.5387006402015686
185,223,185,223,positive class,svm packages,0,train,label_file_random,0.33210957050323486
220,242,220,242,support vector,overfitting,0,train,label_file_random,0.49383556842803955
204,234,204,234,regularization,tuning parameter,0,train,label_file_random,0.5266268253326416
77,102,77,102,global optimum,k-means objective,0,train,label_file_random,0.45370206236839294
64,220,64,220,feature scaling,support vector,0,train,label_file_random,0.4195981025695801
117,141,117,141,linear algebra,maximum likelihood estimate,0,train,label_file_random,0.35791516304016113
119,158,119,158,linear kernel,neural network,0,train,label_file_random,0.42367541790008545
87,232,87,232,precision,true negatives,0,train,label_file_random,0.7334109544754028
27,35,27,35,computer vision,coordinate descent,0,train,label_file_random,0.369732141494751
51,101,51,101,document retrieval,k nearest neighbors,0,train,label_file_random,0.432170569896698
148,236,148,236,mixture model,unsupervised learning,0,train,label_file_random,0.46892988681793213
69,238,69,238,gaussian density,validation set,0,train,label_file_random,0.3212583363056183
16,110,16,110,character recognition,learning curve,0,train,label_file_random,0.3076481223106384
213,238,213,238,square projection error,validation set,0,train,label_file_random,0.40425992012023926
72,165,72,165,gaussian random variable,matrix,0,train,label_file_random,0.3160591721534729
60,165,60,165,false negative,matrix,0,train,label_file_random,0.3987129330635071
112,191,112,191,learning problem,predicted value,0,train,label_file_random,0.49603211879730225
76,113,76,113,global minimum,learning rate,0,train,label_file_random,0.5671007037162781
84,113,84,113,hidden unit,learning rate,0,train,label_file_random,0.4377920925617218
82,167,82,167,greedy algorithm,online learning,0,train,label_file_random,0.3552112281322479
7,229,7,229,batch gradient descent,training data set,0,train,label_file_random,0.5729305744171143
38,89,38,89,cross validation error,hypothesis,0,train,label_file_random,0.5229564905166626
76,81,76,81,global minimum,gradient descent,0,train,label_file_random,0.687391459941864
23,98,23,98,cluster,iterative algorithm,0,train,label_file_random,0.31820937991142273
120,202,120,202,linear model,regression model,0,train,label_file_random,0.7277353405952454
55,225,55,225,estimated parameters,test data,0,train,label_file_random,0.5258321166038513
64,100,64,100,feature scaling,k means,0,train,label_file_random,0.3803345859050751
42,230,42,230,decision boundaries,training error,0,train,label_file_random,0.49303191900253296
76,128,76,128,global minimum,loss function,0,train,label_file_random,0.6026215553283691
201,204,201,204,regression function,regularization,0,train,label_file_random,0.5297380685806274
37,70,37,70,cross validation,gaussian kernel,0,train,label_file_random,0.4296935498714447
31,226,31,226,confusion matrix,test data set,0,train,label_file_random,0.5364817380905151
96,234,96,234,input space,tuning parameter,0,train,label_file_random,0.38116326928138733
2,88,2,88,adaboost,recall,0,train,label_file_random,0.4314483106136322
181,205,181,205,polynomial features,regularized linear regression,0,train,label_file_random,0.546508252620697
131,149,131,149,machine learning algorithm,model complexity,0,train,label_file_random,0.5137649774551392
191,197,191,197,predicted value,random numbers,0,train,label_file_random,0.42686760425567627
98,170,98,170,iterative algorithm,optimization objective,0,train,label_file_random,0.42814889550209045
42,155,42,155,decision boundaries,nearest neighbor search,0,train,label_file_random,0.3468465507030487
76,228,76,228,global minimum,training data,0,train,label_file_random,0.44225630164146423
13,207,13,207,big data sets,sentiment analysis,0,train,label_file_random,0.2252318114042282
75,150,75,150,gibbs sampler,model parameters,0,train,label_file_random,0.21343064308166504
32,67,32,67,conjugate gradient,feature vector,0,train,label_file_random,0.23857159912586212
43,127,43,127,decision stamp,logistic regression,0,train,label_file_random,0.3430098295211792
19,81,19,81,classification approach,gradient descent,0,train,label_file_random,0.38452619314193726
89,238,89,238,hypothesis,validation set,0,train,label_file_random,0.6015968918800354
127,222,127,222,logistic regression,svm optimization,0,train,label_file_random,0.3921228051185608
106,155,106,155,labeled data,nearest neighbor search,0,train,label_file_random,0.47008463740348816
133,185,133,185,machine learning system,positive class,0,train,label_file_random,0.34526246786117554
236,239,236,239,unsupervised learning,variance problem,0,train,label_file_random,0.3603326082229614
210,237,210,237,spam filtering,validation error,0,train,label_file_random,0.33931076526641846
123,131,123,131,local optima,machine learning algorithm,0,train,label_file_random,0.3518175184726715
25,35,25,35,collaborative filtering,coordinate descent,0,train,label_file_random,0.3488558530807495
227,241,227,241,test error,weak classifier,0,train,label_file_random,0.4510289430618286
27,152,27,152,computer vision,multi-class classification,0,train,label_file_random,0.3935568332672119
83,172,83,172,hidden layer,output label,0,train,label_file_random,0.38034531474113464
121,209,121,209,linear regression,sigmoid function,0,train,label_file_random,0.38134926557540894
42,223,42,223,decision boundaries,svm packages,0,train,label_file_random,0.40653449296951294
2,43,2,43,adaboost,decision stamp,0,train,label_file_random,0.556609570980072
112,165,112,165,learning problem,matrix,0,train,label_file_random,0.44034892320632935
13,167,13,167,big data sets,online learning,0,train,label_file_random,0.4461691081523895
130,230,130,230,machine learning,training error,0,train,label_file_random,0.5533311367034912
21,157,21,157,classification problem,negative example,0,train,label_file_random,0.4911732077598572
114,146,114,146,learning system,minimization problem,0,train,label_file_random,0.6150597333908081
26,57,26,57,features,expectation maximization,0,train,label_file_random,0.38604599237442017
165,181,165,181,matrix,polynomial features,0,train,label_file_random,0.4227873682975769
35,149,35,149,coordinate descent,model complexity,0,train,label_file_random,0.42986464500427246
118,182,118,182,linear classifier,polynomial kernel,0,train,label_file_random,0.5298222303390503
15,230,15,230,boosting algorithm,training error,0,train,label_file_random,0.4434886574745178
95,186,95,186,input layer,positive data,0,train,label_file_random,0.26754799485206604
37,96,37,96,cross validation,input space,0,train,label_file_random,0.4472803473472595
141,149,141,149,maximum likelihood estimate,model complexity,0,train,label_file_random,0.5230991840362549
50,136,50,136,dimensionality reduction,matrix factorization,0,train,label_file_random,0.6621963977813721
131,133,131,133,machine learning algorithm,machine learning system,0,train,label_file_random,0.6830889582633972
86,220,86,220,high order polynomial,support vector,0,train,label_file_random,0.30609333515167236
214,242,214,242,squared error,overfitting,0,train,label_file_random,0.4906867742538452
81,93,81,93,gradient descent,inner product,0,train,label_file_random,0.2660345435142517
60,160,60,160,false negative,non-anomalous examples,0,train,label_file_random,0.46479180455207825
61,228,61,228,false positives,training data,0,train,label_file_random,0.5153089165687561
46,226,46,226,deep learning,test data set,0,train,label_file_random,0.4553140103816986
93,111,93,111,inner product,learning method,0,train,label_file_random,0.3276836574077606
42,88,42,88,decision boundaries,recall,0,train,label_file_random,0.4876261055469513
57,217,57,217,expectation maximization,stochastic gradient algorithm,0,train,label_file_random,0.35400161147117615
75,88,75,88,gibbs sampler,recall,0,train,label_file_random,0.19369584321975708
89,177,89,177,hypothesis,partial derivative,0,train,label_file_random,0.2921610474586487
88,104,88,104,recall,kernel regression,0,train,label_file_random,0.3999348282814026
81,134,81,134,gradient descent,massive training set,0,train,label_file_random,0.47414448857307434
217,238,217,238,stochastic gradient algorithm,validation set,0,train,label_file_random,0.3257889747619629
173,177,173,177,output layer,partial derivative,0,train,label_file_random,0.46306002140045166
128,223,128,223,loss function,svm packages,0,train,label_file_random,0.31581181287765503
121,157,121,157,linear regression,negative example,0,train,label_file_random,0.2704193592071533
81,209,81,209,gradient descent,sigmoid function,0,train,label_file_random,0.45846471190452576
211,228,211,228,square distances,training data,0,train,label_file_random,0.35629650950431824
9,156,9,156,bayesian inference,nearest neighbors,0,train,label_file_random,0.3803117573261261
22,96,22,96,cluster center,input space,0,train,label_file_random,0.3442660868167877
192,198,192,198,prediction error,random variable,0,train,label_file_random,0.5051586627960205
89,219,89,219,hypothesis,supervised learning,0,train,label_file_random,0.6004977226257324
140,238,140,238,maximum likelihood,validation set,0,train,label_file_random,0.4636046290397644
37,170,37,170,cross validation,optimization objective,0,train,label_file_random,0.4691068232059479
150,195,150,195,model parameters,probabilistic model,0,train,label_file_random,0.4368441700935364
13,170,13,170,big data sets,optimization objective,0,train,label_file_random,0.1762535274028778
110,219,110,219,learning curve,supervised learning,0,train,label_file_random,0.611350953578949
23,160,23,160,cluster,non-anomalous examples,0,train,label_file_random,0.44446486234664917
32,214,32,214,conjugate gradient,squared error,0,train,label_file_random,0.4032861292362213
42,173,42,173,decision boundaries,output layer,0,train,label_file_random,0.41023868322372437
24,141,24,141,clustering algorithm,maximum likelihood estimate,0,train,label_file_random,0.4138156473636627
13,85,13,85,big data sets,hierarchical clustering,0,train,label_file_random,0.3274504244327545
10,181,10,181,bias problem,polynomial features,0,train,label_file_random,0.3653520345687866
11,152,11,152,bias unit,multi-class classification,0,train,label_file_random,0.3104163706302643
51,207,51,207,document retrieval,sentiment analysis,0,train,label_file_random,0.3689141869544983
19,203,19,203,classification approach,regression problem,0,train,label_file_random,0.5323805809020996
175,215,175,215,parameter estimation,standard deviation,0,train,label_file_random,0.387450635433197
48,214,48,214,derivative term,squared error,0,train,label_file_random,0.4367898404598236
67,128,67,128,feature vector,loss function,0,train,label_file_random,0.4339286983013153
29,150,29,150,conditional distribution,model parameters,0,train,label_file_random,0.3591482937335968
26,58,26,58,features,f1 score,0,train,label_file_random,0.5015405416488647
32,130,32,130,conjugate gradient,machine learning,0,train,label_file_random,0.4395976662635803
10,26,10,26,bias problem,features,0,train,label_file_random,0.4736664891242981
44,199,44,199,decision tree,recommender system,0,train,label_file_random,0.41932135820388794
218,222,218,222,string kernel,svm optimization,0,train,label_file_random,0.35456228256225586
128,214,128,214,loss function,squared error,0,train,label_file_random,0.6566119194030762
148,219,148,219,mixture model,supervised learning,0,train,label_file_random,0.37705302238464355
89,147,89,147,hypothesis,misclassification error,0,train,label_file_random,0.5178455710411072
140,206,140,206,maximum likelihood,regularized logistic regression,0,train,label_file_random,0.477049320936203
118,230,118,230,linear classifier,training error,0,train,label_file_random,0.4636417031288147
23,75,23,75,cluster,gibbs sampler,0,train,label_file_random,0.3038785755634308
97,121,97,121,input units,linear regression,0,train,label_file_random,0.30985260009765625
13,165,13,165,big data sets,matrix,0,train,label_file_random,0.48273229598999023
90,215,90,215,identity matrics,standard deviation,0,train,label_file_random,0.2963007092475891
98,162,98,162,iterative algorithm,normal equation,0,train,label_file_random,0.41190069913864136
91,92,91,92,image classification,image retrieval,0,train,label_file_random,0.5197207927703857
165,184,165,184,matrix,polynomial terms,0,train,label_file_random,0.442024290561676
70,229,70,229,gaussian kernel,training data set,0,train,label_file_random,0.35332340002059937
113,242,113,242,learning rate,overfitting,0,train,label_file_random,0.5132015943527222
37,65,37,65,cross validation,feature selection,0,train,label_file_random,0.578242301940918
148,165,148,165,mixture model,matrix,0,train,label_file_random,0.2806698679924011
93,152,93,152,inner product,multi-class classification,0,train,label_file_random,0.29209309816360474
27,47,27,47,computer vision,deep neural network,0,train,label_file_random,0.5451920628547668
81,109,81,109,gradient descent,latent dirichlet allocation,0,train,label_file_random,0.1792176067829132
58,238,58,238,f1 score,validation set,0,train,label_file_random,0.5435527563095093
25,177,25,177,collaborative filtering,partial derivative,0,train,label_file_random,0.1493862420320511
23,199,23,199,cluster,recommender system,0,train,label_file_random,0.3213180899620056
81,88,81,88,gradient descent,recall,0,train,label_file_random,0.3391205072402954
90,230,90,230,identity matrics,training error,0,train,label_file_random,0.3620128631591797
13,23,13,23,big data sets,cluster,0,train,label_file_random,0.3838152289390564
23,123,23,123,cluster,local optima,0,train,label_file_random,0.2818489372730255
149,156,149,156,model complexity,nearest neighbors,0,train,label_file_random,0.36004793643951416
127,242,127,242,logistic regression,overfitting,0,train,label_file_random,0.42342638969421387
64,242,64,242,feature scaling,overfitting,0,train,label_file_random,0.4206135869026184
109,117,109,117,latent dirichlet allocation,linear algebra,0,train,label_file_random,0.22559654712677002
26,113,26,113,features,learning rate,0,train,label_file_random,0.4038676619529724
149,202,149,202,model complexity,regression model,0,train,label_file_random,0.5513070225715637
171,182,171,182,optimization problem,polynomial kernel,0,train,label_file_random,0.29460665583610535
67,236,67,236,feature vector,unsupervised learning,0,train,label_file_random,0.3774091601371765
49,214,49,214,design matrix,squared error,0,train,label_file_random,0.41930755972862244
1,48,1,48,activation values,derivative term,0,train,label_file_random,0.4744092524051666
41,171,41,171,data set,optimization problem,0,train,label_file_random,0.3778623640537262
200,225,200,225,regression coefficients,test data,0,train,label_file_random,0.433012455701828
120,214,120,214,linear model,squared error,0,train,label_file_random,0.47427862882614136
143,216,143,216,mean square error,standard least squares,0,train,label_file_random,0.6349776983261108
0,168,0,168,activation function,optimal solution,0,train,label_file_random,0.4092402458190918
40,93,40,93,data representation,inner product,0,train,label_file_random,0.4694395065307617
67,76,67,76,feature vector,global minimum,0,train,label_file_random,0.31692585349082947
29,111,29,111,conditional distribution,learning method,0,train,label_file_random,0.3938658833503723
132,204,132,204,machine learning application,regularization,0,train,label_file_random,0.4555051922798157
145,217,145,217,mini-batch size,stochastic gradient algorithm,0,train,label_file_random,0.5780792832374573
27,87,27,87,computer vision,precision,0,train,label_file_random,0.33804333209991455
13,57,13,57,big data sets,expectation maximization,0,train,label_file_random,0.2523205280303955
81,143,81,143,gradient descent,mean square error,0,train,label_file_random,0.5234140157699585
48,89,48,89,derivative term,hypothesis,0,train,label_file_random,0.3746185004711151
42,118,42,118,decision boundaries,linear classifier,0,train,label_file_random,0.5208678841590881
136,221,136,221,matrix factorization,support vector machine,0,train,label_file_random,0.38100409507751465
19,132,19,132,classification approach,machine learning application,0,train,label_file_random,0.547227680683136
52,89,52,89,early stopping,hypothesis,0,train,label_file_random,0.4476484954357147
111,171,111,171,learning method,optimization problem,0,train,label_file_random,0.5301937460899353
10,133,10,133,bias problem,machine learning system,0,train,label_file_random,0.57478928565979
53,112,53,112,error analysis,learning problem,0,train,label_file_random,0.601851761341095
156,219,156,219,nearest neighbors,supervised learning,0,train,label_file_random,0.5312800407409668
193,219,193,219,principle components,supervised learning,0,train,label_file_random,0.4308755695819855
20,42,20,42,classification error,decision boundaries,0,train,label_file_random,0.5791143178939819
27,225,27,225,computer vision,test data,0,train,label_file_random,0.41333335638046265
128,225,128,225,loss function,test data,0,train,label_file_random,0.4358097314834595
11,42,11,42,bias unit,decision boundaries,0,train,label_file_random,0.33176466822624207
113,115,113,115,learning rate,least squares,0,train,label_file_random,0.4769764542579651
37,106,37,106,cross validation,labeled data,0,train,label_file_random,0.5514862537384033
76,221,76,221,global minimum,support vector machine,0,train,label_file_random,0.31301531195640564
23,195,23,195,cluster,probabilistic model,0,train,label_file_random,0.3142859935760498
8,88,8,88,bayesian approach,recall,0,train,label_file_random,0.4041064381599426
88,219,88,219,recall,supervised learning,0,train,label_file_random,0.5320695042610168
11,177,11,177,bias unit,partial derivative,0,train,label_file_random,0.4631388187408447
111,169,111,169,learning method,optimization algorithms,0,train,label_file_random,0.6870818734169006
27,40,27,40,computer vision,data representation,0,train,label_file_random,0.48685216903686523
199,228,199,228,recommender system,training data,0,train,label_file_random,0.35855334997177124
89,165,89,165,hypothesis,matrix,0,train,label_file_random,0.3671092092990875
19,89,19,89,classification approach,hypothesis,0,train,label_file_random,0.5666732788085938
111,174,111,174,learning method,output unit,0,train,label_file_random,0.396274596452713
206,234,206,234,regularized logistic regression,tuning parameter,0,train,label_file_random,0.34295687079429626
21,173,21,173,classification problem,output layer,0,train,label_file_random,0.4418841600418091
225,229,225,229,test data,training data set,0,train,label_file_random,0.7269226312637329
83,230,83,230,hidden layer,training error,0,train,label_file_random,0.44433796405792236
202,207,202,207,regression model,sentiment analysis,0,train,label_file_random,0.3267025053501129
40,124,40,124,data representation,locality sensitive hashing,0,train,label_file_random,0.4201139807701111
54,131,54,131,error cost function,machine learning algorithm,0,train,label_file_random,0.5860072374343872
42,46,42,46,decision boundaries,deep learning,0,train,label_file_random,0.4017866253852844
35,104,35,104,coordinate descent,kernel regression,0,train,label_file_random,0.4613141417503357
27,242,27,242,computer vision,overfitting,0,train,label_file_random,0.4151085615158081
73,234,73,234,generalization error,tuning parameter,0,train,label_file_random,0.45097455382347107
43,110,43,110,decision stamp,learning curve,0,train,label_file_random,0.36430472135543823
151,157,151,157,model selection,negative example,0,train,label_file_random,0.3292432725429535
42,174,42,174,decision boundaries,output unit,0,train,label_file_random,0.3473852276802063
111,191,111,191,learning method,predicted value,0,train,label_file_random,0.47588101029396057
176,191,176,191,parameter vector,predicted value,0,train,label_file_random,0.5001399517059326
66,242,66,242,feature space,overfitting,0,train,label_file_random,0.4139009416103363
199,229,199,229,recommender system,training data set,0,train,label_file_random,0.2927347421646118
203,236,203,236,regression problem,unsupervised learning,0,train,label_file_random,0.41071075201034546
14,44,14,44,binary classification,decision tree,0,train,label_file_random,0.5699495077133179
95,184,95,184,input layer,polynomial terms,0,train,label_file_random,0.3909754455089569
121,168,121,168,linear regression,optimal solution,0,train,label_file_random,0.4584622383117676
46,165,46,165,deep learning,matrix,0,train,label_file_random,0.477164089679718
88,243,88,243,recall,underfitting,0,train,label_file_random,0.49951910972595215
74,141,74,141,generalized linear models,maximum likelihood estimate,0,train,label_file_random,0.5211507081985474
111,203,111,203,learning method,regression problem,0,train,label_file_random,0.510044515132904
158,239,158,239,neural network,variance problem,0,train,label_file_random,0.34640926122665405
12,171,12,171,bias variance trade-off,optimization problem,0,train,label_file_random,0.4526302218437195
46,242,46,242,deep learning,overfitting,0,train,label_file_random,0.5415170788764954
171,186,171,186,optimization problem,positive data,0,train,label_file_random,0.34091153740882874
111,122,111,122,learning method,local minimum,0,train,label_file_random,0.31026339530944824
49,242,49,242,design matrix,overfitting,0,train,label_file_random,0.40300828218460083
73,198,73,198,generalization error,random variable,0,train,label_file_random,0.4581165909767151
55,203,55,203,estimated parameters,regression problem,0,train,label_file_random,0.4723541736602783
17,27,17,27,character segmentation,computer vision,0,train,label_file_random,0.4538436532020569
66,111,66,111,feature space,learning method,0,train,label_file_random,0.5112490653991699
127,177,127,177,logistic regression,partial derivative,0,train,label_file_random,0.2634632885456085
106,131,106,131,labeled data,machine learning algorithm,0,train,label_file_random,0.5501622557640076
80,89,80,89,gradient checking,hypothesis,0,train,label_file_random,0.30742961168289185
168,177,168,177,optimal solution,partial derivative,0,train,label_file_random,0.44265586137771606
90,214,90,214,identity matrics,squared error,0,train,label_file_random,0.3862013816833496
81,90,81,90,gradient descent,identity matrics,0,train,label_file_random,0.321668416261673
157,233,157,233,negative example,true positives,0,train,label_file_random,0.5836899876594543
21,222,21,222,classification problem,svm optimization,0,train,label_file_random,0.49500951170921326
32,204,32,204,conjugate gradient,regularization,0,train,label_file_random,0.4926287531852722
186,236,186,236,positive data,unsupervised learning,0,train,label_file_random,0.34365421533584595
86,171,86,171,high order polynomial,optimization problem,0,train,label_file_random,0.2812977433204651
104,191,104,191,kernel regression,predicted value,0,train,label_file_random,0.4893796145915985
81,192,81,192,gradient descent,prediction error,0,train,label_file_random,0.5814650654792786
109,172,109,172,latent dirichlet allocation,output label,0,train,label_file_random,0.18547150492668152
90,106,90,106,identity matrics,labeled data,0,train,label_file_random,0.3561950623989105
198,228,198,228,random variable,training data,0,train,label_file_random,0.5625957250595093
127,141,127,141,logistic regression,maximum likelihood estimate,0,train,label_file_random,0.528117299079895
140,150,140,150,maximum likelihood,model parameters,0,train,label_file_random,0.5595502257347107
128,202,128,202,loss function,regression model,0,train,label_file_random,0.5306889414787292
165,210,165,210,matrix,spam filtering,0,train,label_file_random,0.32497638463974
19,27,19,27,classification approach,computer vision,0,train,label_file_random,0.3823607563972473
181,228,181,228,polynomial features,training data,0,train,label_file_random,0.4437410831451416
96,131,96,131,input space,machine learning algorithm,0,train,label_file_random,0.45382678508758545
1,11,1,11,activation values,bias unit,0,train,label_file_random,0.5110252499580383
67,123,67,123,feature vector,local optima,0,train,label_file_random,0.21374939382076263
92,111,92,111,image retrieval,learning method,0,train,label_file_random,0.36186668276786804
84,243,84,243,hidden unit,underfitting,0,train,label_file_random,0.36364445090293884
168,203,168,203,optimal solution,regression problem,0,train,label_file_random,0.47956138849258423
47,231,47,231,deep neural network,transfer learning,0,train,label_file_random,0.5159597396850586
23,229,23,229,cluster,training data set,0,train,label_file_random,0.47712206840515137
19,49,19,49,classification approach,design matrix,0,train,label_file_random,0.42483586072921753
127,172,127,172,logistic regression,output label,0,train,label_file_random,0.4977722764015198
193,212,193,212,principle components,square matrix,0,train,label_file_random,0.5475744009017944
23,202,23,202,cluster,regression model,0,train,label_file_random,0.4057212769985199
184,209,184,209,polynomial terms,sigmoid function,0,train,label_file_random,0.3556445837020874
67,185,67,185,feature vector,positive class,0,train,label_file_random,0.36454302072525024
219,230,219,230,supervised learning,training error,0,train,label_file_random,0.6008115410804749
66,76,66,76,feature space,global minimum,0,train,label_file_random,0.3674260079860687
42,234,42,234,decision boundaries,tuning parameter,0,train,label_file_random,0.44943052530288696
58,232,58,232,f1 score,true negatives,0,train,label_file_random,0.6969661116600037
115,202,115,202,least squares,regression model,0,train,label_file_random,0.5938616991043091
156,165,156,165,nearest neighbors,matrix,0,train,label_file_random,0.4208364486694336
103,181,103,181,kernel function,polynomial features,0,train,label_file_random,0.667382538318634
156,229,156,229,nearest neighbors,training data set,0,train,label_file_random,0.5494927167892456
128,147,128,147,loss function,misclassification error,0,train,label_file_random,0.5288329124450684
98,139,98,139,iterative algorithm,matrix vector multiplication,0,train,label_file_random,0.4353390336036682
39,56,39,56,cross validation sets,evaluation metrics,0,train,label_file_random,0.42688828706741333
76,182,76,182,global minimum,polynomial kernel,0,train,label_file_random,0.32795995473861694
114,134,114,134,learning system,massive training set,0,train,label_file_random,0.5193727016448975
193,229,193,229,principle components,training data set,0,train,label_file_random,0.3364337682723999
50,112,50,112,dimensionality reduction,learning problem,0,train,label_file_random,0.4184703826904297
110,207,110,207,learning curve,sentiment analysis,0,train,label_file_random,0.24225971102714539
176,177,176,177,parameter vector,partial derivative,0,train,label_file_random,0.4893572926521301
93,204,93,204,inner product,regularization,0,train,label_file_random,0.2638710141181946
126,177,126,177,logistic function,partial derivative,0,train,label_file_random,0.30882519483566284
79,116,79,116,gradient ascent,likelihood function,0,train,label_file_random,0.511928915977478
12,218,12,218,bias variance trade-off,string kernel,0,train,label_file_random,0.27623847126960754
22,112,22,112,cluster center,learning problem,0,train,label_file_random,0.3893018364906311
27,66,27,66,computer vision,feature space,0,train,label_file_random,0.45984551310539246
103,184,103,184,kernel function,polynomial terms,0,train,label_file_random,0.5195382237434387
176,185,176,185,parameter vector,positive class,0,train,label_file_random,0.3695909082889557
53,132,53,132,error analysis,machine learning application,0,train,label_file_random,0.5518211722373962
93,242,93,242,inner product,overfitting,0,train,label_file_random,0.25244659185409546
90,242,90,242,identity matrics,overfitting,0,train,label_file_random,0.2663056552410126
16,127,16,127,character recognition,logistic regression,0,train,label_file_random,0.2815314531326294
184,220,184,220,polynomial terms,support vector,0,train,label_file_random,0.3914305865764618
21,243,21,243,classification problem,underfitting,0,train,label_file_random,0.4263056516647339
37,193,37,193,cross validation,principle components,0,train,label_file_random,0.363442063331604
111,199,111,199,learning method,recommender system,0,train,label_file_random,0.33072882890701294
89,146,89,146,hypothesis,minimization problem,0,train,label_file_random,0.5413217544555664
23,67,23,67,cluster,feature vector,0,train,label_file_random,0.40518540143966675
68,214,68,214,forward propagation,squared error,0,train,label_file_random,0.3599427342414856
1,184,1,184,activation values,polynomial terms,0,train,label_file_random,0.401972234249115
103,165,103,165,kernel function,matrix,0,train,label_file_random,0.4265536367893219
23,96,23,96,cluster,input space,0,train,label_file_random,0.38219544291496277
131,162,131,162,machine learning algorithm,normal equation,0,train,label_file_random,0.43745338916778564
11,161,11,161,bias unit,nonlinear hypotheses,0,train,label_file_random,0.4110197424888611
111,237,111,237,learning method,validation error,0,train,label_file_random,0.4177835285663605
219,232,219,232,supervised learning,true negatives,0,train,label_file_random,0.39730989933013916
108,170,108,170,lasso regression,optimization objective,0,train,label_file_random,0.4122216999530792
21,126,21,126,classification problem,logistic function,0,train,label_file_random,0.408633828163147
77,127,77,127,global optimum,logistic regression,0,train,label_file_random,0.3272174596786499
88,140,88,140,recall,maximum likelihood,0,train,label_file_random,0.4808247685432434
45,165,45,165,deep features,matrix,0,train,label_file_random,0.4482891857624054
27,88,27,88,computer vision,recall,0,train,label_file_random,0.33696678280830383
128,184,128,184,loss function,polynomial terms,0,train,label_file_random,0.38593244552612305
69,111,69,111,gaussian density,learning method,0,train,label_file_random,0.36404603719711304
26,204,26,204,features,regularization,0,train,label_file_random,0.5293894410133362
100,109,100,109,k means,latent dirichlet allocation,0,train,label_file_random,0.39579927921295166
131,236,131,236,machine learning algorithm,unsupervised learning,0,train,label_file_random,0.4947415888309479
23,117,23,117,cluster,linear algebra,0,train,label_file_random,0.3040579855442047
121,217,121,217,linear regression,stochastic gradient algorithm,0,train,label_file_random,0.3794877231121063
111,130,111,130,learning method,machine learning,0,train,label_file_random,0.6231164336204529
26,98,26,98,features,iterative algorithm,0,train,label_file_random,0.32306429743766785
41,112,41,112,data set,learning problem,0,train,label_file_random,0.5503168702125549
186,204,186,204,positive data,regularization,0,train,label_file_random,0.3814023733139038
82,230,82,230,greedy algorithm,training error,0,train,label_file_random,0.2893228530883789
172,177,172,177,output label,partial derivative,0,train,label_file_random,0.3657139539718628
16,111,16,111,character recognition,learning method,0,train,label_file_random,0.3349846601486206
21,209,21,209,classification problem,sigmoid function,0,train,label_file_random,0.413193017244339
4,238,4,238,anomalous example,validation set,0,train,label_file_random,0.31623315811157227
183,216,183,216,polynomial regression,standard least squares,0,train,label_file_random,0.6336587071418762
4,37,4,37,anomalous example,cross validation,0,train,label_file_random,0.2558477818965912
39,170,39,170,cross validation sets,optimization objective,0,train,label_file_random,0.3737484812736511
21,204,21,204,classification problem,regularization,0,train,label_file_random,0.41176480054855347
72,215,72,215,gaussian random variable,standard deviation,0,train,label_file_random,0.5872799754142761
12,146,12,146,bias variance trade-off,minimization problem,0,train,label_file_random,0.5606896281242371
14,128,14,128,binary classification,loss function,0,train,label_file_random,0.40069836378097534
13,236,13,236,big data sets,unsupervised learning,0,train,label_file_random,0.40565305948257446
44,140,44,140,decision tree,maximum likelihood,0,train,label_file_random,0.4385966658592224
142,199,142,199,mean normalization,recommender system,0,train,label_file_random,0.29092860221862793
42,242,42,242,decision boundaries,overfitting,0,train,label_file_random,0.504790723323822
113,191,113,191,learning rate,predicted value,0,train,label_file_random,0.39489123225212097
112,142,112,142,learning problem,mean normalization,0,train,label_file_random,0.35301411151885986
81,207,81,207,gradient descent,sentiment analysis,0,train,label_file_random,0.26472678780555725
183,206,183,206,polynomial regression,regularized logistic regression,0,train,label_file_random,0.4117506742477417
112,161,112,161,learning problem,nonlinear hypotheses,0,train,label_file_random,0.5321872234344482
141,186,141,186,maximum likelihood estimate,positive data,0,train,label_file_random,0.4338935315608978
21,133,21,133,classification problem,machine learning system,0,train,label_file_random,0.5222798585891724
64,162,64,162,feature scaling,normal equation,0,train,label_file_random,0.43889302015304565
90,115,90,115,identity matrics,least squares,0,train,label_file_random,0.38539421558380127
18,142,18,142,classification accuracy,mean normalization,0,train,label_file_random,0.276660293340683
205,237,205,237,regularized linear regression,validation error,0,train,label_file_random,0.5193197131156921
56,238,56,238,evaluation metrics,validation set,0,train,label_file_random,0.5955618023872375
41,161,41,161,data set,nonlinear hypotheses,0,train,label_file_random,0.35278087854385376
94,103,94,103,input data,kernel function,0,train,label_file_random,0.4360584616661072
50,106,50,106,dimensionality reduction,labeled data,0,train,label_file_random,0.4401940703392029
12,156,12,156,bias variance trade-off,nearest neighbors,0,train,label_file_random,0.45020800828933716
82,88,82,88,greedy algorithm,recall,0,train,label_file_random,0.38694101572036743
130,143,130,143,machine learning,mean square error,0,train,label_file_random,0.5562477707862854
65,108,65,108,feature selection,lasso regression,0,train,label_file_random,0.7713645100593567
153,229,153,229,multivariate gaussian distribution,training data set,0,train,label_file_random,0.2902110517024994
41,81,41,81,data set,gradient descent,0,train,label_file_random,0.38556307554244995
177,242,177,242,partial derivative,overfitting,0,train,label_file_random,0.27697157859802246
140,207,140,207,maximum likelihood,sentiment analysis,0,train,label_file_random,0.27414101362228394
53,176,53,176,error analysis,parameter vector,0,train,label_file_random,0.42712390422821045
123,176,123,176,local optima,parameter vector,0,train,label_file_random,0.4002563953399658
26,228,26,228,features,training data,0,train,label_file_random,0.7116351127624512
156,214,156,214,nearest neighbors,squared error,0,train,label_file_random,0.38884401321411133
123,127,123,127,local optima,logistic regression,0,train,label_file_random,0.15599629282951355
111,156,111,156,learning method,nearest neighbors,0,train,label_file_random,0.5242362022399902
56,111,56,111,evaluation metrics,learning method,0,train,label_file_random,0.3828028440475464
117,226,117,226,linear algebra,test data set,0,train,label_file_random,0.3007084131240845
41,185,41,185,data set,positive class,0,train,label_file_random,0.3691413104534149
64,236,64,236,feature scaling,unsupervised learning,0,train,label_file_random,0.3315716087818146
146,226,146,226,minimization problem,test data set,0,train,label_file_random,0.38499414920806885
37,58,37,58,cross validation,f1 score,0,train,label_file_random,0.5646823644638062
14,173,14,173,binary classification,output layer,0,train,label_file_random,0.4001215100288391
67,136,67,136,feature vector,matrix factorization,0,train,label_file_random,0.40673577785491943
214,243,214,243,squared error,underfitting,0,train,label_file_random,0.48551180958747864
203,220,203,220,regression problem,support vector,0,train,label_file_random,0.45109888911247253
132,158,132,158,machine learning application,neural network,0,train,label_file_random,0.5136170387268066
176,243,176,243,parameter vector,underfitting,0,train,label_file_random,0.46314987540245056
0,112,0,112,activation function,learning problem,0,train,label_file_random,0.36178022623062134
165,174,165,174,matrix,output unit,0,train,label_file_random,0.5065146684646606
77,112,77,112,global optimum,learning problem,0,train,label_file_random,0.4662543833255768
130,149,130,149,machine learning,model complexity,0,train,label_file_random,0.5970373749732971
177,234,177,234,partial derivative,tuning parameter,0,train,label_file_random,0.40484973788261414
199,203,199,203,recommender system,regression problem,0,train,label_file_random,0.31516581773757935
23,106,23,106,cluster,labeled data,0,train,label_file_random,0.5373162627220154
125,148,125,148,log likelihood,mixture model,0,train,label_file_random,0.44458630681037903
63,81,63,81,feature extraction,gradient descent,0,train,label_file_random,0.4376024007797241
150,229,150,229,model parameters,training data set,0,train,label_file_random,0.5319027304649353
41,176,41,176,data set,parameter vector,0,train,label_file_random,0.5245774984359741
133,225,133,225,machine learning system,test data,0,train,label_file_random,0.6770986914634705
201,226,201,226,regression function,test data set,0,train,label_file_random,0.4641300439834595
122,158,122,158,local minimum,neural network,0,train,label_file_random,0.4384896755218506
10,37,10,37,bias problem,cross validation,0,train,label_file_random,0.4966409206390381
20,44,20,44,classification error,decision tree,0,train,label_file_random,0.5574709177017212
96,128,96,128,input space,loss function,0,train,label_file_random,0.4311180114746094
77,98,77,98,global optimum,iterative algorithm,0,train,label_file_random,0.381577730178833
55,230,55,230,estimated parameters,training error,0,train,label_file_random,0.5010925531387329
93,212,93,212,inner product,square matrix,0,train,label_file_random,0.5007351636886597
88,130,88,130,recall,machine learning,0,train,label_file_random,0.48642173409461975
100,178,100,178,k means,pca algorithm,0,train,label_file_random,0.4546297490596771
60,232,60,232,false negative,true negatives,0,train,label_file_random,0.8696707487106323
34,183,34,183,convex function,polynomial regression,0,train,label_file_random,0.34941673278808594
50,215,50,215,dimensionality reduction,standard deviation,0,train,label_file_random,0.4291214644908905
40,118,40,118,data representation,linear classifier,0,train,label_file_random,0.5386970043182373
18,229,18,229,classification accuracy,training data set,0,train,label_file_random,0.43615877628326416
119,165,119,165,linear kernel,matrix,0,train,label_file_random,0.4465835690498352
111,215,111,215,learning method,standard deviation,0,train,label_file_random,0.3009876608848572
26,141,26,141,features,maximum likelihood estimate,0,train,label_file_random,0.5294977426528931
120,242,120,242,linear model,overfitting,0,train,label_file_random,0.509797215461731
41,233,41,233,data set,true positives,0,train,label_file_random,0.32411032915115356
34,177,34,177,convex function,partial derivative,0,train,label_file_random,0.5128204822540283
74,242,74,242,generalized linear models,overfitting,0,train,label_file_random,0.355563223361969
130,156,130,156,machine learning,nearest neighbors,0,train,label_file_random,0.4365055561065674
58,111,58,111,f1 score,learning method,0,train,label_file_random,0.35397958755493164
26,36,26,36,features,covariance matrix,0,train,label_file_random,0.5456962585449219
127,210,127,210,logistic regression,spam filtering,0,train,label_file_random,0.41901442408561707
44,141,44,141,decision tree,maximum likelihood estimate,0,train,label_file_random,0.5103755593299866
89,141,89,141,hypothesis,maximum likelihood estimate,0,train,label_file_random,0.6061934232711792
32,203,32,203,conjugate gradient,regression problem,0,train,label_file_random,0.36989080905914307
38,143,38,143,cross validation error,mean square error,0,train,label_file_random,0.6869577169418335
128,215,128,215,loss function,standard deviation,0,train,label_file_random,0.38407468795776367
204,237,204,237,regularization,validation error,0,train,label_file_random,0.6163612008094788
53,185,53,185,error analysis,positive class,0,train,label_file_random,0.3918927311897278
71,229,71,229,gaussian model,training data set,0,train,label_file_random,0.3453105092048645
37,132,37,132,cross validation,machine learning application,0,train,label_file_random,0.5189945697784424
25,141,25,141,collaborative filtering,maximum likelihood estimate,0,train,label_file_random,0.2959135174751282
52,238,52,238,early stopping,validation set,0,train,label_file_random,0.5275143384933472
210,238,210,238,spam filtering,validation set,0,train,label_file_random,0.41906484961509705
100,148,100,148,k means,mixture model,0,train,label_file_random,0.5524779558181763
26,29,26,29,features,conditional distribution,0,train,label_file_random,0.42832648754119873
51,164,51,164,document retrieval,normalized representation,0,train,label_file_random,0.501858651638031
131,156,131,156,machine learning algorithm,nearest neighbors,0,train,label_file_random,0.4678683280944824
53,119,53,119,error analysis,linear kernel,0,train,label_file_random,0.3647691607475281
207,242,207,242,sentiment analysis,overfitting,0,train,label_file_random,0.24399986863136292
175,228,175,228,parameter estimation,training data,0,train,label_file_random,0.5251192450523376
20,131,20,131,classification error,machine learning algorithm,0,train,label_file_random,0.4919864237308502
39,89,39,89,cross validation sets,hypothesis,0,train,label_file_random,0.46810466051101685
142,146,142,146,mean normalization,minimization problem,0,train,label_file_random,0.4669913649559021
130,140,130,140,machine learning,maximum likelihood,0,train,label_file_random,0.5681647062301636
127,241,127,241,logistic regression,weak classifier,0,train,label_file_random,0.41965508460998535
86,111,86,111,high order polynomial,learning method,0,train,label_file_random,0.38316988945007324
168,228,168,228,optimal solution,training data,0,train,label_file_random,0.4807206094264984
42,206,42,206,decision boundaries,regularized logistic regression,0,train,label_file_random,0.46677324175834656
77,80,77,80,global optimum,gradient checking,0,train,label_file_random,0.34349751472473145
56,121,56,121,evaluation metrics,linear regression,0,train,label_file_random,0.407972514629364
111,116,111,116,learning method,likelihood function,0,train,label_file_random,0.45066583156585693
36,175,36,175,covariance matrix,parameter estimation,0,train,label_file_random,0.3567892014980316
24,140,24,140,clustering algorithm,maximum likelihood,0,train,label_file_random,0.32915985584259033
88,114,88,114,recall,learning system,0,train,label_file_random,0.5162338614463806
149,234,149,234,model complexity,tuning parameter,0,train,label_file_random,0.4879273772239685
147,228,147,228,misclassification error,training data,0,train,label_file_random,0.5810657739639282
138,229,138,229,matrix transpose,training data set,0,train,label_file_random,0.3648081421852112
25,221,25,221,collaborative filtering,support vector machine,0,train,label_file_random,0.31870317459106445
41,69,41,69,data set,gaussian density,0,train,label_file_random,0.32097089290618896
136,207,136,207,matrix factorization,sentiment analysis,0,train,label_file_random,0.3830645680427551
40,91,40,91,data representation,image classification,0,train,label_file_random,0.4693237841129303
155,242,155,242,nearest neighbor search,overfitting,0,train,label_file_random,0.32484784722328186
48,111,48,111,derivative term,learning method,0,train,label_file_random,0.5215728878974915
86,128,86,128,high order polynomial,loss function,0,train,label_file_random,0.38385531306266785
34,76,34,76,convex function,global minimum,0,train,label_file_random,0.6260318756103516
58,130,58,130,f1 score,machine learning,0,train,label_file_random,0.45402413606643677
155,228,155,228,nearest neighbor search,training data,0,train,label_file_random,0.44132018089294434
93,202,93,202,inner product,regression model,0,train,label_file_random,0.3469994068145752
147,230,147,230,misclassification error,training error,0,train,label_file_random,0.7452090382575989
199,226,199,226,recommender system,test data set,0,train,label_file_random,0.2303498089313507
138,142,138,142,matrix transpose,mean normalization,0,train,label_file_random,0.44407567381858826
26,55,26,55,features,estimated parameters,0,train,label_file_random,0.5630725026130676
14,174,14,174,binary classification,output unit,0,train,label_file_random,0.3872952461242676
211,229,211,229,square distances,training data set,0,train,label_file_random,0.3651953637599945
128,140,128,140,loss function,maximum likelihood,0,train,label_file_random,0.4827394187450409
132,226,132,226,machine learning application,test data set,0,train,label_file_random,0.5232139229774475
41,228,41,228,data set,training data,0,train,label_file_random,0.7575443387031555
45,231,45,231,deep features,transfer learning,0,train,label_file_random,0.5995382070541382
44,156,44,156,decision tree,nearest neighbors,0,train,label_file_random,0.5057893991470337
84,133,84,133,hidden unit,machine learning system,0,train,label_file_random,0.43869316577911377
204,228,204,228,regularization,training data,0,train,label_file_random,0.5526763200759888
50,64,50,64,dimensionality reduction,feature scaling,0,train,label_file_random,0.552875280380249
65,191,65,191,feature selection,predicted value,0,train,label_file_random,0.45194974541664124
26,100,26,100,features,k means,0,train,label_file_random,0.5018342733383179
155,219,155,219,nearest neighbor search,supervised learning,0,train,label_file_random,0.4622947573661804
25,46,25,46,collaborative filtering,deep learning,0,train,label_file_random,0.3377452492713928
67,129,67,129,feature vector,low rank matrix,0,train,label_file_random,0.4273037612438202
46,128,46,128,deep learning,loss function,0,train,label_file_random,0.43538373708724976
44,59,44,59,decision tree,face detection,0,train,label_file_random,0.3377060294151306
27,236,27,236,computer vision,unsupervised learning,0,train,label_file_random,0.48243653774261475
87,233,87,233,precision,true positives,0,train,label_file_random,0.7675336599349976
35,238,35,238,coordinate descent,validation set,0,train,label_file_random,0.3701130747795105
44,208,44,208,decision tree,sentiment classifier,0,train,label_file_random,0.48338639736175537
57,127,57,127,expectation maximization,logistic regression,0,train,label_file_random,0.30626389384269714
13,106,13,106,big data sets,labeled data,0,train,label_file_random,0.47142988443374634
23,130,23,130,cluster,machine learning,0,train,label_file_random,0.41953086853027344
156,210,156,210,nearest neighbors,spam filtering,0,train,label_file_random,0.3821619749069214
173,204,173,204,output layer,regularization,0,train,label_file_random,0.3180559575557709
204,236,204,236,regularization,unsupervised learning,0,train,label_file_random,0.41203445196151733
83,205,83,205,hidden layer,regularized linear regression,0,train,label_file_random,0.30517494678497314
105,206,105,206,l1 penalty,regularized logistic regression,0,train,label_file_random,0.6410778760910034
1,97,1,97,activation values,input units,0,train,label_file_random,0.5708714723587036
110,134,110,134,learning curve,massive training set,0,train,label_file_random,0.450269877910614
23,42,23,42,cluster,decision boundaries,0,train,label_file_random,0.38998502492904663
65,120,65,120,feature selection,linear model,0,train,label_file_random,0.5599575042724609
13,172,13,172,big data sets,output label,0,train,label_file_random,0.22198566794395447
27,227,27,227,computer vision,test error,0,train,label_file_random,0.31223219633102417
89,133,89,133,hypothesis,machine learning system,0,train,label_file_random,0.5971035361289978
121,141,121,141,linear regression,maximum likelihood estimate,0,train,label_file_random,0.5344129204750061
23,127,23,127,cluster,logistic regression,0,train,label_file_random,0.3290930390357971
182,218,182,218,polynomial kernel,string kernel,0,train,label_file_random,0.5477595329284668
186,238,186,238,positive data,validation set,0,train,label_file_random,0.4512212574481964
27,199,27,199,computer vision,recommender system,0,train,label_file_random,0.37483465671539307
26,94,26,94,features,input data,0,train,label_file_random,0.652687132358551
77,165,77,165,global optimum,matrix,0,train,label_file_random,0.25814223289489746
114,220,114,220,learning system,support vector,0,train,label_file_random,0.6092684268951416
34,116,34,116,convex function,likelihood function,0,train,label_file_random,0.4613330066204071
152,173,152,173,multi-class classification,output layer,0,train,label_file_random,0.4024013578891754
128,177,128,177,loss function,partial derivative,0,train,label_file_random,0.5679376721382141
48,84,48,84,derivative term,hidden unit,0,train,label_file_random,0.5397769212722778
112,146,112,146,learning problem,minimization problem,0,train,label_file_random,0.7096088528633118
46,127,46,127,deep learning,logistic regression,0,train,label_file_random,0.4006703197956085
84,204,84,204,hidden unit,regularization,0,train,label_file_random,0.33935654163360596
45,118,45,118,deep features,linear classifier,0,train,label_file_random,0.477519154548645
67,88,67,88,feature vector,recall,0,train,label_file_random,0.3509839177131653
74,140,74,140,generalized linear models,maximum likelihood,0,train,label_file_random,0.45256829261779785
215,229,215,229,standard deviation,training data set,0,train,label_file_random,0.42753827571868896
26,216,26,216,features,standard least squares,0,train,label_file_random,0.4596799612045288
21,66,21,66,classification problem,feature space,0,train,label_file_random,0.5052130222320557
128,168,128,168,loss function,optimal solution,0,train,label_file_random,0.6671690940856934
158,203,158,203,neural network,regression problem,0,train,label_file_random,0.4645463526248932
157,174,157,174,negative example,output unit,0,train,label_file_random,0.31453341245651245
42,157,42,157,decision boundaries,negative example,0,train,label_file_random,0.4405469000339508
131,136,131,136,machine learning algorithm,matrix factorization,0,train,label_file_random,0.3675241768360138
42,204,42,204,decision boundaries,regularization,0,train,label_file_random,0.4778648614883423
20,88,20,88,classification error,recall,0,train,label_file_random,0.6985914707183838
37,81,37,81,cross validation,gradient descent,0,train,label_file_random,0.5102999210357666
20,52,20,52,classification error,early stopping,0,train,label_file_random,0.40631091594696045
132,151,132,151,machine learning application,model selection,0,train,label_file_random,0.5447715520858765
181,243,181,243,polynomial features,underfitting,0,train,label_file_random,0.43954381346702576
21,226,21,226,classification problem,test data set,0,train,label_file_random,0.46544206142425537
130,176,130,176,machine learning,parameter vector,0,train,label_file_random,0.5466061234474182
19,98,19,98,classification approach,iterative algorithm,0,train,label_file_random,0.43509697914123535
115,234,115,234,least squares,tuning parameter,0,train,label_file_random,0.4571857452392578
123,214,123,214,local optima,squared error,0,train,label_file_random,0.33123788237571716
214,217,214,217,squared error,stochastic gradient algorithm,0,train,label_file_random,0.42157313227653503
54,98,54,98,error cost function,iterative algorithm,0,train,label_file_random,0.4825778007507324
41,211,41,211,data set,square distances,0,train,label_file_random,0.37690645456314087
89,204,89,204,hypothesis,regularization,0,train,label_file_random,0.5489932298660278
1,177,1,177,activation values,partial derivative,0,train,label_file_random,0.44952982664108276
23,78,23,78,cluster,gradient algorithm,0,train,label_file_random,0.30746370553970337
61,87,61,87,false positives,precision,0,train,label_file_random,0.7982544898986816
41,53,41,53,data set,error analysis,0,train,label_file_random,0.5351251363754272
76,202,76,202,global minimum,regression model,0,train,label_file_random,0.339947372674942
176,184,176,184,parameter vector,polynomial terms,0,train,label_file_random,0.43642473220825195
200,228,200,228,regression coefficients,training data,0,train,label_file_random,0.5024630427360535
154,228,154,228,multivariate gaussian model,training data,0,train,label_file_random,0.38406094908714294
115,191,115,191,least squares,predicted value,0,train,label_file_random,0.5090129971504211
180,226,180,226,photo ocr,test data set,0,train,label_file_random,0.1086239218711853
193,226,193,226,principle components,test data set,0,train,label_file_random,0.3000603914260864
196,229,196,229,probability density,training data set,0,train,label_file_random,0.3965167999267578
111,172,111,172,learning method,output label,0,train,label_file_random,0.44705930352211
152,223,152,223,multi-class classification,svm packages,0,train,label_file_random,0.36470550298690796
7,23,7,23,batch gradient descent,cluster,0,train,label_file_random,0.3672177791595459
88,89,88,89,recall,hypothesis,0,train,label_file_random,0.5087174773216248
13,75,13,75,big data sets,gibbs sampler,0,train,label_file_random,0.23442041873931885
37,67,37,67,cross validation,feature vector,0,train,label_file_random,0.33182623982429504
42,169,42,169,decision boundaries,optimization algorithms,0,train,label_file_random,0.36667075753211975
0,67,0,67,activation function,feature vector,0,train,label_file_random,0.4582926332950592
104,216,104,216,kernel regression,standard least squares,0,train,label_file_random,0.520581841468811
152,177,152,177,multi-class classification,partial derivative,0,train,label_file_random,0.29745620489120483
64,238,64,238,feature scaling,validation set,0,train,label_file_random,0.40183401107788086
49,176,49,176,design matrix,parameter vector,0,train,label_file_random,0.5974645614624023
203,242,203,242,regression problem,overfitting,0,train,label_file_random,0.524011492729187
147,229,147,229,misclassification error,training data set,0,train,label_file_random,0.4787384271621704
109,219,109,219,latent dirichlet allocation,supervised learning,0,train,label_file_random,0.28021904826164246
162,205,162,205,normal equation,regularized linear regression,0,train,label_file_random,0.6051740646362305
114,228,114,228,learning system,training data,0,train,label_file_random,0.7061657905578613
11,139,11,139,bias unit,matrix vector multiplication,0,train,label_file_random,0.5050095319747925
88,170,88,170,recall,optimization objective,0,train,label_file_random,0.37865132093429565
112,128,112,128,learning problem,loss function,0,train,label_file_random,0.6011158227920532
181,220,181,220,polynomial features,support vector,0,train,label_file_random,0.45939546823501587
115,237,115,237,least squares,validation error,0,train,label_file_random,0.49138277769088745
54,177,54,177,error cost function,partial derivative,0,train,label_file_random,0.4725092649459839
176,218,176,218,parameter vector,string kernel,0,train,label_file_random,0.3453969359397888
220,225,220,225,support vector,test data,0,train,label_file_random,0.4752614498138428
44,88,44,88,decision tree,recall,0,train,label_file_random,0.5513167381286621
113,122,113,122,learning rate,local minimum,0,train,label_file_random,0.5040363073348999
169,207,169,207,optimization algorithms,sentiment analysis,0,train,label_file_random,0.29222530126571655
210,232,210,232,spam filtering,true negatives,0,train,label_file_random,0.422428160905838
171,229,171,229,optimization problem,training data set,0,train,label_file_random,0.4439201354980469
156,236,156,236,nearest neighbors,unsupervised learning,0,train,label_file_random,0.49923279881477356
54,112,54,112,error cost function,learning problem,0,train,label_file_random,0.6221467852592468
81,228,81,228,gradient descent,training data,0,train,label_file_random,0.5285235643386841
41,175,41,175,data set,parameter estimation,0,train,label_file_random,0.4361165165901184
27,45,27,45,computer vision,deep features,0,train,label_file_random,0.64128577709198
48,202,48,202,derivative term,regression model,0,train,label_file_random,0.42256057262420654
54,126,54,126,error cost function,logistic function,0,train,label_file_random,0.44402796030044556
41,79,41,79,data set,gradient ascent,0,train,label_file_random,0.3074043393135071
111,220,111,220,learning method,support vector,0,train,label_file_random,0.5292285084724426
89,113,89,113,hypothesis,learning rate,0,train,label_file_random,0.4268489181995392
214,239,214,239,squared error,variance problem,0,train,label_file_random,0.46886447072029114
111,123,111,123,learning method,local optima,0,train,label_file_random,0.3574194610118866
54,130,54,130,error cost function,machine learning,0,train,label_file_random,0.5971912145614624
39,112,39,112,cross validation sets,learning problem,0,train,label_file_random,0.4470651149749756
170,202,170,202,optimization objective,regression model,0,train,label_file_random,0.4549701511859894
130,170,130,170,machine learning,optimization objective,0,train,label_file_random,0.5103229284286499
5,23,5,23,anomaly detection,cluster,0,train,label_file_random,0.5002251267433167
149,203,149,203,model complexity,regression problem,0,train,label_file_random,0.5409818887710571
205,238,205,238,regularized linear regression,validation set,0,train,label_file_random,0.47405827045440674
26,34,26,34,features,convex function,0,train,label_file_random,0.4197283983230591
64,185,64,185,feature scaling,positive class,0,train,label_file_random,0.28080350160598755
165,228,165,228,matrix,training data,0,train,label_file_random,0.45705652236938477
8,22,8,22,bayesian approach,cluster center,0,train,label_file_random,0.25609683990478516
161,184,161,184,nonlinear hypotheses,polynomial terms,0,train,label_file_random,0.6058921813964844
147,225,147,225,misclassification error,test data,0,train,label_file_random,0.584359884262085
81,184,81,184,gradient descent,polynomial terms,0,train,label_file_random,0.3470765948295593
81,242,81,242,gradient descent,overfitting,0,train,label_file_random,0.5304555892944336
127,238,127,238,logistic regression,validation set,0,train,label_file_random,0.3912934958934784
130,209,130,209,machine learning,sigmoid function,0,train,label_file_random,0.40679576992988586
41,110,41,110,data set,learning curve,0,train,label_file_random,0.4906187355518341
51,199,51,199,document retrieval,recommender system,0,train,label_file_random,0.5425994992256165
1,161,1,161,activation values,nonlinear hypotheses,0,train,label_file_random,0.407985657453537
112,186,112,186,learning problem,positive data,0,train,label_file_random,0.5087090730667114
131,170,131,170,machine learning algorithm,optimization objective,0,train,label_file_random,0.5305135846138
20,147,20,147,classification error,misclassification error,0,train,label_file_random,0.9350465536117554
50,213,50,213,dimensionality reduction,square projection error,0,train,label_file_random,0.5817210674285889
4,56,4,56,anomalous example,evaluation metrics,0,train,label_file_random,0.2455207258462906
60,233,60,233,false negative,true positives,0,train,label_file_random,0.807522177696228
32,228,32,228,conjugate gradient,training data,0,train,label_file_random,0.3261568546295166
104,132,104,132,kernel regression,machine learning application,0,train,label_file_random,0.4667872488498688
89,139,89,139,hypothesis,matrix vector multiplication,0,train,label_file_random,0.30980008840560913
13,24,13,24,big data sets,clustering algorithm,0,train,label_file_random,0.3860098123550415
176,230,176,230,parameter vector,training error,0,train,label_file_random,0.5037575364112854
21,191,21,191,classification problem,predicted value,0,train,label_file_random,0.47053229808807373
60,111,60,111,false negative,learning method,0,train,label_file_random,0.43814322352409363
86,229,86,229,high order polynomial,training data set,0,train,label_file_random,0.3186306953430176
196,224,196,224,probability density,symmetric matrix,0,train,label_file_random,0.38762953877449036
199,220,199,220,recommender system,support vector,0,train,label_file_random,0.3265446722507477
87,90,87,90,precision,identity matrics,0,train,label_file_random,0.2926977872848511
74,128,74,128,generalized linear models,loss function,0,train,label_file_random,0.3480803966522217
70,170,70,170,gaussian kernel,optimization objective,0,train,label_file_random,0.4211028516292572
84,169,84,169,hidden unit,optimization algorithms,0,train,label_file_random,0.41289737820625305
136,242,136,242,matrix factorization,overfitting,0,train,label_file_random,0.34077274799346924
128,229,128,229,loss function,training data set,0,train,label_file_random,0.5479174852371216
18,27,18,27,classification accuracy,computer vision,0,train,label_file_random,0.29813531041145325
114,227,114,227,learning system,test error,0,train,label_file_random,0.5034047365188599
44,46,44,46,decision tree,deep learning,0,train,label_file_random,0.47826430201530457
21,141,21,141,classification problem,maximum likelihood estimate,0,train,label_file_random,0.5382882356643677
114,229,114,229,learning system,training data set,0,train,label_file_random,0.5923354625701904
81,128,81,128,gradient descent,loss function,0,train,label_file_random,0.6325294971466064
81,133,81,133,gradient descent,machine learning system,0,train,label_file_random,0.5496646761894226
1,111,1,111,activation values,learning method,0,train,label_file_random,0.37432464957237244
100,219,100,219,k means,supervised learning,0,train,label_file_random,0.4848042130470276
75,130,75,130,gibbs sampler,machine learning,0,train,label_file_random,0.3084522485733032
1,95,1,95,activation values,input layer,0,train,label_file_random,0.6202312111854553
11,240,11,240,bias unit,vector multiplication,0,train,label_file_random,0.4543766379356384
12,182,12,182,bias variance trade-off,polynomial kernel,0,train,label_file_random,0.28340592980384827
84,128,84,128,hidden unit,loss function,0,train,label_file_random,0.5038133859634399
93,223,93,223,inner product,svm packages,0,train,label_file_random,0.2628467082977295
35,131,35,131,coordinate descent,machine learning algorithm,0,train,label_file_random,0.4608217775821686
84,173,84,173,hidden unit,output layer,0,train,label_file_random,0.6481736898422241
234,242,234,242,tuning parameter,overfitting,0,train,label_file_random,0.5264997482299805
60,236,60,236,false negative,unsupervised learning,0,train,label_file_random,0.3536699414253235
24,118,24,118,clustering algorithm,linear classifier,0,train,label_file_random,0.482763409614563
43,157,43,157,decision stamp,negative example,0,train,label_file_random,0.3582135736942291
131,167,131,167,machine learning algorithm,online learning,0,train,label_file_random,0.523331880569458
73,143,73,143,generalization error,mean square error,0,train,label_file_random,0.6270045638084412
46,225,46,225,deep learning,test data,0,train,label_file_random,0.4955313205718994
26,76,26,76,features,global minimum,0,train,label_file_random,0.40231481194496155
13,25,13,25,big data sets,collaborative filtering,0,train,label_file_random,0.33503127098083496
23,101,23,101,cluster,k nearest neighbors,0,train,label_file_random,0.6370771527290344
55,168,55,168,estimated parameters,optimal solution,0,train,label_file_random,0.5770007967948914
84,132,84,132,hidden unit,machine learning application,0,train,label_file_random,0.40437179803848267
191,206,191,206,predicted value,regularized logistic regression,0,train,label_file_random,0.35713106393814087
90,128,90,128,identity matrics,loss function,0,train,label_file_random,0.3915024399757385
156,169,156,169,nearest neighbors,optimization algorithms,0,train,label_file_random,0.3987272083759308
199,219,199,219,recommender system,supervised learning,0,train,label_file_random,0.3936702013015747
103,158,103,158,kernel function,neural network,0,train,label_file_random,0.4801567494869232
81,116,81,116,gradient descent,likelihood function,0,train,label_file_random,0.5098836421966553
130,217,130,217,machine learning,stochastic gradient algorithm,0,train,label_file_random,0.5065402984619141
185,218,185,218,positive class,string kernel,0,train,label_file_random,0.27061033248901367
162,204,162,204,normal equation,regularization,0,train,label_file_random,0.579574704170227
149,201,149,201,model complexity,regression function,0,train,label_file_random,0.5393683910369873
58,121,58,121,f1 score,linear regression,0,train,label_file_random,0.35342249274253845
26,95,26,95,features,input layer,0,train,label_file_random,0.5308067202568054
170,220,170,220,optimization objective,support vector,0,train,label_file_random,0.4847041070461273
0,161,0,161,activation function,nonlinear hypotheses,0,train,label_file_random,0.4897202253341675
121,181,121,181,linear regression,polynomial features,0,train,label_file_random,0.5605522394180298
165,189,165,189,matrix,precision recall curve,0,train,label_file_random,0.26232102513313293
86,149,86,149,high order polynomial,model complexity,0,train,label_file_random,0.5028313994407654
34,169,34,169,convex function,optimization algorithms,0,train,label_file_random,0.5056009888648987
77,131,77,131,global optimum,machine learning algorithm,0,train,label_file_random,0.4303111433982849
121,156,121,156,linear regression,nearest neighbors,0,train,label_file_random,0.38872459530830383
86,157,86,157,high order polynomial,negative example,0,train,label_file_random,0.29269838333129883
172,195,172,195,output label,probabilistic model,0,train,label_file_random,0.45016971230506897
23,29,23,29,cluster,conditional distribution,0,train,label_file_random,0.36578038334846497
128,200,128,200,loss function,regression coefficients,0,train,label_file_random,0.47184714674949646
136,169,136,169,matrix factorization,optimization algorithms,0,train,label_file_random,0.2876119017601013
75,81,75,81,gibbs sampler,gradient descent,0,train,label_file_random,0.3000231981277466
141,165,141,165,maximum likelihood estimate,matrix,0,train,label_file_random,0.3874814808368683
70,228,70,228,gaussian kernel,training data,0,train,label_file_random,0.4271496832370758
18,204,18,204,classification accuracy,regularization,0,train,label_file_random,0.4236573278903961
100,138,100,138,k means,matrix transpose,0,train,label_file_random,0.26654356718063354
21,168,21,168,classification problem,optimal solution,0,train,label_file_random,0.4729372262954712
78,207,78,207,gradient algorithm,sentiment analysis,0,train,label_file_random,0.2896226644515991
64,128,64,128,feature scaling,loss function,0,train,label_file_random,0.4039856493473053
70,204,70,204,gaussian kernel,regularization,0,train,label_file_random,0.5145768523216248
22,228,22,228,cluster center,training data,0,train,label_file_random,0.33437585830688477
115,176,115,176,least squares,parameter vector,0,train,label_file_random,0.5422959327697754
156,220,156,220,nearest neighbors,support vector,0,train,label_file_random,0.46909579634666443
20,128,20,128,classification error,loss function,0,train,label_file_random,0.5771949291229248
50,110,50,110,dimensionality reduction,learning curve,0,train,label_file_random,0.3406898081302643
131,146,131,146,machine learning algorithm,minimization problem,0,train,label_file_random,0.6072167754173279
58,60,58,60,f1 score,false negative,0,train,label_file_random,0.7168829441070557
86,227,86,227,high order polynomial,test error,0,train,label_file_random,0.31932398676872253
23,40,23,40,cluster,data representation,0,train,label_file_random,0.5235381126403809
66,219,66,219,feature space,supervised learning,0,train,label_file_random,0.5912838578224182
21,26,21,26,classification problem,features,0,train,label_file_random,0.5705373287200928
44,167,44,167,decision tree,online learning,0,train,label_file_random,0.3915146291255951
132,209,132,209,machine learning application,sigmoid function,0,train,label_file_random,0.31164681911468506
33,176,33,176,convergence test,parameter vector,0,train,label_file_random,0.44434136152267456
37,220,37,220,cross validation,support vector,0,train,label_file_random,0.493925005197525
19,176,19,176,classification approach,parameter vector,0,train,label_file_random,0.4441695809364319
168,202,168,202,optimal solution,regression model,0,train,label_file_random,0.42218178510665894
84,214,84,214,hidden unit,squared error,0,train,label_file_random,0.3627486228942871
5,239,5,239,anomaly detection,variance problem,0,train,label_file_random,0.45487314462661743
1,165,1,165,activation values,matrix,0,train,label_file_random,0.44390833377838135
55,198,55,198,estimated parameters,random variable,0,train,label_file_random,0.4829576015472412
169,214,169,214,optimization algorithms,squared error,0,train,label_file_random,0.42695295810699463
110,214,110,214,learning curve,squared error,0,train,label_file_random,0.6023586392402649
171,181,171,181,optimization problem,polynomial features,0,train,label_file_random,0.3676857054233551
165,225,165,225,matrix,test data,0,train,label_file_random,0.4295126795768738
161,219,161,219,nonlinear hypotheses,supervised learning,0,train,label_file_random,0.43307146430015564
210,229,210,229,spam filtering,training data set,0,train,label_file_random,0.38303250074386597
34,127,34,127,convex function,logistic regression,0,train,label_file_random,0.37320786714553833
118,149,118,149,linear classifier,model complexity,0,train,label_file_random,0.4672750234603882
106,178,106,178,labeled data,pca algorithm,0,train,label_file_random,0.4079030454158783
73,238,73,238,generalization error,validation set,0,train,label_file_random,0.598981499671936
23,88,23,88,cluster,recall,0,train,label_file_random,0.40668413043022156
41,150,41,150,data set,model parameters,0,train,label_file_random,0.48074018955230713
125,206,125,206,log likelihood,regularized logistic regression,0,train,label_file_random,0.5537548065185547
76,218,76,218,global minimum,string kernel,0,train,label_file_random,0.2146359086036682
10,176,10,176,bias problem,parameter vector,0,train,label_file_random,0.4718681871891022
152,176,152,176,multi-class classification,parameter vector,0,train,label_file_random,0.36104023456573486
86,221,86,221,high order polynomial,support vector machine,0,train,label_file_random,0.35756203532218933
84,237,84,237,hidden unit,validation error,0,train,label_file_random,0.32219770550727844
216,242,216,242,standard least squares,overfitting,0,train,label_file_random,0.5186721682548523
26,225,26,225,features,test data,0,train,label_file_random,0.5935258865356445
150,226,150,226,model parameters,test data set,0,train,label_file_random,0.5296062231063843
130,195,130,195,machine learning,probabilistic model,0,train,label_file_random,0.47950389981269836
83,89,83,89,hidden layer,hypothesis,0,train,label_file_random,0.4259316325187683
121,239,121,239,linear regression,variance problem,0,train,label_file_random,0.38430678844451904
55,191,55,191,estimated parameters,predicted value,0,train,label_file_random,0.5361561179161072
21,220,21,220,classification problem,support vector,0,train,label_file_random,0.49862220883369446
44,128,44,128,decision tree,loss function,0,train,label_file_random,0.49938684701919556
92,229,92,229,image retrieval,training data set,0,train,label_file_random,0.29878219962120056
66,218,66,218,feature space,string kernel,0,train,label_file_random,0.4685431718826294
204,229,204,229,regularization,training data set,0,train,label_file_random,0.4857219457626343
114,226,114,226,learning system,test data set,0,train,label_file_random,0.551899790763855
46,136,46,136,deep learning,matrix factorization,0,train,label_file_random,0.41474276781082153
180,225,180,225,photo ocr,test data,0,train,label_file_random,0.16970711946487427
35,127,35,127,coordinate descent,logistic regression,0,train,label_file_random,0.35789620876312256
51,57,51,57,document retrieval,expectation maximization,0,train,label_file_random,0.339424192905426
96,143,96,143,input space,mean square error,0,train,label_file_random,0.4272218346595764
37,201,37,201,cross validation,regression function,0,train,label_file_random,0.4671698212623596
180,228,180,228,photo ocr,training data,0,train,label_file_random,0.2109352946281433
41,146,41,146,data set,minimization problem,0,train,label_file_random,0.3766573667526245
26,73,26,73,features,generalization error,0,train,label_file_random,0.4472840428352356
141,169,141,169,maximum likelihood estimate,optimization algorithms,0,train,label_file_random,0.4791797697544098
174,240,174,240,output unit,vector multiplication,0,train,label_file_random,0.5231065154075623
22,41,22,41,cluster center,data set,0,train,label_file_random,0.3728060722351074
21,186,21,186,classification problem,positive data,0,train,label_file_random,0.5169724822044373
238,239,238,239,validation set,variance problem,0,train,label_file_random,0.4763922095298767
95,214,95,214,input layer,squared error,0,train,label_file_random,0.42340365052223206
108,151,108,151,lasso regression,model selection,0,train,label_file_random,0.5910282135009766
24,127,24,127,clustering algorithm,logistic regression,0,train,label_file_random,0.34369826316833496
36,41,36,41,covariance matrix,data set,0,train,label_file_random,0.40189993381500244
32,152,32,152,conjugate gradient,multi-class classification,0,train,label_file_random,0.2703450918197632
79,157,79,157,gradient ascent,negative example,0,train,label_file_random,0.2452699840068817
67,113,67,113,feature vector,learning rate,0,train,label_file_random,0.32517769932746887
99,150,99,150,joint model probability,model parameters,0,train,label_file_random,0.40513861179351807
158,227,158,227,neural network,test error,0,train,label_file_random,0.43099653720855713
5,13,5,13,anomaly detection,big data sets,0,train,label_file_random,0.3031642735004425
158,243,158,243,neural network,underfitting,0,train,label_file_random,0.4190834164619446
160,226,160,226,non-anomalous examples,test data set,0,train,label_file_random,0.43885552883148193
100,118,100,118,k means,linear classifier,0,train,label_file_random,0.4448978304862976
4,226,4,226,anomalous example,test data set,0,train,label_file_random,0.3967849314212799
26,129,26,129,features,low rank matrix,0,train,label_file_random,0.4548075497150421
84,114,84,114,hidden unit,learning system,0,train,label_file_random,0.47277867794036865
70,156,70,156,gaussian kernel,nearest neighbors,0,train,label_file_random,0.49240294098854065
112,119,112,119,learning problem,linear kernel,0,train,label_file_random,0.3961644470691681
191,200,191,200,predicted value,regression coefficients,0,train,label_file_random,0.618725597858429
156,167,156,167,nearest neighbors,online learning,0,train,label_file_random,0.38371512293815613
53,88,53,88,error analysis,recall,0,train,label_file_random,0.5834763646125793
5,175,5,175,anomaly detection,parameter estimation,0,train,label_file_random,0.4691450297832489
172,211,172,211,output label,square distances,0,train,label_file_random,0.26977601647377014
45,221,45,221,deep features,support vector machine,0,train,label_file_random,0.41118401288986206
88,150,88,150,recall,model parameters,0,train,label_file_random,0.35532379150390625
5,117,5,117,anomaly detection,linear algebra,0,train,label_file_random,0.35401731729507446
193,215,193,215,principle components,standard deviation,0,train,label_file_random,0.4470336139202118
37,183,37,183,cross validation,polynomial regression,0,train,label_file_random,0.32695358991622925
88,177,88,177,recall,partial derivative,0,train,label_file_random,0.22727391123771667
113,128,113,128,learning rate,loss function,0,train,label_file_random,0.5221678018569946
26,234,26,234,features,tuning parameter,0,train,label_file_random,0.5269286036491394
57,100,57,100,expectation maximization,k means,0,train,label_file_random,0.5877898931503296
37,169,37,169,cross validation,optimization algorithms,0,train,label_file_random,0.44368261098861694
62,111,62,111,feature engineering,learning method,0,train,label_file_random,0.46633270382881165
26,138,26,138,features,matrix transpose,0,train,label_file_random,0.4526592791080475
110,176,110,176,learning curve,parameter vector,0,train,label_file_random,0.5387100577354431
103,111,103,111,kernel function,learning method,0,train,label_file_random,0.5261134505271912
68,184,68,184,forward propagation,polynomial terms,0,train,label_file_random,0.35967791080474854
38,84,38,84,cross validation error,hidden unit,0,train,label_file_random,0.3924601674079895
83,226,83,226,hidden layer,test data set,0,train,label_file_random,0.3647448420524597
19,228,19,228,classification approach,training data,0,train,label_file_random,0.6367257833480835
88,183,88,183,recall,polynomial regression,0,train,label_file_random,0.27390366792678833
89,242,89,242,hypothesis,overfitting,0,train,label_file_random,0.5663043856620789
41,60,41,60,data set,false negative,0,train,label_file_random,0.4702652096748352
101,202,101,202,k nearest neighbors,regression model,0,train,label_file_random,0.5046036243438721
26,105,26,105,features,l1 penalty,0,train,label_file_random,0.3939666152000427
21,236,21,236,classification problem,unsupervised learning,0,train,label_file_random,0.4712635278701782
13,118,13,118,big data sets,linear classifier,0,train,label_file_random,0.334659606218338
21,227,21,227,classification problem,test error,0,train,label_file_random,0.5071477293968201
111,134,111,134,learning method,massive training set,0,train,label_file_random,0.43626758456230164
4,67,4,67,anomalous example,feature vector,0,train,label_file_random,0.3159071207046509
43,225,43,225,decision stamp,test data,0,train,label_file_random,0.3648865222930908
110,237,110,237,learning curve,validation error,0,train,label_file_random,0.6069056987762451
29,98,29,98,conditional distribution,iterative algorithm,0,train,label_file_random,0.24038083851337433
121,197,121,197,linear regression,random numbers,0,train,label_file_random,0.36870574951171875
39,230,39,230,cross validation sets,training error,0,train,label_file_random,0.5437970161437988
115,242,115,242,least squares,overfitting,0,train,label_file_random,0.522779643535614
101,108,101,108,k nearest neighbors,lasso regression,0,train,label_file_random,0.40596163272857666
0,214,0,214,activation function,squared error,0,train,label_file_random,0.4108407497406006
22,77,22,77,cluster center,global optimum,0,train,label_file_random,0.2668495178222656
108,183,108,183,lasso regression,polynomial regression,0,train,label_file_random,0.5195069313049316
10,39,10,39,bias problem,cross validation sets,0,train,label_file_random,0.3871577978134155
71,100,71,100,gaussian model,k means,0,train,label_file_random,0.4507189989089966
21,95,21,95,classification problem,input layer,0,train,label_file_random,0.363960862159729
142,219,142,219,mean normalization,supervised learning,0,train,label_file_random,0.3892408013343811
42,140,42,140,decision boundaries,maximum likelihood,0,train,label_file_random,0.44782066345214844
84,112,84,112,hidden unit,learning problem,0,train,label_file_random,0.42123693227767944
64,98,64,98,feature scaling,iterative algorithm,0,train,label_file_random,0.41930514574050903
98,168,98,168,iterative algorithm,optimal solution,0,train,label_file_random,0.42001837491989136
183,204,183,204,polynomial regression,regularization,0,train,label_file_random,0.48181313276290894
98,123,98,123,iterative algorithm,local optima,0,train,label_file_random,0.362554669380188
48,123,48,123,derivative term,local optima,0,train,label_file_random,0.47894299030303955
22,123,22,123,cluster center,local optima,0,train,label_file_random,0.19988404214382172
67,238,67,238,feature vector,validation set,0,train,label_file_random,0.36472007632255554
98,113,98,113,iterative algorithm,learning rate,0,train,label_file_random,0.4926867187023163
106,220,106,220,labeled data,support vector,0,train,label_file_random,0.5508212447166443
0,229,0,229,activation function,training data set,0,train,label_file_random,0.3604079484939575
20,226,20,226,classification error,test data set,0,train,label_file_random,0.5613212585449219
83,173,83,173,hidden layer,output layer,0,train,label_file_random,0.7461150288581848
43,186,43,186,decision stamp,positive data,0,train,label_file_random,0.3579253554344177
26,99,26,99,features,joint model probability,0,train,label_file_random,0.4039951264858246
53,114,53,114,error analysis,learning system,0,train,label_file_random,0.5501742959022522
22,69,22,69,cluster center,gaussian density,0,train,label_file_random,0.40311408042907715
104,141,104,141,kernel regression,maximum likelihood estimate,0,train,label_file_random,0.5477008819580078
9,81,9,81,bayesian inference,gradient descent,0,train,label_file_random,0.32461464405059814
38,121,38,121,cross validation error,linear regression,0,train,label_file_random,0.5239889025688171
150,225,150,225,model parameters,test data,0,train,label_file_random,0.5407785177230835
103,123,103,123,kernel function,local optima,0,train,label_file_random,0.3122553825378418
64,106,64,106,feature scaling,labeled data,0,train,label_file_random,0.395412415266037
76,165,76,165,global minimum,matrix,0,train,label_file_random,0.3187834620475769
36,117,36,117,covariance matrix,linear algebra,0,train,label_file_random,0.5446121692657471
23,89,23,89,cluster,hypothesis,0,train,label_file_random,0.46006470918655396
140,157,140,157,maximum likelihood,negative example,0,train,label_file_random,0.37358176708221436
19,202,19,202,classification approach,regression model,0,train,label_file_random,0.5762751698493958
134,226,134,226,massive training set,test data set,0,train,label_file_random,0.6090940833091736
88,105,88,105,recall,l1 penalty,0,train,label_file_random,0.37704139947891235
104,115,104,115,kernel regression,least squares,0,train,label_file_random,0.4894450306892395
41,55,41,55,data set,estimated parameters,0,train,label_file_random,0.4909457564353943
93,131,93,131,inner product,machine learning algorithm,0,train,label_file_random,0.3286619782447815
111,170,111,170,learning method,optimization objective,0,train,label_file_random,0.4872879385948181
76,122,76,122,global minimum,local minimum,0,train,label_file_random,0.7921890020370483
13,110,13,110,big data sets,learning curve,0,train,label_file_random,0.27757149934768677
88,173,88,173,recall,output layer,0,train,label_file_random,0.3133344054222107
5,67,5,67,anomaly detection,feature vector,0,train,label_file_random,0.4039686322212219
118,220,118,220,linear classifier,support vector,0,train,label_file_random,0.578133761882782
113,199,113,199,learning rate,recommender system,0,train,label_file_random,0.24012795090675354
47,238,47,238,deep neural network,validation set,0,train,label_file_random,0.4301419258117676
42,225,42,225,decision boundaries,test data,0,train,label_file_random,0.47087690234184265
48,83,48,83,derivative term,hidden layer,0,train,label_file_random,0.5060596466064453
90,228,90,228,identity matrics,training data,0,train,label_file_random,0.3225063681602478
12,119,12,119,bias variance trade-off,linear kernel,0,train,label_file_random,0.3484106659889221
0,177,0,177,activation function,partial derivative,0,train,label_file_random,0.457939475774765
165,197,165,197,matrix,random numbers,0,train,label_file_random,0.35058480501174927
84,127,84,127,hidden unit,logistic regression,0,train,label_file_random,0.31057417392730713
12,81,12,81,bias variance trade-off,gradient descent,0,train,label_file_random,0.4736703038215637
83,184,83,184,hidden layer,polynomial terms,0,train,label_file_random,0.40010392665863037
37,233,37,233,cross validation,true positives,0,train,label_file_random,0.44377994537353516
171,199,171,199,optimization problem,recommender system,0,train,label_file_random,0.3314221501350403
84,130,84,130,hidden unit,machine learning,0,train,label_file_random,0.48881980776786804
119,128,119,128,linear kernel,loss function,0,train,label_file_random,0.40617814660072327
53,182,53,182,error analysis,polynomial kernel,0,train,label_file_random,0.3047097325325012
150,214,150,214,model parameters,squared error,0,train,label_file_random,0.44331884384155273
53,190,53,190,error analysis,predicted class,0,train,label_file_random,0.5756924748420715
86,237,86,237,high order polynomial,validation error,0,train,label_file_random,0.37578725814819336
220,243,220,243,support vector,underfitting,0,train,label_file_random,0.45721182227134705
93,94,93,94,inner product,input data,0,train,label_file_random,0.34334683418273926
130,198,130,198,machine learning,random variable,0,train,label_file_random,0.5445459485054016
5,26,5,26,anomaly detection,features,0,train,label_file_random,0.42827361822128296
22,128,22,128,cluster center,loss function,0,train,label_file_random,0.2905307412147522
41,58,41,58,data set,f1 score,0,train,label_file_random,0.41625046730041504
151,202,151,202,model selection,regression model,0,train,label_file_random,0.5784763097763062
53,158,53,158,error analysis,neural network,0,train,label_file_random,0.4012274444103241
51,148,51,148,document retrieval,mixture model,0,train,label_file_random,0.3220188319683075
183,186,183,186,polynomial regression,positive data,0,train,label_file_random,0.2540436387062073
115,151,115,151,least squares,model selection,0,train,label_file_random,0.5598317384719849
181,202,181,202,polynomial features,regression model,0,train,label_file_random,0.5131489634513855
12,96,12,96,bias variance trade-off,input space,0,train,label_file_random,0.3843744397163391
214,228,214,228,squared error,training data,0,train,label_file_random,0.4637439548969269
12,165,12,165,bias variance trade-off,matrix,0,train,label_file_random,0.32884228229522705
111,160,111,160,learning method,non-anomalous examples,0,train,label_file_random,0.3501906991004944
83,151,83,151,hidden layer,model selection,0,train,label_file_random,0.36067259311676025
60,229,60,229,false negative,training data set,0,train,label_file_random,0.4803275465965271
63,228,63,228,feature extraction,training data,0,train,label_file_random,0.548130452632904
22,111,22,111,cluster center,learning method,0,train,label_file_random,0.3749820291996002
180,219,180,219,photo ocr,supervised learning,0,train,label_file_random,0.23501256108283997
111,229,111,229,learning method,training data set,0,train,label_file_random,0.6260528564453125
26,223,26,223,features,svm packages,0,train,label_file_random,0.44387000799179077
176,220,176,220,parameter vector,support vector,0,train,label_file_random,0.6229814887046814
103,128,103,128,kernel function,loss function,0,train,label_file_random,0.46801862120628357
67,191,67,191,feature vector,predicted value,0,train,label_file_random,0.4756354093551636
67,138,67,138,feature vector,matrix transpose,0,train,label_file_random,0.47496962547302246
170,184,170,184,optimization objective,polynomial terms,0,train,label_file_random,0.35601362586021423
111,230,111,230,learning method,training error,0,train,label_file_random,0.5799890756607056
13,112,13,112,big data sets,learning problem,0,train,label_file_random,0.418129563331604
168,238,168,238,optimal solution,validation set,0,train,label_file_random,0.4577021896839142
106,156,106,156,labeled data,nearest neighbors,0,train,label_file_random,0.5792468786239624
39,58,39,58,cross validation sets,f1 score,0,train,label_file_random,0.3947850167751312
13,156,13,156,big data sets,nearest neighbors,0,train,label_file_random,0.37538453936576843
121,151,121,151,linear regression,model selection,0,train,label_file_random,0.5455664396286011
77,83,77,83,global optimum,hidden layer,0,train,label_file_random,0.2952130436897278
89,209,89,209,hypothesis,sigmoid function,0,train,label_file_random,0.37731778621673584
55,136,55,136,estimated parameters,matrix factorization,0,train,label_file_random,0.3498583137989044
76,118,76,118,global minimum,linear classifier,0,train,label_file_random,0.34481900930404663
128,228,128,228,loss function,training data,0,train,label_file_random,0.5240820646286011
76,119,76,119,global minimum,linear kernel,0,train,label_file_random,0.4027920663356781
15,42,15,42,boosting algorithm,decision boundaries,0,train,label_file_random,0.35322707891464233
84,205,84,205,hidden unit,regularized linear regression,0,train,label_file_random,0.2700389623641968
129,176,129,176,low rank matrix,parameter vector,0,train,label_file_random,0.42590656876564026
173,214,173,214,output layer,squared error,0,train,label_file_random,0.3671198785305023
71,141,71,141,gaussian model,maximum likelihood estimate,0,train,label_file_random,0.5238746404647827
60,228,60,228,false negative,training data,0,train,label_file_random,0.586963415145874
127,183,127,183,logistic regression,polynomial regression,0,train,label_file_random,0.4517562985420227
141,191,141,191,maximum likelihood estimate,predicted value,0,train,label_file_random,0.5612537264823914
87,118,87,118,precision,linear classifier,0,train,label_file_random,0.43135911226272583
87,167,87,167,precision,online learning,0,train,label_file_random,0.29843029379844666
53,204,53,204,error analysis,regularization,0,train,label_file_random,0.5206486582756042
68,122,68,122,forward propagation,local minimum,0,train,label_file_random,0.34679463505744934
133,204,133,204,machine learning system,regularization,0,train,label_file_random,0.5290385484695435
41,187,41,187,data set,positive predictions,0,train,label_file_random,0.3419930338859558
15,128,15,128,boosting algorithm,loss function,0,train,label_file_random,0.3806820809841156
143,165,143,165,mean square error,matrix,0,train,label_file_random,0.402909517288208
120,204,120,204,linear model,regularization,0,train,label_file_random,0.5351400375366211
117,167,117,167,linear algebra,online learning,0,train,label_file_random,0.33648109436035156
81,237,81,237,gradient descent,validation error,0,train,label_file_random,0.495094358921051
67,170,67,170,feature vector,optimization objective,0,train,label_file_random,0.32653629779815674
11,209,11,209,bias unit,sigmoid function,0,train,label_file_random,0.4728812873363495
26,134,26,134,features,massive training set,0,train,label_file_random,0.492154061794281
201,216,201,216,regression function,standard least squares,0,train,label_file_random,0.623267412185669
116,206,116,206,likelihood function,regularized logistic regression,0,train,label_file_random,0.46948468685150146
32,48,32,48,conjugate gradient,derivative term,0,train,label_file_random,0.47448134422302246
73,150,73,150,generalization error,model parameters,0,train,label_file_random,0.4984292984008789
239,242,239,242,variance problem,overfitting,0,train,label_file_random,0.6931161880493164
54,204,54,204,error cost function,regularization,0,train,label_file_random,0.5748611092567444
9,88,9,88,bayesian inference,recall,0,train,label_file_random,0.3798985481262207
128,191,128,191,loss function,predicted value,0,train,label_file_random,0.5935789346694946
27,238,27,238,computer vision,validation set,0,train,label_file_random,0.373759388923645
132,243,132,243,machine learning application,underfitting,0,train,label_file_random,0.4844120442867279
64,141,64,141,feature scaling,maximum likelihood estimate,0,train,label_file_random,0.3172653615474701
74,191,74,191,generalized linear models,predicted value,0,train,label_file_random,0.413688063621521
53,221,53,221,error analysis,support vector machine,0,train,label_file_random,0.4240788221359253
151,205,151,205,model selection,regularized linear regression,0,train,label_file_random,0.5313966274261475
21,83,21,83,classification problem,hidden layer,0,train,label_file_random,0.44063812494277954
60,88,60,88,false negative,recall,0,train,label_file_random,0.8192493915557861
86,170,86,170,high order polynomial,optimization objective,0,train,label_file_random,0.30510735511779785
37,178,37,178,cross validation,pca algorithm,0,train,label_file_random,0.37736839056015015
54,121,54,121,error cost function,linear regression,0,train,label_file_random,0.5981264114379883
181,226,181,226,polynomial features,test data set,0,train,label_file_random,0.34897559881210327
72,111,72,111,gaussian random variable,learning method,0,train,label_file_random,0.38560542464256287
27,157,27,157,computer vision,negative example,0,train,label_file_random,0.2820894718170166
86,226,86,226,high order polynomial,test data set,0,train,label_file_random,0.2828976511955261
202,226,202,226,regression model,test data set,0,train,label_file_random,0.5395230054855347
20,149,20,149,classification error,model complexity,0,train,label_file_random,0.584114134311676
30,41,30,41,conditional probabilities,data set,0,train,label_file_random,0.38309967517852783
115,204,115,204,least squares,regularization,0,train,label_file_random,0.646282970905304
41,93,41,93,data set,inner product,0,train,label_file_random,0.32696497440338135
111,132,111,132,learning method,machine learning application,0,train,label_file_random,0.512654185295105
80,83,80,83,gradient checking,hidden layer,0,train,label_file_random,0.4594535231590271
21,119,21,119,classification problem,linear kernel,0,train,label_file_random,0.4017924666404724
96,156,96,156,input space,nearest neighbors,0,train,label_file_random,0.4826582074165344
121,150,121,150,linear regression,model parameters,0,train,label_file_random,0.5157928466796875
14,88,14,88,binary classification,recall,0,train,label_file_random,0.5504675507545471
41,243,41,243,data set,underfitting,0,train,label_file_random,0.48563265800476074
163,234,163,234,normalized features,tuning parameter,0,train,label_file_random,0.3462379574775696
81,115,81,115,gradient descent,least squares,0,train,label_file_random,0.6033751964569092
106,233,106,233,labeled data,true positives,0,train,label_file_random,0.4105142056941986
10,121,10,121,bias problem,linear regression,0,train,label_file_random,0.437175452709198
87,199,87,199,precision,recommender system,0,train,label_file_random,0.29790765047073364
80,121,80,121,gradient checking,linear regression,0,train,label_file_random,0.2843300700187683
57,219,57,219,expectation maximization,supervised learning,0,train,label_file_random,0.4596105217933655
44,121,44,121,decision tree,linear regression,0,train,label_file_random,0.4812377691268921
41,142,41,142,data set,mean normalization,0,train,label_file_random,0.3634510338306427
171,176,171,176,optimization problem,parameter vector,0,train,label_file_random,0.5332967042922974
165,227,165,227,matrix,test error,0,train,label_file_random,0.3700823485851288
213,219,213,219,square projection error,supervised learning,0,train,label_file_random,0.4519937038421631
0,157,0,157,activation function,negative example,0,train,label_file_random,0.2678017020225525
110,133,110,133,learning curve,machine learning system,0,train,label_file_random,0.500831127166748
98,111,98,111,iterative algorithm,learning method,0,train,label_file_random,0.5742968320846558
150,191,150,191,model parameters,predicted value,0,train,label_file_random,0.4477064311504364
41,138,41,138,data set,matrix transpose,0,train,label_file_random,0.3687548041343689
136,167,136,167,matrix factorization,online learning,0,train,label_file_random,0.27712592482566833
158,240,158,240,neural network,vector multiplication,0,train,label_file_random,0.5852985978126526
45,220,45,220,deep features,support vector,0,train,label_file_random,0.4399798512458801
228,236,228,236,training data,unsupervised learning,0,train,label_file_random,0.5502274036407471
25,93,25,93,collaborative filtering,inner product,0,train,label_file_random,0.24803820252418518
219,236,219,236,supervised learning,unsupervised learning,0,train,label_file_random,0.6553775668144226
32,113,32,113,conjugate gradient,learning rate,0,train,label_file_random,0.49372994899749756
21,122,21,122,classification problem,local minimum,0,train,label_file_random,0.2684217095375061
132,141,132,141,machine learning application,maximum likelihood estimate,0,train,label_file_random,0.4501323401927948
112,227,112,227,learning problem,test error,0,train,label_file_random,0.5843596458435059
70,101,70,101,gaussian kernel,k nearest neighbors,0,train,label_file_random,0.5266586542129517
36,228,36,228,covariance matrix,training data,0,train,label_file_random,0.4178957939147949
126,229,126,229,logistic function,training data set,0,train,label_file_random,0.26081186532974243
26,186,26,186,features,positive data,0,train,label_file_random,0.4275701642036438
53,133,53,133,error analysis,machine learning system,0,train,label_file_random,0.5987805128097534
5,60,5,60,anomaly detection,false negative,0,train,label_file_random,0.5158490538597107
138,213,138,213,matrix transpose,square projection error,0,train,label_file_random,0.4906730055809021
88,179,88,179,recall,pedestrian detection,0,train,label_file_random,0.22179894149303436
206,242,206,242,regularized logistic regression,overfitting,0,train,label_file_random,0.5364182591438293
117,219,117,219,linear algebra,supervised learning,0,train,label_file_random,0.45039018988609314
133,182,133,182,machine learning system,polynomial kernel,0,train,label_file_random,0.32355740666389465
13,195,13,195,big data sets,probabilistic model,0,train,label_file_random,0.26016730070114136
57,195,57,195,expectation maximization,probabilistic model,0,train,label_file_random,0.5058597326278687
141,148,141,148,maximum likelihood estimate,mixture model,0,train,label_file_random,0.46590375900268555
106,124,106,124,labeled data,locality sensitive hashing,0,train,label_file_random,0.3538386821746826
57,81,57,81,expectation maximization,gradient descent,0,train,label_file_random,0.3762417137622833
116,229,116,229,likelihood function,training data set,0,train,label_file_random,0.4167238175868988
225,230,225,230,test data,training error,0,train,label_file_random,0.6761261224746704
140,199,140,199,maximum likelihood,recommender system,0,train,label_file_random,0.3644568920135498
186,219,186,219,positive data,supervised learning,0,train,label_file_random,0.4539030194282532
87,133,87,133,precision,machine learning system,0,train,label_file_random,0.49005284905433655
90,229,90,229,identity matrics,training data set,0,train,label_file_random,0.35808318853378296
59,128,59,128,face detection,loss function,0,train,label_file_random,0.20141789317131042
109,149,109,149,latent dirichlet allocation,model complexity,0,train,label_file_random,0.18578407168388367
46,50,46,50,deep learning,dimensionality reduction,0,train,label_file_random,0.4768701195716858
209,228,209,228,sigmoid function,training data,0,train,label_file_random,0.31795841455459595
229,234,229,234,training data set,tuning parameter,0,train,label_file_random,0.5131669044494629
21,242,21,242,classification problem,overfitting,0,train,label_file_random,0.46153727173805237
11,202,11,202,bias unit,regression model,0,train,label_file_random,0.427227646112442
224,229,224,229,symmetric matrix,training data set,0,train,label_file_random,0.3700200319290161
218,228,218,228,string kernel,training data,0,train,label_file_random,0.3510006368160248
37,200,37,200,cross validation,regression coefficients,0,train,label_file_random,0.4359533190727234
20,121,20,121,classification error,linear regression,0,train,label_file_random,0.451748251914978
108,156,108,156,lasso regression,nearest neighbors,0,train,label_file_random,0.4022848606109619
27,109,27,109,computer vision,latent dirichlet allocation,0,train,label_file_random,0.1967242807149887
142,193,142,193,mean normalization,principle components,0,train,label_file_random,0.4985195994377136
38,204,38,204,cross validation error,regularization,0,train,label_file_random,0.538433313369751
42,187,42,187,decision boundaries,positive predictions,0,train,label_file_random,0.5258374214172363
147,227,147,227,misclassification error,test error,0,train,label_file_random,0.7253924608230591
105,108,105,108,l1 penalty,lasso regression,0,train,label_file_random,0.7864125967025757
70,127,70,127,gaussian kernel,logistic regression,0,train,label_file_random,0.4372400641441345
4,175,4,175,anomalous example,parameter estimation,0,train,label_file_random,0.35546138882637024
142,226,142,226,mean normalization,test data set,0,train,label_file_random,0.37626585364341736
83,228,83,228,hidden layer,training data,0,train,label_file_random,0.5132087469100952
37,56,37,56,cross validation,evaluation metrics,0,train,label_file_random,0.5930391550064087
199,200,199,200,recommender system,regression coefficients,0,train,label_file_random,0.3362097144126892
64,221,64,221,feature scaling,support vector machine,0,train,label_file_random,0.38694119453430176
42,182,42,182,decision boundaries,polynomial kernel,0,train,label_file_random,0.39145588874816895
141,230,141,230,maximum likelihood estimate,training error,0,train,label_file_random,0.5640124678611755
64,215,64,215,feature scaling,standard deviation,0,train,label_file_random,0.5129837989807129
26,137,26,137,features,matrix multiplication,0,train,label_file_random,0.44222790002822876
37,42,37,42,cross validation,decision boundaries,0,train,label_file_random,0.5115931034088135
112,172,112,172,learning problem,output label,0,train,label_file_random,0.5003296136856079
40,51,40,51,data representation,document retrieval,0,train,label_file_random,0.5397120714187622
8,165,8,165,bayesian approach,matrix,0,train,label_file_random,0.2992241382598877
132,212,132,212,machine learning application,square matrix,0,train,label_file_random,0.37757623195648193
111,225,111,225,learning method,test data,0,train,label_file_random,0.5014427304267883
67,240,67,240,feature vector,vector multiplication,0,train,label_file_random,0.6372490525245667
26,232,26,232,features,true negatives,0,train,label_file_random,0.39099669456481934
107,171,107,171,large margin classifier,optimization problem,0,train,label_file_random,0.4566859006881714
64,226,64,226,feature scaling,test data set,0,train,label_file_random,0.3923283815383911
191,242,191,242,predicted value,overfitting,0,train,label_file_random,0.44295746088027954
53,165,53,165,error analysis,matrix,0,train,label_file_random,0.3704407215118408
106,215,106,215,labeled data,standard deviation,0,train,label_file_random,0.43286001682281494
9,148,9,148,bayesian inference,mixture model,0,train,label_file_random,0.4603847861289978
41,140,41,140,data set,maximum likelihood,0,train,label_file_random,0.4042385220527649
23,53,23,53,cluster,error analysis,0,train,label_file_random,0.42493993043899536
132,177,132,177,machine learning application,partial derivative,0,train,label_file_random,0.1943148672580719
89,237,89,237,hypothesis,validation error,0,train,label_file_random,0.5642349720001221
42,133,42,133,decision boundaries,machine learning system,0,train,label_file_random,0.44565877318382263
98,112,98,112,iterative algorithm,learning problem,0,train,label_file_random,0.4800485670566559
128,220,128,220,loss function,support vector,0,train,label_file_random,0.44734659790992737
140,148,140,148,maximum likelihood,mixture model,0,train,label_file_random,0.5062338709831238
58,158,58,158,f1 score,neural network,0,train,label_file_random,0.36966994404792786
79,204,79,204,gradient ascent,regularization,0,train,label_file_random,0.459061861038208
100,110,100,110,k means,learning curve,0,train,label_file_random,0.34990566968917847
19,157,19,157,classification approach,negative example,0,train,label_file_random,0.46380898356437683
204,226,204,226,regularization,test data set,0,train,label_file_random,0.502665638923645
0,220,0,220,activation function,support vector,0,train,label_file_random,0.38214001059532166
132,165,132,165,machine learning application,matrix,0,train,label_file_random,0.4392760396003723
81,149,81,149,gradient descent,model complexity,0,train,label_file_random,0.5254759192466736
2,42,2,42,adaboost,decision boundaries,0,train,label_file_random,0.35132426023483276
84,152,84,152,hidden unit,multi-class classification,0,train,label_file_random,0.35568490624427795
48,174,48,174,derivative term,output unit,0,train,label_file_random,0.5185084342956543
110,131,110,131,learning curve,machine learning algorithm,0,train,label_file_random,0.5623366236686707
140,186,140,186,maximum likelihood,positive data,0,train,label_file_random,0.40860170125961304
131,228,131,228,machine learning algorithm,training data,0,train,label_file_random,0.6713511347770691
49,113,49,113,design matrix,learning rate,0,train,label_file_random,0.36741459369659424
25,142,25,142,collaborative filtering,mean normalization,0,train,label_file_random,0.2501986026763916
41,120,41,120,data set,linear model,0,train,label_file_random,0.492567241191864
128,218,128,218,loss function,string kernel,0,train,label_file_random,0.2756710946559906
23,71,23,71,cluster,gaussian model,0,train,label_file_random,0.45526766777038574
132,227,132,227,machine learning application,test error,0,train,label_file_random,0.43028345704078674
169,191,169,191,optimization algorithms,predicted value,0,train,label_file_random,0.385725200176239
146,186,146,186,minimization problem,positive data,0,train,label_file_random,0.36269086599349976
27,42,27,42,computer vision,decision boundaries,0,train,label_file_random,0.4136141538619995
23,224,23,224,cluster,symmetric matrix,0,train,label_file_random,0.39532285928726196
21,113,21,113,classification problem,learning rate,0,train,label_file_random,0.3511577546596527
63,150,63,150,feature extraction,model parameters,0,train,label_file_random,0.4070250988006592
199,202,199,202,recommender system,regression model,0,train,label_file_random,0.36171412467956543
165,168,165,168,matrix,optimal solution,0,train,label_file_random,0.4154718518257141
105,163,105,163,l1 penalty,normalized features,0,train,label_file_random,0.3807407021522522
107,117,107,117,large margin classifier,linear algebra,0,train,label_file_random,0.3989201784133911
146,243,146,243,minimization problem,underfitting,0,train,label_file_random,0.5449662804603577
84,202,84,202,hidden unit,regression model,0,train,label_file_random,0.4263222813606262
21,106,21,106,classification problem,labeled data,0,train,label_file_random,0.6520612239837646
37,121,37,121,cross validation,linear regression,0,train,label_file_random,0.5020251870155334
98,140,98,140,iterative algorithm,maximum likelihood,0,train,label_file_random,0.3244897723197937
215,228,215,228,standard deviation,training data,0,train,label_file_random,0.4348801076412201
130,136,130,136,machine learning,matrix factorization,0,train,label_file_random,0.40661630034446716
63,242,63,242,feature extraction,overfitting,0,train,label_file_random,0.45213449001312256
41,84,41,84,data set,hidden unit,0,train,label_file_random,0.4011503756046295
41,170,41,170,data set,optimization objective,0,train,label_file_random,0.3708415925502777
133,226,133,226,machine learning system,test data set,0,train,label_file_random,0.5884425640106201
26,85,26,85,features,hierarchical clustering,0,train,label_file_random,0.35732537508010864
21,64,21,64,classification problem,feature scaling,0,train,label_file_random,0.33182770013809204
90,234,90,234,identity matrics,tuning parameter,0,train,label_file_random,0.2725555896759033
182,228,182,228,polynomial kernel,training data,0,train,label_file_random,0.317948579788208
160,225,160,225,non-anomalous examples,test data,0,train,label_file_random,0.4715765118598938
109,217,109,217,latent dirichlet allocation,stochastic gradient algorithm,0,train,label_file_random,0.2587847113609314
80,127,80,127,gradient checking,logistic regression,0,train,label_file_random,0.209456205368042
103,185,103,185,kernel function,positive class,0,train,label_file_random,0.45513916015625
91,231,91,231,image classification,transfer learning,0,train,label_file_random,0.5963698625564575
168,186,168,186,optimal solution,positive data,0,train,label_file_random,0.3710069954395294
46,156,46,156,deep learning,nearest neighbors,0,train,label_file_random,0.4050057530403137
20,87,20,87,classification error,precision,0,train,label_file_random,0.7187974452972412
81,201,81,201,gradient descent,regression function,0,train,label_file_random,0.5659390687942505
88,95,88,95,recall,input layer,0,train,label_file_random,0.2684210240840912
83,204,83,204,hidden layer,regularization,0,train,label_file_random,0.3985379934310913
41,77,41,77,data set,global optimum,0,train,label_file_random,0.2873516380786896
176,199,176,199,parameter vector,recommender system,0,train,label_file_random,0.4044601321220398
118,223,118,223,linear classifier,svm packages,0,train,label_file_random,0.4353451728820801
64,127,64,127,feature scaling,logistic regression,0,train,label_file_random,0.3772101104259491
87,219,87,219,precision,supervised learning,0,train,label_file_random,0.46030038595199585
38,201,38,201,cross validation error,regression function,0,train,label_file_random,0.49768269062042236
35,44,35,44,coordinate descent,decision tree,0,train,label_file_random,0.3379373550415039
44,109,44,109,decision tree,latent dirichlet allocation,0,train,label_file_random,0.24931217730045319
131,181,131,181,machine learning algorithm,polynomial features,0,train,label_file_random,0.42200934886932373
46,231,46,231,deep learning,transfer learning,0,train,label_file_random,0.5611556768417358
219,238,219,238,supervised learning,validation set,0,train,label_file_random,0.5687671899795532
169,242,169,242,optimization algorithms,overfitting,0,train,label_file_random,0.42439740896224976
127,203,127,203,logistic regression,regression problem,0,train,label_file_random,0.554224967956543
132,152,132,152,machine learning application,multi-class classification,0,train,label_file_random,0.38988959789276123
110,238,110,238,learning curve,validation set,0,train,label_file_random,0.5618665218353271
110,202,110,202,learning curve,regression model,0,train,label_file_random,0.5434826612472534
46,106,46,106,deep learning,labeled data,0,train,label_file_random,0.510658323764801
113,127,113,127,learning rate,logistic regression,0,train,label_file_random,0.3516101837158203
75,217,75,217,gibbs sampler,stochastic gradient algorithm,0,train,label_file_random,0.4362962245941162
76,142,76,142,global minimum,mean normalization,0,train,label_file_random,0.4180607497692108
117,149,117,149,linear algebra,model complexity,0,train,label_file_random,0.4282037615776062
152,165,152,165,multi-class classification,matrix,0,train,label_file_random,0.3628065884113312
113,162,113,162,learning rate,normal equation,0,train,label_file_random,0.43654435873031616
141,217,141,217,maximum likelihood estimate,stochastic gradient algorithm,0,train,label_file_random,0.4067390561103821
88,180,88,180,recall,photo ocr,0,train,label_file_random,0.14144770801067352
55,229,55,229,estimated parameters,training data set,0,train,label_file_random,0.5442887544631958
50,239,50,239,dimensionality reduction,variance problem,0,train,label_file_random,0.46524280309677124
167,207,167,207,online learning,sentiment analysis,0,train,label_file_random,0.23585191369056702
176,203,176,203,parameter vector,regression problem,0,train,label_file_random,0.42640700936317444
42,177,42,177,decision boundaries,partial derivative,0,train,label_file_random,0.3537898659706116
67,225,67,225,feature vector,test data,0,train,label_file_random,0.41141408681869507
37,202,37,202,cross validation,regression model,0,train,label_file_random,0.49799954891204834
13,211,13,211,big data sets,square distances,0,train,label_file_random,0.28543218970298767
26,169,26,169,features,optimization algorithms,0,train,label_file_random,0.4388458728790283
202,240,202,240,regression model,vector multiplication,0,train,label_file_random,0.3533058166503906
12,158,12,158,bias variance trade-off,neural network,0,train,label_file_random,0.42966797947883606
69,175,69,175,gaussian density,parameter estimation,0,train,label_file_random,0.4389101564884186
84,110,84,110,hidden unit,learning curve,0,train,label_file_random,0.399816632270813
93,119,93,119,inner product,linear kernel,0,train,label_file_random,0.44459041953086853
188,238,188,238,positive training example,validation set,0,train,label_file_random,0.46107789874076843
38,205,38,205,cross validation error,regularized linear regression,0,train,label_file_random,0.44676750898361206
1,88,1,88,activation values,recall,0,train,label_file_random,0.368607759475708
26,168,26,168,features,optimal solution,0,train,label_file_random,0.47574079036712646
49,76,49,76,design matrix,global minimum,0,train,label_file_random,0.4007371664047241
155,164,155,164,nearest neighbor search,normalized representation,0,train,label_file_random,0.3781747817993164
42,243,42,243,decision boundaries,underfitting,0,train,label_file_random,0.4019300937652588
81,200,81,200,gradient descent,regression coefficients,0,train,label_file_random,0.5182170867919922
12,89,12,89,bias variance trade-off,hypothesis,0,train,label_file_random,0.5652446746826172
46,238,46,238,deep learning,validation set,0,train,label_file_random,0.4653671383857727
103,114,103,114,kernel function,learning system,0,train,label_file_random,0.5707711577415466
41,61,41,61,data set,false positives,0,train,label_file_random,0.4351828694343567
106,130,106,130,labeled data,machine learning,0,train,label_file_random,0.5936260223388672
36,64,36,64,covariance matrix,feature scaling,0,train,label_file_random,0.46220046281814575
44,136,44,136,decision tree,matrix factorization,0,train,label_file_random,0.3210785388946533
26,70,26,70,features,gaussian kernel,0,train,label_file_random,0.4608374834060669
112,176,112,176,learning problem,parameter vector,0,train,label_file_random,0.5496950745582581
51,165,51,165,document retrieval,matrix,0,train,label_file_random,0.3891018033027649
12,143,12,143,bias variance trade-off,mean square error,0,train,label_file_random,0.608447790145874
170,191,170,191,optimization objective,predicted value,0,train,label_file_random,0.4682164490222931
5,88,5,88,anomaly detection,recall,0,train,label_file_random,0.5277103185653687
110,210,110,210,learning curve,spam filtering,0,train,label_file_random,0.2915181815624237
191,238,191,238,predicted value,validation set,0,train,label_file_random,0.4959661662578583
183,214,183,214,polynomial regression,squared error,0,train,label_file_random,0.5042712092399597
103,228,103,228,kernel function,training data,0,train,label_file_random,0.4713994264602661
121,242,121,242,linear regression,overfitting,0,train,label_file_random,0.5417336821556091
