concept_id,concept,aliases,slide_snippets,embedding_source,embedding_token,embedding_model
0,anaphora resolution,anaphora resolution,"[""anaphora resolution . generative adversarial networks . neural machine translation . variational autoencoders . ibm translation models . bleu . rouge . scientific article summarization . open information extraction . sentence simplification . attention models . knowledge graph . semantic role labeling . abstract meaning representation . coreference and coreference resolution . machine reading comprehension . context free grammar . context sensitive grammar . domain adaptation . transfer learning""]",bert,,sentence-transformers/all-mpnet-base-v2
1,generative adversarial networks,generative adversarial networks,"[""anaphora resolution . generative adversarial networks . neural machine translation . variational autoencoders . ibm translation models . bleu . rouge . scientific article summarization . open information extraction . sentence simplification . attention models . knowledge graph . semantic role labeling . abstract meaning representation . coreference and coreference resolution . machine reading comprehension . context free grammar . context sensitive grammar . domain adaptation . transfer learning""]",bert,,sentence-transformers/all-mpnet-base-v2
2,neural machine translation,neural machine translation,"[""anaphora resolution . generative adversarial networks . neural machine translation . variational autoencoders . ibm translation models . bleu . rouge . scientific article summarization . open information extraction . sentence simplification . attention models . knowledge graph . semantic role labeling . abstract meaning representation . coreference and coreference resolution . machine reading comprehension . context free grammar . context sensitive grammar . domain adaptation . transfer learning""]",bert,,sentence-transformers/all-mpnet-base-v2
3,variational autoencoders,variational autoencoders,"[""anaphora resolution . generative adversarial networks . neural machine translation . variational autoencoders . ibm translation models . bleu . rouge . scientific article summarization . open information extraction . sentence simplification . attention models . knowledge graph . semantic role labeling . abstract meaning representation . coreference and coreference resolution . machine reading comprehension . context free grammar . context sensitive grammar . domain adaptation . transfer learning""]",bert,,sentence-transformers/all-mpnet-base-v2
4,ibm translation models,ibm translation models,"[""anaphora resolution . generative adversarial networks . neural machine translation . variational autoencoders . ibm translation models . bleu . rouge . scientific article summarization . open information extraction . sentence simplification . attention models . knowledge graph . semantic role labeling . abstract meaning representation . coreference and coreference resolution . machine reading comprehension . context free grammar . context sensitive grammar . domain adaptation . transfer learning""]",bert,,sentence-transformers/all-mpnet-base-v2
5,bleu,bleu,"[""anaphora resolution . generative adversarial networks . neural machine translation . variational autoencoders . ibm translation models . bleu . rouge . scientific article summarization . open information extraction . sentence simplification . attention models . knowledge graph . semantic role labeling . abstract meaning representation . coreference and coreference resolution . machine reading comprehension . context free grammar . context sensitive grammar . domain adaptation . transfer learning""]",bert,,sentence-transformers/all-mpnet-base-v2
6,rouge,rouge,"[""anaphora resolution . generative adversarial networks . neural machine translation . variational autoencoders . ibm translation models . bleu . rouge . scientific article summarization . open information extraction . sentence simplification . attention models . knowledge graph . semantic role labeling . abstract meaning representation . coreference and coreference resolution . machine reading comprehension . context free grammar . context sensitive grammar . domain adaptation . transfer learning""]",bert,,sentence-transformers/all-mpnet-base-v2
7,scientific article summarization,scientific article summarization,"[""anaphora resolution . generative adversarial networks . neural machine translation . variational autoencoders . ibm translation models . bleu . rouge . scientific article summarization . open information extraction . sentence simplification . attention models . knowledge graph . semantic role labeling . abstract meaning representation . coreference and coreference resolution . machine reading comprehension . context free grammar . context sensitive grammar . domain adaptation . transfer learning""]",bert,,sentence-transformers/all-mpnet-base-v2
8,open information extraction,open information extraction,"[""anaphora resolution . generative adversarial networks . neural machine translation . variational autoencoders . ibm translation models . bleu . rouge . scientific article summarization . open information extraction . sentence simplification . attention models . knowledge graph . semantic role labeling . abstract meaning representation . coreference and coreference resolution . machine reading comprehension . context free grammar . context sensitive grammar . domain adaptation . transfer learning""]",bert,,sentence-transformers/all-mpnet-base-v2
9,sentence simplification,sentence simplification,"[""anaphora resolution . generative adversarial networks . neural machine translation . variational autoencoders . ibm translation models . bleu . rouge . scientific article summarization . open information extraction . sentence simplification . attention models . knowledge graph . semantic role labeling . abstract meaning representation . coreference and coreference resolution . machine reading comprehension . context free grammar . context sensitive grammar . domain adaptation . transfer learning""]",bert,,sentence-transformers/all-mpnet-base-v2
10,attention models,attention models,"[""anaphora resolution . generative adversarial networks . neural machine translation . variational autoencoders . ibm translation models . bleu . rouge . scientific article summarization . open information extraction . sentence simplification . attention models . knowledge graph . semantic role labeling . abstract meaning representation . coreference and coreference resolution . machine reading comprehension . context free grammar . context sensitive grammar . domain adaptation . transfer learning""]",bert,,sentence-transformers/all-mpnet-base-v2
11,knowledge graph,knowledge graph,"[""anaphora resolution . generative adversarial networks . neural machine translation . variational autoencoders . ibm translation models . bleu . rouge . scientific article summarization . open information extraction . sentence simplification . attention models . knowledge graph . semantic role labeling . abstract meaning representation . coreference and coreference resolution . machine reading comprehension . context free grammar . context sensitive grammar . domain adaptation . transfer learning""]",bert,,sentence-transformers/all-mpnet-base-v2
12,semantic role labeling,semantic role labeling,"[""anaphora resolution . generative adversarial networks . neural machine translation . variational autoencoders . ibm translation models . bleu . rouge . scientific article summarization . open information extraction . sentence simplification . attention models . knowledge graph . semantic role labeling . abstract meaning representation . coreference and coreference resolution . machine reading comprehension . context free grammar . context sensitive grammar . domain adaptation . transfer learning""]",bert,,sentence-transformers/all-mpnet-base-v2
13,abstract meaning representation,abstract meaning representation,"[""anaphora resolution . generative adversarial networks . neural machine translation . variational autoencoders . ibm translation models . bleu . rouge . scientific article summarization . open information extraction . sentence simplification . attention models . knowledge graph . semantic role labeling . abstract meaning representation . coreference and coreference resolution . machine reading comprehension . context free grammar . context sensitive grammar . domain adaptation . transfer learning""]",bert,,sentence-transformers/all-mpnet-base-v2
14,coreference and coreference resolution,coreference and coreference resolution,"[""anaphora resolution . generative adversarial networks . neural machine translation . variational autoencoders . ibm translation models . bleu . rouge . scientific article summarization . open information extraction . sentence simplification . attention models . knowledge graph . semantic role labeling . abstract meaning representation . coreference and coreference resolution . machine reading comprehension . context free grammar . context sensitive grammar . domain adaptation . transfer learning""]",bert,,sentence-transformers/all-mpnet-base-v2
15,machine reading comprehension,machine reading comprehension,"[""anaphora resolution . generative adversarial networks . neural machine translation . variational autoencoders . ibm translation models . bleu . rouge . scientific article summarization . open information extraction . sentence simplification . attention models . knowledge graph . semantic role labeling . abstract meaning representation . coreference and coreference resolution . machine reading comprehension . context free grammar . context sensitive grammar . domain adaptation . transfer learning""]",bert,,sentence-transformers/all-mpnet-base-v2
16,context free grammar,context free grammar,"[""anaphora resolution . generative adversarial networks . neural machine translation . variational autoencoders . ibm translation models . bleu . rouge . scientific article summarization . open information extraction . sentence simplification . attention models . knowledge graph . semantic role labeling . abstract meaning representation . coreference and coreference resolution . machine reading comprehension . context free grammar . context sensitive grammar . domain adaptation . transfer learning""]",bert,,sentence-transformers/all-mpnet-base-v2
17,context sensitive grammar,context sensitive grammar,"[""anaphora resolution . generative adversarial networks . neural machine translation . variational autoencoders . ibm translation models . bleu . rouge . scientific article summarization . open information extraction . sentence simplification . attention models . knowledge graph . semantic role labeling . abstract meaning representation . coreference and coreference resolution . machine reading comprehension . context free grammar . context sensitive grammar . domain adaptation . transfer learning""]",bert,,sentence-transformers/all-mpnet-base-v2
18,domain adaptation,domain adaptation,"[""anaphora resolution . generative adversarial networks . neural machine translation . variational autoencoders . ibm translation models . bleu . rouge . scientific article summarization . open information extraction . sentence simplification . attention models . knowledge graph . semantic role labeling . abstract meaning representation . coreference and coreference resolution . machine reading comprehension . context free grammar . context sensitive grammar . domain adaptation . transfer learning""]",bert,,sentence-transformers/all-mpnet-base-v2
19,transfer learning,transfer learning,"[""anaphora resolution . generative adversarial networks . neural machine translation . variational autoencoders . ibm translation models . bleu . rouge . scientific article summarization . open information extraction . sentence simplification . attention models . knowledge graph . semantic role labeling . abstract meaning representation . coreference and coreference resolution . machine reading comprehension . context free grammar . context sensitive grammar . domain adaptation . transfer learning""]",bert,,sentence-transformers/all-mpnet-base-v2
20,capsule networks,capsule networks,"[""anaphora resolution . generative adversarial networks . neural machine translation . variational autoencoders . ibm translation models . bleu . rouge . scientific article summarization . open information extraction . sentence simplification . attention models . knowledge graph . semantic role labeling . abstract meaning representation . coreference and coreference resolution . machine reading comprehension . context free grammar . context sensitive grammar . domain adaptation . transfer learning""]",bert,,sentence-transformers/all-mpnet-base-v2
21,reinforcement learning,reinforcement learning,"[""anaphora resolution . generative adversarial networks . neural machine translation . variational autoencoders . ibm translation models . bleu . rouge . scientific article summarization . open information extraction . sentence simplification . attention models . knowledge graph . semantic role labeling . abstract meaning representation . coreference and coreference resolution . machine reading comprehension . context free grammar . context sensitive grammar . domain adaptation . transfer learning""]",bert,,sentence-transformers/all-mpnet-base-v2
22,q learning,q learning,"[""anaphora resolution . generative adversarial networks . neural machine translation . variational autoencoders . ibm translation models . bleu . rouge . scientific article summarization . open information extraction . sentence simplification . attention models . knowledge graph . semantic role labeling . abstract meaning representation . coreference and coreference resolution . machine reading comprehension . context free grammar . context sensitive grammar . domain adaptation . transfer learning""]",bert,,sentence-transformers/all-mpnet-base-v2
23,dqn,dqn,"[""anaphora resolution . generative adversarial networks . neural machine translation . variational autoencoders . ibm translation models . bleu . rouge . scientific article summarization . open information extraction . sentence simplification . attention models . knowledge graph . semantic role labeling . abstract meaning representation . coreference and coreference resolution . machine reading comprehension . context free grammar . context sensitive grammar . domain adaptation . transfer learning""]",bert,,sentence-transformers/all-mpnet-base-v2
24,backpropagation,backpropagation,"[""anaphora resolution . generative adversarial networks . neural machine translation . variational autoencoders . ibm translation models . bleu . rouge . scientific article summarization . open information extraction . sentence simplification . attention models . knowledge graph . semantic role labeling . abstract meaning representation . coreference and coreference resolution . machine reading comprehension . context free grammar . context sensitive grammar . domain adaptation . transfer learning"", ""phonetics . speech recognition . crowdsourcing . matrix factorization . spectral methods . genetic algorithms . ensemble learning . expert systems . bayesian network . text mining . bagging . maximum likelihood estimation . graphical models . markov chain monte carlo . k means . earley parsing . propositional logic . gradient descent . search engine indexing . tokenization . textual entailment . constraint satisfaction . beam search . recommendation system . matrix multiplication . differential ""]",bert,,sentence-transformers/all-mpnet-base-v2
25,word embedding,word embedding,"[""anaphora resolution . generative adversarial networks . neural machine translation . variational autoencoders . ibm translation models . bleu . rouge . scientific article summarization . open information extraction . sentence simplification . attention models . knowledge graph . semantic role labeling . abstract meaning representation . coreference and coreference resolution . machine reading comprehension . context free grammar . context sensitive grammar . domain adaptation . transfer learning""]",bert,,sentence-transformers/all-mpnet-base-v2
26,logistic regression,logistic regression,"[""anaphora resolution . generative adversarial networks . neural machine translation . variational autoencoders . ibm translation models . bleu . rouge . scientific article summarization . open information extraction . sentence simplification . attention models . knowledge graph . semantic role labeling . abstract meaning representation . coreference and coreference resolution . machine reading comprehension . context free grammar . context sensitive grammar . domain adaptation . transfer learning""]",bert,,sentence-transformers/all-mpnet-base-v2
27,semantic parsing,semantic parsing,"[""anaphora resolution . generative adversarial networks . neural machine translation . variational autoencoders . ibm translation models . bleu . rouge . scientific article summarization . open information extraction . sentence simplification . attention models . knowledge graph . semantic role labeling . abstract meaning representation . coreference and coreference resolution . machine reading comprehension . context free grammar . context sensitive grammar . domain adaptation . transfer learning""]",bert,,sentence-transformers/all-mpnet-base-v2
28,stemming,stemming,"[""anaphora resolution . generative adversarial networks . neural machine translation . variational autoencoders . ibm translation models . bleu . rouge . scientific article summarization . open information extraction . sentence simplification . attention models . knowledge graph . semantic role labeling . abstract meaning representation . coreference and coreference resolution . machine reading comprehension . context free grammar . context sensitive grammar . domain adaptation . transfer learning""]",bert,,sentence-transformers/all-mpnet-base-v2
29,sentiment analysis,sentiment analysis,"[""anaphora resolution . generative adversarial networks . neural machine translation . variational autoencoders . ibm translation models . bleu . rouge . scientific article summarization . open information extraction . sentence simplification . attention models . knowledge graph . semantic role labeling . abstract meaning representation . coreference and coreference resolution . machine reading comprehension . context free grammar . context sensitive grammar . domain adaptation . transfer learning""]",bert,,sentence-transformers/all-mpnet-base-v2
30,penn treebank,penn treebank,"[""anaphora resolution . generative adversarial networks . neural machine translation . variational autoencoders . ibm translation models . bleu . rouge . scientific article summarization . open information extraction . sentence simplification . attention models . knowledge graph . semantic role labeling . abstract meaning representation . coreference and coreference resolution . machine reading comprehension . context free grammar . context sensitive grammar . domain adaptation . transfer learning""]",bert,,sentence-transformers/all-mpnet-base-v2
31,dependency parsing,dependency parsing,"[""anaphora resolution . generative adversarial networks . neural machine translation . variational autoencoders . ibm translation models . bleu . rouge . scientific article summarization . open information extraction . sentence simplification . attention models . knowledge graph . semantic role labeling . abstract meaning representation . coreference and coreference resolution . machine reading comprehension . context free grammar . context sensitive grammar . domain adaptation . transfer learning""]",bert,,sentence-transformers/all-mpnet-base-v2
32,tree adjoining grammar,tree adjoining grammar,"[""anaphora resolution . generative adversarial networks . neural machine translation . variational autoencoders . ibm translation models . bleu . rouge . scientific article summarization . open information extraction . sentence simplification . attention models . knowledge graph . semantic role labeling . abstract meaning representation . coreference and coreference resolution . machine reading comprehension . context free grammar . context sensitive grammar . domain adaptation . transfer learning""]",bert,,sentence-transformers/all-mpnet-base-v2
33,combinatory categorial grammar,combinatory categorial grammar,"[""anaphora resolution . generative adversarial networks . neural machine translation . variational autoencoders . ibm translation models . bleu . rouge . scientific article summarization . open information extraction . sentence simplification . attention models . knowledge graph . semantic role labeling . abstract meaning representation . coreference and coreference resolution . machine reading comprehension . context free grammar . context sensitive grammar . domain adaptation . transfer learning""]",bert,,sentence-transformers/all-mpnet-base-v2
34,relation extraction,relation extraction,"[""anaphora resolution . generative adversarial networks . neural machine translation . variational autoencoders . ibm translation models . bleu . rouge . scientific article summarization . open information extraction . sentence simplification . attention models . knowledge graph . semantic role labeling . abstract meaning representation . coreference and coreference resolution . machine reading comprehension . context free grammar . context sensitive grammar . domain adaptation . transfer learning""]",bert,,sentence-transformers/all-mpnet-base-v2
35,event detection,event detection,"[""anaphora resolution . generative adversarial networks . neural machine translation . variational autoencoders . ibm translation models . bleu . rouge . scientific article summarization . open information extraction . sentence simplification . attention models . knowledge graph . semantic role labeling . abstract meaning representation . coreference and coreference resolution . machine reading comprehension . context free grammar . context sensitive grammar . domain adaptation . transfer learning""]",bert,,sentence-transformers/all-mpnet-base-v2
36,language modeling,language modeling,"[""anaphora resolution . generative adversarial networks . neural machine translation . variational autoencoders . ibm translation models . bleu . rouge . scientific article summarization . open information extraction . sentence simplification . attention models . knowledge graph . semantic role labeling . abstract meaning representation . coreference and coreference resolution . machine reading comprehension . context free grammar . context sensitive grammar . domain adaptation . transfer learning""]",bert,,sentence-transformers/all-mpnet-base-v2
37,named entity recognition,named entity recognition,"[""anaphora resolution . generative adversarial networks . neural machine translation . variational autoencoders . ibm translation models . bleu . rouge . scientific article summarization . open information extraction . sentence simplification . attention models . knowledge graph . semantic role labeling . abstract meaning representation . coreference and coreference resolution . machine reading comprehension . context free grammar . context sensitive grammar . domain adaptation . transfer learning""]",bert,,sentence-transformers/all-mpnet-base-v2
38,word segmentation,word segmentation,"[""anaphora resolution . generative adversarial networks . neural machine translation . variational autoencoders . ibm translation models . bleu . rouge . scientific article summarization . open information extraction . sentence simplification . attention models . knowledge graph . semantic role labeling . abstract meaning representation . coreference and coreference resolution . machine reading comprehension . context free grammar . context sensitive grammar . domain adaptation . transfer learning""]",bert,,sentence-transformers/all-mpnet-base-v2
39,sentence boundary recognition,sentence boundary recognition,"[""anaphora resolution . generative adversarial networks . neural machine translation . variational autoencoders . ibm translation models . bleu . rouge . scientific article summarization . open information extraction . sentence simplification . attention models . knowledge graph . semantic role labeling . abstract meaning representation . coreference and coreference resolution . machine reading comprehension . context free grammar . context sensitive grammar . domain adaptation . transfer learning""]",bert,,sentence-transformers/all-mpnet-base-v2
40,optical character recognition,optical character recognition,"[""anaphora resolution . generative adversarial networks . neural machine translation . variational autoencoders . ibm translation models . bleu . rouge . scientific article summarization . open information extraction . sentence simplification . attention models . knowledge graph . semantic role labeling . abstract meaning representation . coreference and coreference resolution . machine reading comprehension . context free grammar . context sensitive grammar . domain adaptation . transfer learning""]",bert,,sentence-transformers/all-mpnet-base-v2
41,automated essay scoring,automated essay scoring,"[""anaphora resolution . generative adversarial networks . neural machine translation . variational autoencoders . ibm translation models . bleu . rouge . scientific article summarization . open information extraction . sentence simplification . attention models . knowledge graph . semantic role labeling . abstract meaning representation . coreference and coreference resolution . machine reading comprehension . context free grammar . context sensitive grammar . domain adaptation . transfer learning""]",bert,,sentence-transformers/all-mpnet-base-v2
42,latent dirichlet allocation,latent dirichlet allocation,"[""anaphora resolution . generative adversarial networks . neural machine translation . variational autoencoders . ibm translation models . bleu . rouge . scientific article summarization . open information extraction . sentence simplification . attention models . knowledge graph . semantic role labeling . abstract meaning representation . coreference and coreference resolution . machine reading comprehension . context free grammar . context sensitive grammar . domain adaptation . transfer learning""]",bert,,sentence-transformers/all-mpnet-base-v2
43,latent semantic indexing,latent semantic indexing,"[""anaphora resolution . generative adversarial networks . neural machine translation . variational autoencoders . ibm translation models . bleu . rouge . scientific article summarization . open information extraction . sentence simplification . attention models . knowledge graph . semantic role labeling . abstract meaning representation . coreference and coreference resolution . machine reading comprehension . context free grammar . context sensitive grammar . domain adaptation . transfer learning""]",bert,,sentence-transformers/all-mpnet-base-v2
44,language identification,language identification,"[""anaphora resolution . generative adversarial networks . neural machine translation . variational autoencoders . ibm translation models . bleu . rouge . scientific article summarization . open information extraction . sentence simplification . attention models . knowledge graph . semantic role labeling . abstract meaning representation . coreference and coreference resolution . machine reading comprehension . context free grammar . context sensitive grammar . domain adaptation . transfer learning""]",bert,,sentence-transformers/all-mpnet-base-v2
45,bayes theorem,bayes theorem,"[""anaphora resolution . generative adversarial networks . neural machine translation . variational autoencoders . ibm translation models . bleu . rouge . scientific article summarization . open information extraction . sentence simplification . attention models . knowledge graph . semantic role labeling . abstract meaning representation . coreference and coreference resolution . machine reading comprehension . context free grammar . context sensitive grammar . domain adaptation . transfer learning""]",bert,,sentence-transformers/all-mpnet-base-v2
46,hidden markov models,hidden markov models,"[""anaphora resolution . generative adversarial networks . neural machine translation . variational autoencoders . ibm translation models . bleu . rouge . scientific article summarization . open information extraction . sentence simplification . attention models . knowledge graph . semantic role labeling . abstract meaning representation . coreference and coreference resolution . machine reading comprehension . context free grammar . context sensitive grammar . domain adaptation . transfer learning""]",bert,,sentence-transformers/all-mpnet-base-v2
47,conditional random fields,conditional random fields,"[""anaphora resolution . generative adversarial networks . neural machine translation . variational autoencoders . ibm translation models . bleu . rouge . scientific article summarization . open information extraction . sentence simplification . attention models . knowledge graph . semantic role labeling . abstract meaning representation . coreference and coreference resolution . machine reading comprehension . context free grammar . context sensitive grammar . domain adaptation . transfer learning""]",bert,,sentence-transformers/all-mpnet-base-v2
48,deep belief networks,deep belief networks,"[""anaphora resolution . generative adversarial networks . neural machine translation . variational autoencoders . ibm translation models . bleu . rouge . scientific article summarization . open information extraction . sentence simplification . attention models . knowledge graph . semantic role labeling . abstract meaning representation . coreference and coreference resolution . machine reading comprehension . context free grammar . context sensitive grammar . domain adaptation . transfer learning""]",bert,,sentence-transformers/all-mpnet-base-v2
49,word sense disambiguation,word sense disambiguation,"[""anaphora resolution . generative adversarial networks . neural machine translation . variational autoencoders . ibm translation models . bleu . rouge . scientific article summarization . open information extraction . sentence simplification . attention models . knowledge graph . semantic role labeling . abstract meaning representation . coreference and coreference resolution . machine reading comprehension . context free grammar . context sensitive grammar . domain adaptation . transfer learning""]",bert,,sentence-transformers/all-mpnet-base-v2
50,part of speech tagging,part of speech tagging,"[""part of speech tagging . question answering . automatic summarization . supertagging . recursive neural network . multi-document summarization . variational bayes . discourse model . morphological disambiguation . weakly-supervised learning . one-shot learning . neural turing machine . bootstrapping . distributional semantics . shallow parsing . a* search . transliteration . lexicography . chat bots . dialog systems . multi-task learning . multilingual word . evaluation metrics . linear regressi""]",bert,,sentence-transformers/all-mpnet-base-v2
51,question answering,question answering,"[""part of speech tagging . question answering . automatic summarization . supertagging . recursive neural network . multi-document summarization . variational bayes . discourse model . morphological disambiguation . weakly-supervised learning . one-shot learning . neural turing machine . bootstrapping . distributional semantics . shallow parsing . a* search . transliteration . lexicography . chat bots . dialog systems . multi-task learning . multilingual word . evaluation metrics . linear regressi""]",bert,,sentence-transformers/all-mpnet-base-v2
52,automatic summarization,automatic summarization,"[""part of speech tagging . question answering . automatic summarization . supertagging . recursive neural network . multi-document summarization . variational bayes . discourse model . morphological disambiguation . weakly-supervised learning . one-shot learning . neural turing machine . bootstrapping . distributional semantics . shallow parsing . a* search . transliteration . lexicography . chat bots . dialog systems . multi-task learning . multilingual word . evaluation metrics . linear regressi""]",bert,,sentence-transformers/all-mpnet-base-v2
53,supertagging,supertagging,"[""part of speech tagging . question answering . automatic summarization . supertagging . recursive neural network . multi-document summarization . variational bayes . discourse model . morphological disambiguation . weakly-supervised learning . one-shot learning . neural turing machine . bootstrapping . distributional semantics . shallow parsing . a* search . transliteration . lexicography . chat bots . dialog systems . multi-task learning . multilingual word . evaluation metrics . linear regressi""]",bert,,sentence-transformers/all-mpnet-base-v2
54,recursive neural network,recursive neural network,"[""part of speech tagging . question answering . automatic summarization . supertagging . recursive neural network . multi-document summarization . variational bayes . discourse model . morphological disambiguation . weakly-supervised learning . one-shot learning . neural turing machine . bootstrapping . distributional semantics . shallow parsing . a* search . transliteration . lexicography . chat bots . dialog systems . multi-task learning . multilingual word . evaluation metrics . linear regressi""]",bert,,sentence-transformers/all-mpnet-base-v2
55,multi-document summarization,multi-document summarization,"[""part of speech tagging . question answering . automatic summarization . supertagging . recursive neural network . multi-document summarization . variational bayes . discourse model . morphological disambiguation . weakly-supervised learning . one-shot learning . neural turing machine . bootstrapping . distributional semantics . shallow parsing . a* search . transliteration . lexicography . chat bots . dialog systems . multi-task learning . multilingual word . evaluation metrics . linear regressi""]",bert,,sentence-transformers/all-mpnet-base-v2
56,variational bayes,variational bayes,"[""part of speech tagging . question answering . automatic summarization . supertagging . recursive neural network . multi-document summarization . variational bayes . discourse model . morphological disambiguation . weakly-supervised learning . one-shot learning . neural turing machine . bootstrapping . distributional semantics . shallow parsing . a* search . transliteration . lexicography . chat bots . dialog systems . multi-task learning . multilingual word . evaluation metrics . linear regressi""]",bert,,sentence-transformers/all-mpnet-base-v2
57,discourse model,discourse model,"[""part of speech tagging . question answering . automatic summarization . supertagging . recursive neural network . multi-document summarization . variational bayes . discourse model . morphological disambiguation . weakly-supervised learning . one-shot learning . neural turing machine . bootstrapping . distributional semantics . shallow parsing . a* search . transliteration . lexicography . chat bots . dialog systems . multi-task learning . multilingual word . evaluation metrics . linear regressi""]",bert,,sentence-transformers/all-mpnet-base-v2
58,morphological disambiguation,morphological disambiguation,"[""part of speech tagging . question answering . automatic summarization . supertagging . recursive neural network . multi-document summarization . variational bayes . discourse model . morphological disambiguation . weakly-supervised learning . one-shot learning . neural turing machine . bootstrapping . distributional semantics . shallow parsing . a* search . transliteration . lexicography . chat bots . dialog systems . multi-task learning . multilingual word . evaluation metrics . linear regressi""]",bert,,sentence-transformers/all-mpnet-base-v2
59,weakly-supervised learning,weakly-supervised learning,"[""part of speech tagging . question answering . automatic summarization . supertagging . recursive neural network . multi-document summarization . variational bayes . discourse model . morphological disambiguation . weakly-supervised learning . one-shot learning . neural turing machine . bootstrapping . distributional semantics . shallow parsing . a* search . transliteration . lexicography . chat bots . dialog systems . multi-task learning . multilingual word . evaluation metrics . linear regressi""]",bert,,sentence-transformers/all-mpnet-base-v2
60,one-shot learning,one-shot learning,"[""part of speech tagging . question answering . automatic summarization . supertagging . recursive neural network . multi-document summarization . variational bayes . discourse model . morphological disambiguation . weakly-supervised learning . one-shot learning . neural turing machine . bootstrapping . distributional semantics . shallow parsing . a* search . transliteration . lexicography . chat bots . dialog systems . multi-task learning . multilingual word . evaluation metrics . linear regressi""]",bert,,sentence-transformers/all-mpnet-base-v2
61,neural turing machine,neural turing machine,"[""part of speech tagging . question answering . automatic summarization . supertagging . recursive neural network . multi-document summarization . variational bayes . discourse model . morphological disambiguation . weakly-supervised learning . one-shot learning . neural turing machine . bootstrapping . distributional semantics . shallow parsing . a* search . transliteration . lexicography . chat bots . dialog systems . multi-task learning . multilingual word . evaluation metrics . linear regressi""]",bert,,sentence-transformers/all-mpnet-base-v2
62,bootstrapping,bootstrapping,"[""part of speech tagging . question answering . automatic summarization . supertagging . recursive neural network . multi-document summarization . variational bayes . discourse model . morphological disambiguation . weakly-supervised learning . one-shot learning . neural turing machine . bootstrapping . distributional semantics . shallow parsing . a* search . transliteration . lexicography . chat bots . dialog systems . multi-task learning . multilingual word . evaluation metrics . linear regressi""]",bert,,sentence-transformers/all-mpnet-base-v2
63,distributional semantics,distributional semantics,"[""part of speech tagging . question answering . automatic summarization . supertagging . recursive neural network . multi-document summarization . variational bayes . discourse model . morphological disambiguation . weakly-supervised learning . one-shot learning . neural turing machine . bootstrapping . distributional semantics . shallow parsing . a* search . transliteration . lexicography . chat bots . dialog systems . multi-task learning . multilingual word . evaluation metrics . linear regressi""]",bert,,sentence-transformers/all-mpnet-base-v2
64,shallow parsing,shallow parsing,"[""part of speech tagging . question answering . automatic summarization . supertagging . recursive neural network . multi-document summarization . variational bayes . discourse model . morphological disambiguation . weakly-supervised learning . one-shot learning . neural turing machine . bootstrapping . distributional semantics . shallow parsing . a* search . transliteration . lexicography . chat bots . dialog systems . multi-task learning . multilingual word . evaluation metrics . linear regressi""]",bert,,sentence-transformers/all-mpnet-base-v2
65,a* search,a* search,"[""part of speech tagging . question answering . automatic summarization . supertagging . recursive neural network . multi-document summarization . variational bayes . discourse model . morphological disambiguation . weakly-supervised learning . one-shot learning . neural turing machine . bootstrapping . distributional semantics . shallow parsing . a* search . transliteration . lexicography . chat bots . dialog systems . multi-task learning . multilingual word . evaluation metrics . linear regressi""]",bert,,sentence-transformers/all-mpnet-base-v2
66,transliteration,transliteration,"[""part of speech tagging . question answering . automatic summarization . supertagging . recursive neural network . multi-document summarization . variational bayes . discourse model . morphological disambiguation . weakly-supervised learning . one-shot learning . neural turing machine . bootstrapping . distributional semantics . shallow parsing . a* search . transliteration . lexicography . chat bots . dialog systems . multi-task learning . multilingual word . evaluation metrics . linear regressi""]",bert,,sentence-transformers/all-mpnet-base-v2
67,lexicography,lexicography,"[""part of speech tagging . question answering . automatic summarization . supertagging . recursive neural network . multi-document summarization . variational bayes . discourse model . morphological disambiguation . weakly-supervised learning . one-shot learning . neural turing machine . bootstrapping . distributional semantics . shallow parsing . a* search . transliteration . lexicography . chat bots . dialog systems . multi-task learning . multilingual word . evaluation metrics . linear regressi""]",bert,,sentence-transformers/all-mpnet-base-v2
68,chat bots,chat bots,"[""part of speech tagging . question answering . automatic summarization . supertagging . recursive neural network . multi-document summarization . variational bayes . discourse model . morphological disambiguation . weakly-supervised learning . one-shot learning . neural turing machine . bootstrapping . distributional semantics . shallow parsing . a* search . transliteration . lexicography . chat bots . dialog systems . multi-task learning . multilingual word . evaluation metrics . linear regressi""]",bert,,sentence-transformers/all-mpnet-base-v2
69,dialog systems,dialog systems,"[""part of speech tagging . question answering . automatic summarization . supertagging . recursive neural network . multi-document summarization . variational bayes . discourse model . morphological disambiguation . weakly-supervised learning . one-shot learning . neural turing machine . bootstrapping . distributional semantics . shallow parsing . a* search . transliteration . lexicography . chat bots . dialog systems . multi-task learning . multilingual word . evaluation metrics . linear regressi""]",bert,,sentence-transformers/all-mpnet-base-v2
70,multi-task learning,multi-task learning,"[""part of speech tagging . question answering . automatic summarization . supertagging . recursive neural network . multi-document summarization . variational bayes . discourse model . morphological disambiguation . weakly-supervised learning . one-shot learning . neural turing machine . bootstrapping . distributional semantics . shallow parsing . a* search . transliteration . lexicography . chat bots . dialog systems . multi-task learning . multilingual word . evaluation metrics . linear regressi""]",bert,,sentence-transformers/all-mpnet-base-v2
71,multilingual word,multilingual word,"[""part of speech tagging . question answering . automatic summarization . supertagging . recursive neural network . multi-document summarization . variational bayes . discourse model . morphological disambiguation . weakly-supervised learning . one-shot learning . neural turing machine . bootstrapping . distributional semantics . shallow parsing . a* search . transliteration . lexicography . chat bots . dialog systems . multi-task learning . multilingual word . evaluation metrics . linear regressi""]",bert,,sentence-transformers/all-mpnet-base-v2
72,evaluation metrics,evaluation metrics,"[""part of speech tagging . question answering . automatic summarization . supertagging . recursive neural network . multi-document summarization . variational bayes . discourse model . morphological disambiguation . weakly-supervised learning . one-shot learning . neural turing machine . bootstrapping . distributional semantics . shallow parsing . a* search . transliteration . lexicography . chat bots . dialog systems . multi-task learning . multilingual word . evaluation metrics . linear regressi""]",bert,,sentence-transformers/all-mpnet-base-v2
73,linear regression,linear regression,"[""part of speech tagging . question answering . automatic summarization . supertagging . recursive neural network . multi-document summarization . variational bayes . discourse model . morphological disambiguation . weakly-supervised learning . one-shot learning . neural turing machine . bootstrapping . distributional semantics . shallow parsing . a* search . transliteration . lexicography . chat bots . dialog systems . multi-task learning . multilingual word . evaluation metrics . linear regressi""]",bert,,sentence-transformers/all-mpnet-base-v2
74,convex optimization,convex optimization,"[""part of speech tagging . question answering . automatic summarization . supertagging . recursive neural network . multi-document summarization . variational bayes . discourse model . morphological disambiguation . weakly-supervised learning . one-shot learning . neural turing machine . bootstrapping . distributional semantics . shallow parsing . a* search . transliteration . lexicography . chat bots . dialog systems . multi-task learning . multilingual word . evaluation metrics . linear regressi""]",bert,,sentence-transformers/all-mpnet-base-v2
75,newton method,newton method,"[""part of speech tagging . question answering . automatic summarization . supertagging . recursive neural network . multi-document summarization . variational bayes . discourse model . morphological disambiguation . weakly-supervised learning . one-shot learning . neural turing machine . bootstrapping . distributional semantics . shallow parsing . a* search . transliteration . lexicography . chat bots . dialog systems . multi-task learning . multilingual word . evaluation metrics . linear regressi""]",bert,,sentence-transformers/all-mpnet-base-v2
76,dual problems,dual problems,"[""part of speech tagging . question answering . automatic summarization . supertagging . recursive neural network . multi-document summarization . variational bayes . discourse model . morphological disambiguation . weakly-supervised learning . one-shot learning . neural turing machine . bootstrapping . distributional semantics . shallow parsing . a* search . transliteration . lexicography . chat bots . dialog systems . multi-task learning . multilingual word . evaluation metrics . linear regressi""]",bert,,sentence-transformers/all-mpnet-base-v2
77,random forest,random forest,"[""part of speech tagging . question answering . automatic summarization . supertagging . recursive neural network . multi-document summarization . variational bayes . discourse model . morphological disambiguation . weakly-supervised learning . one-shot learning . neural turing machine . bootstrapping . distributional semantics . shallow parsing . a* search . transliteration . lexicography . chat bots . dialog systems . multi-task learning . multilingual word . evaluation metrics . linear regressi""]",bert,,sentence-transformers/all-mpnet-base-v2
78,radial basis function network,radial basis function network,"[""part of speech tagging . question answering . automatic summarization . supertagging . recursive neural network . multi-document summarization . variational bayes . discourse model . morphological disambiguation . weakly-supervised learning . one-shot learning . neural turing machine . bootstrapping . distributional semantics . shallow parsing . a* search . transliteration . lexicography . chat bots . dialog systems . multi-task learning . multilingual word . evaluation metrics . linear regressi""]",bert,,sentence-transformers/all-mpnet-base-v2
79,kernel function,kernel function,"[""part of speech tagging . question answering . automatic summarization . supertagging . recursive neural network . multi-document summarization . variational bayes . discourse model . morphological disambiguation . weakly-supervised learning . one-shot learning . neural turing machine . bootstrapping . distributional semantics . shallow parsing . a* search . transliteration . lexicography . chat bots . dialog systems . multi-task learning . multilingual word . evaluation metrics . linear regressi""]",bert,,sentence-transformers/all-mpnet-base-v2
80,boltzmann machine,boltzmann machine,"[""part of speech tagging . question answering . automatic summarization . supertagging . recursive neural network . multi-document summarization . variational bayes . discourse model . morphological disambiguation . weakly-supervised learning . one-shot learning . neural turing machine . bootstrapping . distributional semantics . shallow parsing . a* search . transliteration . lexicography . chat bots . dialog systems . multi-task learning . multilingual word . evaluation metrics . linear regressi""]",bert,,sentence-transformers/all-mpnet-base-v2
81,expectation-maximization (em) algorithm,expectation-maximization (em) algorithm,"[""part of speech tagging . question answering . automatic summarization . supertagging . recursive neural network . multi-document summarization . variational bayes . discourse model . morphological disambiguation . weakly-supervised learning . one-shot learning . neural turing machine . bootstrapping . distributional semantics . shallow parsing . a* search . transliteration . lexicography . chat bots . dialog systems . multi-task learning . multilingual word . evaluation metrics . linear regressi""]",bert,,sentence-transformers/all-mpnet-base-v2
82,dimensionality reduction,dimensionality reduction,"[""part of speech tagging . question answering . automatic summarization . supertagging . recursive neural network . multi-document summarization . variational bayes . discourse model . morphological disambiguation . weakly-supervised learning . one-shot learning . neural turing machine . bootstrapping . distributional semantics . shallow parsing . a* search . transliteration . lexicography . chat bots . dialog systems . multi-task learning . multilingual word . evaluation metrics . linear regressi""]",bert,,sentence-transformers/all-mpnet-base-v2
83,first-order logic,first-order logic,"[""part of speech tagging . question answering . automatic summarization . supertagging . recursive neural network . multi-document summarization . variational bayes . discourse model . morphological disambiguation . weakly-supervised learning . one-shot learning . neural turing machine . bootstrapping . distributional semantics . shallow parsing . a* search . transliteration . lexicography . chat bots . dialog systems . multi-task learning . multilingual word . evaluation metrics . linear regressi""]",bert,,sentence-transformers/all-mpnet-base-v2
84,natural language generation,natural language generation,"[""part of speech tagging . question answering . automatic summarization . supertagging . recursive neural network . multi-document summarization . variational bayes . discourse model . morphological disambiguation . weakly-supervised learning . one-shot learning . neural turing machine . bootstrapping . distributional semantics . shallow parsing . a* search . transliteration . lexicography . chat bots . dialog systems . multi-task learning . multilingual word . evaluation metrics . linear regressi""]",bert,,sentence-transformers/all-mpnet-base-v2
85,noisy channel model,noisy channel model,"[""part of speech tagging . question answering . automatic summarization . supertagging . recursive neural network . multi-document summarization . variational bayes . discourse model . morphological disambiguation . weakly-supervised learning . one-shot learning . neural turing machine . bootstrapping . distributional semantics . shallow parsing . a* search . transliteration . lexicography . chat bots . dialog systems . multi-task learning . multilingual word . evaluation metrics . linear regressi""]",bert,,sentence-transformers/all-mpnet-base-v2
86,perceptrons algorithm,perceptrons algorithm,"[""part of speech tagging . question answering . automatic summarization . supertagging . recursive neural network . multi-document summarization . variational bayes . discourse model . morphological disambiguation . weakly-supervised learning . one-shot learning . neural turing machine . bootstrapping . distributional semantics . shallow parsing . a* search . transliteration . lexicography . chat bots . dialog systems . multi-task learning . multilingual word . evaluation metrics . linear regressi""]",bert,,sentence-transformers/all-mpnet-base-v2
87,svm,svm,"[""part of speech tagging . question answering . automatic summarization . supertagging . recursive neural network . multi-document summarization . variational bayes . discourse model . morphological disambiguation . weakly-supervised learning . one-shot learning . neural turing machine . bootstrapping . distributional semantics . shallow parsing . a* search . transliteration . lexicography . chat bots . dialog systems . multi-task learning . multilingual word . evaluation metrics . linear regressi""]",bert,,sentence-transformers/all-mpnet-base-v2
88,decision trees,decision trees,"[""part of speech tagging . question answering . automatic summarization . supertagging . recursive neural network . multi-document summarization . variational bayes . discourse model . morphological disambiguation . weakly-supervised learning . one-shot learning . neural turing machine . bootstrapping . distributional semantics . shallow parsing . a* search . transliteration . lexicography . chat bots . dialog systems . multi-task learning . multilingual word . evaluation metrics . linear regressi""]",bert,,sentence-transformers/all-mpnet-base-v2
89,clustering,clustering,"[""part of speech tagging . question answering . automatic summarization . supertagging . recursive neural network . multi-document summarization . variational bayes . discourse model . morphological disambiguation . weakly-supervised learning . one-shot learning . neural turing machine . bootstrapping . distributional semantics . shallow parsing . a* search . transliteration . lexicography . chat bots . dialog systems . multi-task learning . multilingual word . evaluation metrics . linear regressi"", ""phonetics . speech recognition . crowdsourcing . matrix factorization . spectral methods . genetic algorithms . ensemble learning . expert systems . bayesian network . text mining . bagging . maximum likelihood estimation . graphical models . markov chain monte carlo . k means . earley parsing . propositional logic . gradient descent . search engine indexing . tokenization . textual entailment . constraint satisfaction . beam search . recommendation system . matrix multiplication . differential ""]",bert,,sentence-transformers/all-mpnet-base-v2
90,k-nn,k-nn,"[""part of speech tagging . question answering . automatic summarization . supertagging . recursive neural network . multi-document summarization . variational bayes . discourse model . morphological disambiguation . weakly-supervised learning . one-shot learning . neural turing machine . bootstrapping . distributional semantics . shallow parsing . a* search . transliteration . lexicography . chat bots . dialog systems . multi-task learning . multilingual word . evaluation metrics . linear regressi""]",bert,,sentence-transformers/all-mpnet-base-v2
91,random walks,random walks,"[""part of speech tagging . question answering . automatic summarization . supertagging . recursive neural network . multi-document summarization . variational bayes . discourse model . morphological disambiguation . weakly-supervised learning . one-shot learning . neural turing machine . bootstrapping . distributional semantics . shallow parsing . a* search . transliteration . lexicography . chat bots . dialog systems . multi-task learning . multilingual word . evaluation metrics . linear regressi""]",bert,,sentence-transformers/all-mpnet-base-v2
92,harmonic functions,harmonic functions,"[""part of speech tagging . question answering . automatic summarization . supertagging . recursive neural network . multi-document summarization . variational bayes . discourse model . morphological disambiguation . weakly-supervised learning . one-shot learning . neural turing machine . bootstrapping . distributional semantics . shallow parsing . a* search . transliteration . lexicography . chat bots . dialog systems . multi-task learning . multilingual word . evaluation metrics . linear regressi""]",bert,,sentence-transformers/all-mpnet-base-v2
93,pagerank,pagerank,"[""part of speech tagging . question answering . automatic summarization . supertagging . recursive neural network . multi-document summarization . variational bayes . discourse model . morphological disambiguation . weakly-supervised learning . one-shot learning . neural turing machine . bootstrapping . distributional semantics . shallow parsing . a* search . transliteration . lexicography . chat bots . dialog systems . multi-task learning . multilingual word . evaluation metrics . linear regressi""]",bert,,sentence-transformers/all-mpnet-base-v2
94,topic modeling,topic modeling,"[""part of speech tagging . question answering . automatic summarization . supertagging . recursive neural network . multi-document summarization . variational bayes . discourse model . morphological disambiguation . weakly-supervised learning . one-shot learning . neural turing machine . bootstrapping . distributional semantics . shallow parsing . a* search . transliteration . lexicography . chat bots . dialog systems . multi-task learning . multilingual word . evaluation metrics . linear regressi""]",bert,,sentence-transformers/all-mpnet-base-v2
95,word2vec,word2vec,"[""part of speech tagging . question answering . automatic summarization . supertagging . recursive neural network . multi-document summarization . variational bayes . discourse model . morphological disambiguation . weakly-supervised learning . one-shot learning . neural turing machine . bootstrapping . distributional semantics . shallow parsing . a* search . transliteration . lexicography . chat bots . dialog systems . multi-task learning . multilingual word . evaluation metrics . linear regressi""]",bert,,sentence-transformers/all-mpnet-base-v2
96,cnn's,cnn's,"[""part of speech tagging . question answering . automatic summarization . supertagging . recursive neural network . multi-document summarization . variational bayes . discourse model . morphological disambiguation . weakly-supervised learning . one-shot learning . neural turing machine . bootstrapping . distributional semantics . shallow parsing . a* search . transliteration . lexicography . chat bots . dialog systems . multi-task learning . multilingual word . evaluation metrics . linear regressi""]",bert,,sentence-transformers/all-mpnet-base-v2
97,knowledge representation,knowledge representation,"[""part of speech tagging . question answering . automatic summarization . supertagging . recursive neural network . multi-document summarization . variational bayes . discourse model . morphological disambiguation . weakly-supervised learning . one-shot learning . neural turing machine . bootstrapping . distributional semantics . shallow parsing . a* search . transliteration . lexicography . chat bots . dialog systems . multi-task learning . multilingual word . evaluation metrics . linear regressi""]",bert,,sentence-transformers/all-mpnet-base-v2
98,markov decision processes,markov decision processes,"[""part of speech tagging . question answering . automatic summarization . supertagging . recursive neural network . multi-document summarization . variational bayes . discourse model . morphological disambiguation . weakly-supervised learning . one-shot learning . neural turing machine . bootstrapping . distributional semantics . shallow parsing . a* search . transliteration . lexicography . chat bots . dialog systems . multi-task learning . multilingual word . evaluation metrics . linear regressi""]",bert,,sentence-transformers/all-mpnet-base-v2
99,autonomous cars,autonomous cars,"[""part of speech tagging . question answering . automatic summarization . supertagging . recursive neural network . multi-document summarization . variational bayes . discourse model . morphological disambiguation . weakly-supervised learning . one-shot learning . neural turing machine . bootstrapping . distributional semantics . shallow parsing . a* search . transliteration . lexicography . chat bots . dialog systems . multi-task learning . multilingual word . evaluation metrics . linear regressi""]",bert,,sentence-transformers/all-mpnet-base-v2
100,phonetics,phonetics,"[""phonetics . speech recognition . crowdsourcing . matrix factorization . spectral methods . genetic algorithms . ensemble learning . expert systems . bayesian network . text mining . bagging . maximum likelihood estimation . graphical models . markov chain monte carlo . k means . earley parsing . propositional logic . gradient descent . search engine indexing . tokenization . textual entailment . constraint satisfaction . beam search . recommendation system . matrix multiplication . differential ""]",bert,,sentence-transformers/all-mpnet-base-v2
101,speech recognition,speech recognition,"[""phonetics . speech recognition . crowdsourcing . matrix factorization . spectral methods . genetic algorithms . ensemble learning . expert systems . bayesian network . text mining . bagging . maximum likelihood estimation . graphical models . markov chain monte carlo . k means . earley parsing . propositional logic . gradient descent . search engine indexing . tokenization . textual entailment . constraint satisfaction . beam search . recommendation system . matrix multiplication . differential ""]",bert,,sentence-transformers/all-mpnet-base-v2
102,crowdsourcing,crowdsourcing,"[""phonetics . speech recognition . crowdsourcing . matrix factorization . spectral methods . genetic algorithms . ensemble learning . expert systems . bayesian network . text mining . bagging . maximum likelihood estimation . graphical models . markov chain monte carlo . k means . earley parsing . propositional logic . gradient descent . search engine indexing . tokenization . textual entailment . constraint satisfaction . beam search . recommendation system . matrix multiplication . differential ""]",bert,,sentence-transformers/all-mpnet-base-v2
103,matrix factorization,matrix factorization,"[""phonetics . speech recognition . crowdsourcing . matrix factorization . spectral methods . genetic algorithms . ensemble learning . expert systems . bayesian network . text mining . bagging . maximum likelihood estimation . graphical models . markov chain monte carlo . k means . earley parsing . propositional logic . gradient descent . search engine indexing . tokenization . textual entailment . constraint satisfaction . beam search . recommendation system . matrix multiplication . differential ""]",bert,,sentence-transformers/all-mpnet-base-v2
104,spectral methods,spectral methods,"[""phonetics . speech recognition . crowdsourcing . matrix factorization . spectral methods . genetic algorithms . ensemble learning . expert systems . bayesian network . text mining . bagging . maximum likelihood estimation . graphical models . markov chain monte carlo . k means . earley parsing . propositional logic . gradient descent . search engine indexing . tokenization . textual entailment . constraint satisfaction . beam search . recommendation system . matrix multiplication . differential ""]",bert,,sentence-transformers/all-mpnet-base-v2
105,genetic algorithms,genetic algorithms,"[""phonetics . speech recognition . crowdsourcing . matrix factorization . spectral methods . genetic algorithms . ensemble learning . expert systems . bayesian network . text mining . bagging . maximum likelihood estimation . graphical models . markov chain monte carlo . k means . earley parsing . propositional logic . gradient descent . search engine indexing . tokenization . textual entailment . constraint satisfaction . beam search . recommendation system . matrix multiplication . differential ""]",bert,,sentence-transformers/all-mpnet-base-v2
106,ensemble learning,ensemble learning,"[""phonetics . speech recognition . crowdsourcing . matrix factorization . spectral methods . genetic algorithms . ensemble learning . expert systems . bayesian network . text mining . bagging . maximum likelihood estimation . graphical models . markov chain monte carlo . k means . earley parsing . propositional logic . gradient descent . search engine indexing . tokenization . textual entailment . constraint satisfaction . beam search . recommendation system . matrix multiplication . differential ""]",bert,,sentence-transformers/all-mpnet-base-v2
107,expert systems,expert systems,"[""phonetics . speech recognition . crowdsourcing . matrix factorization . spectral methods . genetic algorithms . ensemble learning . expert systems . bayesian network . text mining . bagging . maximum likelihood estimation . graphical models . markov chain monte carlo . k means . earley parsing . propositional logic . gradient descent . search engine indexing . tokenization . textual entailment . constraint satisfaction . beam search . recommendation system . matrix multiplication . differential ""]",bert,,sentence-transformers/all-mpnet-base-v2
108,bayesian network,bayesian network,"[""phonetics . speech recognition . crowdsourcing . matrix factorization . spectral methods . genetic algorithms . ensemble learning . expert systems . bayesian network . text mining . bagging . maximum likelihood estimation . graphical models . markov chain monte carlo . k means . earley parsing . propositional logic . gradient descent . search engine indexing . tokenization . textual entailment . constraint satisfaction . beam search . recommendation system . matrix multiplication . differential ""]",bert,,sentence-transformers/all-mpnet-base-v2
109,text mining,text mining,"[""phonetics . speech recognition . crowdsourcing . matrix factorization . spectral methods . genetic algorithms . ensemble learning . expert systems . bayesian network . text mining . bagging . maximum likelihood estimation . graphical models . markov chain monte carlo . k means . earley parsing . propositional logic . gradient descent . search engine indexing . tokenization . textual entailment . constraint satisfaction . beam search . recommendation system . matrix multiplication . differential "", ""edit distance . chomsky hierarchy . conditional probability . linear discriminant analysis . artificial neural network . bag of words model . bias-variance tradeoff . computer vision . image retrieval . imagenet . object detection . n-gram . singular-value decomposition . t-sne . loss function . monte carlo tree search . structured prediction . feature learning . normalization . regularization . data preprocessing . robotic locomotion . human-robot interaction . network theory . entropy . cross ""]",bert,,sentence-transformers/all-mpnet-base-v2
110,bagging,bagging,"[""phonetics . speech recognition . crowdsourcing . matrix factorization . spectral methods . genetic algorithms . ensemble learning . expert systems . bayesian network . text mining . bagging . maximum likelihood estimation . graphical models . markov chain monte carlo . k means . earley parsing . propositional logic . gradient descent . search engine indexing . tokenization . textual entailment . constraint satisfaction . beam search . recommendation system . matrix multiplication . differential ""]",bert,,sentence-transformers/all-mpnet-base-v2
111,maximum likelihood estimation,maximum likelihood estimation,"[""phonetics . speech recognition . crowdsourcing . matrix factorization . spectral methods . genetic algorithms . ensemble learning . expert systems . bayesian network . text mining . bagging . maximum likelihood estimation . graphical models . markov chain monte carlo . k means . earley parsing . propositional logic . gradient descent . search engine indexing . tokenization . textual entailment . constraint satisfaction . beam search . recommendation system . matrix multiplication . differential ""]",bert,,sentence-transformers/all-mpnet-base-v2
112,graphical models,graphical models,"[""phonetics . speech recognition . crowdsourcing . matrix factorization . spectral methods . genetic algorithms . ensemble learning . expert systems . bayesian network . text mining . bagging . maximum likelihood estimation . graphical models . markov chain monte carlo . k means . earley parsing . propositional logic . gradient descent . search engine indexing . tokenization . textual entailment . constraint satisfaction . beam search . recommendation system . matrix multiplication . differential ""]",bert,,sentence-transformers/all-mpnet-base-v2
113,markov chain monte carlo,markov chain monte carlo,"[""phonetics . speech recognition . crowdsourcing . matrix factorization . spectral methods . genetic algorithms . ensemble learning . expert systems . bayesian network . text mining . bagging . maximum likelihood estimation . graphical models . markov chain monte carlo . k means . earley parsing . propositional logic . gradient descent . search engine indexing . tokenization . textual entailment . constraint satisfaction . beam search . recommendation system . matrix multiplication . differential ""]",bert,,sentence-transformers/all-mpnet-base-v2
114,k means,k means,"[""phonetics . speech recognition . crowdsourcing . matrix factorization . spectral methods . genetic algorithms . ensemble learning . expert systems . bayesian network . text mining . bagging . maximum likelihood estimation . graphical models . markov chain monte carlo . k means . earley parsing . propositional logic . gradient descent . search engine indexing . tokenization . textual entailment . constraint satisfaction . beam search . recommendation system . matrix multiplication . differential ""]",bert,,sentence-transformers/all-mpnet-base-v2
115,earley parsing,earley parsing,"[""phonetics . speech recognition . crowdsourcing . matrix factorization . spectral methods . genetic algorithms . ensemble learning . expert systems . bayesian network . text mining . bagging . maximum likelihood estimation . graphical models . markov chain monte carlo . k means . earley parsing . propositional logic . gradient descent . search engine indexing . tokenization . textual entailment . constraint satisfaction . beam search . recommendation system . matrix multiplication . differential ""]",bert,,sentence-transformers/all-mpnet-base-v2
116,propositional logic,propositional logic,"[""phonetics . speech recognition . crowdsourcing . matrix factorization . spectral methods . genetic algorithms . ensemble learning . expert systems . bayesian network . text mining . bagging . maximum likelihood estimation . graphical models . markov chain monte carlo . k means . earley parsing . propositional logic . gradient descent . search engine indexing . tokenization . textual entailment . constraint satisfaction . beam search . recommendation system . matrix multiplication . differential ""]",bert,,sentence-transformers/all-mpnet-base-v2
117,gradient descent,gradient descent,"[""phonetics . speech recognition . crowdsourcing . matrix factorization . spectral methods . genetic algorithms . ensemble learning . expert systems . bayesian network . text mining . bagging . maximum likelihood estimation . graphical models . markov chain monte carlo . k means . earley parsing . propositional logic . gradient descent . search engine indexing . tokenization . textual entailment . constraint satisfaction . beam search . recommendation system . matrix multiplication . differential ""]",bert,,sentence-transformers/all-mpnet-base-v2
118,search engine indexing,search engine indexing,"[""phonetics . speech recognition . crowdsourcing . matrix factorization . spectral methods . genetic algorithms . ensemble learning . expert systems . bayesian network . text mining . bagging . maximum likelihood estimation . graphical models . markov chain monte carlo . k means . earley parsing . propositional logic . gradient descent . search engine indexing . tokenization . textual entailment . constraint satisfaction . beam search . recommendation system . matrix multiplication . differential ""]",bert,,sentence-transformers/all-mpnet-base-v2
119,tokenization,tokenization,"[""phonetics . speech recognition . crowdsourcing . matrix factorization . spectral methods . genetic algorithms . ensemble learning . expert systems . bayesian network . text mining . bagging . maximum likelihood estimation . graphical models . markov chain monte carlo . k means . earley parsing . propositional logic . gradient descent . search engine indexing . tokenization . textual entailment . constraint satisfaction . beam search . recommendation system . matrix multiplication . differential ""]",bert,,sentence-transformers/all-mpnet-base-v2
120,textual entailment,textual entailment,"[""phonetics . speech recognition . crowdsourcing . matrix factorization . spectral methods . genetic algorithms . ensemble learning . expert systems . bayesian network . text mining . bagging . maximum likelihood estimation . graphical models . markov chain monte carlo . k means . earley parsing . propositional logic . gradient descent . search engine indexing . tokenization . textual entailment . constraint satisfaction . beam search . recommendation system . matrix multiplication . differential ""]",bert,,sentence-transformers/all-mpnet-base-v2
121,constraint satisfaction,constraint satisfaction,"[""phonetics . speech recognition . crowdsourcing . matrix factorization . spectral methods . genetic algorithms . ensemble learning . expert systems . bayesian network . text mining . bagging . maximum likelihood estimation . graphical models . markov chain monte carlo . k means . earley parsing . propositional logic . gradient descent . search engine indexing . tokenization . textual entailment . constraint satisfaction . beam search . recommendation system . matrix multiplication . differential ""]",bert,,sentence-transformers/all-mpnet-base-v2
122,beam search,beam search,"[""phonetics . speech recognition . crowdsourcing . matrix factorization . spectral methods . genetic algorithms . ensemble learning . expert systems . bayesian network . text mining . bagging . maximum likelihood estimation . graphical models . markov chain monte carlo . k means . earley parsing . propositional logic . gradient descent . search engine indexing . tokenization . textual entailment . constraint satisfaction . beam search . recommendation system . matrix multiplication . differential ""]",bert,,sentence-transformers/all-mpnet-base-v2
123,recommendation system,recommendation system,"[""phonetics . speech recognition . crowdsourcing . matrix factorization . spectral methods . genetic algorithms . ensemble learning . expert systems . bayesian network . text mining . bagging . maximum likelihood estimation . graphical models . markov chain monte carlo . k means . earley parsing . propositional logic . gradient descent . search engine indexing . tokenization . textual entailment . constraint satisfaction . beam search . recommendation system . matrix multiplication . differential ""]",bert,,sentence-transformers/all-mpnet-base-v2
124,matrix multiplication,matrix multiplication,"[""phonetics . speech recognition . crowdsourcing . matrix factorization . spectral methods . genetic algorithms . ensemble learning . expert systems . bayesian network . text mining . bagging . maximum likelihood estimation . graphical models . markov chain monte carlo . k means . earley parsing . propositional logic . gradient descent . search engine indexing . tokenization . textual entailment . constraint satisfaction . beam search . recommendation system . matrix multiplication . differential ""]",bert,,sentence-transformers/all-mpnet-base-v2
125,differential calculus,differential calculus,"[""phonetics . speech recognition . crowdsourcing . matrix factorization . spectral methods . genetic algorithms . ensemble learning . expert systems . bayesian network . text mining . bagging . maximum likelihood estimation . graphical models . markov chain monte carlo . k means . earley parsing . propositional logic . gradient descent . search engine indexing . tokenization . textual entailment . constraint satisfaction . beam search . recommendation system . matrix multiplication . differential ""]",bert,,sentence-transformers/all-mpnet-base-v2
126,facial recognition systems,facial recognition systems,"[""phonetics . speech recognition . crowdsourcing . matrix factorization . spectral methods . genetic algorithms . ensemble learning . expert systems . bayesian network . text mining . bagging . maximum likelihood estimation . graphical models . markov chain monte carlo . k means . earley parsing . propositional logic . gradient descent . search engine indexing . tokenization . textual entailment . constraint satisfaction . beam search . recommendation system . matrix multiplication . differential ""]",bert,,sentence-transformers/all-mpnet-base-v2
127,backpropagation through time,backpropagation through time,"[""phonetics . speech recognition . crowdsourcing . matrix factorization . spectral methods . genetic algorithms . ensemble learning . expert systems . bayesian network . text mining . bagging . maximum likelihood estimation . graphical models . markov chain monte carlo . k means . earley parsing . propositional logic . gradient descent . search engine indexing . tokenization . textual entailment . constraint satisfaction . beam search . recommendation system . matrix multiplication . differential ""]",bert,,sentence-transformers/all-mpnet-base-v2
128,grammar checker,grammar checker,"[""phonetics . speech recognition . crowdsourcing . matrix factorization . spectral methods . genetic algorithms . ensemble learning . expert systems . bayesian network . text mining . bagging . maximum likelihood estimation . graphical models . markov chain monte carlo . k means . earley parsing . propositional logic . gradient descent . search engine indexing . tokenization . textual entailment . constraint satisfaction . beam search . recommendation system . matrix multiplication . differential ""]",bert,,sentence-transformers/all-mpnet-base-v2
129,shift-reduce parsing,shift-reduce parsing,"[""phonetics . speech recognition . crowdsourcing . matrix factorization . spectral methods . genetic algorithms . ensemble learning . expert systems . bayesian network . text mining . bagging . maximum likelihood estimation . graphical models . markov chain monte carlo . k means . earley parsing . propositional logic . gradient descent . search engine indexing . tokenization . textual entailment . constraint satisfaction . beam search . recommendation system . matrix multiplication . differential ""]",bert,,sentence-transformers/all-mpnet-base-v2
130,speech synthesis,speech synthesis,"[""phonetics . speech recognition . crowdsourcing . matrix factorization . spectral methods . genetic algorithms . ensemble learning . expert systems . bayesian network . text mining . bagging . maximum likelihood estimation . graphical models . markov chain monte carlo . k means . earley parsing . propositional logic . gradient descent . search engine indexing . tokenization . textual entailment . constraint satisfaction . beam search . recommendation system . matrix multiplication . differential ""]",bert,,sentence-transformers/all-mpnet-base-v2
131,caption generation,caption generation,"[""phonetics . speech recognition . crowdsourcing . matrix factorization . spectral methods . genetic algorithms . ensemble learning . expert systems . bayesian network . text mining . bagging . maximum likelihood estimation . graphical models . markov chain monte carlo . k means . earley parsing . propositional logic . gradient descent . search engine indexing . tokenization . textual entailment . constraint satisfaction . beam search . recommendation system . matrix multiplication . differential ""]",bert,,sentence-transformers/all-mpnet-base-v2
132,linear programming,linear programming,"[""phonetics . speech recognition . crowdsourcing . matrix factorization . spectral methods . genetic algorithms . ensemble learning . expert systems . bayesian network . text mining . bagging . maximum likelihood estimation . graphical models . markov chain monte carlo . k means . earley parsing . propositional logic . gradient descent . search engine indexing . tokenization . textual entailment . constraint satisfaction . beam search . recommendation system . matrix multiplication . differential ""]",bert,,sentence-transformers/all-mpnet-base-v2
133,inference,inference,"[""phonetics . speech recognition . crowdsourcing . matrix factorization . spectral methods . genetic algorithms . ensemble learning . expert systems . bayesian network . text mining . bagging . maximum likelihood estimation . graphical models . markov chain monte carlo . k means . earley parsing . propositional logic . gradient descent . search engine indexing . tokenization . textual entailment . constraint satisfaction . beam search . recommendation system . matrix multiplication . differential ""]",bert,,sentence-transformers/all-mpnet-base-v2
134,long short-term memory networks,long short-term memory networks,"[""phonetics . speech recognition . crowdsourcing . matrix factorization . spectral methods . genetic algorithms . ensemble learning . expert systems . bayesian network . text mining . bagging . maximum likelihood estimation . graphical models . markov chain monte carlo . k means . earley parsing . propositional logic . gradient descent . search engine indexing . tokenization . textual entailment . constraint satisfaction . beam search . recommendation system . matrix multiplication . differential ""]",bert,,sentence-transformers/all-mpnet-base-v2
135,wordnet,wordnet,"[""phonetics . speech recognition . crowdsourcing . matrix factorization . spectral methods . genetic algorithms . ensemble learning . expert systems . bayesian network . text mining . bagging . maximum likelihood estimation . graphical models . markov chain monte carlo . k means . earley parsing . propositional logic . gradient descent . search engine indexing . tokenization . textual entailment . constraint satisfaction . beam search . recommendation system . matrix multiplication . differential ""]",bert,,sentence-transformers/all-mpnet-base-v2
136,natural language interfaces,natural language interfaces,"[""phonetics . speech recognition . crowdsourcing . matrix factorization . spectral methods . genetic algorithms . ensemble learning . expert systems . bayesian network . text mining . bagging . maximum likelihood estimation . graphical models . markov chain monte carlo . k means . earley parsing . propositional logic . gradient descent . search engine indexing . tokenization . textual entailment . constraint satisfaction . beam search . recommendation system . matrix multiplication . differential ""]",bert,,sentence-transformers/all-mpnet-base-v2
137,probabilistic context-free grammars,probabilistic context-free grammars,"[""phonetics . speech recognition . crowdsourcing . matrix factorization . spectral methods . genetic algorithms . ensemble learning . expert systems . bayesian network . text mining . bagging . maximum likelihood estimation . graphical models . markov chain monte carlo . k means . earley parsing . propositional logic . gradient descent . search engine indexing . tokenization . textual entailment . constraint satisfaction . beam search . recommendation system . matrix multiplication . differential ""]",bert,,sentence-transformers/all-mpnet-base-v2
138,paraphrasing,paraphrasing,"[""phonetics . speech recognition . crowdsourcing . matrix factorization . spectral methods . genetic algorithms . ensemble learning . expert systems . bayesian network . text mining . bagging . maximum likelihood estimation . graphical models . markov chain monte carlo . k means . earley parsing . propositional logic . gradient descent . search engine indexing . tokenization . textual entailment . constraint satisfaction . beam search . recommendation system . matrix multiplication . differential ""]",bert,,sentence-transformers/all-mpnet-base-v2
139,spectral clustering,spectral clustering,"[""phonetics . speech recognition . crowdsourcing . matrix factorization . spectral methods . genetic algorithms . ensemble learning . expert systems . bayesian network . text mining . bagging . maximum likelihood estimation . graphical models . markov chain monte carlo . k means . earley parsing . propositional logic . gradient descent . search engine indexing . tokenization . textual entailment . constraint satisfaction . beam search . recommendation system . matrix multiplication . differential ""]",bert,,sentence-transformers/all-mpnet-base-v2
140,particle filter,particle filter,"[""phonetics . speech recognition . crowdsourcing . matrix factorization . spectral methods . genetic algorithms . ensemble learning . expert systems . bayesian network . text mining . bagging . maximum likelihood estimation . graphical models . markov chain monte carlo . k means . earley parsing . propositional logic . gradient descent . search engine indexing . tokenization . textual entailment . constraint satisfaction . beam search . recommendation system . matrix multiplication . differential ""]",bert,,sentence-transformers/all-mpnet-base-v2
141,prosody,prosody,"[""phonetics . speech recognition . crowdsourcing . matrix factorization . spectral methods . genetic algorithms . ensemble learning . expert systems . bayesian network . text mining . bagging . maximum likelihood estimation . graphical models . markov chain monte carlo . k means . earley parsing . propositional logic . gradient descent . search engine indexing . tokenization . textual entailment . constraint satisfaction . beam search . recommendation system . matrix multiplication . differential ""]",bert,,sentence-transformers/all-mpnet-base-v2
142,dynamic programming,dynamic programming,"[""phonetics . speech recognition . crowdsourcing . matrix factorization . spectral methods . genetic algorithms . ensemble learning . expert systems . bayesian network . text mining . bagging . maximum likelihood estimation . graphical models . markov chain monte carlo . k means . earley parsing . propositional logic . gradient descent . search engine indexing . tokenization . textual entailment . constraint satisfaction . beam search . recommendation system . matrix multiplication . differential ""]",bert,,sentence-transformers/all-mpnet-base-v2
143,language acquisition,language acquisition,"[""phonetics . speech recognition . crowdsourcing . matrix factorization . spectral methods . genetic algorithms . ensemble learning . expert systems . bayesian network . text mining . bagging . maximum likelihood estimation . graphical models . markov chain monte carlo . k means . earley parsing . propositional logic . gradient descent . search engine indexing . tokenization . textual entailment . constraint satisfaction . beam search . recommendation system . matrix multiplication . differential ""]",bert,,sentence-transformers/all-mpnet-base-v2
144,spelling correction,spelling correction,"[""phonetics . speech recognition . crowdsourcing . matrix factorization . spectral methods . genetic algorithms . ensemble learning . expert systems . bayesian network . text mining . bagging . maximum likelihood estimation . graphical models . markov chain monte carlo . k means . earley parsing . propositional logic . gradient descent . search engine indexing . tokenization . textual entailment . constraint satisfaction . beam search . recommendation system . matrix multiplication . differential ""]",bert,,sentence-transformers/all-mpnet-base-v2
145,log-linear models,log-linear models,"[""phonetics . speech recognition . crowdsourcing . matrix factorization . spectral methods . genetic algorithms . ensemble learning . expert systems . bayesian network . text mining . bagging . maximum likelihood estimation . graphical models . markov chain monte carlo . k means . earley parsing . propositional logic . gradient descent . search engine indexing . tokenization . textual entailment . constraint satisfaction . beam search . recommendation system . matrix multiplication . differential ""]",bert,,sentence-transformers/all-mpnet-base-v2
146,gated recurrent units,gated recurrent units,"[""phonetics . speech recognition . crowdsourcing . matrix factorization . spectral methods . genetic algorithms . ensemble learning . expert systems . bayesian network . text mining . bagging . maximum likelihood estimation . graphical models . markov chain monte carlo . k means . earley parsing . propositional logic . gradient descent . search engine indexing . tokenization . textual entailment . constraint satisfaction . beam search . recommendation system . matrix multiplication . differential ""]",bert,,sentence-transformers/all-mpnet-base-v2
147,gibbs sampling,gibbs sampling,"[""phonetics . speech recognition . crowdsourcing . matrix factorization . spectral methods . genetic algorithms . ensemble learning . expert systems . bayesian network . text mining . bagging . maximum likelihood estimation . graphical models . markov chain monte carlo . k means . earley parsing . propositional logic . gradient descent . search engine indexing . tokenization . textual entailment . constraint satisfaction . beam search . recommendation system . matrix multiplication . differential ""]",bert,,sentence-transformers/all-mpnet-base-v2
148,statistical machine translation,statistical machine translation,"[""phonetics . speech recognition . crowdsourcing . matrix factorization . spectral methods . genetic algorithms . ensemble learning . expert systems . bayesian network . text mining . bagging . maximum likelihood estimation . graphical models . markov chain monte carlo . k means . earley parsing . propositional logic . gradient descent . search engine indexing . tokenization . textual entailment . constraint satisfaction . beam search . recommendation system . matrix multiplication . differential ""]",bert,,sentence-transformers/all-mpnet-base-v2
149,compositional semantics,compositional semantics,"[""phonetics . speech recognition . crowdsourcing . matrix factorization . spectral methods . genetic algorithms . ensemble learning . expert systems . bayesian network . text mining . bagging . maximum likelihood estimation . graphical models . markov chain monte carlo . k means . earley parsing . propositional logic . gradient descent . search engine indexing . tokenization . textual entailment . constraint satisfaction . beam search . recommendation system . matrix multiplication . differential ""]",bert,,sentence-transformers/all-mpnet-base-v2
150,edit distance,edit distance,"[""edit distance . chomsky hierarchy . conditional probability . linear discriminant analysis . artificial neural network . bag of words model . bias-variance tradeoff . computer vision . image retrieval . imagenet . object detection . n-gram . singular-value decomposition . t-sne . loss function . monte carlo tree search . structured prediction . feature learning . normalization . regularization . data preprocessing . robotic locomotion . human-robot interaction . network theory . entropy . cross ""]",bert,,sentence-transformers/all-mpnet-base-v2
151,chomsky hierarchy,chomsky hierarchy,"[""edit distance . chomsky hierarchy . conditional probability . linear discriminant analysis . artificial neural network . bag of words model . bias-variance tradeoff . computer vision . image retrieval . imagenet . object detection . n-gram . singular-value decomposition . t-sne . loss function . monte carlo tree search . structured prediction . feature learning . normalization . regularization . data preprocessing . robotic locomotion . human-robot interaction . network theory . entropy . cross ""]",bert,,sentence-transformers/all-mpnet-base-v2
152,conditional probability,conditional probability,"[""edit distance . chomsky hierarchy . conditional probability . linear discriminant analysis . artificial neural network . bag of words model . bias-variance tradeoff . computer vision . image retrieval . imagenet . object detection . n-gram . singular-value decomposition . t-sne . loss function . monte carlo tree search . structured prediction . feature learning . normalization . regularization . data preprocessing . robotic locomotion . human-robot interaction . network theory . entropy . cross ""]",bert,,sentence-transformers/all-mpnet-base-v2
153,linear discriminant analysis,linear discriminant analysis,"[""edit distance . chomsky hierarchy . conditional probability . linear discriminant analysis . artificial neural network . bag of words model . bias-variance tradeoff . computer vision . image retrieval . imagenet . object detection . n-gram . singular-value decomposition . t-sne . loss function . monte carlo tree search . structured prediction . feature learning . normalization . regularization . data preprocessing . robotic locomotion . human-robot interaction . network theory . entropy . cross ""]",bert,,sentence-transformers/all-mpnet-base-v2
154,artificial neural network,artificial neural network,"[""edit distance . chomsky hierarchy . conditional probability . linear discriminant analysis . artificial neural network . bag of words model . bias-variance tradeoff . computer vision . image retrieval . imagenet . object detection . n-gram . singular-value decomposition . t-sne . loss function . monte carlo tree search . structured prediction . feature learning . normalization . regularization . data preprocessing . robotic locomotion . human-robot interaction . network theory . entropy . cross ""]",bert,,sentence-transformers/all-mpnet-base-v2
155,bag of words model,bag of words model,"[""edit distance . chomsky hierarchy . conditional probability . linear discriminant analysis . artificial neural network . bag of words model . bias-variance tradeoff . computer vision . image retrieval . imagenet . object detection . n-gram . singular-value decomposition . t-sne . loss function . monte carlo tree search . structured prediction . feature learning . normalization . regularization . data preprocessing . robotic locomotion . human-robot interaction . network theory . entropy . cross ""]",bert,,sentence-transformers/all-mpnet-base-v2
156,bias-variance tradeoff,bias-variance tradeoff,"[""edit distance . chomsky hierarchy . conditional probability . linear discriminant analysis . artificial neural network . bag of words model . bias-variance tradeoff . computer vision . image retrieval . imagenet . object detection . n-gram . singular-value decomposition . t-sne . loss function . monte carlo tree search . structured prediction . feature learning . normalization . regularization . data preprocessing . robotic locomotion . human-robot interaction . network theory . entropy . cross ""]",bert,,sentence-transformers/all-mpnet-base-v2
157,computer vision,computer vision,"[""edit distance . chomsky hierarchy . conditional probability . linear discriminant analysis . artificial neural network . bag of words model . bias-variance tradeoff . computer vision . image retrieval . imagenet . object detection . n-gram . singular-value decomposition . t-sne . loss function . monte carlo tree search . structured prediction . feature learning . normalization . regularization . data preprocessing . robotic locomotion . human-robot interaction . network theory . entropy . cross ""]",bert,,sentence-transformers/all-mpnet-base-v2
158,image retrieval,image retrieval,"[""edit distance . chomsky hierarchy . conditional probability . linear discriminant analysis . artificial neural network . bag of words model . bias-variance tradeoff . computer vision . image retrieval . imagenet . object detection . n-gram . singular-value decomposition . t-sne . loss function . monte carlo tree search . structured prediction . feature learning . normalization . regularization . data preprocessing . robotic locomotion . human-robot interaction . network theory . entropy . cross ""]",bert,,sentence-transformers/all-mpnet-base-v2
159,imagenet,imagenet,"[""edit distance . chomsky hierarchy . conditional probability . linear discriminant analysis . artificial neural network . bag of words model . bias-variance tradeoff . computer vision . image retrieval . imagenet . object detection . n-gram . singular-value decomposition . t-sne . loss function . monte carlo tree search . structured prediction . feature learning . normalization . regularization . data preprocessing . robotic locomotion . human-robot interaction . network theory . entropy . cross ""]",bert,,sentence-transformers/all-mpnet-base-v2
160,object detection,object detection,"[""edit distance . chomsky hierarchy . conditional probability . linear discriminant analysis . artificial neural network . bag of words model . bias-variance tradeoff . computer vision . image retrieval . imagenet . object detection . n-gram . singular-value decomposition . t-sne . loss function . monte carlo tree search . structured prediction . feature learning . normalization . regularization . data preprocessing . robotic locomotion . human-robot interaction . network theory . entropy . cross ""]",bert,,sentence-transformers/all-mpnet-base-v2
161,n-gram,n-gram,"[""edit distance . chomsky hierarchy . conditional probability . linear discriminant analysis . artificial neural network . bag of words model . bias-variance tradeoff . computer vision . image retrieval . imagenet . object detection . n-gram . singular-value decomposition . t-sne . loss function . monte carlo tree search . structured prediction . feature learning . normalization . regularization . data preprocessing . robotic locomotion . human-robot interaction . network theory . entropy . cross ""]",bert,,sentence-transformers/all-mpnet-base-v2
162,singular-value decomposition,singular-value decomposition,"[""edit distance . chomsky hierarchy . conditional probability . linear discriminant analysis . artificial neural network . bag of words model . bias-variance tradeoff . computer vision . image retrieval . imagenet . object detection . n-gram . singular-value decomposition . t-sne . loss function . monte carlo tree search . structured prediction . feature learning . normalization . regularization . data preprocessing . robotic locomotion . human-robot interaction . network theory . entropy . cross ""]",bert,,sentence-transformers/all-mpnet-base-v2
163,t-sne,t-sne,"[""edit distance . chomsky hierarchy . conditional probability . linear discriminant analysis . artificial neural network . bag of words model . bias-variance tradeoff . computer vision . image retrieval . imagenet . object detection . n-gram . singular-value decomposition . t-sne . loss function . monte carlo tree search . structured prediction . feature learning . normalization . regularization . data preprocessing . robotic locomotion . human-robot interaction . network theory . entropy . cross ""]",bert,,sentence-transformers/all-mpnet-base-v2
164,loss function,loss function,"[""edit distance . chomsky hierarchy . conditional probability . linear discriminant analysis . artificial neural network . bag of words model . bias-variance tradeoff . computer vision . image retrieval . imagenet . object detection . n-gram . singular-value decomposition . t-sne . loss function . monte carlo tree search . structured prediction . feature learning . normalization . regularization . data preprocessing . robotic locomotion . human-robot interaction . network theory . entropy . cross ""]",bert,,sentence-transformers/all-mpnet-base-v2
165,monte carlo tree search,monte carlo tree search,"[""edit distance . chomsky hierarchy . conditional probability . linear discriminant analysis . artificial neural network . bag of words model . bias-variance tradeoff . computer vision . image retrieval . imagenet . object detection . n-gram . singular-value decomposition . t-sne . loss function . monte carlo tree search . structured prediction . feature learning . normalization . regularization . data preprocessing . robotic locomotion . human-robot interaction . network theory . entropy . cross ""]",bert,,sentence-transformers/all-mpnet-base-v2
166,structured prediction,structured prediction,"[""edit distance . chomsky hierarchy . conditional probability . linear discriminant analysis . artificial neural network . bag of words model . bias-variance tradeoff . computer vision . image retrieval . imagenet . object detection . n-gram . singular-value decomposition . t-sne . loss function . monte carlo tree search . structured prediction . feature learning . normalization . regularization . data preprocessing . robotic locomotion . human-robot interaction . network theory . entropy . cross ""]",bert,,sentence-transformers/all-mpnet-base-v2
167,feature learning,feature learning,"[""edit distance . chomsky hierarchy . conditional probability . linear discriminant analysis . artificial neural network . bag of words model . bias-variance tradeoff . computer vision . image retrieval . imagenet . object detection . n-gram . singular-value decomposition . t-sne . loss function . monte carlo tree search . structured prediction . feature learning . normalization . regularization . data preprocessing . robotic locomotion . human-robot interaction . network theory . entropy . cross ""]",bert,,sentence-transformers/all-mpnet-base-v2
168,normalization,normalization,"[""edit distance . chomsky hierarchy . conditional probability . linear discriminant analysis . artificial neural network . bag of words model . bias-variance tradeoff . computer vision . image retrieval . imagenet . object detection . n-gram . singular-value decomposition . t-sne . loss function . monte carlo tree search . structured prediction . feature learning . normalization . regularization . data preprocessing . robotic locomotion . human-robot interaction . network theory . entropy . cross ""]",bert,,sentence-transformers/all-mpnet-base-v2
169,regularization,regularization,"[""edit distance . chomsky hierarchy . conditional probability . linear discriminant analysis . artificial neural network . bag of words model . bias-variance tradeoff . computer vision . image retrieval . imagenet . object detection . n-gram . singular-value decomposition . t-sne . loss function . monte carlo tree search . structured prediction . feature learning . normalization . regularization . data preprocessing . robotic locomotion . human-robot interaction . network theory . entropy . cross ""]",bert,,sentence-transformers/all-mpnet-base-v2
170,data preprocessing,data preprocessing,"[""edit distance . chomsky hierarchy . conditional probability . linear discriminant analysis . artificial neural network . bag of words model . bias-variance tradeoff . computer vision . image retrieval . imagenet . object detection . n-gram . singular-value decomposition . t-sne . loss function . monte carlo tree search . structured prediction . feature learning . normalization . regularization . data preprocessing . robotic locomotion . human-robot interaction . network theory . entropy . cross ""]",bert,,sentence-transformers/all-mpnet-base-v2
171,robotic locomotion,robotic locomotion,"[""edit distance . chomsky hierarchy . conditional probability . linear discriminant analysis . artificial neural network . bag of words model . bias-variance tradeoff . computer vision . image retrieval . imagenet . object detection . n-gram . singular-value decomposition . t-sne . loss function . monte carlo tree search . structured prediction . feature learning . normalization . regularization . data preprocessing . robotic locomotion . human-robot interaction . network theory . entropy . cross ""]",bert,,sentence-transformers/all-mpnet-base-v2
172,human-robot interaction,human-robot interaction,"[""edit distance . chomsky hierarchy . conditional probability . linear discriminant analysis . artificial neural network . bag of words model . bias-variance tradeoff . computer vision . image retrieval . imagenet . object detection . n-gram . singular-value decomposition . t-sne . loss function . monte carlo tree search . structured prediction . feature learning . normalization . regularization . data preprocessing . robotic locomotion . human-robot interaction . network theory . entropy . cross ""]",bert,,sentence-transformers/all-mpnet-base-v2
173,network theory,network theory,"[""edit distance . chomsky hierarchy . conditional probability . linear discriminant analysis . artificial neural network . bag of words model . bias-variance tradeoff . computer vision . image retrieval . imagenet . object detection . n-gram . singular-value decomposition . t-sne . loss function . monte carlo tree search . structured prediction . feature learning . normalization . regularization . data preprocessing . robotic locomotion . human-robot interaction . network theory . entropy . cross ""]",bert,,sentence-transformers/all-mpnet-base-v2
174,entropy,entropy,"[""edit distance . chomsky hierarchy . conditional probability . linear discriminant analysis . artificial neural network . bag of words model . bias-variance tradeoff . computer vision . image retrieval . imagenet . object detection . n-gram . singular-value decomposition . t-sne . loss function . monte carlo tree search . structured prediction . feature learning . normalization . regularization . data preprocessing . robotic locomotion . human-robot interaction . network theory . entropy . cross ""]",bert,,sentence-transformers/all-mpnet-base-v2
175,cross entropy,cross entropy,"[""edit distance . chomsky hierarchy . conditional probability . linear discriminant analysis . artificial neural network . bag of words model . bias-variance tradeoff . computer vision . image retrieval . imagenet . object detection . n-gram . singular-value decomposition . t-sne . loss function . monte carlo tree search . structured prediction . feature learning . normalization . regularization . data preprocessing . robotic locomotion . human-robot interaction . network theory . entropy . cross ""]",bert,,sentence-transformers/all-mpnet-base-v2
176,activation functions,activation functions,"[""edit distance . chomsky hierarchy . conditional probability . linear discriminant analysis . artificial neural network . bag of words model . bias-variance tradeoff . computer vision . image retrieval . imagenet . object detection . n-gram . singular-value decomposition . t-sne . loss function . monte carlo tree search . structured prediction . feature learning . normalization . regularization . data preprocessing . robotic locomotion . human-robot interaction . network theory . entropy . cross ""]",bert,,sentence-transformers/all-mpnet-base-v2
177,kullback-leibler divergence,kullback-leibler divergence,"[""edit distance . chomsky hierarchy . conditional probability . linear discriminant analysis . artificial neural network . bag of words model . bias-variance tradeoff . computer vision . image retrieval . imagenet . object detection . n-gram . singular-value decomposition . t-sne . loss function . monte carlo tree search . structured prediction . feature learning . normalization . regularization . data preprocessing . robotic locomotion . human-robot interaction . network theory . entropy . cross ""]",bert,,sentence-transformers/all-mpnet-base-v2
178,bidirectional recurrent neural networks,bidirectional recurrent neural networks,"[""edit distance . chomsky hierarchy . conditional probability . linear discriminant analysis . artificial neural network . bag of words model . bias-variance tradeoff . computer vision . image retrieval . imagenet . object detection . n-gram . singular-value decomposition . t-sne . loss function . monte carlo tree search . structured prediction . feature learning . normalization . regularization . data preprocessing . robotic locomotion . human-robot interaction . network theory . entropy . cross ""]",bert,,sentence-transformers/all-mpnet-base-v2
179,query expansion,query expansion,"[""edit distance . chomsky hierarchy . conditional probability . linear discriminant analysis . artificial neural network . bag of words model . bias-variance tradeoff . computer vision . image retrieval . imagenet . object detection . n-gram . singular-value decomposition . t-sne . loss function . monte carlo tree search . structured prediction . feature learning . normalization . regularization . data preprocessing . robotic locomotion . human-robot interaction . network theory . entropy . cross ""]",bert,,sentence-transformers/all-mpnet-base-v2
180,bio text mining,bio text mining,"[""edit distance . chomsky hierarchy . conditional probability . linear discriminant analysis . artificial neural network . bag of words model . bias-variance tradeoff . computer vision . image retrieval . imagenet . object detection . n-gram . singular-value decomposition . t-sne . loss function . monte carlo tree search . structured prediction . feature learning . normalization . regularization . data preprocessing . robotic locomotion . human-robot interaction . network theory . entropy . cross ""]",bert,,sentence-transformers/all-mpnet-base-v2
181,collaborative filtering,collaborative filtering,"[""edit distance . chomsky hierarchy . conditional probability . linear discriminant analysis . artificial neural network . bag of words model . bias-variance tradeoff . computer vision . image retrieval . imagenet . object detection . n-gram . singular-value decomposition . t-sne . loss function . monte carlo tree search . structured prediction . feature learning . normalization . regularization . data preprocessing . robotic locomotion . human-robot interaction . network theory . entropy . cross ""]",bert,,sentence-transformers/all-mpnet-base-v2
182,character level language models,character level language models,"[""edit distance . chomsky hierarchy . conditional probability . linear discriminant analysis . artificial neural network . bag of words model . bias-variance tradeoff . computer vision . image retrieval . imagenet . object detection . n-gram . singular-value decomposition . t-sne . loss function . monte carlo tree search . structured prediction . feature learning . normalization . regularization . data preprocessing . robotic locomotion . human-robot interaction . network theory . entropy . cross ""]",bert,,sentence-transformers/all-mpnet-base-v2
183,hierarchical models,hierarchical models,"[""edit distance . chomsky hierarchy . conditional probability . linear discriminant analysis . artificial neural network . bag of words model . bias-variance tradeoff . computer vision . image retrieval . imagenet . object detection . n-gram . singular-value decomposition . t-sne . loss function . monte carlo tree search . structured prediction . feature learning . normalization . regularization . data preprocessing . robotic locomotion . human-robot interaction . network theory . entropy . cross ""]",bert,,sentence-transformers/all-mpnet-base-v2
184,smoothing and backoff,smoothing and backoff,"[""edit distance . chomsky hierarchy . conditional probability . linear discriminant analysis . artificial neural network . bag of words model . bias-variance tradeoff . computer vision . image retrieval . imagenet . object detection . n-gram . singular-value decomposition . t-sne . loss function . monte carlo tree search . structured prediction . feature learning . normalization . regularization . data preprocessing . robotic locomotion . human-robot interaction . network theory . entropy . cross ""]",bert,,sentence-transformers/all-mpnet-base-v2
185,policy gradient methods,policy gradient methods,"[""edit distance . chomsky hierarchy . conditional probability . linear discriminant analysis . artificial neural network . bag of words model . bias-variance tradeoff . computer vision . image retrieval . imagenet . object detection . n-gram . singular-value decomposition . t-sne . loss function . monte carlo tree search . structured prediction . feature learning . normalization . regularization . data preprocessing . robotic locomotion . human-robot interaction . network theory . entropy . cross ""]",bert,,sentence-transformers/all-mpnet-base-v2
186,crawling the web,crawling the web,"[""edit distance . chomsky hierarchy . conditional probability . linear discriminant analysis . artificial neural network . bag of words model . bias-variance tradeoff . computer vision . image retrieval . imagenet . object detection . n-gram . singular-value decomposition . t-sne . loss function . monte carlo tree search . structured prediction . feature learning . normalization . regularization . data preprocessing . robotic locomotion . human-robot interaction . network theory . entropy . cross ""]",bert,,sentence-transformers/all-mpnet-base-v2
187,citation networks,citation networks,"[""edit distance . chomsky hierarchy . conditional probability . linear discriminant analysis . artificial neural network . bag of words model . bias-variance tradeoff . computer vision . image retrieval . imagenet . object detection . n-gram . singular-value decomposition . t-sne . loss function . monte carlo tree search . structured prediction . feature learning . normalization . regularization . data preprocessing . robotic locomotion . human-robot interaction . network theory . entropy . cross ""]",bert,,sentence-transformers/all-mpnet-base-v2
188,greedy algorithms,greedy algorithms,"[""edit distance . chomsky hierarchy . conditional probability . linear discriminant analysis . artificial neural network . bag of words model . bias-variance tradeoff . computer vision . image retrieval . imagenet . object detection . n-gram . singular-value decomposition . t-sne . loss function . monte carlo tree search . structured prediction . feature learning . normalization . regularization . data preprocessing . robotic locomotion . human-robot interaction . network theory . entropy . cross ""]",bert,,sentence-transformers/all-mpnet-base-v2
189,pointer networks,pointer networks,"[""edit distance . chomsky hierarchy . conditional probability . linear discriminant analysis . artificial neural network . bag of words model . bias-variance tradeoff . computer vision . image retrieval . imagenet . object detection . n-gram . singular-value decomposition . t-sne . loss function . monte carlo tree search . structured prediction . feature learning . normalization . regularization . data preprocessing . robotic locomotion . human-robot interaction . network theory . entropy . cross ""]",bert,,sentence-transformers/all-mpnet-base-v2
190,document representation,document representation,"[""edit distance . chomsky hierarchy . conditional probability . linear discriminant analysis . artificial neural network . bag of words model . bias-variance tradeoff . computer vision . image retrieval . imagenet . object detection . n-gram . singular-value decomposition . t-sne . loss function . monte carlo tree search . structured prediction . feature learning . normalization . regularization . data preprocessing . robotic locomotion . human-robot interaction . network theory . entropy . cross ""]",bert,,sentence-transformers/all-mpnet-base-v2
191,seq2seq,seq2seq,"[""edit distance . chomsky hierarchy . conditional probability . linear discriminant analysis . artificial neural network . bag of words model . bias-variance tradeoff . computer vision . image retrieval . imagenet . object detection . n-gram . singular-value decomposition . t-sne . loss function . monte carlo tree search . structured prediction . feature learning . normalization . regularization . data preprocessing . robotic locomotion . human-robot interaction . network theory . entropy . cross ""]",bert,,sentence-transformers/all-mpnet-base-v2
192,game playing in ai,game playing in ai,"[""edit distance . chomsky hierarchy . conditional probability . linear discriminant analysis . artificial neural network . bag of words model . bias-variance tradeoff . computer vision . image retrieval . imagenet . object detection . n-gram . singular-value decomposition . t-sne . loss function . monte carlo tree search . structured prediction . feature learning . normalization . regularization . data preprocessing . robotic locomotion . human-robot interaction . network theory . entropy . cross ""]",bert,,sentence-transformers/all-mpnet-base-v2
193,graph convolutional networks,graph convolutional networks,"[""edit distance . chomsky hierarchy . conditional probability . linear discriminant analysis . artificial neural network . bag of words model . bias-variance tradeoff . computer vision . image retrieval . imagenet . object detection . n-gram . singular-value decomposition . t-sne . loss function . monte carlo tree search . structured prediction . feature learning . normalization . regularization . data preprocessing . robotic locomotion . human-robot interaction . network theory . entropy . cross ""]",bert,,sentence-transformers/all-mpnet-base-v2
194,lambda calculus,lambda calculus,"[""edit distance . chomsky hierarchy . conditional probability . linear discriminant analysis . artificial neural network . bag of words model . bias-variance tradeoff . computer vision . image retrieval . imagenet . object detection . n-gram . singular-value decomposition . t-sne . loss function . monte carlo tree search . structured prediction . feature learning . normalization . regularization . data preprocessing . robotic locomotion . human-robot interaction . network theory . entropy . cross ""]",bert,,sentence-transformers/all-mpnet-base-v2
195,highway networks,highway networks,"[""edit distance . chomsky hierarchy . conditional probability . linear discriminant analysis . artificial neural network . bag of words model . bias-variance tradeoff . computer vision . image retrieval . imagenet . object detection . n-gram . singular-value decomposition . t-sne . loss function . monte carlo tree search . structured prediction . feature learning . normalization . regularization . data preprocessing . robotic locomotion . human-robot interaction . network theory . entropy . cross ""]",bert,,sentence-transformers/all-mpnet-base-v2
196,stack lstm,stack lstm,"[""edit distance . chomsky hierarchy . conditional probability . linear discriminant analysis . artificial neural network . bag of words model . bias-variance tradeoff . computer vision . image retrieval . imagenet . object detection . n-gram . singular-value decomposition . t-sne . loss function . monte carlo tree search . structured prediction . feature learning . normalization . regularization . data preprocessing . robotic locomotion . human-robot interaction . network theory . entropy . cross ""]",bert,,sentence-transformers/all-mpnet-base-v2
197,multi-modal learning,multi-modal learning,"[""edit distance . chomsky hierarchy . conditional probability . linear discriminant analysis . artificial neural network . bag of words model . bias-variance tradeoff . computer vision . image retrieval . imagenet . object detection . n-gram . singular-value decomposition . t-sne . loss function . monte carlo tree search . structured prediction . feature learning . normalization . regularization . data preprocessing . robotic locomotion . human-robot interaction . network theory . entropy . cross ""]",bert,,sentence-transformers/all-mpnet-base-v2
198,linear algebra,linear algebra,"[""edit distance . chomsky hierarchy . conditional probability . linear discriminant analysis . artificial neural network . bag of words model . bias-variance tradeoff . computer vision . image retrieval . imagenet . object detection . n-gram . singular-value decomposition . t-sne . loss function . monte carlo tree search . structured prediction . feature learning . normalization . regularization . data preprocessing . robotic locomotion . human-robot interaction . network theory . entropy . cross ""]",bert,,sentence-transformers/all-mpnet-base-v2
199,probability,probability,"[""edit distance . chomsky hierarchy . conditional probability . linear discriminant analysis . artificial neural network . bag of words model . bias-variance tradeoff . computer vision . image retrieval . imagenet . object detection . n-gram . singular-value decomposition . t-sne . loss function . monte carlo tree search . structured prediction . feature learning . normalization . regularization . data preprocessing . robotic locomotion . human-robot interaction . network theory . entropy . cross ""]",bert,,sentence-transformers/all-mpnet-base-v2
200,descriptive statistics and hypothesis testing,descriptive statistics and hypothesis testing,"[""descriptive statistics and hypothesis testing . information theory: coding . data structures and algorithms . graph theory . relational databases . dual decomposition""]",bert,,sentence-transformers/all-mpnet-base-v2
201,information theory: coding,information theory: coding,"[""descriptive statistics and hypothesis testing . information theory: coding . data structures and algorithms . graph theory . relational databases . dual decomposition""]",bert,,sentence-transformers/all-mpnet-base-v2
202,data structures and algorithms,data structures and algorithms,"[""descriptive statistics and hypothesis testing . information theory: coding . data structures and algorithms . graph theory . relational databases . dual decomposition""]",bert,,sentence-transformers/all-mpnet-base-v2
203,graph theory,graph theory,"[""descriptive statistics and hypothesis testing . information theory: coding . data structures and algorithms . graph theory . relational databases . dual decomposition""]",bert,,sentence-transformers/all-mpnet-base-v2
204,relational databases,relational databases,"[""descriptive statistics and hypothesis testing . information theory: coding . data structures and algorithms . graph theory . relational databases . dual decomposition""]",bert,,sentence-transformers/all-mpnet-base-v2
205,dual decomposition,dual decomposition,"[""descriptive statistics and hypothesis testing . information theory: coding . data structures and algorithms . graph theory . relational databases . dual decomposition""]",bert,,sentence-transformers/all-mpnet-base-v2
