source_id,target_id,source_index,target_index,source,target,label,split,negative_type,similarity
337,300,337,300,world_wide_web,javascript,1,train,none,0.474123477935791
24,19,24,19,computer_programming,machine_learning,1,train,none,0.7154433727264404
24,126,24,126,computer_programming,abstraction_(computer_science),1,train,none,0.5605902671813965
14,122,14,122,randomness,stochastic_process,1,train,none,0.6467162370681763
15,24,15,24,computer_science,computer_programming,1,train,none,0.6746619343757629
6,121,6,121,algorithm,dynamic_programming,1,train,none,0.49864083528518677
24,85,24,85,computer_programming,software_engineering,1,train,none,0.691482424736023
15,365,15,365,computer_science,procedural_programming,1,train,none,0.463765025138855
256,267,256,267,computability,pushdown_automaton,1,train,none,0.35794582962989807
31,150,31,150,recursion,recursively_enumerable_set,1,train,none,0.6319377422332764
87,320,87,320,control_flow,software_testing,1,train,none,0.44158148765563965
58,147,58,147,artificial_intelligence,question_answering,1,train,none,0.5338889360427856
80,194,80,194,computer_network,network_security,1,train,none,0.5675925016403198
247,226,247,226,randomization,randomized_algorithm,1,train,none,0.856559157371521
1,215,1,215,mathematics,interpolation,1,train,none,0.3459710478782654
15,80,15,80,computer_science,computer_network,1,train,none,0.4675997197628021
1,36,1,36,mathematics,probability_theory,1,train,none,0.651864767074585
39,346,39,346,computer,input/output,1,train,none,0.6372528076171875
15,161,15,161,computer_science,quantum_computer,1,train,none,0.38051891326904297
145,306,145,306,numerical_analysis,round-off_error,1,train,none,0.4542964696884155
6,103,6,103,algorithm,string_searching_algorithm,1,train,none,0.47150880098342896
22,360,22,360,programming_language,denotational_semantics,1,train,none,0.6097984313964844
265,103,265,103,introduction_to_algorithms,string_searching_algorithm,1,train,none,0.37699365615844727
13,12,13,12,image_processing,computer_vision,1,train,none,0.6807225942611694
20,143,20,143,graph_theory,social_network,1,train,none,0.7676712870597839
17,285,17,285,database,database_system,1,train,none,0.8792479038238525
108,164,108,164,polynomial,linear_algebra,1,train,none,0.5791085958480835
5,4,5,4,natural_language,natural_language_processing,1,train,none,0.8474864959716797
94,163,94,163,random_variable,mathematical_optimization,1,train,none,0.43438583612442017
6,134,6,134,algorithm,p_versus_np_problem,1,train,none,0.5010592937469482
207,330,207,330,sql,query_optimization,1,train,none,0.7076113820075989
15,72,15,72,computer_science,compiler,1,train,none,0.3576279878616333
6,57,6,57,algorithm,data_mining,1,train,none,0.582162618637085
157,194,157,194,security,network_security,1,train,none,0.7454547882080078
24,392,24,392,computer_programming,programming_style,1,train,none,0.6953336000442505
234,20,234,20,discrete_mathematics,graph_theory,1,train,none,0.5755109190940857
171,122,171,122,probability,stochastic_process,1,train,none,0.5620712041854858
105,60,105,60,analysis_of_algorithms,robotics,1,train,none,0.32979848980903625
14,358,14,358,randomness,statistics,1,train,none,0.5883526802062988
256,22,256,22,computability,programming_language,1,train,none,0.45204246044158936
260,358,260,358,arithmetic,statistics,1,train,none,0.41156184673309326
42,219,42,219,computer_graphics,graphics_processing_unit,1,train,none,0.5813300609588623
17,74,17,74,database,atomicity_(database_systems),1,train,none,0.5048865079879761
117,263,117,263,cryptography,cryptanalysis,1,train,none,0.7404270768165588
236,181,236,181,graph_(mathematics),random_walk,1,train,none,0.576650857925415
307,98,307,98,structured_programming,object-oriented_programming,1,train,none,0.7076243162155151
6,41,6,41,algorithm,complexity_class,1,train,none,0.5881760120391846
77,310,77,310,data_structure,array_data_structure,1,train,none,0.8160176277160645
77,345,77,345,data_structure,amortized_analysis,1,train,none,0.3826582431793213
334,42,334,42,personal_computer,computer_graphics,1,train,none,0.35444679856300354
52,155,52,155,data,inter-process_communication,1,train,none,0.31849098205566406
37,7,37,7,algebra,combinatorics,1,train,none,0.5777654647827148
1,172,1,172,mathematics,recurrence_relation,1,train,none,0.4479054808616638
281,66,281,66,automata_theory,finite-state_machine,1,train,none,0.6700459718704224
18,80,18,80,data_(computing),computer_network,1,train,none,0.47718971967697144
145,339,145,339,numerical_analysis,finite_element_method,1,train,none,0.655192494392395
123,122,123,122,continuous_function,stochastic_process,1,train,none,0.397296667098999
6,104,6,104,algorithm,3d_modeling,1,train,none,0.3261508643627167
33,65,33,65,formal_grammar,parsing,1,train,none,0.7716526389122009
39,22,39,22,computer,programming_language,1,train,none,0.6829046607017517
127,246,127,246,rendering_(computer_graphics),volume_rendering,1,train,none,0.6537916660308838
94,361,94,361,random_variable,bayesian_probability,1,train,none,0.6131884455680847
140,4,140,4,unsupervised_learning,natural_language_processing,1,train,none,0.42568933963775635
119,6,119,6,foundations_of_mathematics,algorithm,1,train,none,0.5286597609519958
15,98,15,98,computer_science,object-oriented_programming,1,train,none,0.49614930152893066
79,210,79,210,expected_value,correlation_and_dependence,1,train,none,0.32535672187805176
22,241,22,241,programming_language,lisp_(programming_language),1,train,none,0.6946678161621094
94,149,94,149,random_variable,information_theory,1,train,none,0.4444029927253723
49,161,49,161,computational_complexity_theory,quantum_computer,1,train,none,0.2649186849594116
15,130,15,130,computer_science,computational_problem,1,train,none,0.574582040309906
18,95,18,95,data_(computing),string_(computer_science),1,train,none,0.5580587387084961
326,117,326,117,modular_arithmetic,cryptography,1,train,none,0.5199791789054871
222,68,222,68,information_security,authentication,1,train,none,0.7278444170951843
73,286,73,286,computer_architecture,superscalar,1,train,none,0.6850869655609131
61,200,61,200,robot,autonomous_robot,1,train,none,0.8671330809593201
343,340,343,340,memory_hierarchy,virtual_memory,1,train,none,0.6937045454978943
195,110,195,110,time_complexity,parallel_computing,1,train,none,0.4458778202533722
44,100,44,100,relational_database,index_(database),1,train,none,0.6352381110191345
24,65,24,65,computer_programming,parsing,1,train,none,0.5388800501823425
25,153,25,153,logic,propositional_calculus,1,train,none,0.7148648500442505
49,35,49,35,computational_complexity_theory,np-complete,1,train,none,0.5619056224822998
73,351,73,351,computer_architecture,instruction_set,1,train,none,0.7745370864868164
171,245,171,245,probability,pattern_recognition,1,train,none,0.5309242010116577
318,317,318,317,logic_programming,prolog,1,train,none,0.8019367456436157
277,283,277,283,linear_programming,semidefinite_programming,1,train,none,0.5842750072479248
3,42,3,42,algorithm_design,computer_graphics,1,train,none,0.3642525374889374
37,209,37,209,algebra,calculus,1,train,none,0.6695349216461182
351,184,351,184,instruction_set,assembly_language,1,train,none,0.8107877969741821
173,270,173,270,abstract_data_type,polymorphism_(computer_science),1,train,none,0.6972710490226746
318,241,318,241,logic_programming,lisp_(programming_language),1,train,none,0.564815878868103
278,208,278,208,imperative_programming,python_(programming_language),1,train,none,0.5588629245758057
71,268,71,268,relational_model,database_design,1,train,none,0.7705296277999878
39,9,39,9,computer,unix,1,train,none,0.6109310984611511
17,174,17,174,database,relational_database_management_system,1,train,none,0.7953729033470154
6,3,6,3,algorithm,algorithm_design,1,train,none,0.7147696018218994
1,117,1,117,mathematics,cryptography,1,train,none,0.5468379259109497
42,142,42,142,computer_graphics,ray_tracing_(graphics),1,train,none,0.7057318687438965
52,57,52,57,data,data_mining,1,train,none,0.6469782590866089
127,142,127,142,rendering_(computer_graphics),ray_tracing_(graphics),1,train,none,0.7654205560684204
20,299,20,299,graph_theory,spanning_tree,1,train,none,0.6157472133636475
157,62,157,62,security,computer_security,1,train,none,0.8581183552742004
1,62,1,62,mathematics,computer_security,1,train,none,0.49571454524993896
60,200,60,200,robotics,autonomous_robot,1,train,none,0.8222521543502808
66,267,66,267,finite-state_machine,pushdown_automaton,1,train,none,0.6058762073516846
132,241,132,241,functional_programming,lisp_(programming_language),1,train,none,0.5451868176460266
39,80,39,80,computer,computer_network,1,train,none,0.7170560956001282
25,58,25,58,logic,artificial_intelligence,1,train,none,0.6410223841667175
127,180,127,180,rendering_(computer_graphics),computer_animation,1,train,none,0.5805101990699768
27,271,27,271,operating_system,scheduling_(computing),1,train,none,0.670796275138855
36,105,36,105,probability_theory,analysis_of_algorithms,1,train,none,0.4044029414653778
85,45,85,45,software_engineering,software_development,1,train,none,0.8776086568832397
36,149,36,149,probability_theory,information_theory,1,train,none,0.6181458234786987
15,89,15,89,computer_science,interactivity,1,train,none,0.38674575090408325
94,301,94,301,random_variable,decision_theory,1,train,none,0.4792096018791199
94,122,94,122,random_variable,stochastic_process,1,train,none,0.6100873351097107
193,42,193,42,image,computer_graphics,1,train,none,0.5358647108078003
39,58,39,58,computer,artificial_intelligence,1,train,none,0.6024246215820312
119,25,119,25,foundations_of_mathematics,logic,1,train,none,0.6106758117675781
39,224,39,224,computer,cpu_cache,1,train,none,0.6476836204528809
15,101,15,101,computer_science,computational_chemistry,1,train,none,0.4356887638568878
222,372,222,372,information_security,cryptographic_hash_function,1,train,none,0.5419971942901611
15,381,15,381,computer_science,computer_simulation,1,train,none,0.4213479161262512
6,177,6,177,algorithm,undecidable_problem,1,train,none,0.47933295369148254
22,214,22,214,programming_language,programmer,1,train,none,0.7711743116378784
49,24,49,24,computational_complexity_theory,computer_programming,1,train,none,0.39799386262893677
110,83,110,83,parallel_computing,multi-core_processor,1,train,none,0.7760920524597168
130,26,130,26,computational_problem,distributed_computing,1,train,none,0.40085119009017944
79,178,79,178,expected_value,poisson_distribution,1,train,none,0.35081321001052856
234,236,234,236,discrete_mathematics,graph_(mathematics),1,train,none,0.5740344524383545
243,394,243,394,problem_solving,data_analysis,1,train,none,0.5214680433273315
87,278,87,278,control_flow,imperative_programming,1,train,none,0.6599620580673218
64,110,64,110,shared_memory,parallel_computing,1,train,none,0.6739718914031982
77,45,77,45,data_structure,software_development,1,train,none,0.3252347707748413
15,76,15,76,computer_science,b-tree,1,train,none,0.30439475178718567
136,167,136,167,scope_(computer_science),java_(programming_language),1,train,none,0.4923490285873413
36,117,36,117,probability_theory,cryptography,1,train,none,0.41523176431655884
15,196,15,196,computer_science,turing_machine,1,train,none,0.4817621409893036
117,372,117,372,cryptography,cryptographic_hash_function,1,train,none,0.5995088815689087
152,128,152,128,integer,inequality_(mathematics),1,train,none,0.44266074895858765
6,2,6,2,algorithm,knowledge_representation_and_reasoning,1,train,none,0.4678019881248474
23,98,23,98,variable_(computer_science),object-oriented_programming,1,train,none,0.4872015118598938
155,332,155,332,inter-process_communication,message_passing_interface,1,train,none,0.7555723190307617
36,159,36,159,probability_theory,hidden_markov_model,1,train,none,0.44812947511672974
22,320,22,320,programming_language,software_testing,1,train,none,0.5346431732177734
139,6,139,6,computing,algorithm,1,train,none,0.7422031760215759
123,296,123,296,continuous_function,calculus_of_variations,1,train,none,0.5150693655014038
158,49,158,49,theoretical_computer_science,computational_complexity_theory,1,train,none,0.7038409113883972
171,187,171,187,probability,signal_processing,1,train,none,0.45706406235694885
6,172,6,172,algorithm,recurrence_relation,1,train,none,0.4466340243816376
39,55,39,55,computer,arithmetic_logic_unit,1,train,none,0.47953590750694275
6,58,6,58,algorithm,artificial_intelligence,1,train,none,0.6858124732971191
87,375,87,375,control_flow,software_framework,1,train,none,0.5127944946289062
42,180,42,180,computer_graphics,computer_animation,1,train,none,0.7013803124427795
108,170,108,170,polynomial,ordinary_differential_equation,1,train,none,0.4569704532623291
91,43,91,43,matrix_(mathematics),geometry,1,train,none,0.4389898478984833
39,167,39,167,computer,java_(programming_language),1,train,none,0.6064220666885376
163,277,163,277,mathematical_optimization,linear_programming,1,train,none,0.6684269905090332
66,32,66,32,finite-state_machine,lexical_analysis,1,train,none,0.4824986457824707
171,396,171,396,probability,inference,1,train,none,0.5499940514564514
245,229,245,229,pattern_recognition,neural_network,1,train,none,0.5507693290710449
49,26,49,26,computational_complexity_theory,distributed_computing,1,train,none,0.3159378170967102
19,203,19,203,machine_learning,speech_recognition,1,train,none,0.5273016095161438
24,184,24,184,computer_programming,assembly_language,1,train,none,0.510311484336853
98,208,98,208,object-oriented_programming,python_(programming_language),1,train,none,0.660868763923645
15,278,15,278,computer_science,imperative_programming,1,train,none,0.4736424684524536
87,398,87,398,control_flow,debugging,1,train,none,0.5025680065155029
227,349,227,349,object_(computer_science),inheritance_(object-oriented_programming),1,train,none,0.787672221660614
158,198,158,198,theoretical_computer_science,coding_theory,1,train,none,0.5252174139022827
52,144,52,144,data,statistical_hypothesis_testing,1,train,none,0.4924967885017395
37,36,37,36,algebra,probability_theory,1,train,none,0.4799964427947998
15,201,15,201,computer_science,np_(complexity),1,train,none,0.47108399868011475
123,294,123,294,continuous_function,quantum_mechanics,1,train,none,0.3067568242549896
3,19,3,19,algorithm_design,machine_learning,1,train,none,0.60858553647995
52,210,52,210,data,correlation_and_dependence,1,train,none,0.541730523109436
145,58,145,58,numerical_analysis,artificial_intelligence,1,train,none,0.41705986857414246
77,17,77,17,data_structure,database,1,train,none,0.6502190828323364
3,59,3,59,algorithm_design,divide_and_conquer_algorithm,1,train,none,0.36510980129241943
79,54,79,54,expected_value,markov_chain,1,train,none,0.41850173473358154
15,17,15,17,computer_science,database,1,train,none,0.4197230935096741
108,107,108,107,polynomial,fourier_analysis,1,train,none,0.47017213702201843
20,34,20,34,graph_theory,shortest_path_problem,1,train,none,0.6154394149780273
15,241,15,241,computer_science,lisp_(programming_language),1,train,none,0.41320541501045227
15,66,15,66,computer_science,finite-state_machine,1,train,none,0.33970263600349426
124,24,124,24,computational_science,computer_programming,1,train,none,0.5542283654212952
1,196,1,196,mathematics,turing_machine,1,train,none,0.5208441019058228
39,351,39,351,computer,instruction_set,1,train,none,0.6521899700164795
27,302,27,302,operating_system,memory_management,1,train,none,0.6448028087615967
196,105,196,105,turing_machine,analysis_of_algorithms,1,train,none,0.4625051021575928
39,111,39,111,computer,mobile_device,1,train,none,0.5875018835067749
39,347,39,347,computer,microcode,1,train,none,0.5513285994529724
77,24,77,24,data_structure,computer_programming,1,train,none,0.43311411142349243
97,267,97,267,theory_of_computation,pushdown_automaton,1,train,none,0.41115495562553406
11,10,11,10,mathematical_proof,mathematical_induction,1,train,none,0.6475813388824463
260,24,260,24,arithmetic,computer_programming,1,train,none,0.45166444778442383
171,376,171,376,probability,sequence_alignment,1,train,none,0.363209068775177
124,20,124,20,computational_science,graph_theory,1,train,none,0.4372161626815796
20,19,20,19,graph_theory,machine_learning,1,train,none,0.46524375677108765
19,399,19,399,machine_learning,recommender_system,1,train,none,0.48760074377059937
17,207,17,207,database,sql,1,train,none,0.7379270792007446
156,103,156,103,regular_expression,string_searching_algorithm,1,train,none,0.7036595344543457
108,6,108,6,polynomial,algorithm,1,train,none,0.5280841588973999
42,48,42,48,computer_graphics,computational_geometry,1,train,none,0.5580301284790039
22,136,22,136,programming_language,scope_(computer_science),1,train,none,0.5891516208648682
6,50,6,50,algorithm,complexity,1,train,none,0.6508664488792419
48,47,48,47,computational_geometry,geometric_modeling,1,train,none,0.7364323139190674
39,333,39,333,computer,html,1,train,none,0.39637088775634766
80,298,80,298,computer_network,cloud_computing,1,train,none,0.7309457063674927
62,194,62,194,computer_security,network_security,1,train,none,0.7878278493881226
16,15,16,15,number_theory,computer_science,1,train,none,0.48506826162338257
260,37,260,37,arithmetic,algebra,1,train,none,0.7507711052894592
48,180,48,180,computational_geometry,computer_animation,1,train,none,0.3501424193382263
6,31,6,31,algorithm,recursion,1,train,none,0.6013696193695068
72,114,72,114,compiler,symbol_table,1,train,none,0.6649691462516785
15,12,15,12,computer_science,computer_vision,1,train,none,0.5566520690917969
29,211,29,211,computation,monad_(functional_programming),1,train,none,0.4698232114315033
91,304,91,304,matrix_(mathematics),linear_system,1,train,none,0.6227239370346069
121,159,121,159,dynamic_programming,hidden_markov_model,1,train,none,0.4477619528770447
130,141,130,141,computational_problem,list_of_undecidable_problems,1,train,none,0.6141633987426758
27,340,27,340,operating_system,virtual_memory,1,train,none,0.6260898113250732
15,73,15,73,computer_science,computer_architecture,1,train,none,0.5333698987960815
129,212,129,212,central_processing_unit,pipeline_(computing),1,train,none,0.48260098695755005
36,93,36,93,probability_theory,graphical_model,1,train,none,0.5825560688972473
49,226,49,226,computational_complexity_theory,randomized_algorithm,1,train,none,0.3318830132484436
265,121,265,121,introduction_to_algorithms,dynamic_programming,1,train,none,0.44932448863983154
17,71,17,71,database,relational_model,1,train,none,0.7472807765007019
15,207,15,207,computer_science,sql,1,train,none,0.42741334438323975
1,3,1,3,mathematics,algorithm_design,1,train,none,0.5765880346298218
6,145,6,145,algorithm,numerical_analysis,1,train,none,0.4810122549533844
91,164,91,164,matrix_(mathematics),linear_algebra,1,train,none,0.7544751763343811
23,132,23,132,variable_(computer_science),functional_programming,1,train,none,0.4920996427536011
324,205,324,205,osi_model,routing,1,train,none,0.5748176574707031
1,274,1,274,mathematics,integral,1,train,none,0.5387698411941528
250,249,250,249,user_interface,interaction_design,1,train,none,0.7258601784706116
24,101,24,101,computer_programming,computational_chemistry,1,train,none,0.35485923290252686
36,181,36,181,probability_theory,random_walk,1,train,none,0.5240302085876465
3,48,3,48,algorithm_design,computational_geometry,1,train,none,0.3688811659812927
6,35,6,35,algorithm,np-complete,1,train,none,0.5774672031402588
129,224,129,224,central_processing_unit,cpu_cache,1,train,none,0.6158412098884583
73,129,73,129,computer_architecture,central_processing_unit,1,train,none,0.6906105279922485
15,284,15,284,computer_science,approximation_algorithm,1,train,none,0.33382973074913025
80,253,80,253,computer_network,packet_switching,1,train,none,0.6419127583503723
17,402,17,402,database,database_normalization,1,train,none,0.6733266115188599
136,125,136,125,scope_(computer_science),haskell_(programming_language),1,train,none,0.4549136757850647
165,220,165,220,concurrency_control,transaction_processing,1,train,none,0.7458645105361938
83,286,83,286,multi-core_processor,superscalar,1,train,none,0.6912168264389038
15,58,15,58,computer_science,artificial_intelligence,1,train,none,0.6119472980499268
170,169,170,169,ordinary_differential_equation,boundary_value_problem,1,train,none,0.6091521382331848
100,330,100,330,index_(database),query_optimization,1,train,none,0.6215556859970093
50,49,50,49,complexity,computational_complexity_theory,1,train,none,0.7026111483573914
222,69,222,69,information_security,firewall_(computing),1,train,none,0.4951663017272949
48,142,48,142,computational_geometry,ray_tracing_(graphics),1,train,none,0.41569679975509644
234,15,234,15,discrete_mathematics,computer_science,1,train,none,0.5425353646278381
1,192,1,192,mathematics,mathematical_model,1,train,none,0.7187834978103638
22,125,22,125,programming_language,haskell_(programming_language),1,train,none,0.6220881938934326
22,46,22,46,programming_language,software_design,1,train,none,0.6357290148735046
217,179,217,179,predicate_logic,automated_theorem_proving,1,train,none,0.6345619559288025
119,15,119,15,foundations_of_mathematics,computer_science,1,train,none,0.61708664894104
31,132,31,132,recursion,functional_programming,1,train,none,0.526110827922821
5,384,5,384,natural_language,part-of-speech_tagging,1,train,none,0.6170487999916077
39,264,39,264,computer,internet_protocol_suite,1,train,none,0.4933936595916748
163,12,163,12,mathematical_optimization,computer_vision,1,train,none,0.46892791986465454
44,330,44,330,relational_database,query_optimization,1,train,none,0.5217331051826477
281,267,281,267,automata_theory,pushdown_automaton,1,train,none,0.6215692758560181
1,58,1,58,mathematics,artificial_intelligence,1,train,none,0.596132218837738
24,72,24,72,computer_programming,compiler,1,train,none,0.5790389180183411
39,250,39,250,computer,user_interface,1,train,none,0.5660133361816406
49,58,49,58,computational_complexity_theory,artificial_intelligence,1,train,none,0.4202234148979187
39,353,39,353,computer,web_server,1,train,none,0.5818439722061157
25,2,25,2,logic,knowledge_representation_and_reasoning,1,train,none,0.7185558080673218
22,312,22,312,programming_language,application_programming_interface,1,train,none,0.6581296920776367
1,0,1,0,mathematics,random_graph,1,train,none,0.3974674344062805
175,44,175,44,relational_algebra,relational_database,1,train,none,0.8044320344924927
19,160,19,160,machine_learning,sentiment_analysis,1,train,none,0.5043624639511108
46,45,46,45,software_design,software_development,1,train,none,0.7963751554489136
260,163,260,163,arithmetic,mathematical_optimization,1,train,none,0.49658289551734924
27,155,27,155,operating_system,inter-process_communication,1,train,none,0.6039386987686157
176,380,176,380,conditional_probability,markov_process,1,train,none,0.5822972655296326
39,334,39,334,computer,personal_computer,1,train,none,0.729816198348999
152,173,152,173,integer,abstract_data_type,1,train,none,0.5123948454856873
403,372,403,372,encryption,cryptographic_hash_function,1,train,none,0.5862834453582764
36,178,36,178,probability_theory,poisson_distribution,1,train,none,0.5183094143867493
3,49,3,49,algorithm_design,computational_complexity_theory,1,train,none,0.43979376554489136
6,383,6,383,algorithm,fast_fourier_transform,1,train,none,0.41668441891670227
124,19,124,19,computational_science,machine_learning,1,train,none,0.5606147050857544
24,95,24,95,computer_programming,string_(computer_science),1,train,none,0.49354931712150574
58,4,58,4,artificial_intelligence,natural_language_processing,1,train,none,0.5751761794090271
99,98,99,98,high-level_programming_language,object-oriented_programming,1,train,none,0.6679643392562866
58,61,58,61,artificial_intelligence,robot,1,train,none,0.614812970161438
54,159,54,159,markov_chain,hidden_markov_model,1,train,none,0.6932669281959534
121,261,121,261,dynamic_programming,graph_coloring,1,train,none,0.31166428327560425
1,163,1,163,mathematics,mathematical_optimization,1,train,none,0.7130882143974304
25,115,25,115,logic,formal_language,1,train,none,0.6148200035095215
39,99,39,99,computer,high-level_programming_language,1,train,none,0.5804520845413208
162,221,162,221,communication,wireless_sensor_network,1,train,none,0.5764362215995789
77,85,77,85,data_structure,software_engineering,1,train,none,0.3688865900039673
136,87,136,87,scope_(computer_science),control_flow,1,train,none,0.5703712701797485
24,167,24,167,computer_programming,java_(programming_language),1,train,none,0.6104377508163452
145,215,145,215,numerical_analysis,interpolation,1,train,none,0.49223965406417847
243,6,243,6,problem_solving,algorithm,1,train,none,0.6366586089134216
15,115,15,115,computer_science,formal_language,1,train,none,0.4769740700721741
22,32,22,32,programming_language,lexical_analysis,1,train,none,0.5089870691299438
1,236,1,236,mathematics,graph_(mathematics),1,train,none,0.5445457696914673
39,129,39,129,computer,central_processing_unit,1,train,none,0.6278083324432373
39,185,39,185,computer,embedded_system,1,train,none,0.6457338929176331
29,139,29,139,computation,computing,1,train,none,0.8241565227508545
105,75,105,75,analysis_of_algorithms,bioinformatics,1,train,none,0.43072474002838135
5,151,5,151,natural_language,machine_translation,1,train,none,0.5922423005104065
20,105,20,105,graph_theory,analysis_of_algorithms,1,train,none,0.507187008857727
58,118,58,118,artificial_intelligence,reinforcement_learning,1,train,none,0.46249890327453613
24,12,24,12,computer_programming,computer_vision,1,train,none,0.5792324542999268
22,255,22,255,programming_language,lazy_evaluation,1,train,none,0.4041595458984375
73,72,73,72,computer_architecture,compiler,1,train,none,0.6278961300849915
166,165,166,165,database_management_system,concurrency_control,1,train,none,0.5354651212692261
79,28,79,28,expected_value,monte_carlo_method,1,train,none,0.4190531373023987
15,202,15,202,computer_science,genetic_algorithm,1,train,none,0.30522334575653076
158,6,158,6,theoretical_computer_science,algorithm,1,train,none,0.474062979221344
77,90,77,90,data_structure,programming_paradigm,1,train,none,0.47639450430870056
39,15,39,15,computer,computer_science,1,train,none,0.6526581048965454
1,158,1,158,mathematics,theoretical_computer_science,1,train,none,0.5961854457855225
22,21,22,21,programming_language,type_system,1,train,none,0.52488112449646
36,86,36,86,probability_theory,large_deviations_theory,1,train,none,0.5237085223197937
65,72,65,72,parsing,compiler,1,train,none,0.4637598395347595
335,110,335,110,lock_(computer_science),parallel_computing,1,train,none,0.5613600015640259
72,244,72,244,compiler,perl,1,train,none,0.3881914019584656
15,134,15,134,computer_science,p_versus_np_problem,1,train,none,0.44387173652648926
52,77,52,77,data,data_structure,1,train,none,0.609573245048523
133,230,133,230,data_type,parametric_polymorphism,1,train,none,0.7003306746482849
254,127,254,127,shading,rendering_(computer_graphics),1,train,none,0.6465727090835571
6,202,6,202,algorithm,genetic_algorithm,1,train,none,0.5481972098350525
15,257,15,257,computer_science,program_analysis,1,train,none,0.49792054295539856
77,238,77,238,data_structure,hash_table,1,train,none,0.6928005218505859
6,350,6,350,algorithm,public-key_cryptography,1,train,none,0.41713792085647583
15,35,15,35,computer_science,np-complete,1,train,none,0.4331691563129425
11,177,11,177,mathematical_proof,undecidable_problem,1,train,none,0.4300757348537445
1,385,1,385,mathematics,fixed_point_(mathematics),1,train,none,0.39755189418792725
15,132,15,132,computer_science,functional_programming,1,train,none,0.4658382534980774
14,294,14,294,randomness,quantum_mechanics,1,train,none,0.4013735055923462
142,180,142,180,ray_tracing_(graphics),computer_animation,1,train,none,0.4946295917034149
24,363,24,363,computer_programming,formal_methods,1,train,none,0.46485352516174316
71,174,71,174,relational_model,relational_database_management_system,1,train,none,0.8337087035179138
22,98,22,98,programming_language,object-oriented_programming,1,train,none,0.6994928121566772
77,58,77,58,data_structure,artificial_intelligence,1,train,none,0.34626373648643494
24,375,24,375,computer_programming,software_framework,1,train,none,0.4977354407310486
15,165,15,165,computer_science,concurrency_control,1,train,none,0.363957017660141
1,180,1,180,mathematics,computer_animation,1,train,none,0.334708034992218
15,198,15,198,computer_science,coding_theory,1,train,none,0.5105489492416382
1,37,1,37,mathematics,algebra,1,train,none,0.7896422147750854
171,361,171,361,probability,bayesian_probability,1,train,none,0.7851903438568115
39,166,39,166,computer,database_management_system,1,train,none,0.5271540284156799
25,24,25,24,logic,computer_programming,1,train,none,0.5359009504318237
15,110,15,110,computer_science,parallel_computing,1,train,none,0.43576693534851074
15,2,15,2,computer_science,knowledge_representation_and_reasoning,1,train,none,0.43967095017433167
305,359,305,359,syntax,semantics,1,train,none,0.6128034591674805
274,28,274,28,integral,monte_carlo_method,1,train,none,0.44764238595962524
176,54,176,54,conditional_probability,markov_chain,1,train,none,0.6180894374847412
260,39,260,39,arithmetic,computer,1,train,none,0.5393363833427429
6,163,6,163,algorithm,mathematical_optimization,1,train,none,0.6389578580856323
24,60,24,60,computer_programming,robotics,1,train,none,0.4494675397872925
22,85,22,85,programming_language,software_engineering,1,train,none,0.6254915595054626
113,145,113,145,approximation,numerical_analysis,1,train,none,0.5648254156112671
44,268,44,268,relational_database,database_design,1,train,none,0.7356841564178467
19,4,19,4,machine_learning,natural_language_processing,1,train,none,0.5611238479614258
162,146,162,146,communication,communications_protocol,1,train,none,0.8051486015319824
79,78,79,78,expected_value,pagerank,1,train,none,0.25027650594711304
1,14,1,14,mathematics,randomness,1,train,none,0.4967609643936157
163,329,163,329,mathematical_optimization,economics,1,train,none,0.4989868998527527
27,239,27,239,operating_system,deadlock,1,train,none,0.5373538732528687
132,269,132,269,functional_programming,ml_(programming_language),1,train,none,0.6857169270515442
6,190,6,190,algorithm,recursion_(computer_science),1,train,none,0.5682556629180908
15,90,15,90,computer_science,programming_paradigm,1,train,none,0.5032684803009033
79,181,79,181,expected_value,random_walk,1,train,none,0.47672006487846375
169,218,169,218,boundary_value_problem,finite_difference,1,train,none,0.5345437526702881
22,300,22,300,programming_language,javascript,1,train,none,0.5763640403747559
124,105,124,105,computational_science,analysis_of_algorithms,1,train,none,0.5409184694290161
24,45,24,45,computer_programming,software_development,1,train,none,0.7210853099822998
52,358,52,358,data,statistics,1,train,none,0.6715734601020813
133,71,133,71,data_type,relational_model,1,train,none,0.4661523997783661
192,163,192,163,mathematical_model,mathematical_optimization,1,train,none,0.6633751392364502
6,117,6,117,algorithm,cryptography,1,train,none,0.5130746364593506
22,57,22,57,programming_language,data_mining,1,train,none,0.4577760696411133
1,209,1,209,mathematics,calculus,1,train,none,0.7203277349472046
171,373,171,373,probability,entropy,1,train,none,0.6733909845352173
58,292,58,292,artificial_intelligence,automated_planning_and_scheduling,1,train,none,0.6005678772926331
35,34,35,34,np-complete,shortest_path_problem,1,train,none,0.4736201763153076
305,184,305,184,syntax,assembly_language,1,train,none,0.5329467058181763
39,24,39,24,computer,computer_programming,1,train,none,0.7493114471435547
167,46,167,46,java_(programming_language),software_design,1,train,none,0.6049244999885559
196,195,196,195,turing_machine,time_complexity,1,train,none,0.4730488657951355
3,4,3,4,algorithm_design,natural_language_processing,1,train,none,0.35217130184173584
42,378,42,378,computer_graphics,motion_capture,1,train,none,0.41309455037117004
24,22,24,22,computer_programming,programming_language,1,train,none,0.8260105848312378
10,179,10,179,mathematical_induction,automated_theorem_proving,1,train,none,0.5865719318389893
6,151,6,151,algorithm,machine_translation,1,train,none,0.4144878089427948
6,65,6,65,algorithm,parsing,1,train,none,0.5267010927200317
192,191,192,191,mathematical_model,game_theory,1,train,none,0.41322553157806396
120,169,120,169,partial_differential_equation,boundary_value_problem,1,train,none,0.6742293834686279
139,271,139,271,computing,scheduling_(computing),1,train,none,0.6243300437927246
139,110,139,110,computing,parallel_computing,1,train,none,0.6928761005401611
359,404,359,404,semantics,lexical_semantics,1,train,none,0.7960963249206543
89,88,89,88,interactivity,human-computer_interaction,1,train,none,0.7184403538703918
77,2,77,2,data_structure,knowledge_representation_and_reasoning,1,train,none,0.40967845916748047
15,220,15,220,computer_science,transaction_processing,1,train,none,0.3138234615325928
328,69,328,69,vulnerability_(computing),firewall_(computing),1,train,none,0.4550730288028717
144,301,144,301,statistical_hypothesis_testing,decision_theory,1,train,none,0.353294312953949
105,3,105,3,analysis_of_algorithms,algorithm_design,1,train,none,0.7121302485466003
245,12,245,12,pattern_recognition,computer_vision,1,train,none,0.6174509525299072
6,47,6,47,algorithm,geometric_modeling,1,train,none,0.3185345530509949
94,210,94,210,random_variable,correlation_and_dependence,1,train,none,0.4650595784187317
52,361,52,361,data,bayesian_probability,1,train,none,0.40343624353408813
15,22,15,22,computer_science,programming_language,1,train,none,0.5740162134170532
39,336,39,336,computer,server_(computing),1,train,none,0.6109107732772827
49,117,49,117,computational_complexity_theory,cryptography,1,train,none,0.38091325759887695
66,65,66,65,finite-state_machine,parsing,1,train,none,0.4155116081237793
6,42,6,42,algorithm,computer_graphics,1,train,none,0.38812944293022156
15,345,15,345,computer_science,amortized_analysis,1,train,none,0.30235153436660767
124,90,124,90,computational_science,programming_paradigm,1,train,none,0.41181421279907227
94,86,94,86,random_variable,large_deviations_theory,1,train,none,0.4006621241569519
39,127,39,127,computer,rendering_(computer_graphics),1,train,none,0.4209042489528656
22,349,22,349,programming_language,inheritance_(object-oriented_programming),1,train,none,0.5179295539855957
6,146,6,146,algorithm,communications_protocol,1,train,none,0.4193539321422577
71,44,71,44,relational_model,relational_database,1,train,none,0.8658485412597656
52,93,52,93,data,graphical_model,1,train,none,0.35076797008514404
136,137,136,137,scope_(computer_science),modular_programming,1,train,none,0.5863957405090332
24,75,24,75,computer_programming,bioinformatics,1,train,none,0.45817458629608154
24,220,24,220,computer_programming,transaction_processing,1,train,none,0.37272995710372925
94,51,94,51,random_variable,statistical_inference,1,train,none,0.5463294982910156
82,6,82,6,iterative_method,algorithm,1,train,none,0.5168662071228027
19,159,19,159,machine_learning,hidden_markov_model,1,train,none,0.45698487758636475
56,55,56,55,digital_electronics,arithmetic_logic_unit,1,train,none,0.5929519534111023
94,144,94,144,random_variable,statistical_hypothesis_testing,1,train,none,0.4519188702106476
15,318,15,318,computer_science,logic_programming,1,train,none,0.43123388290405273
43,42,43,42,geometry,computer_graphics,1,train,none,0.508499026298523
39,289,39,289,computer,c_(programming_language),1,train,none,0.7006903290748596
6,49,6,49,algorithm,computational_complexity_theory,1,train,none,0.5196256041526794
39,48,39,48,computer,computational_geometry,1,train,none,0.43118447065353394
1,234,1,234,mathematics,discrete_mathematics,1,train,none,0.6551526784896851
1,164,1,164,mathematics,linear_algebra,1,train,none,0.7226622104644775
370,132,370,132,generic_programming,functional_programming,1,train,none,0.6376649737358093
11,117,11,117,mathematical_proof,cryptography,1,train,none,0.46390604972839355
129,83,129,83,central_processing_unit,multi-core_processor,1,train,none,0.6673823595046997
132,211,132,211,functional_programming,monad_(functional_programming),1,train,none,0.7432945370674133
51,301,51,301,statistical_inference,decision_theory,1,train,none,0.41327404975891113
173,98,173,98,abstract_data_type,object-oriented_programming,1,train,none,0.6939650774002075
73,224,73,224,computer_architecture,cpu_cache,1,train,none,0.7049627304077148
15,103,15,103,computer_science,string_searching_algorithm,1,train,none,0.358606219291687
156,72,156,72,regular_expression,compiler,1,train,none,0.23175299167633057
227,17,227,17,object_(computer_science),database,1,train,none,0.5309754014015198
105,44,105,44,analysis_of_algorithms,relational_database,1,train,none,0.3159380257129669
117,366,117,366,cryptography,quantum_cryptography,1,train,none,0.675755500793457
39,154,39,154,computer,c++,1,train,none,0.6505728960037231
15,4,15,4,computer_science,natural_language_processing,1,train,none,0.44656485319137573
52,80,52,80,data,computer_network,1,train,none,0.40289127826690674
256,141,256,141,computability,list_of_undecidable_problems,1,train,none,0.6878882050514221
106,7,106,7,finite_set,combinatorics,1,train,none,0.6012769937515259
250,262,250,262,user_interface,user_interface_design,1,train,none,0.9103875756263733
234,326,234,326,discrete_mathematics,modular_arithmetic,1,train,none,0.40210050344467163
15,348,15,348,computer_science,formal_verification,1,train,none,0.3998953104019165
15,367,15,367,computer_science,linked_list,1,train,none,0.36401647329330444
15,60,15,60,computer_science,robotics,1,train,none,0.4299108386039734
54,203,54,203,markov_chain,speech_recognition,1,train,none,0.346452534198761
1,7,1,7,mathematics,combinatorics,1,train,none,0.5864485502243042
124,58,124,58,computational_science,artificial_intelligence,1,train,none,0.5221353769302368
24,58,24,58,computer_programming,artificial_intelligence,1,train,none,0.5940510034561157
43,92,43,92,geometry,visualization_(computer_graphics),1,train,none,0.4767252802848816
94,280,94,280,random_variable,sufficient_statistic,1,train,none,0.4784567356109619
1,105,1,105,mathematics,analysis_of_algorithms,1,train,none,0.5742799043655396
39,8,39,8,computer,system_programming,1,train,none,0.725670337677002
105,165,105,165,analysis_of_algorithms,concurrency_control,1,train,none,0.3909868001937866
49,105,49,105,computational_complexity_theory,analysis_of_algorithms,1,train,none,0.5953294634819031
175,174,175,174,relational_algebra,relational_database_management_system,1,train,none,0.7631269693374634
73,343,73,343,computer_architecture,memory_hierarchy,1,train,none,0.7046886086463928
39,42,39,42,computer,computer_graphics,1,train,none,0.5124768018722534
5,65,5,65,natural_language,parsing,1,train,none,0.6663594841957092
3,12,3,12,algorithm_design,computer_vision,1,train,none,0.4481714367866516
163,112,163,112,mathematical_optimization,newton's_method,1,train,none,0.541954517364502
58,60,58,60,artificial_intelligence,robotics,1,train,none,0.5232397317886353
54,19,54,19,markov_chain,machine_learning,1,train,none,0.4355333745479584
196,303,196,303,turing_machine,halting_problem,1,train,none,0.6362221240997314
194,69,194,69,network_security,firewall_(computing),1,train,none,0.708080530166626
1,120,1,120,mathematics,partial_differential_equation,1,train,none,0.4814580976963043
355,278,355,278,higher-order_function,imperative_programming,1,train,none,0.47007352113723755
94,53,94,53,random_variable,martingale_(probability_theory),1,train,none,0.47416001558303833
15,44,15,44,computer_science,relational_database,1,train,none,0.38535475730895996
42,246,42,246,computer_graphics,volume_rendering,1,train,none,0.5672635436058044
24,165,24,165,computer_programming,concurrency_control,1,train,none,0.42816340923309326
58,229,58,229,artificial_intelligence,neural_network,1,train,none,0.5204386711120605
7,6,7,6,combinatorics,algorithm,1,train,none,0.5344574451446533
80,67,80,67,computer_network,malware,1,train,none,0.43340304493904114
109,83,109,83,vector_processor,multi-core_processor,1,train,none,0.729728102684021
39,186,39,186,computer,concurrent_computing,1,train,none,0.5936115980148315
15,99,15,99,computer_science,high-level_programming_language,1,train,none,0.47654831409454346
108,145,108,145,polynomial,numerical_analysis,1,train,none,0.4882407784461975
51,19,51,19,statistical_inference,machine_learning,1,train,none,0.5162709951400757
371,166,371,166,database_transaction,database_management_system,1,train,none,0.6245048642158508
39,62,39,62,computer,computer_security,1,train,none,0.6564148664474487
98,45,98,45,object-oriented_programming,software_development,1,train,none,0.5904805660247803
260,209,260,209,arithmetic,calculus,1,train,none,0.6575582027435303
171,19,171,19,probability,machine_learning,1,train,none,0.5583638548851013
234,350,234,350,discrete_mathematics,public-key_cryptography,1,train,none,0.3625047504901886
401,224,401,224,performance_tuning,cpu_cache,1,train,none,0.5072201490402222
6,19,6,19,algorithm,machine_learning,1,train,none,0.7355669736862183
166,44,166,44,database_management_system,relational_database,1,train,none,0.7262289524078369
39,262,39,262,computer,user_interface_design,1,train,none,0.5313272476196289
24,190,24,190,computer_programming,recursion_(computer_science),1,train,none,0.48085880279541016
1,48,1,48,mathematics,computational_geometry,1,train,none,0.44795000553131104
148,147,148,147,expert_system,question_answering,1,train,none,0.47411859035491943
256,6,256,6,computability,algorithm,1,train,none,0.5866331458091736
24,136,24,136,computer_programming,scope_(computer_science),1,train,none,0.5773324966430664
119,1,119,1,foundations_of_mathematics,mathematics,1,train,none,0.778261125087738
15,42,15,42,computer_science,computer_graphics,1,train,none,0.4694262742996216
1,108,1,108,mathematics,polynomial,1,train,none,0.573899507522583
110,338,110,338,parallel_computing,mapreduce,1,train,none,0.6100778579711914
22,207,22,207,programming_language,sql,1,train,none,0.5350044965744019
22,65,22,65,programming_language,parsing,1,train,none,0.5949175953865051
6,101,6,101,algorithm,computational_chemistry,1,train,none,0.33061251044273376
256,303,256,303,computability,halting_problem,1,train,none,0.6927403211593628
79,19,79,19,expected_value,machine_learning,1,train,none,0.48833245038986206
6,229,6,229,algorithm,neural_network,1,train,none,0.49700555205345154
22,90,22,90,programming_language,programming_paradigm,1,train,none,0.6830465793609619
27,9,27,9,operating_system,unix,1,train,none,0.6596667170524597
116,160,116,160,document_classification,sentiment_analysis,1,train,none,0.6462416052818298
24,40,24,40,computer_programming,profiling_(computer_programming),1,train,none,0.5488274097442627
145,170,145,170,numerical_analysis,ordinary_differential_equation,1,train,none,0.5550556778907776
91,145,91,145,matrix_(mathematics),numerical_analysis,1,train,none,0.42465662956237793
203,60,203,60,speech_recognition,robotics,1,train,none,0.338988721370697
3,121,3,121,algorithm_design,dynamic_programming,1,train,none,0.3928915858268738
3,17,3,17,algorithm_design,database,1,train,none,0.3731346130371094
176,226,176,226,conditional_probability,randomized_algorithm,1,train,none,0.4081677198410034
132,188,132,188,functional_programming,pattern_matching,1,train,none,0.3848929703235626
42,386,42,386,computer_graphics,virtual_reality,1,train,none,0.5769187808036804
15,276,15,276,computer_science,automatic_programming,1,train,none,0.48623597621917725
390,154,390,154,floating_point,c++,1,train,none,0.534278392791748
6,28,6,28,algorithm,monte_carlo_method,1,train,none,0.31650999188423157
6,284,6,284,algorithm,approximation_algorithm,1,train,none,0.49605637788772583
15,184,15,184,computer_science,assembly_language,1,train,none,0.3904118537902832
119,49,119,49,foundations_of_mathematics,computational_complexity_theory,1,train,none,0.49449706077575684
6,282,6,282,algorithm,distributed_algorithms,1,train,none,0.4583370089530945
20,15,20,15,graph_theory,computer_science,1,train,none,0.5524348020553589
6,242,6,242,algorithm,gradient_descent,1,train,none,0.5966470241546631
29,61,29,61,computation,robot,1,train,none,0.5004281401634216
15,400,15,400,computer_science,run_time_(program_lifecycle_phase),1,train,none,0.3783003091812134
166,330,166,330,database_management_system,query_optimization,1,train,none,0.6695515513420105
184,347,184,347,assembly_language,microcode,1,train,none,0.684783935546875
51,144,51,144,statistical_inference,statistical_hypothesis_testing,1,train,none,0.7246092557907104
1,106,1,106,mathematics,finite_set,1,train,none,0.43036961555480957
39,228,39,228,computer,application_software,1,train,none,0.6580218076705933
17,44,17,44,database,relational_database,1,train,none,0.8372660279273987
108,339,108,339,polynomial,finite_element_method,1,train,none,0.3636685013771057
49,195,49,195,computational_complexity_theory,time_complexity,1,train,none,0.6305522918701172
15,77,15,77,computer_science,data_structure,1,train,none,0.4701363444328308
22,184,22,184,programming_language,assembly_language,1,train,none,0.632466197013855
29,81,29,81,computation,concurrency_(computer_science),1,train,none,0.5122990608215332
45,320,45,320,software_development,software_testing,1,train,none,0.7534717321395874
97,196,97,196,theory_of_computation,turing_machine,1,train,none,0.6761864423751831
15,391,15,391,computer_science,context-free_grammar,1,train,none,0.35127514600753784
206,200,206,200,motion_planning,autonomous_robot,1,train,none,0.7121516466140747
31,59,31,59,recursion,divide_and_conquer_algorithm,1,train,none,0.5641669034957886
77,22,77,22,data_structure,programming_language,1,train,none,0.48736852407455444
68,117,68,117,authentication,cryptography,1,train,none,0.7056798934936523
36,53,36,53,probability_theory,martingale_(probability_theory),1,train,none,0.5484309196472168
171,189,171,189,probability,estimation_theory,1,train,none,0.578193724155426
187,383,187,383,signal_processing,fast_fourier_transform,1,train,none,0.618446409702301
406,145,406,145,eigenvalues_and_eigenvectors,numerical_analysis,1,train,none,0.4006350040435791
1,50,1,50,mathematics,complexity,1,train,none,0.543721616268158
15,287,15,287,computer_science,model_of_computation,1,train,none,0.5673483610153198
6,24,6,24,algorithm,computer_programming,1,train,none,0.6495911478996277
164,163,164,163,linear_algebra,mathematical_optimization,1,train,none,0.5909709930419922
49,19,49,19,computational_complexity_theory,machine_learning,1,train,none,0.4184991121292114
15,81,15,81,computer_science,concurrency_(computer_science),1,train,none,0.39945006370544434
25,66,25,66,logic,finite-state_machine,1,train,none,0.4105719029903412
54,181,54,181,markov_chain,random_walk,1,train,none,0.6433470249176025
22,96,22,96,programming_language,query_language,1,train,none,0.6086554527282715
62,69,62,69,computer_security,firewall_(computing),1,train,none,0.6353105306625366
95,267,95,267,string_(computer_science),pushdown_automaton,1,train,none,0.5427550077438354
58,203,58,203,artificial_intelligence,speech_recognition,1,train,none,0.4604479670524597
22,278,22,278,programming_language,imperative_programming,1,train,none,0.6448453068733215
98,154,98,154,object-oriented_programming,c++,1,train,none,0.5466845035552979
117,291,117,291,cryptography,traffic_analysis,1,train,none,0.4979667067527771
15,3,15,3,computer_science,algorithm_design,1,train,none,0.5054435729980469
91,258,91,258,matrix_(mathematics),sparse_matrix,1,train,none,0.5495901107788086
234,158,234,158,discrete_mathematics,theoretical_computer_science,1,train,none,0.5674910545349121
1,127,1,127,mathematics,rendering_(computer_graphics),1,train,none,0.3236459791660309
51,93,51,93,statistical_inference,graphical_model,1,train,none,0.4984484314918518
227,71,227,71,object_(computer_science),relational_model,1,train,none,0.6224896907806396
84,83,84,83,thread_(computer_science),multi-core_processor,1,train,none,0.6463009119033813
49,287,49,287,computational_complexity_theory,model_of_computation,1,train,none,0.6717751622200012
39,135,39,135,computer,scripting_language,1,train,none,0.5761238932609558
32,65,32,65,lexical_analysis,parsing,1,train,none,0.7367804050445557
20,4,20,4,graph_theory,natural_language_processing,1,train,none,0.37758737802505493
24,318,24,318,computer_programming,logic_programming,1,train,none,0.61391681432724
66,297,66,297,finite-state_machine,regular_language,1,train,none,0.6090148687362671
77,65,77,65,data_structure,parsing,1,train,none,0.4185691475868225
39,300,39,300,computer,javascript,1,train,none,0.6046265363693237
1,2,1,2,mathematics,knowledge_representation_and_reasoning,1,train,none,0.49163827300071716
106,150,106,150,finite_set,recursively_enumerable_set,1,train,none,0.63011634349823
326,263,326,263,modular_arithmetic,cryptanalysis,1,train,none,0.4297214150428772
236,383,236,383,graph_(mathematics),fast_fourier_transform,0,train,label_file_random,0.26163095235824585
163,358,163,358,mathematical_optimization,statistics,0,train,label_file_random,0.5240353941917419
175,165,175,165,relational_algebra,concurrency_control,0,train,label_file_random,0.39213883876800537
172,120,172,120,recurrence_relation,partial_differential_equation,0,train,label_file_random,0.41978058218955994
95,230,95,230,string_(computer_science),parametric_polymorphism,0,train,label_file_random,0.29802489280700684
277,465,277,465,linear_programming,np-hard,0,train,label_file_random,0.43361347913742065
158,414,158,414,theoretical_computer_science,simulation,0,train,label_file_random,0.3107817769050598
168,272,168,272,synchronization,microprocessor,0,train,label_file_random,0.49666112661361694
7,411,7,411,combinatorics,vector_space,0,train,label_file_random,0.48765337467193604
208,255,208,255,python_(programming_language),lazy_evaluation,0,train,label_file_random,0.46695810556411743
346,255,346,255,input/output,lazy_evaluation,0,train,label_file_random,0.46447423100471497
121,34,121,34,dynamic_programming,shortest_path_problem,0,train,label_file_random,0.4528663754463196
367,58,367,58,linked_list,artificial_intelligence,0,train,label_file_random,0.3117687702178955
98,2,98,2,object-oriented_programming,knowledge_representation_and_reasoning,0,train,label_file_random,0.3827613592147827
85,7,85,7,software_engineering,combinatorics,0,train,label_file_random,0.3339988887310028
46,318,46,318,software_design,logic_programming,0,train,label_file_random,0.403531014919281
367,211,367,211,linked_list,monad_(functional_programming),0,train,label_file_random,0.4430875778198242
403,288,403,288,encryption,peer-to-peer,0,train,label_file_random,0.5022084712982178
49,132,49,132,computational_complexity_theory,functional_programming,0,train,label_file_random,0.3280283808708191
365,75,365,75,procedural_programming,bioinformatics,0,train,label_file_random,0.3753606379032135
1,90,1,90,mathematics,programming_paradigm,0,train,label_file_random,0.46407997608184814
5,19,5,19,natural_language,machine_learning,0,train,label_file_random,0.5335565805435181
297,41,297,41,regular_language,complexity_class,0,train,label_file_random,0.3634576201438904
97,22,97,22,theory_of_computation,programming_language,0,train,label_file_random,0.47409552335739136
48,101,48,101,computational_geometry,computational_chemistry,0,train,label_file_random,0.3009120523929596
334,185,334,185,personal_computer,embedded_system,0,train,label_file_random,0.6266778111457825
7,57,7,57,combinatorics,data_mining,0,train,label_file_random,0.42585504055023193
243,418,243,418,problem_solving,intelligence,0,train,label_file_random,0.5773360729217529
363,110,363,110,formal_methods,parallel_computing,0,train,label_file_random,0.36826735734939575
153,35,153,35,propositional_calculus,np-complete,0,train,label_file_random,0.368865966796875
12,57,12,57,computer_vision,data_mining,0,train,label_file_random,0.44653835892677307
318,16,318,16,logic_programming,number_theory,0,train,label_file_random,0.2384282946586609
167,312,167,312,java_(programming_language),application_programming_interface,0,train,label_file_random,0.662151575088501
18,6,18,6,data_(computing),algorithm,0,train,label_file_random,0.6133641600608826
45,449,45,449,software_development,specification_(technical_standard),0,train,label_file_random,0.5281325578689575
289,146,289,146,c_(programming_language),communications_protocol,0,train,label_file_random,0.4601842761039734
267,297,267,297,pushdown_automaton,regular_language,0,train,label_file_random,0.627743661403656
49,77,49,77,computational_complexity_theory,data_structure,0,train,label_file_random,0.34056857228279114
20,209,20,209,graph_theory,calculus,0,train,label_file_random,0.40707841515541077
58,416,58,416,artificial_intelligence,philosophy,0,train,label_file_random,0.709816038608551
24,155,24,155,computer_programming,inter-process_communication,0,train,label_file_random,0.4058378338813782
279,80,279,80,kernel_(computing),computer_network,0,train,label_file_random,0.5530484318733215
233,196,233,196,context-free_language,turing_machine,0,train,label_file_random,0.3979027569293976
279,353,279,353,kernel_(computing),web_server,0,train,label_file_random,0.453826904296875
49,90,49,90,computational_complexity_theory,programming_paradigm,0,train,label_file_random,0.39769917726516724
101,19,101,19,computational_chemistry,machine_learning,0,train,label_file_random,0.3649023771286011
238,345,238,345,hash_table,amortized_analysis,0,train,label_file_random,0.40342119336128235
269,241,269,241,ml_(programming_language),lisp_(programming_language),0,train,label_file_random,0.689872145652771
136,132,136,132,scope_(computer_science),functional_programming,0,train,label_file_random,0.5211877822875977
98,44,98,44,object-oriented_programming,relational_database,0,train,label_file_random,0.4463197588920593
163,15,163,15,mathematical_optimization,computer_science,0,train,label_file_random,0.5108445286750793
85,65,85,65,software_engineering,parsing,0,train,label_file_random,0.3808809518814087
94,236,94,236,random_variable,graph_(mathematics),0,train,label_file_random,0.37561386823654175
272,99,272,99,microprocessor,high-level_programming_language,0,train,label_file_random,0.5298065543174744
85,447,85,447,software_engineering,architecture,0,train,label_file_random,0.5029057860374451
49,191,49,191,computational_complexity_theory,game_theory,0,train,label_file_random,0.35903170704841614
163,20,163,20,mathematical_optimization,graph_theory,0,train,label_file_random,0.42830690741539
3,207,3,207,algorithm_design,sql,0,train,label_file_random,0.4025343656539917
98,49,98,49,object-oriented_programming,computational_complexity_theory,0,train,label_file_random,0.33821120858192444
168,117,168,117,synchronization,cryptography,0,train,label_file_random,0.4027941823005676
20,16,20,16,graph_theory,number_theory,0,train,label_file_random,0.40442758798599243
12,229,12,229,computer_vision,neural_network,0,train,label_file_random,0.5243903398513794
207,57,207,57,sql,data_mining,0,train,label_file_random,0.5483868718147278
27,244,27,244,operating_system,perl,0,train,label_file_random,0.31506070494651794
154,428,154,428,c++,prototype,0,train,label_file_random,0.32105371356010437
192,15,192,15,mathematical_model,computer_science,0,train,label_file_random,0.4628906548023224
73,154,73,154,computer_architecture,c++,0,train,label_file_random,0.6189560890197754
11,359,11,359,mathematical_proof,semantics,0,train,label_file_random,0.336989164352417
216,407,216,407,cluster_analysis,medicine,0,train,label_file_random,0.3342949151992798
403,168,403,168,encryption,synchronization,0,train,label_file_random,0.42627233266830444
132,98,132,98,functional_programming,object-oriented_programming,0,train,label_file_random,0.5628586411476135
227,230,227,230,object_(computer_science),parametric_polymorphism,0,train,label_file_random,0.5987088680267334
85,358,85,358,software_engineering,statistics,0,train,label_file_random,0.4717930555343628
60,57,60,57,robotics,data_mining,0,train,label_file_random,0.3483865261077881
72,132,72,132,compiler,functional_programming,0,train,label_file_random,0.5117011070251465
72,58,72,58,compiler,artificial_intelligence,0,train,label_file_random,0.34163782000541687
51,352,51,352,statistical_inference,design_of_experiments,0,train,label_file_random,0.41477811336517334
250,444,250,444,user_interface,xml,0,train,label_file_random,0.48492109775543213
377,121,377,121,flow_network,dynamic_programming,0,train,label_file_random,0.3364572823047638
208,312,208,312,python_(programming_language),application_programming_interface,0,train,label_file_random,0.6076403856277466
49,72,49,72,computational_complexity_theory,compiler,0,train,label_file_random,0.22740279138088226
289,148,289,148,c_(programming_language),expert_system,0,train,label_file_random,0.33642637729644775
233,66,233,66,context-free_language,finite-state_machine,0,train,label_file_random,0.4625452756881714
166,48,166,48,database_management_system,computational_geometry,0,train,label_file_random,0.2834435701370239
101,166,101,166,computational_chemistry,database_management_system,0,train,label_file_random,0.28140705823898315
7,16,7,16,combinatorics,number_theory,0,train,label_file_random,0.4496450424194336
132,135,132,135,functional_programming,scripting_language,0,train,label_file_random,0.5791023969650269
100,57,100,57,index_(database),data_mining,0,train,label_file_random,0.396535187959671
196,22,196,22,turing_machine,programming_language,0,train,label_file_random,0.5334763526916504
167,300,167,300,java_(programming_language),javascript,0,train,label_file_random,0.5810647010803223
121,329,121,329,dynamic_programming,economics,0,train,label_file_random,0.42232686281204224
340,346,340,346,virtual_memory,input/output,0,train,label_file_random,0.5205153822898865
184,132,184,132,assembly_language,functional_programming,0,train,label_file_random,0.4386241137981415
117,20,117,20,cryptography,graph_theory,0,train,label_file_random,0.39191851019859314
317,346,317,346,prolog,input/output,0,train,label_file_random,0.31313472986221313
48,117,48,117,computational_geometry,cryptography,0,train,label_file_random,0.3025261461734772
431,117,431,117,email,cryptography,0,train,label_file_random,0.4336710572242737
15,171,15,171,computer_science,probability,0,train,label_file_random,0.44065970182418823
163,149,163,149,mathematical_optimization,information_theory,0,train,label_file_random,0.4480900764465332
106,31,106,31,finite_set,recursion,0,train,label_file_random,0.38841697573661804
365,241,365,241,procedural_programming,lisp_(programming_language),0,train,label_file_random,0.5829683542251587
182,171,182,171,reason,probability,0,train,label_file_random,0.476664274930954
438,270,438,270,exception_handling,polymorphism_(computer_science),0,train,label_file_random,0.38686874508857727
318,98,318,98,logic_programming,object-oriented_programming,0,train,label_file_random,0.4440080225467682
390,95,390,95,floating_point,string_(computer_science),0,train,label_file_random,0.29757368564605713
402,330,402,330,database_normalization,query_optimization,0,train,label_file_random,0.5533747673034668
98,250,98,250,object-oriented_programming,user_interface,0,train,label_file_random,0.4711189270019531
98,145,98,145,object-oriented_programming,numerical_analysis,0,train,label_file_random,0.3217802941799164
167,137,167,137,java_(programming_language),modular_programming,0,train,label_file_random,0.6319124698638916
77,202,77,202,data_structure,genetic_algorithm,0,train,label_file_random,0.2287629097700119
351,24,351,24,instruction_set,computer_programming,0,train,label_file_random,0.4740211069583893
98,241,98,241,object-oriented_programming,lisp_(programming_language),0,train,label_file_random,0.5296382904052734
98,84,98,84,object-oriented_programming,thread_(computer_science),0,train,label_file_random,0.463085800409317
80,334,80,334,computer_network,personal_computer,0,train,label_file_random,0.6218768358230591
219,374,219,374,graphics_processing_unit,very_long_instruction_word,0,train,label_file_random,0.6192839741706848
167,156,167,156,java_(programming_language),regular_expression,0,train,label_file_random,0.32336312532424927
167,444,167,444,java_(programming_language),xml,0,train,label_file_random,0.5483005046844482
145,65,145,65,numerical_analysis,parsing,0,train,label_file_random,0.32655009627342224
134,236,134,236,p_versus_np_problem,graph_(mathematics),0,train,label_file_random,0.404494047164917
340,185,340,185,virtual_memory,embedded_system,0,train,label_file_random,0.45762401819229126
154,167,154,167,c++,java_(programming_language),0,train,label_file_random,0.48479339480400085
167,80,167,80,java_(programming_language),computer_network,0,train,label_file_random,0.5261114239692688
132,75,132,75,functional_programming,bioinformatics,0,train,label_file_random,0.37083515524864197
52,11,52,11,data,mathematical_proof,0,train,label_file_random,0.3301859498023987
80,85,80,85,computer_network,software_engineering,0,train,label_file_random,0.4693346321582794
132,48,132,48,functional_programming,computational_geometry,0,train,label_file_random,0.3319156765937805
7,90,7,90,combinatorics,programming_paradigm,0,train,label_file_random,0.4110798239707947
58,42,58,42,artificial_intelligence,computer_graphics,0,train,label_file_random,0.4212445914745331
145,7,145,7,numerical_analysis,combinatorics,0,train,label_file_random,0.40642350912094116
438,77,438,77,exception_handling,data_structure,0,train,label_file_random,0.4141002297401428
38,289,38,289,graphical_user_interface,c_(programming_language),0,train,label_file_random,0.40839651226997375
72,9,72,9,compiler,unix,0,train,label_file_random,0.436238169670105
445,165,445,165,nosql,concurrency_control,0,train,label_file_random,0.4776575565338135
46,20,46,20,software_design,graph_theory,0,train,label_file_random,0.3418828845024109
48,7,48,7,computational_geometry,combinatorics,0,train,label_file_random,0.47156864404678345
203,450,203,450,speech_recognition,aerospace,0,train,label_file_random,0.3049285411834717
167,333,167,333,java_(programming_language),html,0,train,label_file_random,0.40544790029525757
20,85,20,85,graph_theory,software_engineering,0,train,label_file_random,0.3141603469848633
236,49,236,49,graph_(mathematics),computational_complexity_theory,0,train,label_file_random,0.37703025341033936
145,248,145,248,numerical_analysis,parallel_algorithm,0,train,label_file_random,0.4472235441207886
149,26,149,26,information_theory,distributed_computing,0,train,label_file_random,0.34981125593185425
234,277,234,277,discrete_mathematics,linear_programming,0,train,label_file_random,0.3621498942375183
208,87,208,87,python_(programming_language),control_flow,0,train,label_file_random,0.5210760235786438
291,117,291,117,traffic_analysis,cryptography,0,train,label_file_random,0.4979667067527771
20,305,20,305,graph_theory,syntax,0,train,label_file_random,0.4359978437423706
16,107,16,107,number_theory,fourier_analysis,0,train,label_file_random,0.3522292971611023
318,110,318,110,logic_programming,parallel_computing,0,train,label_file_random,0.3847712278366089
289,72,289,72,c_(programming_language),compiler,0,train,label_file_random,0.6785366535186768
27,250,27,250,operating_system,user_interface,0,train,label_file_random,0.4408509433269501
6,95,6,95,algorithm,string_(computer_science),0,train,label_file_random,0.43116164207458496
190,110,190,110,recursion_(computer_science),parallel_computing,0,train,label_file_random,0.39555275440216064
121,110,121,110,dynamic_programming,parallel_computing,0,train,label_file_random,0.45142412185668945
101,97,101,97,computational_chemistry,theory_of_computation,0,train,label_file_random,0.36188003420829773
20,81,20,81,graph_theory,concurrency_(computer_science),0,train,label_file_random,0.3287786841392517
132,17,132,17,functional_programming,database,0,train,label_file_random,0.4341716468334198
58,408,58,408,artificial_intelligence,linguistics,0,train,label_file_random,0.45505157113075256
293,347,293,347,combinational_logic,microcode,0,train,label_file_random,0.5004085302352905
16,43,16,43,number_theory,geometry,0,train,label_file_random,0.3471405506134033
110,20,110,20,parallel_computing,graph_theory,0,train,label_file_random,0.3588326573371887
196,95,196,95,turing_machine,string_(computer_science),0,train,label_file_random,0.4312625527381897
20,90,20,90,graph_theory,programming_paradigm,0,train,label_file_random,0.35216134786605835
196,6,196,6,turing_machine,algorithm,0,train,label_file_random,0.573630690574646
313,72,313,72,processor_register,compiler,0,train,label_file_random,0.6962122321128845
27,266,27,266,operating_system,matlab,0,train,label_file_random,0.44225332140922546
15,290,15,290,computer_science,asymptotic_analysis,0,train,label_file_random,0.4097234010696411
48,65,48,65,computational_geometry,parsing,0,train,label_file_random,0.2517579197883606
7,17,7,17,combinatorics,database,0,train,label_file_random,0.41938018798828125
2,19,2,19,knowledge_representation_and_reasoning,machine_learning,0,train,label_file_random,0.55694580078125
27,167,27,167,operating_system,java_(programming_language),0,train,label_file_random,0.5279406309127808
33,7,33,7,formal_grammar,combinatorics,0,train,label_file_random,0.33333730697631836
315,414,315,414,scientific_visualization,simulation,0,train,label_file_random,0.3405917286872864
117,427,117,427,cryptography,electronic_commerce,0,train,label_file_random,0.3945801854133606
18,22,18,22,data_(computing),programming_language,0,train,label_file_random,0.5646199584007263
144,395,144,395,statistical_hypothesis_testing,wavelet,0,train,label_file_random,0.2581380605697632
419,199,419,199,physics,uncertainty,0,train,label_file_random,0.4426366686820984
7,250,7,250,combinatorics,user_interface,0,train,label_file_random,0.29407256841659546
31,153,31,153,recursion,propositional_calculus,0,train,label_file_random,0.3757351338863373
49,236,49,236,computational_complexity_theory,graph_(mathematics),0,train,label_file_random,0.37703025341033936
66,110,66,110,finite-state_machine,parallel_computing,0,train,label_file_random,0.3488016128540039
87,188,87,188,control_flow,pattern_matching,0,train,label_file_random,0.4417910575866699
334,6,334,6,personal_computer,algorithm,0,train,label_file_random,0.45154839754104614
281,77,281,77,automata_theory,data_structure,0,train,label_file_random,0.3624514639377594
266,379,266,379,matlab,feature_extraction,0,train,label_file_random,0.39669710397720337
95,341,95,341,string_(computer_science),interface_(computing),0,train,label_file_random,0.3611236810684204
363,98,363,98,formal_methods,object-oriented_programming,0,train,label_file_random,0.3676318824291229
318,135,318,135,logic_programming,scripting_language,0,train,label_file_random,0.5298377871513367
236,277,236,277,graph_(mathematics),linear_programming,0,train,label_file_random,0.403153657913208
91,108,91,108,matrix_(mathematics),polynomial,0,train,label_file_random,0.4682672321796417
24,463,24,463,computer_programming,usability,0,train,label_file_random,0.5761920809745789
117,48,117,48,cryptography,computational_geometry,0,train,label_file_random,0.3025261461734772
365,110,365,110,procedural_programming,parallel_computing,0,train,label_file_random,0.5683376789093018
98,77,98,77,object-oriented_programming,data_structure,0,train,label_file_random,0.537796139717102
144,178,144,178,statistical_hypothesis_testing,poisson_distribution,0,train,label_file_random,0.3185334801673889
157,39,157,39,security,computer,0,train,label_file_random,0.5750839710235596
49,92,49,92,computational_complexity_theory,visualization_(computer_graphics),0,train,label_file_random,0.34388962388038635
80,186,80,186,computer_network,concurrent_computing,0,train,label_file_random,0.6431769728660583
20,464,20,464,graph_theory,probabilistic_method,0,train,label_file_random,0.3482082188129425
87,207,87,207,control_flow,sql,0,train,label_file_random,0.4521700441837311
20,117,20,117,graph_theory,cryptography,0,train,label_file_random,0.39191851019859314
234,163,234,163,discrete_mathematics,mathematical_optimization,0,train,label_file_random,0.45068854093551636
20,92,20,92,graph_theory,visualization_(computer_graphics),0,train,label_file_random,0.4254446029663086
1,440,1,440,mathematics,literature,0,train,label_file_random,0.5876553058624268
439,324,439,324,computer_file,osi_model,0,train,label_file_random,0.4735986292362213
56,212,56,212,digital_electronics,pipeline_(computing),0,train,label_file_random,0.4030243754386902
318,57,318,57,logic_programming,data_mining,0,train,label_file_random,0.4083924889564514
208,244,208,244,python_(programming_language),perl,0,train,label_file_random,0.47807133197784424
17,338,17,338,database,mapreduce,0,train,label_file_random,0.4809424877166748
318,276,318,276,logic_programming,automatic_programming,0,train,label_file_random,0.6395378112792969
137,186,137,186,modular_programming,concurrent_computing,0,train,label_file_random,0.4372812509536743
241,135,241,135,lisp_(programming_language),scripting_language,0,train,label_file_random,0.6089140176773071
220,100,220,100,transaction_processing,index_(database),0,train,label_file_random,0.4921814799308777
241,416,241,416,lisp_(programming_language),philosophy,0,train,label_file_random,0.36870887875556946
167,154,167,154,java_(programming_language),c++,0,train,label_file_random,0.48479339480400085
48,26,48,26,computational_geometry,distributed_computing,0,train,label_file_random,0.3451966643333435
281,90,281,90,automata_theory,programming_paradigm,0,train,label_file_random,0.4648938775062561
370,318,370,318,generic_programming,logic_programming,0,train,label_file_random,0.4171670973300934
129,346,129,346,central_processing_unit,input/output,0,train,label_file_random,0.5199195742607117
98,276,98,276,object-oriented_programming,automatic_programming,0,train,label_file_random,0.569203794002533
154,72,154,72,c++,compiler,0,train,label_file_random,0.7075778245925903
132,77,132,77,functional_programming,data_structure,0,train,label_file_random,0.5648821592330933
406,234,406,234,eigenvalues_and_eigenvectors,discrete_mathematics,0,train,label_file_random,0.32247811555862427
145,77,145,77,numerical_analysis,data_structure,0,train,label_file_random,0.31471091508865356
95,320,95,320,string_(computer_science),software_testing,0,train,label_file_random,0.2746559679508209
224,110,224,110,cpu_cache,parallel_computing,0,train,label_file_random,0.609722375869751
297,267,297,267,regular_language,pushdown_automaton,0,train,label_file_random,0.627743661403656
20,100,20,100,graph_theory,index_(database),0,train,label_file_random,0.38592401146888733
272,342,272,342,microprocessor,scalability,0,train,label_file_random,0.5236103534698486
144,275,144,275,statistical_hypothesis_testing,exponential_family,0,train,label_file_random,0.37137651443481445
184,343,184,343,assembly_language,memory_hierarchy,0,train,label_file_random,0.6576639413833618
363,81,363,81,formal_methods,concurrency_(computer_science),0,train,label_file_random,0.32460707426071167
98,125,98,125,object-oriented_programming,haskell_(programming_language),0,train,label_file_random,0.5623094439506531
27,90,27,90,operating_system,programming_paradigm,0,train,label_file_random,0.43709272146224976
121,284,121,284,dynamic_programming,approximation_algorithm,0,train,label_file_random,0.3942963778972626
186,22,186,22,concurrent_computing,programming_language,0,train,label_file_random,0.40644216537475586
7,58,7,58,combinatorics,artificial_intelligence,0,train,label_file_random,0.4459789991378784
289,38,289,38,c_(programming_language),graphical_user_interface,0,train,label_file_random,0.40839651226997375
184,305,184,305,assembly_language,syntax,0,train,label_file_random,0.5329467058181763
303,150,303,150,halting_problem,recursively_enumerable_set,0,train,label_file_random,0.648274302482605
48,27,48,27,computational_geometry,operating_system,0,train,label_file_random,0.23747876286506653
105,439,105,439,analysis_of_algorithms,computer_file,0,train,label_file_random,0.39585936069488525
7,19,7,19,combinatorics,machine_learning,0,train,label_file_random,0.45799171924591064
60,448,60,448,robotics,knowledge,0,train,label_file_random,0.42501264810562134
72,154,72,154,compiler,c++,0,train,label_file_random,0.7075778245925903
243,162,243,162,problem_solving,communication,0,train,label_file_random,0.39951586723327637
196,16,196,16,turing_machine,number_theory,0,train,label_file_random,0.40182292461395264
154,451,154,451,c++,constraint_satisfaction,0,train,label_file_random,0.26392945647239685
77,270,77,270,data_structure,polymorphism_(computer_science),0,train,label_file_random,0.5088977217674255
299,91,299,91,spanning_tree,matrix_(mathematics),0,train,label_file_random,0.34723058342933655
133,30,133,30,data_type,first-order_logic,0,train,label_file_random,0.34373337030410767
98,446,98,446,object-oriented_programming,project_management,0,train,label_file_random,0.5163938999176025
318,2,318,2,logic_programming,knowledge_representation_and_reasoning,0,train,label_file_random,0.6877719759941101
163,43,163,43,mathematical_optimization,geometry,0,train,label_file_random,0.48576927185058594
423,17,423,17,complex_systems,database,0,train,label_file_random,0.3446458578109741
154,269,154,269,c++,ml_(programming_language),0,train,label_file_random,0.5434714555740356
398,185,398,185,debugging,embedded_system,0,train,label_file_random,0.36106055974960327
281,49,281,49,automata_theory,computational_complexity_theory,0,train,label_file_random,0.487844854593277
20,43,20,43,graph_theory,geometry,0,train,label_file_random,0.4813248813152313
395,52,395,52,wavelet,data,0,train,label_file_random,0.46444714069366455
430,236,430,236,combinatorial_optimization,graph_(mathematics),0,train,label_file_random,0.5666756629943848
163,24,163,24,mathematical_optimization,computer_programming,0,train,label_file_random,0.4988195300102234
6,5,6,5,algorithm,natural_language,0,train,label_file_random,0.4785365164279938
16,65,16,65,number_theory,parsing,0,train,label_file_random,0.2172706127166748
134,329,134,329,p_versus_np_problem,economics,0,train,label_file_random,0.41825371980667114
376,4,376,4,sequence_alignment,natural_language_processing,0,train,label_file_random,0.36442217230796814
303,22,303,22,halting_problem,programming_language,0,train,label_file_random,0.4462912082672119
453,98,453,98,library_(computing),object-oriented_programming,0,train,label_file_random,0.6088654398918152
236,191,236,191,graph_(mathematics),game_theory,0,train,label_file_random,0.39980077743530273
355,98,355,98,higher-order_function,object-oriented_programming,0,train,label_file_random,0.46194031834602356
58,447,58,447,artificial_intelligence,architecture,0,train,label_file_random,0.4609227180480957
208,223,208,223,python_(programming_language),web_browser,0,train,label_file_random,0.48648664355278015
95,98,95,98,string_(computer_science),object-oriented_programming,0,train,label_file_random,0.4247434139251709
7,72,7,72,combinatorics,compiler,0,train,label_file_random,0.29482293128967285
238,195,238,195,hash_table,time_complexity,0,train,label_file_random,0.3943580389022827
7,77,7,77,combinatorics,data_structure,0,train,label_file_random,0.4576859474182129
438,398,438,398,exception_handling,debugging,0,train,label_file_random,0.7118809223175049
191,236,191,236,game_theory,graph_(mathematics),0,train,label_file_random,0.39980077743530273
105,98,105,98,analysis_of_algorithms,object-oriented_programming,0,train,label_file_random,0.5007150173187256
413,224,413,224,instruction_pipeline,cpu_cache,0,train,label_file_random,0.4684320092201233
16,26,16,26,number_theory,distributed_computing,0,train,label_file_random,0.33700862526893616
163,16,163,16,mathematical_optimization,number_theory,0,train,label_file_random,0.32422736287117004
98,48,98,48,object-oriented_programming,computational_geometry,0,train,label_file_random,0.3483099639415741
365,57,365,57,procedural_programming,data_mining,0,train,label_file_random,0.41278448700904846
39,358,39,358,computer,statistics,0,train,label_file_random,0.5470582246780396
277,121,277,121,linear_programming,dynamic_programming,0,train,label_file_random,0.5293753147125244
5,6,5,6,natural_language,algorithm,0,train,label_file_random,0.4785365164279938
227,324,227,324,object_(computer_science),osi_model,0,train,label_file_random,0.5970903038978577
208,266,208,266,python_(programming_language),matlab,0,train,label_file_random,0.6580749750137329
98,363,98,363,object-oriented_programming,formal_methods,0,train,label_file_random,0.3676318824291229
49,20,49,20,computational_complexity_theory,graph_theory,0,train,label_file_random,0.5055978298187256
427,117,427,117,electronic_commerce,cryptography,0,train,label_file_random,0.3945801854133606
132,289,132,289,functional_programming,c_(programming_language),0,train,label_file_random,0.6013981103897095
71,220,71,220,relational_model,transaction_processing,0,train,label_file_random,0.5827315449714661
210,395,210,395,correlation_and_dependence,wavelet,0,train,label_file_random,0.41015616059303284
20,49,20,49,graph_theory,computational_complexity_theory,0,train,label_file_random,0.5055978298187256
184,98,184,98,assembly_language,object-oriented_programming,0,train,label_file_random,0.513057291507721
66,72,66,72,finite-state_machine,compiler,0,train,label_file_random,0.29998913407325745
289,392,289,392,c_(programming_language),programming_style,0,train,label_file_random,0.6019593477249146
293,73,293,73,combinational_logic,computer_architecture,0,train,label_file_random,0.5658942461013794
434,417,434,417,structural_induction,type_theory,0,train,label_file_random,0.5043455362319946
367,310,367,310,linked_list,array_data_structure,0,train,label_file_random,0.6876091957092285
35,153,35,153,np-complete,propositional_calculus,0,train,label_file_random,0.368865966796875
145,117,145,117,numerical_analysis,cryptography,0,train,label_file_random,0.3402949273586273
348,360,348,360,formal_verification,denotational_semantics,0,train,label_file_random,0.5066360831260681
48,4,48,4,computational_geometry,natural_language_processing,0,train,label_file_random,0.24625715613365173
72,300,72,300,compiler,javascript,0,train,label_file_random,0.4598393142223358
15,16,15,16,computer_science,number_theory,0,train,label_file_random,0.48506826162338257
184,318,184,318,assembly_language,logic_programming,0,train,label_file_random,0.42456015944480896
94,238,94,238,random_variable,hash_table,0,train,label_file_random,0.33323973417282104
35,20,35,20,np-complete,graph_theory,0,train,label_file_random,0.4590460956096649
48,145,48,145,computational_geometry,numerical_analysis,0,train,label_file_random,0.44168394804000854
208,222,208,222,python_(programming_language),information_security,0,train,label_file_random,0.45436418056488037
398,67,398,67,debugging,malware,0,train,label_file_random,0.40434759855270386
22,49,22,49,programming_language,computational_complexity_theory,0,train,label_file_random,0.33509379625320435
241,269,241,269,lisp_(programming_language),ml_(programming_language),0,train,label_file_random,0.689872145652771
365,2,365,2,procedural_programming,knowledge_representation_and_reasoning,0,train,label_file_random,0.3425890803337097
20,163,20,163,graph_theory,mathematical_optimization,0,train,label_file_random,0.42830690741539
121,59,121,59,dynamic_programming,divide_and_conquer_algorithm,0,train,label_file_random,0.3613542318344116
363,250,363,250,formal_methods,user_interface,0,train,label_file_random,0.30438780784606934
196,226,196,226,turing_machine,randomized_algorithm,0,train,label_file_random,0.36020421981811523
22,196,22,196,programming_language,turing_machine,0,train,label_file_random,0.5334763526916504
241,98,241,98,lisp_(programming_language),object-oriented_programming,0,train,label_file_random,0.5296382904052734
24,334,24,334,computer_programming,personal_computer,0,train,label_file_random,0.5878878831863403
406,163,406,163,eigenvalues_and_eigenvectors,mathematical_optimization,0,train,label_file_random,0.4638412296772003
20,101,20,101,graph_theory,computational_chemistry,0,train,label_file_random,0.4896807372570038
65,458,65,458,parsing,top-down_and_bottom-up_design,0,train,label_file_random,0.38106560707092285
403,67,403,67,encryption,malware,0,train,label_file_random,0.5019665956497192
121,112,121,112,dynamic_programming,newton's_method,0,train,label_file_random,0.31735143065452576
375,300,375,300,software_framework,javascript,0,train,label_file_random,0.44012582302093506
24,163,24,163,computer_programming,mathematical_optimization,0,train,label_file_random,0.4988195300102234
98,316,98,316,object-oriented_programming,garbage_collection_(computer_science),0,train,label_file_random,0.4693005084991455
22,359,22,359,programming_language,semantics,0,train,label_file_random,0.4989868402481079
145,17,145,17,numerical_analysis,database,0,train,label_file_random,0.29567936062812805
318,19,318,19,logic_programming,machine_learning,0,train,label_file_random,0.5491982698440552
15,326,15,326,computer_science,modular_arithmetic,0,train,label_file_random,0.4100325107574463
132,16,132,16,functional_programming,number_theory,0,train,label_file_random,0.3468066155910492
22,149,22,149,programming_language,information_theory,0,train,label_file_random,0.33986595273017883
437,251,437,251,library,web_search_engine,0,train,label_file_random,0.3669920563697815
73,149,73,149,computer_architecture,information_theory,0,train,label_file_random,0.3561404049396515
136,269,136,269,scope_(computer_science),ml_(programming_language),0,train,label_file_random,0.47861385345458984
323,12,323,12,3d_computer_graphics,computer_vision,0,train,label_file_random,0.5937622785568237
14,395,14,395,randomness,wavelet,0,train,label_file_random,0.42380082607269287
7,2,7,2,combinatorics,knowledge_representation_and_reasoning,0,train,label_file_random,0.38885560631752014
98,441,98,441,object-oriented_programming,hierarchy,0,train,label_file_random,0.44355323910713196
85,214,85,214,software_engineering,programmer,0,train,label_file_random,0.7205296754837036
20,42,20,42,graph_theory,computer_graphics,0,train,label_file_random,0.3492063879966736
77,289,77,289,data_structure,c_(programming_language),0,train,label_file_random,0.6104942560195923
77,20,77,20,data_structure,graph_theory,0,train,label_file_random,0.5060371160507202
438,230,438,230,exception_handling,parametric_polymorphism,0,train,label_file_random,0.416291743516922
132,58,132,58,functional_programming,artificial_intelligence,0,train,label_file_random,0.38809752464294434
49,220,49,220,computational_complexity_theory,transaction_processing,0,train,label_file_random,0.2279130220413208
42,12,42,12,computer_graphics,computer_vision,0,train,label_file_random,0.6298143267631531
22,105,22,105,programming_language,analysis_of_algorithms,0,train,label_file_random,0.49862733483314514
162,329,162,329,communication,economics,0,train,label_file_random,0.33449071645736694
168,423,168,423,synchronization,complex_systems,0,train,label_file_random,0.4424915909767151
38,340,38,340,graphical_user_interface,virtual_memory,0,train,label_file_random,0.34024372696876526
35,65,35,65,np-complete,parsing,0,train,label_file_random,0.2857632040977478
132,2,132,2,functional_programming,knowledge_representation_and_reasoning,0,train,label_file_random,0.3665294647216797
318,250,318,250,logic_programming,user_interface,0,train,label_file_random,0.3312801718711853
227,360,227,360,object_(computer_science),denotational_semantics,0,train,label_file_random,0.5509536862373352
27,207,27,207,operating_system,sql,0,train,label_file_random,0.352902352809906
7,75,7,75,combinatorics,bioinformatics,0,train,label_file_random,0.4593224823474884
289,300,289,300,c_(programming_language),javascript,0,train,label_file_random,0.502267599105835
22,204,22,204,programming_language,internet,0,train,label_file_random,0.4928815960884094
7,110,7,110,combinatorics,parallel_computing,0,train,label_file_random,0.3521462082862854
208,40,208,40,python_(programming_language),profiling_(computer_programming),0,train,label_file_random,0.45903992652893066
22,16,22,16,programming_language,number_theory,0,train,label_file_random,0.34959158301353455
16,165,16,165,number_theory,concurrency_control,0,train,label_file_random,0.312808096408844
430,49,430,49,combinatorial_optimization,computational_complexity_theory,0,train,label_file_random,0.4203597903251648
72,289,72,289,compiler,c_(programming_language),0,train,label_file_random,0.6785366535186768
376,5,376,5,sequence_alignment,natural_language,0,train,label_file_random,0.3857831656932831
406,354,406,354,eigenvalues_and_eigenvectors,differential_equation,0,train,label_file_random,0.38473713397979736
60,415,60,415,robotics,methodology,0,train,label_file_random,0.3420601785182953
281,110,281,110,automata_theory,parallel_computing,0,train,label_file_random,0.33715522289276123
110,98,110,98,parallel_computing,object-oriented_programming,0,train,label_file_random,0.47141629457473755
184,87,184,87,assembly_language,control_flow,0,train,label_file_random,0.4961651563644409
42,414,42,414,computer_graphics,simulation,0,train,label_file_random,0.4362439215183258
80,27,80,27,computer_network,operating_system,0,train,label_file_random,0.610323965549469
398,167,398,167,debugging,java_(programming_language),0,train,label_file_random,0.4375187158584595
327,166,327,166,file_system,database_management_system,0,train,label_file_random,0.6137344837188721
137,132,137,132,modular_programming,functional_programming,0,train,label_file_random,0.606141209602356
167,223,167,223,java_(programming_language),web_browser,0,train,label_file_random,0.5107749700546265
34,35,34,35,shortest_path_problem,np-complete,0,train,label_file_random,0.4736201763153076
22,443,22,443,programming_language,decidability_(logic),0,train,label_file_random,0.3999733328819275
48,165,48,165,computational_geometry,concurrency_control,0,train,label_file_random,0.2958824932575226
105,207,105,207,analysis_of_algorithms,sql,0,train,label_file_random,0.37928324937820435
72,312,72,312,compiler,application_programming_interface,0,train,label_file_random,0.45543891191482544
73,312,73,312,computer_architecture,application_programming_interface,0,train,label_file_random,0.5185426473617554
7,85,7,85,combinatorics,software_engineering,0,train,label_file_random,0.3339988887310028
121,22,121,22,dynamic_programming,programming_language,0,train,label_file_random,0.46217018365859985
7,165,7,165,combinatorics,concurrency_control,0,train,label_file_random,0.21602055430412292
117,58,117,58,cryptography,artificial_intelligence,0,train,label_file_random,0.4765634536743164
435,145,435,145,molecular_dynamics,numerical_analysis,0,train,label_file_random,0.3402412533760071
145,43,145,43,numerical_analysis,geometry,0,train,label_file_random,0.4126746654510498
77,184,77,184,data_structure,assembly_language,0,train,label_file_random,0.5150644779205322
367,289,367,289,linked_list,c_(programming_language),0,train,label_file_random,0.5878992676734924
6,132,6,132,algorithm,functional_programming,0,train,label_file_random,0.4760858714580536
110,49,110,49,parallel_computing,computational_complexity_theory,0,train,label_file_random,0.3637818694114685
167,207,167,207,java_(programming_language),sql,0,train,label_file_random,0.5500921607017517
24,149,24,149,computer_programming,information_theory,0,train,label_file_random,0.34683194756507874
110,145,110,145,parallel_computing,numerical_analysis,0,train,label_file_random,0.4595317840576172
20,132,20,132,graph_theory,functional_programming,0,train,label_file_random,0.4009260833263397
281,105,281,105,automata_theory,analysis_of_algorithms,0,train,label_file_random,0.4306688904762268
7,15,7,15,combinatorics,computer_science,0,train,label_file_random,0.5427176356315613
14,6,14,6,randomness,algorithm,0,train,label_file_random,0.49908649921417236
85,203,85,203,software_engineering,speech_recognition,0,train,label_file_random,0.37312543392181396
312,72,312,72,application_programming_interface,compiler,0,train,label_file_random,0.45543891191482544
403,291,403,291,encryption,traffic_analysis,0,train,label_file_random,0.4878743886947632
289,355,289,355,c_(programming_language),higher-order_function,0,train,label_file_random,0.46693211793899536
24,351,24,351,computer_programming,instruction_set,0,train,label_file_random,0.4740211069583893
95,75,95,75,string_(computer_science),bioinformatics,0,train,label_file_random,0.454365074634552
163,85,163,85,mathematical_optimization,software_engineering,0,train,label_file_random,0.46764081716537476
49,81,49,81,computational_complexity_theory,concurrency_(computer_science),0,train,label_file_random,0.33948302268981934
191,58,191,58,game_theory,artificial_intelligence,0,train,label_file_random,0.4549970030784607
39,157,39,157,computer,security,0,train,label_file_random,0.5750839710235596
191,105,191,105,game_theory,analysis_of_algorithms,0,train,label_file_random,0.3608228266239166
115,201,115,201,formal_language,np_(complexity),0,train,label_file_random,0.4022504985332489
6,16,6,16,algorithm,number_theory,0,train,label_file_random,0.37585487961769104
289,319,289,319,c_(programming_language),dynamic_memory_allocation,0,train,label_file_random,0.5905881524085999
377,34,377,34,flow_network,shortest_path_problem,0,train,label_file_random,0.536137044429779
149,163,149,163,information_theory,mathematical_optimization,0,train,label_file_random,0.4480900764465332
73,167,73,167,computer_architecture,java_(programming_language),0,train,label_file_random,0.49204739928245544
105,318,105,318,analysis_of_algorithms,logic_programming,0,train,label_file_random,0.34674695134162903
72,46,72,46,compiler,software_design,0,train,label_file_random,0.4475773572921753
184,146,184,146,assembly_language,communications_protocol,0,train,label_file_random,0.3314685821533203
318,58,318,58,logic_programming,artificial_intelligence,0,train,label_file_random,0.5621464848518372
95,125,95,125,string_(computer_science),haskell_(programming_language),0,train,label_file_random,0.3890994191169739
167,77,167,77,java_(programming_language),data_structure,0,train,label_file_random,0.47473853826522827
243,414,243,414,problem_solving,simulation,0,train,label_file_random,0.32965153455734253
266,13,266,13,matlab,image_processing,0,train,label_file_random,0.4807688295841217
318,148,318,148,logic_programming,expert_system,0,train,label_file_random,0.6254878044128418
17,48,17,48,database,computational_geometry,0,train,label_file_random,0.28943726420402527
80,117,80,117,computer_network,cryptography,0,train,label_file_random,0.5254279971122742
20,220,20,220,graph_theory,transaction_processing,0,train,label_file_random,0.30132946372032166
208,409,208,409,python_(programming_language),open_source,0,train,label_file_random,0.5001559257507324
437,1,437,1,library,mathematics,0,train,label_file_random,0.46143877506256104
95,66,95,66,string_(computer_science),finite-state_machine,0,train,label_file_random,0.39942729473114014
110,7,110,7,parallel_computing,combinatorics,0,train,label_file_random,0.3521462082862854
376,408,376,408,sequence_alignment,linguistics,0,train,label_file_random,0.31104815006256104
115,7,115,7,formal_language,combinatorics,0,train,label_file_random,0.38962796330451965
98,110,98,110,object-oriented_programming,parallel_computing,0,train,label_file_random,0.47141629457473755
6,22,6,22,algorithm,programming_language,0,train,label_file_random,0.6233009696006775
91,39,91,39,matrix_(mathematics),computer,0,train,label_file_random,0.5227540731430054
109,63,109,63,vector_processor,cache_coherence,0,train,label_file_random,0.5655612945556641
291,263,291,263,traffic_analysis,cryptanalysis,0,train,label_file_random,0.5585371255874634
154,310,154,310,c++,array_data_structure,0,train,label_file_random,0.5512685179710388
365,250,365,250,procedural_programming,user_interface,0,train,label_file_random,0.42520472407341003
15,301,15,301,computer_science,decision_theory,0,train,label_file_random,0.4035000801086426
85,19,85,19,software_engineering,machine_learning,0,train,label_file_random,0.660311222076416
398,40,398,40,debugging,profiling_(computer_programming),0,train,label_file_random,0.587978184223175
207,165,207,165,sql,concurrency_control,0,train,label_file_random,0.4114743769168854
306,6,306,6,round-off_error,algorithm,0,train,label_file_random,0.36886894702911377
162,410,162,410,communication,data_model,0,train,label_file_random,0.4908733069896698
6,342,6,342,algorithm,scalability,0,train,label_file_random,0.48425859212875366
203,160,203,160,speech_recognition,sentiment_analysis,0,train,label_file_random,0.4928176999092102
15,432,15,432,computer_science,cell_(biology),0,train,label_file_random,0.4022742509841919
406,258,406,258,eigenvalues_and_eigenvectors,sparse_matrix,0,train,label_file_random,0.45002666115760803
6,36,6,36,algorithm,probability_theory,0,train,label_file_random,0.41353586316108704
318,17,318,17,logic_programming,database,0,train,label_file_random,0.3779258728027344
20,165,20,165,graph_theory,concurrency_control,0,train,label_file_random,0.31350699067115784
17,85,17,85,database,software_engineering,0,train,label_file_random,0.4552672207355499
154,184,154,184,c++,assembly_language,0,train,label_file_random,0.6220824718475342
30,236,30,236,first-order_logic,graph_(mathematics),0,train,label_file_random,0.4928576946258545
98,333,98,333,object-oriented_programming,html,0,train,label_file_random,0.3934215307235718
70,454,70,454,information_assurance,forensic_science,0,train,label_file_random,0.35363301634788513
154,241,154,241,c++,lisp_(programming_language),0,train,label_file_random,0.43285486102104187
337,65,337,65,world_wide_web,parsing,0,train,label_file_random,0.32744404673576355
10,15,10,15,mathematical_induction,computer_science,0,train,label_file_random,0.41408371925354004
405,455,405,455,scientific_modelling,visual_perception,0,train,label_file_random,0.3091717064380646
132,184,132,184,functional_programming,assembly_language,0,train,label_file_random,0.4386241137981415
6,333,6,333,algorithm,html,0,train,label_file_random,0.3257420063018799
406,304,406,304,eigenvalues_and_eigenvectors,linear_system,0,train,label_file_random,0.5960090160369873
87,255,87,255,control_flow,lazy_evaluation,0,train,label_file_random,0.5095198750495911
98,16,98,16,object-oriented_programming,number_theory,0,train,label_file_random,0.36213189363479614
278,132,278,132,imperative_programming,functional_programming,0,train,label_file_random,0.6329610347747803
2,49,2,49,knowledge_representation_and_reasoning,computational_complexity_theory,0,train,label_file_random,0.287017285823822
26,186,26,186,distributed_computing,concurrent_computing,0,train,label_file_random,0.8023619651794434
65,85,65,85,parsing,software_engineering,0,train,label_file_random,0.3808809518814087
73,80,73,80,computer_architecture,computer_network,0,train,label_file_random,0.5853226184844971
82,258,82,258,iterative_method,sparse_matrix,0,train,label_file_random,0.1929178237915039
72,85,72,85,compiler,software_engineering,0,train,label_file_random,0.4051545262336731
419,20,419,20,physics,graph_theory,0,train,label_file_random,0.41174811124801636
144,107,144,107,statistical_hypothesis_testing,fourier_analysis,0,train,label_file_random,0.278612345457077
334,409,334,409,personal_computer,open_source,0,train,label_file_random,0.47981107234954834
48,132,48,132,computational_geometry,functional_programming,0,train,label_file_random,0.3319156765937805
2,12,2,12,knowledge_representation_and_reasoning,computer_vision,0,train,label_file_random,0.4315915107727051
274,466,274,466,integral,parabola,0,train,label_file_random,0.41936951875686646
149,49,149,49,information_theory,computational_complexity_theory,0,train,label_file_random,0.4838244616985321
398,59,398,59,debugging,divide_and_conquer_algorithm,0,train,label_file_random,0.23608502745628357
65,417,65,417,parsing,type_theory,0,train,label_file_random,0.3196572959423065
7,166,7,166,combinatorics,database_management_system,0,train,label_file_random,0.3038472831249237
244,207,244,207,perl,sql,0,train,label_file_random,0.4470146894454956
7,42,7,42,combinatorics,computer_graphics,0,train,label_file_random,0.35128718614578247
12,45,12,45,computer_vision,software_development,0,train,label_file_random,0.3759627044200897
48,17,48,17,computational_geometry,database,0,train,label_file_random,0.28943726420402527
154,52,154,52,c++,data,0,train,label_file_random,0.3259897530078888
145,27,145,27,numerical_analysis,operating_system,0,train,label_file_random,0.342821329832077
20,27,20,27,graph_theory,operating_system,0,train,label_file_random,0.26877322793006897
35,226,35,226,np-complete,randomized_algorithm,0,train,label_file_random,0.41785430908203125
80,73,80,73,computer_network,computer_architecture,0,train,label_file_random,0.5853226184844971
98,132,98,132,object-oriented_programming,functional_programming,0,train,label_file_random,0.5628586411476135
184,316,184,316,assembly_language,garbage_collection_(computer_science),0,train,label_file_random,0.4608595371246338
420,22,420,22,infinity,programming_language,0,train,label_file_random,0.33805394172668457
137,98,137,98,modular_programming,object-oriented_programming,0,train,label_file_random,0.718865156173706
110,142,110,142,parallel_computing,ray_tracing_(graphics),0,train,label_file_random,0.319706529378891
147,160,147,160,question_answering,sentiment_analysis,0,train,label_file_random,0.5140320062637329
81,48,81,48,concurrency_(computer_science),computational_geometry,0,train,label_file_random,0.3326330780982971
153,65,153,65,propositional_calculus,parsing,0,train,label_file_random,0.4796331524848938
132,11,132,11,functional_programming,mathematical_proof,0,train,label_file_random,0.31989043951034546
22,20,22,20,programming_language,graph_theory,0,train,label_file_random,0.36733365058898926
101,42,101,42,computational_chemistry,computer_graphics,0,train,label_file_random,0.3063938021659851
49,250,49,250,computational_complexity_theory,user_interface,0,train,label_file_random,0.2504011392593384
81,24,81,24,concurrency_(computer_science),computer_programming,0,train,label_file_random,0.4509560763835907
170,296,170,296,ordinary_differential_equation,calculus_of_variations,0,train,label_file_random,0.5471196174621582
48,19,48,19,computational_geometry,machine_learning,0,train,label_file_random,0.35485005378723145
58,75,58,75,artificial_intelligence,bioinformatics,0,train,label_file_random,0.5095649361610413
457,80,457,80,privacy,computer_network,0,train,label_file_random,0.5724561810493469
236,134,236,134,graph_(mathematics),p_versus_np_problem,0,train,label_file_random,0.404494047164917
293,129,293,129,combinational_logic,central_processing_unit,0,train,label_file_random,0.46111375093460083
80,143,80,143,computer_network,social_network,0,train,label_file_random,0.5073371529579163
390,317,390,317,floating_point,prolog,0,train,label_file_random,0.2995997965335846
313,340,313,340,processor_register,virtual_memory,0,train,label_file_random,0.5954330563545227
396,429,396,429,inference,determinism,0,train,label_file_random,0.4892893135547638
54,422,54,422,markov_chain,data_compression,0,train,label_file_random,0.25705885887145996
16,77,16,77,number_theory,data_structure,0,train,label_file_random,0.3414580821990967
80,9,80,9,computer_network,unix,0,train,label_file_random,0.5402169823646545
208,167,208,167,python_(programming_language),java_(programming_language),0,train,label_file_random,0.6346900463104248
38,73,38,73,graphical_user_interface,computer_architecture,0,train,label_file_random,0.39338257908821106
95,319,95,319,string_(computer_science),dynamic_memory_allocation,0,train,label_file_random,0.3512391149997711
126,166,126,166,abstraction_(computer_science),database_management_system,0,train,label_file_random,0.44891357421875
229,148,229,148,neural_network,expert_system,0,train,label_file_random,0.4963074326515198
400,72,400,72,run_time_(program_lifecycle_phase),compiler,0,train,label_file_random,0.5815582871437073
98,184,98,184,object-oriented_programming,assembly_language,0,train,label_file_random,0.513057291507721
98,375,98,375,object-oriented_programming,software_framework,0,train,label_file_random,0.5950765013694763
312,27,312,27,application_programming_interface,operating_system,0,train,label_file_random,0.5974995493888855
54,86,54,86,markov_chain,large_deviations_theory,0,train,label_file_random,0.2890380024909973
208,300,208,300,python_(programming_language),javascript,0,train,label_file_random,0.5909596681594849
390,230,390,230,floating_point,parametric_polymorphism,0,train,label_file_random,0.4471309185028076
110,137,110,137,parallel_computing,modular_programming,0,train,label_file_random,0.5261331796646118
77,390,77,390,data_structure,floating_point,0,train,label_file_random,0.46237465739250183
44,220,44,220,relational_database,transaction_processing,0,train,label_file_random,0.6164230108261108
73,99,73,99,computer_architecture,high-level_programming_language,0,train,label_file_random,0.5412338376045227
163,49,163,49,mathematical_optimization,computational_complexity_theory,0,train,label_file_random,0.37593209743499756
98,318,98,318,object-oriented_programming,logic_programming,0,train,label_file_random,0.4440080225467682
161,49,161,49,quantum_computer,computational_complexity_theory,0,train,label_file_random,0.2649186849594116
60,49,60,49,robotics,computational_complexity_theory,0,train,label_file_random,0.283551424741745
132,119,132,119,functional_programming,foundations_of_mathematics,0,train,label_file_random,0.4724351167678833
13,45,13,45,image_processing,software_development,0,train,label_file_random,0.3691096901893616
208,238,208,238,python_(programming_language),hash_table,0,train,label_file_random,0.4315893352031708
16,163,16,163,number_theory,mathematical_optimization,0,train,label_file_random,0.32422736287117004
163,158,163,158,mathematical_optimization,theoretical_computer_science,0,train,label_file_random,0.45589709281921387
184,186,184,186,assembly_language,concurrent_computing,0,train,label_file_random,0.5181963443756104
101,16,101,16,computational_chemistry,number_theory,0,train,label_file_random,0.2408236861228943
219,127,219,127,graphics_processing_unit,rendering_(computer_graphics),0,train,label_file_random,0.5324136018753052
462,20,462,20,chemistry,graph_theory,0,train,label_file_random,0.4054086208343506
80,165,80,165,computer_network,concurrency_control,0,train,label_file_random,0.6187423467636108
98,230,98,230,object-oriented_programming,parametric_polymorphism,0,train,label_file_random,0.5934230089187622
110,42,110,42,parallel_computing,computer_graphics,0,train,label_file_random,0.37920498847961426
7,22,7,22,combinatorics,programming_language,0,train,label_file_random,0.4082540273666382
98,58,98,58,object-oriented_programming,artificial_intelligence,0,train,label_file_random,0.4841592609882355
377,283,377,283,flow_network,semidefinite_programming,0,train,label_file_random,0.2994495630264282
250,44,250,44,user_interface,relational_database,0,train,label_file_random,0.33915960788726807
281,48,281,48,automata_theory,computational_geometry,0,train,label_file_random,0.25125735998153687
132,276,132,276,functional_programming,automatic_programming,0,train,label_file_random,0.4813259541988373
277,236,277,236,linear_programming,graph_(mathematics),0,train,label_file_random,0.403153657913208
6,278,6,278,algorithm,imperative_programming,0,train,label_file_random,0.4975668787956238
101,44,101,44,computational_chemistry,relational_database,0,train,label_file_random,0.26403966546058655
65,281,65,281,parsing,automata_theory,0,train,label_file_random,0.5079835653305054
66,347,66,347,finite-state_machine,microcode,0,train,label_file_random,0.2714838683605194
87,126,87,126,control_flow,abstraction_(computer_science),0,train,label_file_random,0.519595205783844
66,73,66,73,finite-state_machine,computer_architecture,0,train,label_file_random,0.35308003425598145
365,16,365,16,procedural_programming,number_theory,0,train,label_file_random,0.2931443452835083
132,393,132,393,functional_programming,program_optimization,0,train,label_file_random,0.5288643836975098
162,62,162,62,communication,computer_security,0,train,label_file_random,0.4579361081123352
66,408,66,408,finite-state_machine,linguistics,0,train,label_file_random,0.3309669494628906
38,279,38,279,graphical_user_interface,kernel_(computing),0,train,label_file_random,0.4376786947250366
101,2,101,2,computational_chemistry,knowledge_representation_and_reasoning,0,train,label_file_random,0.2914198040962219
36,234,36,234,probability_theory,discrete_mathematics,0,train,label_file_random,0.4730793237686157
345,238,345,238,amortized_analysis,hash_table,0,train,label_file_random,0.40342119336128235
98,135,98,135,object-oriented_programming,scripting_language,0,train,label_file_random,0.6461504101753235
38,327,38,327,graphical_user_interface,file_system,0,train,label_file_random,0.34388571977615356
351,224,351,224,instruction_set,cpu_cache,0,train,label_file_random,0.7029520869255066
191,20,191,20,game_theory,graph_theory,0,train,label_file_random,0.4915429949760437
20,191,20,191,graph_theory,game_theory,0,train,label_file_random,0.4915429949760437
19,5,19,5,machine_learning,natural_language,0,train,label_file_random,0.5335565805435181
20,207,20,207,graph_theory,sql,0,train,label_file_random,0.40590906143188477
16,4,16,4,number_theory,natural_language_processing,0,train,label_file_random,0.29083800315856934
445,330,445,330,nosql,query_optimization,0,train,label_file_random,0.4616207778453827
453,27,453,27,library_(computing),operating_system,0,train,label_file_random,0.564933180809021
36,305,36,305,probability_theory,syntax,0,train,label_file_random,0.3741338551044464
27,149,27,149,operating_system,information_theory,0,train,label_file_random,0.3076472878456116
305,20,305,20,syntax,graph_theory,0,train,label_file_random,0.4359978437423706
20,44,20,44,graph_theory,relational_database,0,train,label_file_random,0.47509971261024475
412,12,412,12,multimodal_interaction,computer_vision,0,train,label_file_random,0.505391538143158
10,209,10,209,mathematical_induction,calculus,0,train,label_file_random,0.41770943999290466
278,6,278,6,imperative_programming,algorithm,0,train,label_file_random,0.4975668787956238
191,226,191,226,game_theory,randomized_algorithm,0,train,label_file_random,0.301332950592041
121,242,121,242,dynamic_programming,gradient_descent,0,train,label_file_random,0.506598174571991
20,17,20,17,graph_theory,database,0,train,label_file_random,0.42335355281829834
276,137,276,137,automatic_programming,modular_programming,0,train,label_file_random,0.5675979256629944
96,165,96,165,query_language,concurrency_control,0,train,label_file_random,0.39446356892585754
46,132,46,132,software_design,functional_programming,0,train,label_file_random,0.49466967582702637
431,67,431,67,email,malware,0,train,label_file_random,0.4358629584312439
66,293,66,293,finite-state_machine,combinational_logic,0,train,label_file_random,0.4048289656639099
98,17,98,17,object-oriented_programming,database,0,train,label_file_random,0.47430503368377686
250,17,250,17,user_interface,database,0,train,label_file_random,0.4488668441772461
6,250,6,250,algorithm,user_interface,0,train,label_file_random,0.5259115695953369
390,270,390,270,floating_point,polymorphism_(computer_science),0,train,label_file_random,0.35557571053504944
98,3,98,3,object-oriented_programming,algorithm_design,0,train,label_file_random,0.42196959257125854
38,271,38,271,graphical_user_interface,scheduling_(computing),0,train,label_file_random,0.3488970994949341
154,324,154,324,c++,osi_model,0,train,label_file_random,0.4276862144470215
80,457,80,457,computer_network,privacy,0,train,label_file_random,0.5724561810493469
20,65,20,65,graph_theory,parsing,0,train,label_file_random,0.3216021955013275
190,195,190,195,recursion_(computer_science),time_complexity,0,train,label_file_random,0.41337519884109497
101,207,101,207,computational_chemistry,sql,0,train,label_file_random,0.2832449674606323
15,405,15,405,computer_science,scientific_modelling,0,train,label_file_random,0.4651939868927002
2,57,2,57,knowledge_representation_and_reasoning,data_mining,0,train,label_file_random,0.5167553424835205
95,6,95,6,string_(computer_science),algorithm,0,train,label_file_random,0.43116164207458496
71,433,71,433,relational_model,information_retrieval,0,train,label_file_random,0.49626848101615906
20,97,20,97,graph_theory,theory_of_computation,0,train,label_file_random,0.5978133678436279
402,220,402,220,database_normalization,transaction_processing,0,train,label_file_random,0.6076273918151855
20,371,20,371,graph_theory,database_transaction,0,train,label_file_random,0.3028530180454254
20,110,20,110,graph_theory,parallel_computing,0,train,label_file_random,0.3588326573371887
84,95,84,95,thread_(computer_science),string_(computer_science),0,train,label_file_random,0.3701897859573364
281,20,281,20,automata_theory,graph_theory,0,train,label_file_random,0.5063280463218689
38,27,38,27,graphical_user_interface,operating_system,0,train,label_file_random,0.41400855779647827
31,441,31,441,recursion,hierarchy,0,train,label_file_random,0.4954175353050232
77,226,77,226,data_structure,randomized_algorithm,0,train,label_file_random,0.3592704236507416
460,392,460,392,revision_control,programming_style,0,train,label_file_random,0.5547512173652649
317,147,317,147,prolog,question_answering,0,train,label_file_random,0.46708130836486816
17,26,17,26,database,distributed_computing,0,train,label_file_random,0.42736899852752686
20,145,20,145,graph_theory,numerical_analysis,0,train,label_file_random,0.35746026039123535
80,279,80,279,computer_network,kernel_(computing),0,train,label_file_random,0.5530484318733215
95,196,95,196,string_(computer_science),turing_machine,0,train,label_file_random,0.4312625527381897
121,421,121,421,dynamic_programming,genetics,0,train,label_file_random,0.3575694262981415
87,137,87,137,control_flow,modular_programming,0,train,label_file_random,0.5262652635574341
66,56,66,56,finite-state_machine,digital_electronics,0,train,label_file_random,0.3791206181049347
27,346,27,346,operating_system,input/output,0,train,label_file_random,0.6010370254516602
46,44,46,44,software_design,relational_database,0,train,label_file_random,0.37492072582244873
227,77,227,77,object_(computer_science),data_structure,0,train,label_file_random,0.6035033464431763
20,161,20,161,graph_theory,quantum_computer,0,train,label_file_random,0.34198951721191406
398,8,398,8,debugging,system_programming,0,train,label_file_random,0.5211412310600281
22,177,22,177,programming_language,undecidable_problem,0,train,label_file_random,0.34359797835350037
105,132,105,132,analysis_of_algorithms,functional_programming,0,train,label_file_random,0.4501166343688965
154,317,154,317,c++,prolog,0,train,label_file_random,0.27510136365890503
110,276,110,276,parallel_computing,automatic_programming,0,train,label_file_random,0.4088982939720154
58,65,58,65,artificial_intelligence,parsing,0,train,label_file_random,0.4644850194454193
58,450,58,450,artificial_intelligence,aerospace,0,train,label_file_random,0.4615969955921173
165,48,165,48,concurrency_control,computational_geometry,0,train,label_file_random,0.2958824932575226
433,17,433,17,information_retrieval,database,0,train,label_file_random,0.515507698059082
98,7,98,7,object-oriented_programming,combinatorics,0,train,label_file_random,0.36560168862342834
207,338,207,338,sql,mapreduce,0,train,label_file_random,0.4882205128669739
49,165,49,165,computational_complexity_theory,concurrency_control,0,train,label_file_random,0.2659648060798645
16,7,16,7,number_theory,combinatorics,0,train,label_file_random,0.4496450424194336
220,85,220,85,transaction_processing,software_engineering,0,train,label_file_random,0.4542376697063446
20,22,20,22,graph_theory,programming_language,0,train,label_file_random,0.36733365058898926
167,27,167,27,java_(programming_language),operating_system,0,train,label_file_random,0.5279406309127808
72,57,72,57,compiler,data_mining,0,train,label_file_random,0.19975563883781433
284,236,284,236,approximation_algorithm,graph_(mathematics),0,train,label_file_random,0.3832336664199829
145,132,145,132,numerical_analysis,functional_programming,0,train,label_file_random,0.39328086376190186
98,9,98,9,object-oriented_programming,unix,0,train,label_file_random,0.5101360082626343
14,429,14,429,randomness,determinism,0,train,label_file_random,0.7106920480728149
110,48,110,48,parallel_computing,computational_geometry,0,train,label_file_random,0.3920484185218811
144,280,144,280,statistical_hypothesis_testing,sufficient_statistic,0,train,label_file_random,0.561780571937561
126,184,126,184,abstraction_(computer_science),assembly_language,0,train,label_file_random,0.5012277960777283
289,98,289,98,c_(programming_language),object-oriented_programming,0,train,label_file_random,0.611222505569458
26,17,26,17,distributed_computing,database,0,train,label_file_random,0.42736899852752686
438,255,438,255,exception_handling,lazy_evaluation,0,train,label_file_random,0.43783122301101685
38,300,38,300,graphical_user_interface,javascript,0,train,label_file_random,0.6349693536758423
132,250,132,250,functional_programming,user_interface,0,train,label_file_random,0.40794387459754944
117,90,117,90,cryptography,programming_paradigm,0,train,label_file_random,0.33628034591674805
167,250,167,250,java_(programming_language),user_interface,0,train,label_file_random,0.48977383971214294
110,166,110,166,parallel_computing,database_management_system,0,train,label_file_random,0.4998277425765991
38,167,38,167,graphical_user_interface,java_(programming_language),0,train,label_file_random,0.5107960104942322
139,240,139,240,computing,system_call,0,train,label_file_random,0.5393540263175964
46,166,46,166,software_design,database_management_system,0,train,label_file_random,0.532485842704773
101,58,101,58,computational_chemistry,artificial_intelligence,0,train,label_file_random,0.31924349069595337
16,81,16,81,number_theory,concurrency_(computer_science),0,train,label_file_random,0.3367149829864502
87,98,87,98,control_flow,object-oriented_programming,0,train,label_file_random,0.5333688259124756
98,75,98,75,object-oriented_programming,bioinformatics,0,train,label_file_random,0.36766815185546875
402,165,402,165,database_normalization,concurrency_control,0,train,label_file_random,0.46199673414230347
7,65,7,65,combinatorics,parsing,0,train,label_file_random,0.37457913160324097
167,384,167,384,java_(programming_language),part-of-speech_tagging,0,train,label_file_random,0.34365981817245483
403,80,403,80,encryption,computer_network,0,train,label_file_random,0.5413205623626709
317,461,317,461,prolog,abstract_interpretation,0,train,label_file_random,0.41918128728866577
66,34,66,34,finite-state_machine,shortest_path_problem,0,train,label_file_random,0.2849898636341095
390,289,390,289,floating_point,c_(programming_language),0,train,label_file_random,0.5119184255599976
6,90,6,90,algorithm,programming_paradigm,0,train,label_file_random,0.5460149645805359
7,132,7,132,combinatorics,functional_programming,0,train,label_file_random,0.36119377613067627
105,81,105,81,analysis_of_algorithms,concurrency_(computer_science),0,train,label_file_random,0.3756597340106964
234,406,234,406,discrete_mathematics,eigenvalues_and_eigenvectors,0,train,label_file_random,0.32247811555862427
272,42,272,42,microprocessor,computer_graphics,0,train,label_file_random,0.4157373905181885
20,193,20,193,graph_theory,image,0,train,label_file_random,0.3573143780231476
252,410,252,410,computer_software,data_model,0,train,label_file_random,0.5771302580833435
49,206,49,206,computational_complexity_theory,motion_planning,0,train,label_file_random,0.20679955184459686
48,34,48,34,computational_geometry,shortest_path_problem,0,train,label_file_random,0.4104754626750946
172,436,172,436,recurrence_relation,discretization,0,train,label_file_random,0.3295743465423584
132,137,132,137,functional_programming,modular_programming,0,train,label_file_random,0.606141209602356
121,330,121,330,dynamic_programming,query_optimization,0,train,label_file_random,0.4276154637336731
191,385,191,385,game_theory,fixed_point_(mathematics),0,train,label_file_random,0.37738972902297974
80,167,80,167,computer_network,java_(programming_language),0,train,label_file_random,0.5261114239692688
17,46,17,46,database,software_design,0,train,label_file_random,0.47015461325645447
154,6,154,6,c++,algorithm,0,train,label_file_random,0.3983704745769501
46,101,46,101,software_design,computational_chemistry,0,train,label_file_random,0.26889073848724365
120,107,120,107,partial_differential_equation,fourier_analysis,0,train,label_file_random,0.3916656970977783
413,110,413,110,instruction_pipeline,parallel_computing,0,train,label_file_random,0.5123933553695679
121,277,121,277,dynamic_programming,linear_programming,0,train,label_file_random,0.5293753147125244
101,20,101,20,computational_chemistry,graph_theory,0,train,label_file_random,0.4896807372570038
277,191,277,191,linear_programming,game_theory,0,train,label_file_random,0.36900967359542847
85,75,85,75,software_engineering,bioinformatics,0,train,label_file_random,0.41863077878952026
49,459,49,459,computational_complexity_theory,expander_graph,0,train,label_file_random,0.31554070115089417
289,77,289,77,c_(programming_language),data_structure,0,train,label_file_random,0.6104942560195923
241,72,241,72,lisp_(programming_language),compiler,0,train,label_file_random,0.4969683289527893
54,149,54,149,markov_chain,information_theory,0,train,label_file_random,0.3759983777999878
117,101,117,101,cryptography,computational_chemistry,0,train,label_file_random,0.290376216173172
6,149,6,149,algorithm,information_theory,0,train,label_file_random,0.4352594017982483
14,107,14,107,randomness,fourier_analysis,0,train,label_file_random,0.3269331157207489
158,294,158,294,theoretical_computer_science,quantum_mechanics,0,train,label_file_random,0.5187009572982788
80,327,80,327,computer_network,file_system,0,train,label_file_random,0.5602923035621643
20,98,20,98,graph_theory,object-oriented_programming,0,train,label_file_random,0.36180707812309265
16,17,16,17,number_theory,database,0,train,label_file_random,0.30918025970458984
132,110,132,110,functional_programming,parallel_computing,0,train,label_file_random,0.557220458984375
48,81,48,81,computational_geometry,concurrency_(computer_science),0,train,label_file_random,0.3326330780982971
48,442,48,442,computational_geometry,hash_function,0,train,label_file_random,0.3440818190574646
425,424,425,424,genomics,molecular_biology,0,train,label_file_random,0.691356897354126
72,281,72,281,compiler,automata_theory,0,train,label_file_random,0.27914494276046753
24,328,24,328,computer_programming,vulnerability_(computing),0,train,label_file_random,0.513096272945404
15,447,15,447,computer_science,architecture,0,train,label_file_random,0.4254380464553833
390,91,390,91,floating_point,matrix_(mathematics),0,train,label_file_random,0.4658139944076538
97,426,97,426,theory_of_computation,grammar,0,train,label_file_random,0.3610904812812805
99,398,99,398,high-level_programming_language,debugging,0,train,label_file_random,0.41171586513519287
132,57,132,57,functional_programming,data_mining,0,train,label_file_random,0.39154836535453796
20,60,20,60,graph_theory,robotics,0,train,label_file_random,0.33910977840423584
171,50,171,50,probability,complexity,0,train,label_file_random,0.5494322776794434
85,163,85,163,software_engineering,mathematical_optimization,0,train,label_file_random,0.46764081716537476
365,276,365,276,procedural_programming,automatic_programming,0,train,label_file_random,0.6592223644256592
452,324,452,324,remote_procedure_call,osi_model,0,train,label_file_random,0.5361528992652893
20,166,20,166,graph_theory,database_management_system,0,train,label_file_random,0.35103294253349304
72,7,72,7,compiler,combinatorics,0,train,label_file_random,0.29482293128967285
419,145,419,145,physics,numerical_analysis,0,train,label_file_random,0.5166668891906738
456,6,456,6,iteration,algorithm,0,train,label_file_random,0.6779544353485107
59,121,59,121,divide_and_conquer_algorithm,dynamic_programming,0,train,label_file_random,0.3613542318344116
243,407,243,407,problem_solving,medicine,0,train,label_file_random,0.4530743956565857
191,49,191,49,game_theory,computational_complexity_theory,0,train,label_file_random,0.35903170704841614
317,98,317,98,prolog,object-oriented_programming,0,train,label_file_random,0.37809789180755615
36,20,36,20,probability_theory,graph_theory,0,train,label_file_random,0.47991520166397095
351,110,351,110,instruction_set,parallel_computing,0,train,label_file_random,0.6540258526802063
208,125,208,125,python_(programming_language),haskell_(programming_language),0,train,label_file_random,0.5880173444747925
48,277,48,277,computational_geometry,linear_programming,0,train,label_file_random,0.37104108929634094
106,95,106,95,finite_set,string_(computer_science),0,train,label_file_random,0.38308149576187134
256,426,256,426,computability,grammar,0,train,label_file_random,0.2913832366466522
6,126,6,126,algorithm,abstraction_(computer_science),0,train,label_file_random,0.5940321683883667
132,129,132,129,functional_programming,central_processing_unit,0,train,label_file_random,0.38202691078186035
134,277,134,277,p_versus_np_problem,linear_programming,0,train,label_file_random,0.36778947710990906
95,84,95,84,string_(computer_science),thread_(computer_science),0,train,label_file_random,0.3701897859573364
313,62,313,62,processor_register,computer_security,0,train,label_file_random,0.3661353290081024
