visual_id,concept,file_name,lecture,pdf_file,pdf_page,kind,description,source_type,confidence,bbox
DGL-G0001,road network,l01_p01_road_network_01.png,1,DGL_Lecture_1_Annotated.pdf,1,graph example,"Figure 1 showing real-world graphs: a) road network, b) molecule structure, c) electrical circuit",printed,1.000,"[5.5,110.0,220.0,165.0]"
DGL-G0001,molecular graph,l01_p01_road_network_01.png,1,DGL_Lecture_1_Annotated.pdf,1,graph example,"Figure 1 showing real-world graphs: a) road network, b) molecule structure, c) electrical circuit",printed,1.000,"[5.5,110.0,220.0,165.0]"
DGL-G0001,circuit graph,l01_p01_road_network_01.png,1,DGL_Lecture_1_Annotated.pdf,1,graph example,"Figure 1 showing real-world graphs: a) road network, b) molecule structure, c) electrical circuit",printed,1.000,"[5.5,110.0,220.0,165.0]"
DGL-G0002,directed graph,l01_p01_directed_graph_02.png,1,DGL_Lecture_1_Annotated.pdf,1,graph example,"Hand-drawn small graphs illustrating directed vs undirected, binary vs weighted concepts",handwritten,0.950,"[231.0,137.5,412.5,319.0]"
DGL-G0002,weighted graph,l01_p01_directed_graph_02.png,1,DGL_Lecture_1_Annotated.pdf,1,graph example,"Hand-drawn small graphs illustrating directed vs undirected, binary vs weighted concepts",handwritten,0.950,"[231.0,137.5,412.5,319.0]"
DGL-G0003,directed graph,l01_p01_directed_graph_03.png,1,DGL_Lecture_1_Annotated.pdf,1,diagram,"Hand-drawn directed graph with nodes i, j, k and labeled edges l_ij, l_ik=0, l_kj=1",handwritten,0.950,"[231.0,176.0,319.0,319.0]"
DGL-G0003,weighted graph,l01_p01_directed_graph_03.png,1,DGL_Lecture_1_Annotated.pdf,1,diagram,"Hand-drawn directed graph with nodes i, j, k and labeled edges l_ij, l_ik=0, l_kj=1",handwritten,0.950,"[231.0,176.0,319.0,319.0]"
DGL-G0004,weighted graph,l01_p01_weighted_graph_04.png,1,DGL_Lecture_1_Annotated.pdf,1,diagram,"Hand-drawn undirected weighted graph with nodes and edge weights w_iz=0.9, w_ij=0.5",handwritten,0.950,"[324.5,176.0,412.5,319.0]"
DGL-G0005,multiple edges,l01_p01_multiple_edges_05.png,1,DGL_Lecture_1_Annotated.pdf,1,graph example,Diagram of multiple edges connecting two nodes,handwritten,1.000,"[615.0,176.0,670.0,220.0]"
DGL-G0005,simple graph,l01_p01_multiple_edges_05.png,1,DGL_Lecture_1_Annotated.pdf,1,graph example,Diagram of multiple edges connecting two nodes,handwritten,1.000,"[615.0,176.0,670.0,220.0]"
DGL-G0006,program flow graph,l01_p01_program_flow_graph_06.png,1,DGL_Lecture_1_Annotated.pdf,1,graph example,"Hand-drawn program flow graph with nodes 1, 2, X, Y",handwritten,0.900,"[192.5,247.5,247.5,302.5]"
DGL-G0007,complete graph,l01_p01_complete_graph_07.png,1,DGL_Lecture_1_Annotated.pdf,1,graph example,Diagram of a complete graph with 4 nodes where every pair is connected,handwritten,1.000,"[807.5,247.5,862.5,302.5]"
DGL-G0007,adjacency,l01_p01_complete_graph_07.png,1,DGL_Lecture_1_Annotated.pdf,1,graph example,Diagram of a complete graph with 4 nodes where every pair is connected,handwritten,1.000,"[807.5,247.5,862.5,302.5]"
DGL-G0008,social network,l01_p01_social_network_08.png,1,DGL_Lecture_1_Annotated.pdf,1,graph example,"Social network graph with nodes Alice, Bob, Dan, Erin, Carol, Frank",printed,1.000,"[5.5,341.0,82.5,396.0]"
DGL-G0009,citation network,l01_p01_citation_network_09.png,1,DGL_Lecture_1_Annotated.pdf,1,graph example,"Citation network graph with nodes representing papers (Mascia 1990, Mould & Hart 1983, etc.)",printed,1.000,"[88.0,341.0,165.0,396.0]"
DGL-G0010,knowledge graph,l01_p01_knowledge_graph_10.png,1,DGL_Lecture_1_Annotated.pdf,1,graph example,"Knowledge graph with nodes Alice, Bob, Canada, Google, and edges representing relationships",printed,1.000,"[170.5,341.0,247.5,396.0]"
DGL-G0011,subgraph,l01_p01_subgraph_11.png,1,DGL_Lecture_1_Annotated.pdf,1,graph example,Diagram illustrating a subgraph H within a larger graph G,handwritten,1.000,"[917.5,357.5,972.5,467.5]"
DGL-G0012,geometric graph,l01_p01_geometric_graph_12.png,1,DGL_Lecture_1_Annotated.pdf,1,graph example,Geometric point cloud converted to a mesh/graph structure,printed,1.000,"[5.5,401.5,247.5,456.5]"
DGL-G0013,knowledge graph,l01_p01_knowledge_graph_13.png,1,DGL_Lecture_1_Annotated.pdf,1,graph example,"Figure 2 Types of graph. a) A social network is an undirected graph; the connections between people are symmetric. b) A citation network is a directed graph; one publication cites another, so the relationship is asymmetric. c) A knowledge graph is a directed heterogeneous multigraph. d) A point set can be converted to a graph by forming edges between nearby points. e) The scene on the left can be represented by a hierarchical graph.",printed,1.000,"[27.5,477.5,247.5,615.0]"
DGL-G0013,geometric graph,l01_p01_knowledge_graph_13.png,1,DGL_Lecture_1_Annotated.pdf,1,graph example,"Figure 2 Types of graph. a) A social network is an undirected graph; the connections between people are symmetric. b) A citation network is a directed graph; one publication cites another, so the relationship is asymmetric. c) A knowledge graph is a directed heterogeneous multigraph. d) A point set can be converted to a graph by forming edges between nearby points. e) The scene on the left can be represented by a hierarchical graph.",printed,1.000,"[27.5,477.5,247.5,615.0]"
DGL-G0013,hierarchical graph,l01_p01_knowledge_graph_13.png,1,DGL_Lecture_1_Annotated.pdf,1,graph example,"Figure 2 Types of graph. a) A social network is an undirected graph; the connections between people are symmetric. b) A citation network is a directed graph; one publication cites another, so the relationship is asymmetric. c) A knowledge graph is a directed heterogeneous multigraph. d) A point set can be converted to a graph by forming edges between nearby points. e) The scene on the left can be represented by a hierarchical graph.",printed,1.000,"[27.5,477.5,247.5,615.0]"
DGL-G0014,subgraph,l01_p01_subgraph_14.png,1,DGL_Lecture_1_Annotated.pdf,1,graph example,"Examples of subgraphs, proper subgraphs, and spanning subgraphs.",handwritten,0.950,"[917.5,477.5,972.5,587.5]"
DGL-G0014,proper subgraph,l01_p01_subgraph_14.png,1,DGL_Lecture_1_Annotated.pdf,1,graph example,"Examples of subgraphs, proper subgraphs, and spanning subgraphs.",handwritten,0.950,"[917.5,477.5,972.5,587.5]"
DGL-G0014,spanning subgraph,l01_p01_subgraph_14.png,1,DGL_Lecture_1_Annotated.pdf,1,graph example,"Examples of subgraphs, proper subgraphs, and spanning subgraphs.",handwritten,0.950,"[917.5,477.5,972.5,587.5]"
DGL-G0015,incidence matrix,l01_p01_incidence_matrix_15.png,1,DGL_Lecture_1_Annotated.pdf,1,matrix,incidence matrix for a hypergraph,handwritten,1.000,"[275.0,560.0,357.5,615.0]"
DGL-G0015,hypergraph,l01_p01_incidence_matrix_15.png,1,DGL_Lecture_1_Annotated.pdf,1,matrix,incidence matrix for a hypergraph,handwritten,1.000,"[275.0,560.0,357.5,615.0]"
DGL-G0016,hypergraph,l01_p01_hypergraph_16.png,1,DGL_Lecture_1_Annotated.pdf,1,diagram,"hypergraph with hyperedges e1, e2, e3, e4",handwritten,1.000,"[357.5,560.0,495.0,670.0]"
DGL-G0016,hyperedge,l01_p01_hypergraph_16.png,1,DGL_Lecture_1_Annotated.pdf,1,diagram,"hypergraph with hyperedges e1, e2, e3, e4",handwritten,1.000,"[357.5,560.0,495.0,670.0]"
DGL-G0017,graph representation,l01_p01_graph_representation_17.png,1,DGL_Lecture_1_Annotated.pdf,1,graph example,"Figure 3 Graph representation. a) Example graph with six nodes and seven edges. Each node has an associated embedding of length five (brown vectors). Each edge has an associated embedding of length four (blue vectors). This graph can be represented by three matrices. b) The adjacency matrix is a binary matrix, where the element (m, n) is set to one if node m connects to node n. c) The node data matrix X contains the concatenated node embeddings. d) The edge data matrix E contains the edge embeddings.",printed,1.000,"[27.5,752.5,247.5,890.0]"
DGL-G0017,adjacency matrix,l01_p01_graph_representation_17.png,1,DGL_Lecture_1_Annotated.pdf,1,graph example,"Figure 3 Graph representation. a) Example graph with six nodes and seven edges. Each node has an associated embedding of length five (brown vectors). Each edge has an associated embedding of length four (blue vectors). This graph can be represented by three matrices. b) The adjacency matrix is a binary matrix, where the element (m, n) is set to one if node m connects to node n. c) The node data matrix X contains the concatenated node embeddings. d) The edge data matrix E contains the edge embeddings.",printed,1.000,"[27.5,752.5,247.5,890.0]"
DGL-G0017,node embedding,l01_p01_graph_representation_17.png,1,DGL_Lecture_1_Annotated.pdf,1,graph example,"Figure 3 Graph representation. a) Example graph with six nodes and seven edges. Each node has an associated embedding of length five (brown vectors). Each edge has an associated embedding of length four (blue vectors). This graph can be represented by three matrices. b) The adjacency matrix is a binary matrix, where the element (m, n) is set to one if node m connects to node n. c) The node data matrix X contains the concatenated node embeddings. d) The edge data matrix E contains the edge embeddings.",printed,1.000,"[27.5,752.5,247.5,890.0]"
DGL-G0017,edge embedding,l01_p01_graph_representation_17.png,1,DGL_Lecture_1_Annotated.pdf,1,graph example,"Figure 3 Graph representation. a) Example graph with six nodes and seven edges. Each node has an associated embedding of length five (brown vectors). Each edge has an associated embedding of length four (blue vectors). This graph can be represented by three matrices. b) The adjacency matrix is a binary matrix, where the element (m, n) is set to one if node m connects to node n. c) The node data matrix X contains the concatenated node embeddings. d) The edge data matrix E contains the edge embeddings.",printed,1.000,"[27.5,752.5,247.5,890.0]"
DGL-G0018,annotated graph,l01_p01_annotated_graph_18.png,1,DGL_Lecture_1_Annotated.pdf,1,graph example,"Example of an annotated graph with nodes v1, v2, v3, v4 and their corresponding feature vectors.",handwritten,0.950,"[505.0,752.5,670.0,862.5]"
DGL-G0018,node embedding,l01_p01_annotated_graph_18.png,1,DGL_Lecture_1_Annotated.pdf,1,graph example,"Example of an annotated graph with nodes v1, v2, v3, v4 and their corresponding feature vectors.",handwritten,0.950,"[505.0,752.5,670.0,862.5]"
DGL-G0019,induced subgraph,l01_p01_induced_subgraph_19.png,1,DGL_Lecture_1_Annotated.pdf,1,graph example,Examples of induced subgraphs G1 and G2 from a larger graph G.,handwritten,0.950,"[752.5,752.5,917.5,862.5]"
DGL-G0020,heterogeneous graph,l01_p01_heterogeneous_graph_20.png,1,DGL_Lecture_1_Annotated.pdf,1,diagram,heterogeneous graph with nodes and edges having types,handwritten,1.000,"[275.0,780.0,495.0,945.0]"
DGL-G0020,node type,l01_p01_heterogeneous_graph_20.png,1,DGL_Lecture_1_Annotated.pdf,1,diagram,heterogeneous graph with nodes and edges having types,handwritten,1.000,"[275.0,780.0,495.0,945.0]"
DGL-G0020,edge type,l01_p01_heterogeneous_graph_20.png,1,DGL_Lecture_1_Annotated.pdf,1,diagram,heterogeneous graph with nodes and edges having types,handwritten,1.000,"[275.0,780.0,495.0,945.0]"
DGL-G0020,relation type,l01_p01_heterogeneous_graph_20.png,1,DGL_Lecture_1_Annotated.pdf,1,diagram,heterogeneous graph with nodes and edges having types,handwritten,1.000,"[275.0,780.0,495.0,945.0]"
DGL-G0021,feature matrix,l01_p01_feature_matrix_21.png,1,DGL_Lecture_1_Annotated.pdf,1,matrix,Feature matrix X representing node attributes in an annotated graph.,handwritten,0.950,"[615.0,780.0,725.0,835.0]"
DGL-G0022,symmetric matrix,l01_p02_symmetric_matrix_01.png,1,DGL_Lecture_1_Annotated.pdf,2,diagram,Comparison of symmetric and asymmetric adjacency matrices with corresponding directed and undirected graphs,mixed,0.900,"[27.5,82.5,302.5,302.5]"
DGL-G0022,directed graph,l01_p02_symmetric_matrix_01.png,1,DGL_Lecture_1_Annotated.pdf,2,diagram,Comparison of symmetric and asymmetric adjacency matrices with corresponding directed and undirected graphs,mixed,0.900,"[27.5,82.5,302.5,302.5]"
DGL-G0023,permutation invariance,l01_p02_permutation_invariance_02.png,1,DGL_Lecture_1_Annotated.pdf,2,diagram,Illustration of permutation invariance in graphs and matrices,mixed,0.900,"[302.5,82.5,522.5,302.5]"
DGL-G0023,adjacency matrix,l01_p02_permutation_invariance_02.png,1,DGL_Lecture_1_Annotated.pdf,2,diagram,Illustration of permutation invariance in graphs and matrices,mixed,0.900,"[302.5,82.5,522.5,302.5]"
DGL-G0024,feature integration,l01_p02_feature_integration_03.png,1,DGL_Lecture_1_Annotated.pdf,2,diagram,"Matrix multiplication diagram showing input features X, weights W, and output scores y, illustrating feature integration",mixed,1.000,"[642.5,110.0,835.0,275.0]"
DGL-G0024,linear regression,l01_p02_feature_integration_03.png,1,DGL_Lecture_1_Annotated.pdf,2,diagram,"Matrix multiplication diagram showing input features X, weights W, and output scores y, illustrating feature integration",mixed,1.000,"[642.5,110.0,835.0,275.0]"
DGL-G0025,permutation invariance,l01_p02_permutation_invariance_04.png,1,DGL_Lecture_1_Annotated.pdf,2,matrix,Visual representation of matrix permutation A' = P^T A P with colored blocks,mixed,1.000,"[505.0,192.5,642.5,247.5]"
DGL-G0026,graph efficiency,l01_p02_graph_efficiency_05.png,1,DGL_Lecture_1_Annotated.pdf,2,graph example,"Examples of graphs illustrating efficiency and resilience, including percolation threshold",mixed,0.900,"[27.5,302.5,302.5,522.5]"
DGL-G0026,graph resilience,l01_p02_graph_efficiency_05.png,1,DGL_Lecture_1_Annotated.pdf,2,graph example,"Examples of graphs illustrating efficiency and resilience, including percolation threshold",mixed,0.900,"[27.5,302.5,302.5,522.5]"
DGL-G0026,percolation threshold,l01_p02_graph_efficiency_05.png,1,DGL_Lecture_1_Annotated.pdf,2,graph example,"Examples of graphs illustrating efficiency and resilience, including percolation threshold",mixed,0.900,"[27.5,302.5,302.5,522.5]"
DGL-G0027,adjacency matrix,l01_p02_adjacency_matrix_06.png,1,DGL_Lecture_1_Annotated.pdf,2,matrix,Example of an adjacency matrix for a graph with 6 nodes,printed,1.000,"[412.5,412.5,522.5,522.5]"
DGL-G0028,degree centrality,l01_p02_degree_centrality_07.png,1,DGL_Lecture_1_Annotated.pdf,2,graph example,Small graph with nodes and edges used to illustrate degree centrality and topological roles,handwritten,0.950,"[642.5,412.5,725.0,467.5]"
DGL-G0028,topology,l01_p02_degree_centrality_07.png,1,DGL_Lecture_1_Annotated.pdf,2,graph example,Small graph with nodes and edges used to illustrate degree centrality and topological roles,handwritten,0.950,"[642.5,412.5,725.0,467.5]"
DGL-G0029,betweenness centrality,l01_p02_betweenness_centrality_08.png,1,DGL_Lecture_1_Annotated.pdf,2,graph example,Graph with weighted edges illustrating betweenness centrality and core-periphery structure,handwritten,0.900,"[835.0,440.0,945.0,495.0]"
DGL-G0029,core-periphery structure,l01_p02_betweenness_centrality_08.png,1,DGL_Lecture_1_Annotated.pdf,2,graph example,Graph with weighted edges illustrating betweenness centrality and core-periphery structure,handwritten,0.900,"[835.0,440.0,945.0,495.0]"
DGL-G0030,graph walks,l01_p02_graph_walks_09.png,1,DGL_Lecture_1_Annotated.pdf,2,graph example,Example graph with 8 nodes used to demonstrate walks and adjacency matrix properties,printed,1.000,"[736.0,791.0,807.5,846.0]"
DGL-G0030,adjacency matrix,l01_p02_graph_walks_09.png,1,DGL_Lecture_1_Annotated.pdf,2,graph example,Example graph with 8 nodes used to demonstrate walks and adjacency matrix properties,printed,1.000,"[736.0,791.0,807.5,846.0]"
DGL-G0031,adjacency matrix,l01_p02_adjacency_matrix_10.png,1,DGL_Lecture_1_Annotated.pdf,2,matrix,Adjacency matrix A (8x8) corresponding to the example graph,printed,1.000,"[813.0,791.0,879.0,846.0]"
DGL-G0032,matrix powers,l01_p02_matrix_powers_11.png,1,DGL_Lecture_1_Annotated.pdf,2,matrix,Squared adjacency matrix A^2 showing number of walks of length two,printed,1.000,"[884.5,791.0,950.5,846.0]"
DGL-G0032,graph walks,l01_p02_matrix_powers_11.png,1,DGL_Lecture_1_Annotated.pdf,2,matrix,Squared adjacency matrix A^2 showing number of walks of length two,printed,1.000,"[884.5,791.0,950.5,846.0]"
DGL-G0033,microscale topology,l01_p02_microscale_topology_12.png,1,DGL_Lecture_1_Annotated.pdf,2,graph example,"Various graph structures illustrating different topologies including modular graphs, star-like graphs, and highly connected core structures",mixed,0.950,"[55.0,807.5,330.0,945.0]"
DGL-G0033,mesoscale topology,l01_p02_microscale_topology_12.png,1,DGL_Lecture_1_Annotated.pdf,2,graph example,"Various graph structures illustrating different topologies including modular graphs, star-like graphs, and highly connected core structures",mixed,0.950,"[55.0,807.5,330.0,945.0]"
DGL-G0033,star-like graphs,l01_p02_microscale_topology_12.png,1,DGL_Lecture_1_Annotated.pdf,2,graph example,"Various graph structures illustrating different topologies including modular graphs, star-like graphs, and highly connected core structures",mixed,0.950,"[55.0,807.5,330.0,945.0]"
DGL-G0033,highly connected core structure,l01_p02_microscale_topology_12.png,1,DGL_Lecture_1_Annotated.pdf,2,graph example,"Various graph structures illustrating different topologies including modular graphs, star-like graphs, and highly connected core structures",mixed,0.950,"[55.0,807.5,330.0,945.0]"
DGL-G0034,graph walks,l01_p02_graph_walks_13.png,1,DGL_Lecture_1_Annotated.pdf,2,graph example,Graph illustrating walks of length two from node six,printed,1.000,"[813.0,862.5,879.0,917.5]"
DGL-G0035,graph walks,l01_p02_graph_walks_14.png,1,DGL_Lecture_1_Annotated.pdf,2,graph example,Graph illustrating walks of length two returning to original node,printed,1.000,"[884.5,862.5,950.5,917.5]"
DGL-G0036,eigen decomposition,l01_p02_eigen_decomposition_15.png,1,DGL_Lecture_1_Annotated.pdf,2,diagram,Visual representation of eigenvalue decomposition showing matrix factorization into eigenvalues and eigenvectors,mixed,0.950,"[412.5,890.0,522.5,945.0]"
DGL-G0036,eigenvalues,l01_p02_eigen_decomposition_15.png,1,DGL_Lecture_1_Annotated.pdf,2,diagram,Visual representation of eigenvalue decomposition showing matrix factorization into eigenvalues and eigenvectors,mixed,0.950,"[412.5,890.0,522.5,945.0]"
DGL-G0036,eigenvectors,l01_p02_eigen_decomposition_15.png,1,DGL_Lecture_1_Annotated.pdf,2,diagram,Visual representation of eigenvalue decomposition showing matrix factorization into eigenvalues and eigenvectors,mixed,0.950,"[412.5,890.0,522.5,945.0]"
DGL-G0037,node classification,l01_p03_node_classification_01.png,1,DGL_Lecture_1_Annotated.pdf,3,diagram,"Diagram illustrating node classification, where a graph neural network produces node embeddings, and the embedding of a specific node (node 4) is used to predict its class label.",mixed,1.000,"[450.0,55.0,719.5,247.5]"
DGL-G0037,node embedding,l01_p03_node_classification_01.png,1,DGL_Lecture_1_Annotated.pdf,3,diagram,"Diagram illustrating node classification, where a graph neural network produces node embeddings, and the embedding of a specific node (node 4) is used to predict its class label.",mixed,1.000,"[450.0,55.0,719.5,247.5]"
DGL-G0037,graph neural network,l01_p03_node_classification_01.png,1,DGL_Lecture_1_Annotated.pdf,3,diagram,"Diagram illustrating node classification, where a graph neural network produces node embeddings, and the embedding of a specific node (node 4) is used to predict its class label.",mixed,1.000,"[450.0,55.0,719.5,247.5]"
DGL-G0038,edge prediction,l01_p03_edge_prediction_02.png,1,DGL_Lecture_1_Annotated.pdf,3,diagram,"Diagram illustrating edge prediction, where a graph neural network produces node embeddings, and the embeddings of two adjacent nodes (1 and 2) are used to predict the presence of an edge between them.",mixed,1.000,"[730.5,55.0,1000.0,247.5]"
DGL-G0038,node embedding,l01_p03_edge_prediction_02.png,1,DGL_Lecture_1_Annotated.pdf,3,diagram,"Diagram illustrating edge prediction, where a graph neural network produces node embeddings, and the embeddings of two adjacent nodes (1 and 2) are used to predict the presence of an edge between them.",mixed,1.000,"[730.5,55.0,1000.0,247.5]"
DGL-G0038,graph neural network,l01_p03_edge_prediction_02.png,1,DGL_Lecture_1_Annotated.pdf,3,diagram,"Diagram illustrating edge prediction, where a graph neural network produces node embeddings, and the embeddings of two adjacent nodes (1 and 2) are used to predict the presence of an edge between them.",mixed,1.000,"[730.5,55.0,1000.0,247.5]"
DGL-G0038,dot product,l01_p03_edge_prediction_02.png,1,DGL_Lecture_1_Annotated.pdf,3,diagram,"Diagram illustrating edge prediction, where a graph neural network produces node embeddings, and the embeddings of two adjacent nodes (1 and 2) are used to predict the presence of an edge between them.",mixed,1.000,"[730.5,55.0,1000.0,247.5]"
DGL-G0039,graph classification,l01_p03_graph_classification_03.png,1,DGL_Lecture_1_Annotated.pdf,3,graph example,"Diagram showing a graph with 6 nodes and input features being processed by a Graph Neural Network to produce a single classification vector (Class 1, 2, 3 probabilities).",mixed,1.000,"[0.0,82.5,275.0,220.0]"
DGL-G0039,graph neural network,l01_p03_graph_classification_03.png,1,DGL_Lecture_1_Annotated.pdf,3,graph example,"Diagram showing a graph with 6 nodes and input features being processed by a Graph Neural Network to produce a single classification vector (Class 1, 2, 3 probabilities).",mixed,1.000,"[0.0,82.5,275.0,220.0]"
DGL-G0040,node classification,l01_p03_node_classification_04.png,1,DGL_Lecture_1_Annotated.pdf,3,graph example,"Diagram showing a graph where a specific node (node 4) is highlighted, and the network outputs an embedding/classification for that specific node.",mixed,1.000,"[275.0,82.5,550.0,220.0]"
DGL-G0040,graph neural network,l01_p03_node_classification_04.png,1,DGL_Lecture_1_Annotated.pdf,3,graph example,"Diagram showing a graph where a specific node (node 4) is highlighted, and the network outputs an embedding/classification for that specific node.",mixed,1.000,"[275.0,82.5,550.0,220.0]"
DGL-G0041,average pooling,l01_p03_average_pooling_05.png,1,DGL_Lecture_1_Annotated.pdf,3,matrix,Visual breakdown of the matrix multiplication for pooling: Learned weights ($1 \times D$) multiplied by Node Embeddings matrix ($D \times N$) multiplied by a '1' vector ($N \times 1$) scaled by $1/N$.,mixed,0.950,"[0.0,330.0,275.0,495.0]"
DGL-G0041,node embedding,l01_p03_average_pooling_05.png,1,DGL_Lecture_1_Annotated.pdf,3,matrix,Visual breakdown of the matrix multiplication for pooling: Learned weights ($1 \times D$) multiplied by Node Embeddings matrix ($D \times N$) multiplied by a '1' vector ($N \times 1$) scaled by $1/N$.,mixed,0.950,"[0.0,330.0,275.0,495.0]"
DGL-G0041,learned weights,l01_p03_average_pooling_05.png,1,DGL_Lecture_1_Annotated.pdf,3,matrix,Visual breakdown of the matrix multiplication for pooling: Learned weights ($1 \times D$) multiplied by Node Embeddings matrix ($D \times N$) multiplied by a '1' vector ($N \times 1$) scaled by $1/N$.,mixed,0.950,"[0.0,330.0,275.0,495.0]"
DGL-G0042,logistic activation,l01_p03_logistic_activation_06.png,1,DGL_Lecture_1_Annotated.pdf,3,plot,Plot of the logistic activation (sigmoid) function showing the smooth transition from 0 to 1,printed,1.000,"[5.5,560.0,137.5,642.5]"
DGL-G0043,logistic activation,l01_p03_logistic_activation_07.png,1,DGL_Lecture_1_Annotated.pdf,3,plot,Plot of the derivative of the logistic activation function,printed,1.000,"[5.5,648.0,137.5,730.5]"
DGL-G0044,node classification,l01_p03_node_classification_08.png,1,DGL_Lecture_1_Annotated.pdf,3,graph example,"A hand-drawn graph with nodes and edges illustrating different prediction tasks: link prediction (dotted edge), node-level tasks (colored node), and graph-level tasks (enclosing boundary).",handwritten,0.950,"[505.0,725.0,780.0,917.5]"
DGL-G0044,edge prediction,l01_p03_node_classification_08.png,1,DGL_Lecture_1_Annotated.pdf,3,graph example,"A hand-drawn graph with nodes and edges illustrating different prediction tasks: link prediction (dotted edge), node-level tasks (colored node), and graph-level tasks (enclosing boundary).",handwritten,0.950,"[505.0,725.0,780.0,917.5]"
DGL-G0044,graph classification,l01_p03_node_classification_08.png,1,DGL_Lecture_1_Annotated.pdf,3,graph example,"A hand-drawn graph with nodes and edges illustrating different prediction tasks: link prediction (dotted edge), node-level tasks (colored node), and graph-level tasks (enclosing boundary).",handwritten,0.950,"[505.0,725.0,780.0,917.5]"
DGL-G0045,single regression model,l02_p01_single_regression_model_01.png,2,DGL_Lecture_2_Annotated.pdf,1,diagram,"Matrix multiplication diagram for single regression model showing feature matrix, weight vector, and output vector",mixed,0.900,"[604.0,121.0,752.5,209.0]"
DGL-G0045,weights,l02_p01_single_regression_model_01.png,2,DGL_Lecture_2_Annotated.pdf,1,diagram,"Matrix multiplication diagram for single regression model showing feature matrix, weight vector, and output vector",mixed,0.900,"[604.0,121.0,752.5,209.0]"
DGL-G0046,multi-regression models,l02_p01_multi_regression_models_02.png,2,DGL_Lecture_2_Annotated.pdf,1,diagram,"Matrix multiplication diagram for multi-regression models showing feature matrix, weight matrix, and output matrix",mixed,0.900,"[780.0,121.0,972.5,209.0]"
DGL-G0046,weights,l02_p01_multi_regression_models_02.png,2,DGL_Lecture_2_Annotated.pdf,1,diagram,"Matrix multiplication diagram for multi-regression models showing feature matrix, weight matrix, and output matrix",mixed,0.900,"[780.0,121.0,972.5,209.0]"
DGL-G0047,feature representation,l02_p01_feature_representation_03.png,2,DGL_Lecture_2_Annotated.pdf,1,diagram,"Flowchart showing ML pipeline from hand-crafted features to feature selection, feature transformation, and then branching into classification and regression tasks, with further breakdown into fixed/prior and learnable methods.",handwritten,0.950,"[55.0,275.0,522.5,550.0]"
DGL-G0047,hand-crafted features,l02_p01_feature_representation_03.png,2,DGL_Lecture_2_Annotated.pdf,1,diagram,"Flowchart showing ML pipeline from hand-crafted features to feature selection, feature transformation, and then branching into classification and regression tasks, with further breakdown into fixed/prior and learnable methods.",handwritten,0.950,"[55.0,275.0,522.5,550.0]"
DGL-G0047,feature selection,l02_p01_feature_representation_03.png,2,DGL_Lecture_2_Annotated.pdf,1,diagram,"Flowchart showing ML pipeline from hand-crafted features to feature selection, feature transformation, and then branching into classification and regression tasks, with further breakdown into fixed/prior and learnable methods.",handwritten,0.950,"[55.0,275.0,522.5,550.0]"
DGL-G0047,representation learning,l02_p01_feature_representation_03.png,2,DGL_Lecture_2_Annotated.pdf,1,diagram,"Flowchart showing ML pipeline from hand-crafted features to feature selection, feature transformation, and then branching into classification and regression tasks, with further breakdown into fixed/prior and learnable methods.",handwritten,0.950,"[55.0,275.0,522.5,550.0]"
DGL-G0047,classification,l02_p01_feature_representation_03.png,2,DGL_Lecture_2_Annotated.pdf,1,diagram,"Flowchart showing ML pipeline from hand-crafted features to feature selection, feature transformation, and then branching into classification and regression tasks, with further breakdown into fixed/prior and learnable methods.",handwritten,0.950,"[55.0,275.0,522.5,550.0]"
DGL-G0047,regression,l02_p01_feature_representation_03.png,2,DGL_Lecture_2_Annotated.pdf,1,diagram,"Flowchart showing ML pipeline from hand-crafted features to feature selection, feature transformation, and then branching into classification and regression tasks, with further breakdown into fixed/prior and learnable methods.",handwritten,0.950,"[55.0,275.0,522.5,550.0]"
DGL-G0047,fixed prior,l02_p01_feature_representation_03.png,2,DGL_Lecture_2_Annotated.pdf,1,diagram,"Flowchart showing ML pipeline from hand-crafted features to feature selection, feature transformation, and then branching into classification and regression tasks, with further breakdown into fixed/prior and learnable methods.",handwritten,0.950,"[55.0,275.0,522.5,550.0]"
DGL-G0047,optimal subspace,l02_p01_feature_representation_03.png,2,DGL_Lecture_2_Annotated.pdf,1,diagram,"Flowchart showing ML pipeline from hand-crafted features to feature selection, feature transformation, and then branching into classification and regression tasks, with further breakdown into fixed/prior and learnable methods.",handwritten,0.950,"[55.0,275.0,522.5,550.0]"
DGL-G0048,single layer linear network,l02_p01_single_layer_linear_network_04.png,2,DGL_Lecture_2_Annotated.pdf,1,diagram,"Neural network diagram for single layer linear network with single output showing input features, weights, summation, and output",mixed,0.900,"[604.0,308.0,752.5,407.0]"
DGL-G0048,weights,l02_p01_single_layer_linear_network_04.png,2,DGL_Lecture_2_Annotated.pdf,1,diagram,"Neural network diagram for single layer linear network with single output showing input features, weights, summation, and output",mixed,0.900,"[604.0,308.0,752.5,407.0]"
DGL-G0048,linear aggregation,l02_p01_single_layer_linear_network_04.png,2,DGL_Lecture_2_Annotated.pdf,1,diagram,"Neural network diagram for single layer linear network with single output showing input features, weights, summation, and output",mixed,0.900,"[604.0,308.0,752.5,407.0]"
DGL-G0049,single layer linear network,l02_p01_single_layer_linear_network_05.png,2,DGL_Lecture_2_Annotated.pdf,1,diagram,"Neural network diagram for single layer linear network with multiple outputs showing input features, weights, summation, and multiple outputs",mixed,0.900,"[780.0,308.0,917.5,407.0]"
DGL-G0049,weights,l02_p01_single_layer_linear_network_05.png,2,DGL_Lecture_2_Annotated.pdf,1,diagram,"Neural network diagram for single layer linear network with multiple outputs showing input features, weights, summation, and multiple outputs",mixed,0.900,"[780.0,308.0,917.5,407.0]"
DGL-G0049,linear aggregation,l02_p01_single_layer_linear_network_05.png,2,DGL_Lecture_2_Annotated.pdf,1,diagram,"Neural network diagram for single layer linear network with multiple outputs showing input features, weights, summation, and multiple outputs",mixed,0.900,"[780.0,308.0,917.5,407.0]"
DGL-G0050,multi-regression models,l02_p01_multi_regression_models_06.png,2,DGL_Lecture_2_Annotated.pdf,1,plot,Scatter plot showing regression lines for multiple outputs with different weights,mixed,0.900,"[923.0,308.0,1000.0,407.0]"
DGL-G0051,classification,l02_p01_classification_07.png,2,DGL_Lecture_2_Annotated.pdf,1,plot,Scatter plot illustrating classification in a new space with decision boundary.,handwritten,0.950,"[319.0,352.0,385.0,451.0]"
DGL-G0051,representation learning,l02_p01_classification_07.png,2,DGL_Lecture_2_Annotated.pdf,1,plot,Scatter plot illustrating classification in a new space with decision boundary.,handwritten,0.950,"[319.0,352.0,385.0,451.0]"
DGL-G0052,regression,l02_p01_regression_08.png,2,DGL_Lecture_2_Annotated.pdf,1,plot,Scatter plot illustrating regression in a new space with fitted line.,handwritten,0.950,"[429.0,352.0,495.0,451.0]"
DGL-G0052,representation learning,l02_p01_regression_08.png,2,DGL_Lecture_2_Annotated.pdf,1,plot,Scatter plot illustrating regression in a new space with fitted line.,handwritten,0.950,"[429.0,352.0,495.0,451.0]"
DGL-G0053,nonlinear network,l02_p01_nonlinear_network_09.png,2,DGL_Lecture_2_Annotated.pdf,1,diagram,"Neural network diagram for single layer nonlinear network with multiple outputs showing input features, weights, activation functions, and multiple outputs",mixed,0.900,"[604.0,473.0,780.0,550.0]"
DGL-G0053,weights,l02_p01_nonlinear_network_09.png,2,DGL_Lecture_2_Annotated.pdf,1,diagram,"Neural network diagram for single layer nonlinear network with multiple outputs showing input features, weights, activation functions, and multiple outputs",mixed,0.900,"[604.0,473.0,780.0,550.0]"
DGL-G0053,activation function,l02_p01_nonlinear_network_09.png,2,DGL_Lecture_2_Annotated.pdf,1,diagram,"Neural network diagram for single layer nonlinear network with multiple outputs showing input features, weights, activation functions, and multiple outputs",mixed,0.900,"[604.0,473.0,780.0,550.0]"
DGL-G0054,nonlinear network,l02_p01_nonlinear_network_10.png,2,DGL_Lecture_2_Annotated.pdf,1,architecture,"Diagram of a multi-layer neural network with input features, hidden layers, and output units.",mixed,1.000,"[615.0,477.5,835.0,670.0]"
DGL-G0054,hidden layer,l02_p01_nonlinear_network_10.png,2,DGL_Lecture_2_Annotated.pdf,1,architecture,"Diagram of a multi-layer neural network with input features, hidden layers, and output units.",mixed,1.000,"[615.0,477.5,835.0,670.0]"
DGL-G0054,activation function,l02_p01_nonlinear_network_10.png,2,DGL_Lecture_2_Annotated.pdf,1,architecture,"Diagram of a multi-layer neural network with input features, hidden layers, and output units.",mixed,1.000,"[615.0,477.5,835.0,670.0]"
DGL-G0055,principal component analysis,l02_p01_principal_component_analysis_11.png,2,DGL_Lecture_2_Annotated.pdf,1,diagram,"Three circular diagrams illustrating PCA (linear autoencoder with data points and basis vectors), K-Means (grouping data points into clusters), and Matrix Completion (filling missing values in a matrix).",mixed,1.000,"[258.5,642.5,511.5,741.5]"
DGL-G0055,k-means clustering,l02_p01_principal_component_analysis_11.png,2,DGL_Lecture_2_Annotated.pdf,1,diagram,"Three circular diagrams illustrating PCA (linear autoencoder with data points and basis vectors), K-Means (grouping data points into clusters), and Matrix Completion (filling missing values in a matrix).",mixed,1.000,"[258.5,642.5,511.5,741.5]"
DGL-G0055,matrix completion,l02_p01_principal_component_analysis_11.png,2,DGL_Lecture_2_Annotated.pdf,1,diagram,"Three circular diagrams illustrating PCA (linear autoencoder with data points and basis vectors), K-Means (grouping data points into clusters), and Matrix Completion (filling missing values in a matrix).",mixed,1.000,"[258.5,642.5,511.5,741.5]"
DGL-G0056,nonlinear network,l02_p01_nonlinear_network_12.png,2,DGL_Lecture_2_Annotated.pdf,1,architecture,Detailed view of a deep neural network architecture showing multiple hidden layers and output units.,mixed,1.000,"[615.0,697.5,835.0,862.5]"
DGL-G0056,hidden layer,l02_p01_nonlinear_network_12.png,2,DGL_Lecture_2_Annotated.pdf,1,architecture,Detailed view of a deep neural network architecture showing multiple hidden layers and output units.,mixed,1.000,"[615.0,697.5,835.0,862.5]"
DGL-G0056,activation function,l02_p01_nonlinear_network_12.png,2,DGL_Lecture_2_Annotated.pdf,1,architecture,Detailed view of a deep neural network architecture showing multiple hidden layers and output units.,mixed,1.000,"[615.0,697.5,835.0,862.5]"
DGL-G0057,principal component analysis,l02_p01_principal_component_analysis_13.png,2,DGL_Lecture_2_Annotated.pdf,1,graph example,"Scatter plot showing data points in a 2D space with basis vectors e1 and e2, illustrating the concept of linear autoencoder in PCA.",handwritten,1.000,"[269.5,703.0,335.5,736.0]"
DGL-G0058,deep non-negative matrix factorization,l02_p01_deep_non_negative_matrix_factorization_14.png,2,DGL_Lecture_2_Annotated.pdf,1,architecture,"Neural network architecture diagram showing input layer X_i, hidden layers A^l, and output S, alongside matrix representations X_i, A, and S with dimensions N and k.",printed,1.000,"[302.5,796.5,467.5,862.5]"
DGL-G0058,nonlinear network,l02_p01_deep_non_negative_matrix_factorization_14.png,2,DGL_Lecture_2_Annotated.pdf,1,architecture,"Neural network architecture diagram showing input layer X_i, hidden layers A^l, and output S, alongside matrix representations X_i, A, and S with dimensions N and k.",printed,1.000,"[302.5,796.5,467.5,862.5]"
DGL-G0059,high-dimensional manifold,l02_p02_high_dimensional_manifold_01.png,2,DGL_Lecture_2_Annotated.pdf,2,plot,3D surface plot representing a high-dimensional manifold with data points and a path on it,mixed,1.000,"[752.5,82.5,945.0,247.5]"
DGL-G0060,ml problem formalization,l02_p02_ml_problem_formalization_02.png,2,DGL_Lecture_2_Annotated.pdf,2,diagram,"Matrix multiplication representing the ML problem formalization with feature matrix, weight vector, and predicted output",mixed,0.900,"[357.5,110.0,522.5,192.5]"
DGL-G0060,shared mapping,l02_p02_ml_problem_formalization_02.png,2,DGL_Lecture_2_Annotated.pdf,2,diagram,"Matrix multiplication representing the ML problem formalization with feature matrix, weight vector, and predicted output",mixed,0.900,"[357.5,110.0,522.5,192.5]"
DGL-G0060,training samples,l02_p02_ml_problem_formalization_02.png,2,DGL_Lecture_2_Annotated.pdf,2,diagram,"Matrix multiplication representing the ML problem formalization with feature matrix, weight vector, and predicted output",mixed,0.900,"[357.5,110.0,522.5,192.5]"
DGL-G0061,hidden layer,l02_p02_hidden_layer_03.png,2,DGL_Lecture_2_Annotated.pdf,2,diagram,"Neural network architecture showing input features, hidden layers, and outputs with weights and activations",mixed,0.900,"[27.5,137.5,330.0,275.0]"
DGL-G0061,nonlinear transformation,l02_p02_hidden_layer_03.png,2,DGL_Lecture_2_Annotated.pdf,2,diagram,"Neural network architecture showing input features, hidden layers, and outputs with weights and activations",mixed,0.900,"[27.5,137.5,330.0,275.0]"
DGL-G0061,linear aggregation,l02_p02_hidden_layer_03.png,2,DGL_Lecture_2_Annotated.pdf,2,diagram,"Neural network architecture showing input features, hidden layers, and outputs with weights and activations",mixed,0.900,"[27.5,137.5,330.0,275.0]"
DGL-G0062,reductionist assumption,l02_p02_reductionist_assumption_04.png,2,DGL_Lecture_2_Annotated.pdf,2,diagram,"Matrix multiplication diagram showing feature matrix multiplied by weight vector resulting in output, illustrating the reductionist assumption",printed,1.000,"[455.5,137.5,615.0,192.5]"
DGL-G0062,shared mapping,l02_p02_reductionist_assumption_04.png,2,DGL_Lecture_2_Annotated.pdf,2,diagram,"Matrix multiplication diagram showing feature matrix multiplied by weight vector resulting in output, illustrating the reductionist assumption",printed,1.000,"[455.5,137.5,615.0,192.5]"
DGL-G0063,graph-based features,l02_p02_graph_based_features_05.png,2,DGL_Lecture_2_Annotated.pdf,2,graph example,"Small hand-drawn graph with nodes and edges, illustrating graph structure",handwritten,0.900,"[532.5,357.5,587.5,412.5]"
DGL-G0064,graph-based features,l02_p02_graph_based_features_06.png,2,DGL_Lecture_2_Annotated.pdf,2,diagram,Diagram showing nodes with features being transformed into a graph structure with an adjacency matrix,printed,1.000,"[752.5,412.5,917.5,522.5]"
DGL-G0064,adjacency matrix,l02_p02_graph_based_features_06.png,2,DGL_Lecture_2_Annotated.pdf,2,diagram,Diagram showing nodes with features being transformed into a graph structure with an adjacency matrix,printed,1.000,"[752.5,412.5,917.5,522.5]"
DGL-G0065,adjacency matrix,l02_p02_adjacency_matrix_07.png,2,DGL_Lecture_2_Annotated.pdf,2,matrix,Large matrix labeled 'A' representing the graph adjacency matrix,mixed,1.000,"[917.5,467.5,972.5,522.5]"
DGL-G0066,node-based features,l02_p02_node_based_features_08.png,2,DGL_Lecture_2_Annotated.pdf,2,diagram,"Node-based feature extraction: for each node in a graph, extract features and sum them to form a node embedding",mixed,1.000,"[319.0,532.5,440.0,681.0]"
DGL-G0066,graph neural network,l02_p02_node_based_features_08.png,2,DGL_Lecture_2_Annotated.pdf,2,diagram,"Node-based feature extraction: for each node in a graph, extract features and sum them to form a node embedding",mixed,1.000,"[319.0,532.5,440.0,681.0]"
DGL-G0067,edge-based features,l02_p02_edge_based_features_09.png,2,DGL_Lecture_2_Annotated.pdf,2,diagram,Edge-based feature extraction: an edge is represented by a combination of its topology and edge-specific features,mixed,1.000,"[445.5,532.5,544.5,681.0]"
DGL-G0067,graph neural network,l02_p02_edge_based_features_09.png,2,DGL_Lecture_2_Annotated.pdf,2,diagram,Edge-based feature extraction: an edge is represented by a combination of its topology and edge-specific features,mixed,1.000,"[445.5,532.5,544.5,681.0]"
DGL-G0068,feature embedding,l02_p02_feature_embedding_10.png,2,DGL_Lecture_2_Annotated.pdf,2,diagram,Sequential embedding into manifolds: complex features are embedded into decreasing complexity manifolds until a low-dimensional space is found,printed,1.000,"[5.5,642.5,302.5,686.5]"
DGL-G0068,manifold learning,l02_p02_feature_embedding_10.png,2,DGL_Lecture_2_Annotated.pdf,2,diagram,Sequential embedding into manifolds: complex features are embedded into decreasing complexity manifolds until a low-dimensional space is found,printed,1.000,"[5.5,642.5,302.5,686.5]"
DGL-G0069,manifold learning,l02_p02_manifold_learning_11.png,2,DGL_Lecture_2_Annotated.pdf,2,diagram,"Manifold learning process: high-dimensional input manifold is encoded into a low-dimensional latent space, preserving local structure",mixed,1.000,"[5.5,697.5,357.5,862.5]"
DGL-G0069,feature embedding,l02_p02_manifold_learning_11.png,2,DGL_Lecture_2_Annotated.pdf,2,diagram,"Manifold learning process: high-dimensional input manifold is encoded into a low-dimensional latent space, preserving local structure",mixed,1.000,"[5.5,697.5,357.5,862.5]"
DGL-G0069,intrinsic dimension,l02_p02_manifold_learning_11.png,2,DGL_Lecture_2_Annotated.pdf,2,diagram,"Manifold learning process: high-dimensional input manifold is encoded into a low-dimensional latent space, preserving local structure",mixed,1.000,"[5.5,697.5,357.5,862.5]"
DGL-G0069,extrinsic dimension,l02_p02_manifold_learning_11.png,2,DGL_Lecture_2_Annotated.pdf,2,diagram,"Manifold learning process: high-dimensional input manifold is encoded into a low-dimensional latent space, preserving local structure",mixed,1.000,"[5.5,697.5,357.5,862.5]"
DGL-G0069,geodesic distance,l02_p02_manifold_learning_11.png,2,DGL_Lecture_2_Annotated.pdf,2,diagram,"Manifold learning process: high-dimensional input manifold is encoded into a low-dimensional latent space, preserving local structure",mixed,1.000,"[5.5,697.5,357.5,862.5]"
DGL-G0070,adjacency matrix,l02_p02_adjacency_matrix_12.png,2,DGL_Lecture_2_Annotated.pdf,2,matrix,Adjacency matrix A with labeled rows and columns,printed,1.000,"[725.0,725.0,780.0,780.0]"
DGL-G0071,node embedding,l02_p02_node_embedding_13.png,2,DGL_Lecture_2_Annotated.pdf,2,matrix,Node data matrix X with labeled rows and columns,printed,1.000,"[780.0,725.0,835.0,780.0]"
DGL-G0072,edge-based features,l02_p02_edge_based_features_14.png,2,DGL_Lecture_2_Annotated.pdf,2,matrix,Edge data matrix E with labeled rows and columns,printed,1.000,"[780.0,780.0,835.0,835.0]"
DGL-G0073,graph neural network,l02_p02_graph_neural_network_15.png,2,DGL_Lecture_2_Annotated.pdf,2,architecture,Graph classification pipeline: a graph neural network processes a graph structure with node features to produce a graph-level representation for classification,mixed,1.000,"[374.0,807.5,522.5,945.0]"
DGL-G0073,graph classification,l02_p02_graph_neural_network_15.png,2,DGL_Lecture_2_Annotated.pdf,2,architecture,Graph classification pipeline: a graph neural network processes a graph structure with node features to produce a graph-level representation for classification,mixed,1.000,"[374.0,807.5,522.5,945.0]"
DGL-G0074,graph convolutional network,l02_p03_graph_convolutional_network_01.png,2,DGL_Lecture_2_Annotated.pdf,3,architecture,"Comparison of deep neural network (left) vs graph neural network (right) processing pipelines, showing layer-wise transformations and message passing",mixed,1.000,"[714.0,55.0,989.0,495.0]"
DGL-G0074,deep neural network,l02_p03_graph_convolutional_network_01.png,2,DGL_Lecture_2_Annotated.pdf,3,architecture,"Comparison of deep neural network (left) vs graph neural network (right) processing pipelines, showing layer-wise transformations and message passing",mixed,1.000,"[714.0,55.0,989.0,495.0]"
DGL-G0074,message passing,l02_p03_graph_convolutional_network_01.png,2,DGL_Lecture_2_Annotated.pdf,3,architecture,"Comparison of deep neural network (left) vs graph neural network (right) processing pipelines, showing layer-wise transformations and message passing",mixed,1.000,"[714.0,55.0,989.0,495.0]"
DGL-G0075,node embedding,l02_p03_node_embedding_02.png,2,DGL_Lecture_2_Annotated.pdf,3,graph example,"Graph G=(V,E) with nodes u and v being encoded into embedding space",mixed,0.950,"[27.5,137.5,137.5,220.0]"
DGL-G0075,graph structure encoding,l02_p03_node_embedding_02.png,2,DGL_Lecture_2_Annotated.pdf,3,graph example,"Graph G=(V,E) with nodes u and v being encoded into embedding space",mixed,0.950,"[27.5,137.5,137.5,220.0]"
DGL-G0076,node embedding,l02_p03_node_embedding_03.png,2,DGL_Lecture_2_Annotated.pdf,3,diagram,"Neural network architecture showing input features, linear aggregation, activation, and hidden layers",mixed,0.950,"[330.0,192.5,495.0,330.0]"
DGL-G0077,latent representation,l02_p03_latent_representation_04.png,2,DGL_Lecture_2_Annotated.pdf,3,diagram,Visualization of embedding space with encoded nodes z_u and z_v,handwritten,0.900,"[137.5,275.0,275.0,357.5]"
DGL-G0077,node embedding,l02_p03_latent_representation_04.png,2,DGL_Lecture_2_Annotated.pdf,3,diagram,Visualization of embedding space with encoded nodes z_u and z_v,handwritten,0.900,"[137.5,275.0,275.0,357.5]"
DGL-G0078,message passing,l02_p03_message_passing_05.png,2,DGL_Lecture_2_Annotated.pdf,3,graph example,Small graph with 4 nodes illustrating neighborhood aggregation for message passing,mixed,1.000,"[725.0,302.5,807.5,357.5]"
DGL-G0078,node embedding,l02_p03_message_passing_05.png,2,DGL_Lecture_2_Annotated.pdf,3,graph example,Small graph with 4 nodes illustrating neighborhood aggregation for message passing,mixed,1.000,"[725.0,302.5,807.5,357.5]"
DGL-G0079,activation function,l02_p03_activation_function_06.png,2,DGL_Lecture_2_Annotated.pdf,3,plot,"ReLU activation function plot showing max(0,x) behavior",handwritten,1.000,"[917.5,385.0,972.5,440.0]"
DGL-G0080,feature matrix,l02_p03_feature_matrix_07.png,2,DGL_Lecture_2_Annotated.pdf,3,diagram,Matrix representation of adjacency matrix Â and feature matrix X with dimensions labeled,mixed,1.000,"[752.5,412.5,862.5,467.5]"
DGL-G0080,self-loop augmentation,l02_p03_feature_matrix_07.png,2,DGL_Lecture_2_Annotated.pdf,3,diagram,Matrix representation of adjacency matrix Â and feature matrix X with dimensions labeled,mixed,1.000,"[752.5,412.5,862.5,467.5]"
DGL-G0081,message passing,l02_p03_message_passing_08.png,2,DGL_Lecture_2_Annotated.pdf,3,diagram,"Message passing schematic showing a central node aggregating features from neighbors, followed by transformation and activation.",mixed,1.000,"[780.0,505.0,972.5,560.0]"
DGL-G0081,representation learning,l02_p03_message_passing_08.png,2,DGL_Lecture_2_Annotated.pdf,3,diagram,"Message passing schematic showing a central node aggregating features from neighbors, followed by transformation and activation.",mixed,1.000,"[780.0,505.0,972.5,560.0]"
DGL-G0082,feature matrix,l02_p03_feature_matrix_09.png,2,DGL_Lecture_2_Annotated.pdf,3,diagram,"Matrix multiplication diagram showing feature matrix X̃, weight vector w, and label vector ŷ",printed,0.950,"[357.5,560.0,550.0,725.0]"
DGL-G0082,matrix multiplication,l02_p03_feature_matrix_09.png,2,DGL_Lecture_2_Annotated.pdf,3,diagram,"Matrix multiplication diagram showing feature matrix X̃, weight vector w, and label vector ŷ",printed,0.950,"[357.5,560.0,550.0,725.0]"
DGL-G0083,receptive field,l02_p03_receptive_field_10.png,2,DGL_Lecture_2_Annotated.pdf,3,diagram,"Visualization of 1-hop and 2-hop rings around a central node, illustrating receptive field expansion.",handwritten,1.000,"[862.5,587.5,972.5,697.5]"
DGL-G0083,graph walks,l02_p03_receptive_field_10.png,2,DGL_Lecture_2_Annotated.pdf,3,diagram,"Visualization of 1-hop and 2-hop rings around a central node, illustrating receptive field expansion.",handwritten,1.000,"[862.5,587.5,972.5,697.5]"
DGL-G0084,graph representation,l02_p03_graph_representation_11.png,2,DGL_Lecture_2_Annotated.pdf,3,diagram,"Graph G = (V, E) with nodes and edges, encoded into an embedding matrix Z",mixed,0.950,"[27.5,615.0,275.0,725.0]"
DGL-G0084,node embedding,l02_p03_graph_representation_11.png,2,DGL_Lecture_2_Annotated.pdf,3,diagram,"Graph G = (V, E) with nodes and edges, encoded into an embedding matrix Z",mixed,0.950,"[27.5,615.0,275.0,725.0]"
DGL-G0084,embedding matrix,l02_p03_graph_representation_11.png,2,DGL_Lecture_2_Annotated.pdf,3,diagram,"Graph G = (V, E) with nodes and edges, encoded into an embedding matrix Z",mixed,0.950,"[27.5,615.0,275.0,725.0]"
DGL-G0085,graph walks,l02_p03_graph_walks_12.png,2,DGL_Lecture_2_Annotated.pdf,3,matrix,Matrix representation showing how powers of the adjacency matrix correspond to walk counts between nodes.,mixed,1.000,"[835.0,714.0,917.5,780.0]"
DGL-G0085,adjacency matrix,l02_p03_graph_walks_12.png,2,DGL_Lecture_2_Annotated.pdf,3,matrix,Matrix representation showing how powers of the adjacency matrix correspond to walk counts between nodes.,mixed,1.000,"[835.0,714.0,917.5,780.0]"
DGL-G0086,adjacency matrix,l02_p03_adjacency_matrix_13.png,2,DGL_Lecture_2_Annotated.pdf,3,diagram,"Graph with nodes and edges, transformed into a matrix A (adjacency matrix)",mixed,0.950,"[357.5,725.0,522.5,835.0]"
DGL-G0087,node similarity,l02_p03_node_similarity_14.png,2,DGL_Lecture_2_Annotated.pdf,3,diagram,"Flowchart showing different ways to define node similarity: connected, share neighbors, similar topological roles",handwritten,0.950,"[55.0,752.5,330.0,862.5]"
DGL-G0087,connected nodes,l02_p03_node_similarity_14.png,2,DGL_Lecture_2_Annotated.pdf,3,diagram,"Flowchart showing different ways to define node similarity: connected, share neighbors, similar topological roles",handwritten,0.950,"[55.0,752.5,330.0,862.5]"
DGL-G0087,shared neighbors,l02_p03_node_similarity_14.png,2,DGL_Lecture_2_Annotated.pdf,3,diagram,"Flowchart showing different ways to define node similarity: connected, share neighbors, similar topological roles",handwritten,0.950,"[55.0,752.5,330.0,862.5]"
DGL-G0087,topological roles,l02_p03_node_similarity_14.png,2,DGL_Lecture_2_Annotated.pdf,3,diagram,"Flowchart showing different ways to define node similarity: connected, share neighbors, similar topological roles",handwritten,0.950,"[55.0,752.5,330.0,862.5]"
DGL-G0088,graphlets,l02_p03_graphlets_15.png,2,DGL_Lecture_2_Annotated.pdf,3,diagram,Examples of graphlets G1 and G2 with node mappings,handwritten,0.900,"[247.5,752.5,330.0,807.5]"
DGL-G0088,graph generation,l02_p03_graphlets_15.png,2,DGL_Lecture_2_Annotated.pdf,3,diagram,Examples of graphlets G1 and G2 with node mappings,handwritten,0.900,"[247.5,752.5,330.0,807.5]"
DGL-G0089,graph walks,l02_p03_graph_walks_16.png,2,DGL_Lecture_2_Annotated.pdf,3,graph example,Small graph example illustrating node connectivity and walk paths.,handwritten,0.900,"[862.5,824.0,917.5,862.5]"
DGL-G0089,receptive field,l02_p03_graph_walks_16.png,2,DGL_Lecture_2_Annotated.pdf,3,graph example,Small graph example illustrating node connectivity and walk paths.,handwritten,0.900,"[862.5,824.0,917.5,862.5]"
DGL-G0090,deep sequential learning,l02_p03_deep_sequential_learning_17.png,2,DGL_Lecture_2_Annotated.pdf,3,architecture,Deep sequential node representation learning architecture with layers H1 to HK,handwritten,0.950,"[357.5,862.5,522.5,972.5]"
DGL-G0090,node embedding,l02_p03_deep_sequential_learning_17.png,2,DGL_Lecture_2_Annotated.pdf,3,architecture,Deep sequential node representation learning architecture with layers H1 to HK,handwritten,0.950,"[357.5,862.5,522.5,972.5]"
DGL-G0090,function f,l02_p03_deep_sequential_learning_17.png,2,DGL_Lecture_2_Annotated.pdf,3,architecture,Deep sequential node representation learning architecture with layers H1 to HK,handwritten,0.950,"[357.5,862.5,522.5,972.5]"
DGL-G0090,activation function,l02_p03_deep_sequential_learning_17.png,2,DGL_Lecture_2_Annotated.pdf,3,architecture,Deep sequential node representation learning architecture with layers H1 to HK,handwritten,0.950,"[357.5,862.5,522.5,972.5]"
DGL-G0090,graph convolutional network,l02_p03_deep_sequential_learning_17.png,2,DGL_Lecture_2_Annotated.pdf,3,architecture,Deep sequential node representation learning architecture with layers H1 to HK,handwritten,0.950,"[357.5,862.5,522.5,972.5]"
DGL-G0091,layer-wise normalization,l02_p03_layer_wise_normalization_18.png,2,DGL_Lecture_2_Annotated.pdf,3,diagram,"Comparison of unnormalized vs normalized propagation rules, showing scaling factors.",mixed,1.000,"[725.0,862.5,862.5,945.0]"
DGL-G0092,graph convolutional network,l02_p04_graph_convolutional_network_01.png,2,DGL_Lecture_2_Annotated.pdf,4,diagram,"Simple Graph CNN layer process showing input graph, node embeddings, aggregation, linear transformation, bias addition, and activation function application.",printed,1.000,"[5.5,55.0,220.0,165.0]"
DGL-G0092,node embedding,l02_p04_graph_convolutional_network_01.png,2,DGL_Lecture_2_Annotated.pdf,4,diagram,"Simple Graph CNN layer process showing input graph, node embeddings, aggregation, linear transformation, bias addition, and activation function application.",printed,1.000,"[5.5,55.0,220.0,165.0]"
DGL-G0092,message passing,l02_p04_graph_convolutional_network_01.png,2,DGL_Lecture_2_Annotated.pdf,4,diagram,"Simple Graph CNN layer process showing input graph, node embeddings, aggregation, linear transformation, bias addition, and activation function application.",printed,1.000,"[5.5,55.0,220.0,165.0]"
DGL-G0092,representation learning,l02_p04_graph_convolutional_network_01.png,2,DGL_Lecture_2_Annotated.pdf,4,diagram,"Simple Graph CNN layer process showing input graph, node embeddings, aggregation, linear transformation, bias addition, and activation function application.",printed,1.000,"[5.5,55.0,220.0,165.0]"
DGL-G0092,bias,l02_p04_graph_convolutional_network_01.png,2,DGL_Lecture_2_Annotated.pdf,4,diagram,"Simple Graph CNN layer process showing input graph, node embeddings, aggregation, linear transformation, bias addition, and activation function application.",printed,1.000,"[5.5,55.0,220.0,165.0]"
DGL-G0092,activation function,l02_p04_graph_convolutional_network_01.png,2,DGL_Lecture_2_Annotated.pdf,4,diagram,"Simple Graph CNN layer process showing input graph, node embeddings, aggregation, linear transformation, bias addition, and activation function application.",printed,1.000,"[5.5,55.0,220.0,165.0]"
DGL-G0093,graph convolutional network,l02_p04_graph_convolutional_network_02.png,2,DGL_Lecture_2_Annotated.pdf,4,diagram,Matrix representation of the GCN update rule showing dimensions and operations.,printed,1.000,"[275.0,110.0,495.0,220.0]"
DGL-G0093,node embedding,l02_p04_graph_convolutional_network_02.png,2,DGL_Lecture_2_Annotated.pdf,4,diagram,Matrix representation of the GCN update rule showing dimensions and operations.,printed,1.000,"[275.0,110.0,495.0,220.0]"
DGL-G0093,representation learning,l02_p04_graph_convolutional_network_02.png,2,DGL_Lecture_2_Annotated.pdf,4,diagram,Matrix representation of the GCN update rule showing dimensions and operations.,printed,1.000,"[275.0,110.0,495.0,220.0]"
DGL-G0093,bias,l02_p04_graph_convolutional_network_02.png,2,DGL_Lecture_2_Annotated.pdf,4,diagram,Matrix representation of the GCN update rule showing dimensions and operations.,printed,1.000,"[275.0,110.0,495.0,220.0]"
DGL-G0093,activation function,l02_p04_graph_convolutional_network_02.png,2,DGL_Lecture_2_Annotated.pdf,4,diagram,Matrix representation of the GCN update rule showing dimensions and operations.,printed,1.000,"[275.0,110.0,495.0,220.0]"
DGL-G0094,node embedding,l02_p04_node_embedding_03.png,2,DGL_Lecture_2_Annotated.pdf,4,diagram,Breakdown of the node embedding update rule into self-encoding and neighborhood encoding components.,mixed,0.900,"[275.0,220.0,495.0,385.0]"
DGL-G0094,message passing,l02_p04_node_embedding_03.png,2,DGL_Lecture_2_Annotated.pdf,4,diagram,Breakdown of the node embedding update rule into self-encoding and neighborhood encoding components.,mixed,0.900,"[275.0,220.0,495.0,385.0]"
DGL-G0095,adjacency matrix,l02_p04_adjacency_matrix_04.png,2,DGL_Lecture_2_Annotated.pdf,4,matrix,Adjacency matrix A with handwritten annotations 'n x n' and 'ncc[n]',mixed,0.980,"[642.5,412.5,752.5,495.0]"
DGL-G0096,message passing,l02_p04_message_passing_05.png,2,DGL_Lecture_2_Annotated.pdf,4,diagram,Diagram showing self-transformation and neighborhood transformation in GNN,mixed,0.900,"[780.0,560.0,890.0,642.5]"
DGL-G0096,representation learning,l02_p04_message_passing_05.png,2,DGL_Lecture_2_Annotated.pdf,4,diagram,Diagram showing self-transformation and neighborhood transformation in GNN,mixed,0.900,"[780.0,560.0,890.0,642.5]"
DGL-G0097,graph classification,l02_p04_graph_classification_06.png,2,DGL_Lecture_2_Annotated.pdf,4,architecture,Graph neural network architecture for graph classification showing combine and classify steps,printed,1.000,"[560.0,642.5,670.0,725.0]"
DGL-G0097,multilayer perceptron,l02_p04_graph_classification_06.png,2,DGL_Lecture_2_Annotated.pdf,4,architecture,Graph neural network architecture for graph classification showing combine and classify steps,printed,1.000,"[560.0,642.5,670.0,725.0]"
DGL-G0098,graph neural network,l02_p04_graph_neural_network_07.png,2,DGL_Lecture_2_Annotated.pdf,4,architecture,Sequential node representation learning architecture showing layers H1 to HK,printed,1.000,"[308.0,670.0,522.5,780.0]"
DGL-G0098,node embedding,l02_p04_graph_neural_network_07.png,2,DGL_Lecture_2_Annotated.pdf,4,architecture,Sequential node representation learning architecture showing layers H1 to HK,printed,1.000,"[308.0,670.0,522.5,780.0]"
DGL-G0099,node classification,l02_p05_node_classification_01.png,2,DGL_Lecture_2_Annotated.pdf,5,diagram,"Pie chart showing the distribution of tasks in graph learning research, including node classification, graph learning, classification, action recognition, recommendation systems, skeleton based action recognition, graph classification, clustering, and graph attention.",printed,1.000,"[27.5,137.5,137.5,247.5]"
DGL-G0099,graph classification,l02_p05_node_classification_01.png,2,DGL_Lecture_2_Annotated.pdf,5,diagram,"Pie chart showing the distribution of tasks in graph learning research, including node classification, graph learning, classification, action recognition, recommendation systems, skeleton based action recognition, graph classification, clustering, and graph attention.",printed,1.000,"[27.5,137.5,137.5,247.5]"
DGL-G0099,clustering,l02_p05_node_classification_01.png,2,DGL_Lecture_2_Annotated.pdf,5,diagram,"Pie chart showing the distribution of tasks in graph learning research, including node classification, graph learning, classification, action recognition, recommendation systems, skeleton based action recognition, graph classification, clustering, and graph attention.",printed,1.000,"[27.5,137.5,137.5,247.5]"
DGL-G0099,recommendation systems,l02_p05_node_classification_01.png,2,DGL_Lecture_2_Annotated.pdf,5,diagram,"Pie chart showing the distribution of tasks in graph learning research, including node classification, graph learning, classification, action recognition, recommendation systems, skeleton based action recognition, graph classification, clustering, and graph attention.",printed,1.000,"[27.5,137.5,137.5,247.5]"
DGL-G0099,action recognition,l02_p05_node_classification_01.png,2,DGL_Lecture_2_Annotated.pdf,5,diagram,"Pie chart showing the distribution of tasks in graph learning research, including node classification, graph learning, classification, action recognition, recommendation systems, skeleton based action recognition, graph classification, clustering, and graph attention.",printed,1.000,"[27.5,137.5,137.5,247.5]"
DGL-G0099,graph attention,l02_p05_node_classification_01.png,2,DGL_Lecture_2_Annotated.pdf,5,diagram,"Pie chart showing the distribution of tasks in graph learning research, including node classification, graph learning, classification, action recognition, recommendation systems, skeleton based action recognition, graph classification, clustering, and graph attention.",printed,1.000,"[27.5,137.5,137.5,247.5]"
DGL-G0100,reinforcement learning,l02_p05_reinforcement_learning_02.png,2,DGL_Lecture_2_Annotated.pdf,5,table,"Table showing the top-10 ranking of keywords between 2022 and 2023, including reinforcement learning, deep learning, representation learning, graph neural network, transformer, federate learning, self-supervised learning, contrastive learning, robustness, and generative model.",printed,1.000,"[330.0,192.5,440.0,302.5]"
DGL-G0100,deep learning,l02_p05_reinforcement_learning_02.png,2,DGL_Lecture_2_Annotated.pdf,5,table,"Table showing the top-10 ranking of keywords between 2022 and 2023, including reinforcement learning, deep learning, representation learning, graph neural network, transformer, federate learning, self-supervised learning, contrastive learning, robustness, and generative model.",printed,1.000,"[330.0,192.5,440.0,302.5]"
DGL-G0100,representation learning,l02_p05_reinforcement_learning_02.png,2,DGL_Lecture_2_Annotated.pdf,5,table,"Table showing the top-10 ranking of keywords between 2022 and 2023, including reinforcement learning, deep learning, representation learning, graph neural network, transformer, federate learning, self-supervised learning, contrastive learning, robustness, and generative model.",printed,1.000,"[330.0,192.5,440.0,302.5]"
DGL-G0100,graph neural network,l02_p05_reinforcement_learning_02.png,2,DGL_Lecture_2_Annotated.pdf,5,table,"Table showing the top-10 ranking of keywords between 2022 and 2023, including reinforcement learning, deep learning, representation learning, graph neural network, transformer, federate learning, self-supervised learning, contrastive learning, robustness, and generative model.",printed,1.000,"[330.0,192.5,440.0,302.5]"
DGL-G0100,transformer,l02_p05_reinforcement_learning_02.png,2,DGL_Lecture_2_Annotated.pdf,5,table,"Table showing the top-10 ranking of keywords between 2022 and 2023, including reinforcement learning, deep learning, representation learning, graph neural network, transformer, federate learning, self-supervised learning, contrastive learning, robustness, and generative model.",printed,1.000,"[330.0,192.5,440.0,302.5]"
DGL-G0100,self-supervised learning,l02_p05_reinforcement_learning_02.png,2,DGL_Lecture_2_Annotated.pdf,5,table,"Table showing the top-10 ranking of keywords between 2022 and 2023, including reinforcement learning, deep learning, representation learning, graph neural network, transformer, federate learning, self-supervised learning, contrastive learning, robustness, and generative model.",printed,1.000,"[330.0,192.5,440.0,302.5]"
DGL-G0100,contrastive learning,l02_p05_reinforcement_learning_02.png,2,DGL_Lecture_2_Annotated.pdf,5,table,"Table showing the top-10 ranking of keywords between 2022 and 2023, including reinforcement learning, deep learning, representation learning, graph neural network, transformer, federate learning, self-supervised learning, contrastive learning, robustness, and generative model.",printed,1.000,"[330.0,192.5,440.0,302.5]"
DGL-G0100,graph generation,l02_p05_reinforcement_learning_02.png,2,DGL_Lecture_2_Annotated.pdf,5,table,"Table showing the top-10 ranking of keywords between 2022 and 2023, including reinforcement learning, deep learning, representation learning, graph neural network, transformer, federate learning, self-supervised learning, contrastive learning, robustness, and generative model.",printed,1.000,"[330.0,192.5,440.0,302.5]"
DGL-G0101,graph convolutional network,l02_p05_graph_convolutional_network_03.png,2,DGL_Lecture_2_Annotated.pdf,5,plot,"Line plot showing the usage over time of various graph learning methods including GCN, DCN, Graph Transformer, GAT, GraphSAGE, and MPNN.",printed,1.000,"[27.5,302.5,302.5,412.5]"
DGL-G0101,graph transformer,l02_p05_graph_convolutional_network_03.png,2,DGL_Lecture_2_Annotated.pdf,5,plot,"Line plot showing the usage over time of various graph learning methods including GCN, DCN, Graph Transformer, GAT, GraphSAGE, and MPNN.",printed,1.000,"[27.5,302.5,302.5,412.5]"
DGL-G0101,graph attention,l02_p05_graph_convolutional_network_03.png,2,DGL_Lecture_2_Annotated.pdf,5,plot,"Line plot showing the usage over time of various graph learning methods including GCN, DCN, Graph Transformer, GAT, GraphSAGE, and MPNN.",printed,1.000,"[27.5,302.5,302.5,412.5]"
DGL-G0101,graphsage,l02_p05_graph_convolutional_network_03.png,2,DGL_Lecture_2_Annotated.pdf,5,plot,"Line plot showing the usage over time of various graph learning methods including GCN, DCN, Graph Transformer, GAT, GraphSAGE, and MPNN.",printed,1.000,"[27.5,302.5,302.5,412.5]"
DGL-G0101,message passing,l02_p05_graph_convolutional_network_03.png,2,DGL_Lecture_2_Annotated.pdf,5,plot,"Line plot showing the usage over time of various graph learning methods including GCN, DCN, Graph Transformer, GAT, GraphSAGE, and MPNN.",printed,1.000,"[27.5,302.5,302.5,412.5]"
DGL-G0102,reinforcement learning,l02_p05_reinforcement_learning_04.png,2,DGL_Lecture_2_Annotated.pdf,5,plot,"Bar plot showing the 50 most appeared keywords in 2023, highlighting the frequency of terms like reinforcement learning, deep learning, representation learning, graph neural network, transformer, and others.",printed,1.000,"[330.0,302.5,522.5,522.5]"
DGL-G0102,deep learning,l02_p05_reinforcement_learning_04.png,2,DGL_Lecture_2_Annotated.pdf,5,plot,"Bar plot showing the 50 most appeared keywords in 2023, highlighting the frequency of terms like reinforcement learning, deep learning, representation learning, graph neural network, transformer, and others.",printed,1.000,"[330.0,302.5,522.5,522.5]"
DGL-G0102,representation learning,l02_p05_reinforcement_learning_04.png,2,DGL_Lecture_2_Annotated.pdf,5,plot,"Bar plot showing the 50 most appeared keywords in 2023, highlighting the frequency of terms like reinforcement learning, deep learning, representation learning, graph neural network, transformer, and others.",printed,1.000,"[330.0,302.5,522.5,522.5]"
DGL-G0102,graph neural network,l02_p05_reinforcement_learning_04.png,2,DGL_Lecture_2_Annotated.pdf,5,plot,"Bar plot showing the 50 most appeared keywords in 2023, highlighting the frequency of terms like reinforcement learning, deep learning, representation learning, graph neural network, transformer, and others.",printed,1.000,"[330.0,302.5,522.5,522.5]"
DGL-G0102,transformer,l02_p05_reinforcement_learning_04.png,2,DGL_Lecture_2_Annotated.pdf,5,plot,"Bar plot showing the 50 most appeared keywords in 2023, highlighting the frequency of terms like reinforcement learning, deep learning, representation learning, graph neural network, transformer, and others.",printed,1.000,"[330.0,302.5,522.5,522.5]"
DGL-G0102,self-supervised learning,l02_p05_reinforcement_learning_04.png,2,DGL_Lecture_2_Annotated.pdf,5,plot,"Bar plot showing the 50 most appeared keywords in 2023, highlighting the frequency of terms like reinforcement learning, deep learning, representation learning, graph neural network, transformer, and others.",printed,1.000,"[330.0,302.5,522.5,522.5]"
DGL-G0102,contrastive learning,l02_p05_reinforcement_learning_04.png,2,DGL_Lecture_2_Annotated.pdf,5,plot,"Bar plot showing the 50 most appeared keywords in 2023, highlighting the frequency of terms like reinforcement learning, deep learning, representation learning, graph neural network, transformer, and others.",printed,1.000,"[330.0,302.5,522.5,522.5]"
DGL-G0102,graph generation,l02_p05_reinforcement_learning_04.png,2,DGL_Lecture_2_Annotated.pdf,5,plot,"Bar plot showing the 50 most appeared keywords in 2023, highlighting the frequency of terms like reinforcement learning, deep learning, representation learning, graph neural network, transformer, and others.",printed,1.000,"[330.0,302.5,522.5,522.5]"
DGL-G0103,knowledge distillation,l02_p05_knowledge_distillation_05.png,2,DGL_Lecture_2_Annotated.pdf,5,plot,"Horizontal bar chart showing the frequency or count of various machine learning research topics including knowledge distillation, reinforcement learning, unsupervised learning, meta-learning, few-shot learning, domain adaptation, natural language processing, neural architecture search, attention, image classification, adversarial training, active learning, and deep neural network.",printed,1.000,"[330.0,450.0,550.0,835.0]"
DGL-G0103,unsupervised learning,l02_p05_knowledge_distillation_05.png,2,DGL_Lecture_2_Annotated.pdf,5,plot,"Horizontal bar chart showing the frequency or count of various machine learning research topics including knowledge distillation, reinforcement learning, unsupervised learning, meta-learning, few-shot learning, domain adaptation, natural language processing, neural architecture search, attention, image classification, adversarial training, active learning, and deep neural network.",printed,1.000,"[330.0,450.0,550.0,835.0]"
DGL-G0103,meta-learning,l02_p05_knowledge_distillation_05.png,2,DGL_Lecture_2_Annotated.pdf,5,plot,"Horizontal bar chart showing the frequency or count of various machine learning research topics including knowledge distillation, reinforcement learning, unsupervised learning, meta-learning, few-shot learning, domain adaptation, natural language processing, neural architecture search, attention, image classification, adversarial training, active learning, and deep neural network.",printed,1.000,"[330.0,450.0,550.0,835.0]"
DGL-G0103,few-shot learning,l02_p05_knowledge_distillation_05.png,2,DGL_Lecture_2_Annotated.pdf,5,plot,"Horizontal bar chart showing the frequency or count of various machine learning research topics including knowledge distillation, reinforcement learning, unsupervised learning, meta-learning, few-shot learning, domain adaptation, natural language processing, neural architecture search, attention, image classification, adversarial training, active learning, and deep neural network.",printed,1.000,"[330.0,450.0,550.0,835.0]"
DGL-G0103,domain adaptation,l02_p05_knowledge_distillation_05.png,2,DGL_Lecture_2_Annotated.pdf,5,plot,"Horizontal bar chart showing the frequency or count of various machine learning research topics including knowledge distillation, reinforcement learning, unsupervised learning, meta-learning, few-shot learning, domain adaptation, natural language processing, neural architecture search, attention, image classification, adversarial training, active learning, and deep neural network.",printed,1.000,"[330.0,450.0,550.0,835.0]"
DGL-G0103,natural language processing,l02_p05_knowledge_distillation_05.png,2,DGL_Lecture_2_Annotated.pdf,5,plot,"Horizontal bar chart showing the frequency or count of various machine learning research topics including knowledge distillation, reinforcement learning, unsupervised learning, meta-learning, few-shot learning, domain adaptation, natural language processing, neural architecture search, attention, image classification, adversarial training, active learning, and deep neural network.",printed,1.000,"[330.0,450.0,550.0,835.0]"
DGL-G0103,neural architecture search,l02_p05_knowledge_distillation_05.png,2,DGL_Lecture_2_Annotated.pdf,5,plot,"Horizontal bar chart showing the frequency or count of various machine learning research topics including knowledge distillation, reinforcement learning, unsupervised learning, meta-learning, few-shot learning, domain adaptation, natural language processing, neural architecture search, attention, image classification, adversarial training, active learning, and deep neural network.",printed,1.000,"[330.0,450.0,550.0,835.0]"
DGL-G0103,attention,l02_p05_knowledge_distillation_05.png,2,DGL_Lecture_2_Annotated.pdf,5,plot,"Horizontal bar chart showing the frequency or count of various machine learning research topics including knowledge distillation, reinforcement learning, unsupervised learning, meta-learning, few-shot learning, domain adaptation, natural language processing, neural architecture search, attention, image classification, adversarial training, active learning, and deep neural network.",printed,1.000,"[330.0,450.0,550.0,835.0]"
DGL-G0103,image classification,l02_p05_knowledge_distillation_05.png,2,DGL_Lecture_2_Annotated.pdf,5,plot,"Horizontal bar chart showing the frequency or count of various machine learning research topics including knowledge distillation, reinforcement learning, unsupervised learning, meta-learning, few-shot learning, domain adaptation, natural language processing, neural architecture search, attention, image classification, adversarial training, active learning, and deep neural network.",printed,1.000,"[330.0,450.0,550.0,835.0]"
DGL-G0103,adversarial training,l02_p05_knowledge_distillation_05.png,2,DGL_Lecture_2_Annotated.pdf,5,plot,"Horizontal bar chart showing the frequency or count of various machine learning research topics including knowledge distillation, reinforcement learning, unsupervised learning, meta-learning, few-shot learning, domain adaptation, natural language processing, neural architecture search, attention, image classification, adversarial training, active learning, and deep neural network.",printed,1.000,"[330.0,450.0,550.0,835.0]"
DGL-G0103,active learning,l02_p05_knowledge_distillation_05.png,2,DGL_Lecture_2_Annotated.pdf,5,plot,"Horizontal bar chart showing the frequency or count of various machine learning research topics including knowledge distillation, reinforcement learning, unsupervised learning, meta-learning, few-shot learning, domain adaptation, natural language processing, neural architecture search, attention, image classification, adversarial training, active learning, and deep neural network.",printed,1.000,"[330.0,450.0,550.0,835.0]"
DGL-G0103,deep neural network,l02_p05_knowledge_distillation_05.png,2,DGL_Lecture_2_Annotated.pdf,5,plot,"Horizontal bar chart showing the frequency or count of various machine learning research topics including knowledge distillation, reinforcement learning, unsupervised learning, meta-learning, few-shot learning, domain adaptation, natural language processing, neural architecture search, attention, image classification, adversarial training, active learning, and deep neural network.",printed,1.000,"[330.0,450.0,550.0,835.0]"
DGL-G0104,graph convolutional network,l03_p01_graph_convolutional_network_01.png,3,DGL_Lecture_3_Annotated.pdf,1,diagram,GCN training pipeline from input features through layers to final predictions,mixed,0.900,"[615.0,82.5,972.5,357.5]"
DGL-G0104,node embedding,l03_p01_graph_convolutional_network_01.png,3,DGL_Lecture_3_Annotated.pdf,1,diagram,GCN training pipeline from input features through layers to final predictions,mixed,0.900,"[615.0,82.5,972.5,357.5]"
DGL-G0105,message passing,l03_p01_message_passing_02.png,3,DGL_Lecture_3_Annotated.pdf,1,diagram,Diagram showing a node and its 1-hop and 2-hop neighbors with arrows indicating message passing,mixed,0.900,"[5.5,220.0,165.0,330.0]"
DGL-G0106,backpropagation,l03_p01_backpropagation_03.png,3,DGL_Lecture_3_Annotated.pdf,1,plot,Plot showing the loss function optimization through gradient descent with a curve and annotations,mixed,0.900,"[372.9,357.5,544.5,467.5]"
DGL-G0106,loss function,l03_p01_backpropagation_03.png,3,DGL_Lecture_3_Annotated.pdf,1,plot,Plot showing the loss function optimization through gradient descent with a curve and annotations,mixed,0.900,"[372.9,357.5,544.5,467.5]"
DGL-G0107,node classification,l03_p01_node_classification_04.png,3,DGL_Lecture_3_Annotated.pdf,1,graph example,"Sequence of graphs showing node classification: original graph, GNN processing, and classified node.",mixed,1.000,"[5.5,538.0,192.5,615.0]"
DGL-G0107,graph convolutional network,l03_p01_node_classification_04.png,3,DGL_Lecture_3_Annotated.pdf,1,graph example,"Sequence of graphs showing node classification: original graph, GNN processing, and classified node.",mixed,1.000,"[5.5,538.0,192.5,615.0]"
DGL-G0108,manifold learning,l03_p01_manifold_learning_05.png,3,DGL_Lecture_3_Annotated.pdf,1,plot,"2D scatter plot showing separated classes (purple and green dots) with a decision boundary, representing the simplified manifold.",mixed,0.950,"[302.5,659.0,412.5,752.5]"
DGL-G0108,node embedding,l03_p01_manifold_learning_05.png,3,DGL_Lecture_3_Annotated.pdf,1,plot,"2D scatter plot showing separated classes (purple and green dots) with a decision boundary, representing the simplified manifold.",mixed,0.950,"[302.5,659.0,412.5,752.5]"
DGL-G0109,learned weights,l03_p01_learned_weights_06.png,3,DGL_Lecture_3_Annotated.pdf,1,diagram,Matrix multiplication diagram showing learned weights multiplied by node embedding to produce prediction.,mixed,0.950,"[55.0,670.0,192.5,752.5]"
DGL-G0109,node embedding,l03_p01_learned_weights_06.png,3,DGL_Lecture_3_Annotated.pdf,1,diagram,Matrix multiplication diagram showing learned weights multiplied by node embedding to produce prediction.,mixed,0.950,"[55.0,670.0,192.5,752.5]"
DGL-G0109,multilayer perceptron,l03_p01_learned_weights_06.png,3,DGL_Lecture_3_Annotated.pdf,1,diagram,Matrix multiplication diagram showing learned weights multiplied by node embedding to produce prediction.,mixed,0.950,"[55.0,670.0,192.5,752.5]"
DGL-G0110,edge prediction,l03_p01_edge_prediction_07.png,3,DGL_Lecture_3_Annotated.pdf,1,graph example,"Sequence of graphs showing edge prediction: original graph, GNN processing, and predicted edge.",mixed,1.000,"[5.5,813.0,192.5,890.0]"
DGL-G0110,graph convolutional network,l03_p01_edge_prediction_07.png,3,DGL_Lecture_3_Annotated.pdf,1,graph example,"Sequence of graphs showing edge prediction: original graph, GNN processing, and predicted edge.",mixed,1.000,"[5.5,813.0,192.5,890.0]"
DGL-G0111,inductive learning,l03_p01_inductive_learning_08.png,3,DGL_Lecture_3_Annotated.pdf,1,diagram,"Diagram illustrating the process of testing on unseen nodes, including connecting the testing node to other nodes, forward pass through GCN layers, and evaluation.",mixed,1.000,"[477.5,835.0,670.0,972.5]"
DGL-G0111,transductive learning,l03_p01_inductive_learning_08.png,3,DGL_Lecture_3_Annotated.pdf,1,diagram,"Diagram illustrating the process of testing on unseen nodes, including connecting the testing node to other nodes, forward pass through GCN layers, and evaluation.",mixed,1.000,"[477.5,835.0,670.0,972.5]"
DGL-G0112,inductive capability,l03_p02_inductive_capability_01.png,3,DGL_Lecture_3_Annotated.pdf,2,diagram,Diagram showing training nodes and a testing node with self-connection and neighborhood encoding,mixed,0.900,"[55.0,110.0,220.0,220.0]"
DGL-G0112,self-loop augmentation,l03_p02_inductive_capability_01.png,3,DGL_Lecture_3_Annotated.pdf,2,diagram,Diagram showing training nodes and a testing node with self-connection and neighborhood encoding,mixed,0.900,"[55.0,110.0,220.0,220.0]"
DGL-G0112,message passing,l03_p02_inductive_capability_01.png,3,DGL_Lecture_3_Annotated.pdf,2,diagram,Diagram showing training nodes and a testing node with self-connection and neighborhood encoding,mixed,0.900,"[55.0,110.0,220.0,220.0]"
DGL-G0113,graph-level regression,l03_p02_graph_level_regression_02.png,3,DGL_Lecture_3_Annotated.pdf,2,diagram,Diagram illustrating the integration of node embeddings for graph-level regression,mixed,0.900,"[330.0,110.0,495.0,220.0]"
DGL-G0114,graph-level regression,l03_p02_graph_level_regression_03.png,3,DGL_Lecture_3_Annotated.pdf,2,graph example,"Example of multiresolution brain graphs with nodes and edges, illustrating the concept of graph-level prediction.",mixed,0.900,"[450.0,110.0,670.0,220.0]"
DGL-G0115,global mean pooling,l03_p02_global_mean_pooling_04.png,3,DGL_Lecture_3_Annotated.pdf,2,diagram,"Diagram showing the process of combining node embeddings to form a graph embedding using different pooling methods (mean, max, sum).",mixed,0.950,"[752.5,110.0,972.5,467.5]"
DGL-G0115,global max pooling,l03_p02_global_mean_pooling_04.png,3,DGL_Lecture_3_Annotated.pdf,2,diagram,"Diagram showing the process of combining node embeddings to form a graph embedding using different pooling methods (mean, max, sum).",mixed,0.950,"[752.5,110.0,972.5,467.5]"
DGL-G0115,global sum pooling,l03_p02_global_mean_pooling_04.png,3,DGL_Lecture_3_Annotated.pdf,2,diagram,"Diagram showing the process of combining node embeddings to form a graph embedding using different pooling methods (mean, max, sum).",mixed,0.950,"[752.5,110.0,972.5,467.5]"
DGL-G0115,node embedding,l03_p02_global_mean_pooling_04.png,3,DGL_Lecture_3_Annotated.pdf,2,diagram,"Diagram showing the process of combining node embeddings to form a graph embedding using different pooling methods (mean, max, sum).",mixed,0.950,"[752.5,110.0,972.5,467.5]"
DGL-G0116,node embedding,l03_p02_node_embedding_05.png,3,DGL_Lecture_3_Annotated.pdf,2,diagram,Flowchart showing the process of node embedding update with self-encoding and neighborhood encoding,mixed,0.900,"[55.0,275.0,275.0,385.0]"
DGL-G0116,message passing,l03_p02_node_embedding_05.png,3,DGL_Lecture_3_Annotated.pdf,2,diagram,Flowchart showing the process of node embedding update with self-encoding and neighborhood encoding,mixed,0.900,"[55.0,275.0,275.0,385.0]"
DGL-G0117,training samples,l03_p02_training_samples_06.png,3,DGL_Lecture_3_Annotated.pdf,2,diagram,"Illustration of training nodes (blue) and testing nodes (gray) in a graph, showing generalization to new nodes",printed,1.000,"[5.5,505.0,330.0,615.0]"
DGL-G0117,testing node,l03_p02_training_samples_06.png,3,DGL_Lecture_3_Annotated.pdf,2,diagram,"Illustration of training nodes (blue) and testing nodes (gray) in a graph, showing generalization to new nodes",printed,1.000,"[5.5,505.0,330.0,615.0]"
DGL-G0117,inductive capability,l03_p02_training_samples_06.png,3,DGL_Lecture_3_Annotated.pdf,2,diagram,"Illustration of training nodes (blue) and testing nodes (gray) in a graph, showing generalization to new nodes",printed,1.000,"[5.5,505.0,330.0,615.0]"
DGL-G0118,node embedding,l03_p02_node_embedding_07.png,3,DGL_Lecture_3_Annotated.pdf,2,matrix,Matrix multiplication diagram showing Kth embeddings multiplied by weight matrix to produce output scores,printed,1.000,"[357.5,752.5,522.5,862.5]"
DGL-G0118,representation learning,l03_p02_node_embedding_07.png,3,DGL_Lecture_3_Annotated.pdf,2,matrix,Matrix multiplication diagram showing Kth embeddings multiplied by weight matrix to produce output scores,printed,1.000,"[357.5,752.5,522.5,862.5]"
DGL-G0118,output scores,l03_p02_node_embedding_07.png,3,DGL_Lecture_3_Annotated.pdf,2,matrix,Matrix multiplication diagram showing Kth embeddings multiplied by weight matrix to produce output scores,printed,1.000,"[357.5,752.5,522.5,862.5]"
DGL-G0119,hierarchical pooling,l03_p02_hierarchical_pooling_08.png,3,DGL_Lecture_3_Annotated.pdf,2,architecture,Hierarchical Graph Representation Learning with Differentiable Pooling (DiffPool) architecture,printed,1.000,"[752.5,780.0,972.5,917.5]"
DGL-G0119,graph neural network,l03_p02_hierarchical_pooling_08.png,3,DGL_Lecture_3_Annotated.pdf,2,architecture,Hierarchical Graph Representation Learning with Differentiable Pooling (DiffPool) architecture,printed,1.000,"[752.5,780.0,972.5,917.5]"
DGL-G0120,graph neural network,l03_p03_graph_neural_network_01.png,3,DGL_Lecture_3_Annotated.pdf,3,diagram,"Conceptual diagram illustrating GNN layer components: AGG, Transform, MSG passing, BN, Dropout, Non-linearity, and Prediction head, connected in a circular flow.",mixed,1.000,"[275.0,110.0,972.0,945.0]"
DGL-G0120,message passing,l03_p03_graph_neural_network_01.png,3,DGL_Lecture_3_Annotated.pdf,3,diagram,"Conceptual diagram illustrating GNN layer components: AGG, Transform, MSG passing, BN, Dropout, Non-linearity, and Prediction head, connected in a circular flow.",mixed,1.000,"[275.0,110.0,972.0,945.0]"
DGL-G0120,linear aggregation,l03_p03_graph_neural_network_01.png,3,DGL_Lecture_3_Annotated.pdf,3,diagram,"Conceptual diagram illustrating GNN layer components: AGG, Transform, MSG passing, BN, Dropout, Non-linearity, and Prediction head, connected in a circular flow.",mixed,1.000,"[275.0,110.0,972.0,945.0]"
DGL-G0120,batch normalization,l03_p03_graph_neural_network_01.png,3,DGL_Lecture_3_Annotated.pdf,3,diagram,"Conceptual diagram illustrating GNN layer components: AGG, Transform, MSG passing, BN, Dropout, Non-linearity, and Prediction head, connected in a circular flow.",mixed,1.000,"[275.0,110.0,972.0,945.0]"
DGL-G0120,dropout,l03_p03_graph_neural_network_01.png,3,DGL_Lecture_3_Annotated.pdf,3,diagram,"Conceptual diagram illustrating GNN layer components: AGG, Transform, MSG passing, BN, Dropout, Non-linearity, and Prediction head, connected in a circular flow.",mixed,1.000,"[275.0,110.0,972.0,945.0]"
DGL-G0120,activation function,l03_p03_graph_neural_network_01.png,3,DGL_Lecture_3_Annotated.pdf,3,diagram,"Conceptual diagram illustrating GNN layer components: AGG, Transform, MSG passing, BN, Dropout, Non-linearity, and Prediction head, connected in a circular flow.",mixed,1.000,"[275.0,110.0,972.0,945.0]"
DGL-G0120,prediction head,l03_p03_graph_neural_network_01.png,3,DGL_Lecture_3_Annotated.pdf,3,diagram,"Conceptual diagram illustrating GNN layer components: AGG, Transform, MSG passing, BN, Dropout, Non-linearity, and Prediction head, connected in a circular flow.",mixed,1.000,"[275.0,110.0,972.0,945.0]"
DGL-G0121,batch normalization,l03_p03_batch_normalization_02.png,3,DGL_Lecture_3_Annotated.pdf,3,graph example,Hand-drawn illustration of two different distribution curves labeled h_{k-1} and h_k to visualize variance control.,handwritten,0.900,"[846.0,752.0,972.0,835.0]"
DGL-G0122,graph neural network,l03_p04_graph_neural_network_01.png,3,DGL_Lecture_3_Annotated.pdf,4,diagram,"Circular diagram showing GNN layer operations including AGG, MSG passing, BN, Dropout, Non-linearity, Prediction head, and Transform.",printed,1.000,"[27.5,55.0,412.5,495.0]"
DGL-G0122,message passing,l03_p04_graph_neural_network_01.png,3,DGL_Lecture_3_Annotated.pdf,4,diagram,"Circular diagram showing GNN layer operations including AGG, MSG passing, BN, Dropout, Non-linearity, Prediction head, and Transform.",printed,1.000,"[27.5,55.0,412.5,495.0]"
DGL-G0122,linear aggregation,l03_p04_graph_neural_network_01.png,3,DGL_Lecture_3_Annotated.pdf,4,diagram,"Circular diagram showing GNN layer operations including AGG, MSG passing, BN, Dropout, Non-linearity, Prediction head, and Transform.",printed,1.000,"[27.5,55.0,412.5,495.0]"
DGL-G0122,batch normalization,l03_p04_graph_neural_network_01.png,3,DGL_Lecture_3_Annotated.pdf,4,diagram,"Circular diagram showing GNN layer operations including AGG, MSG passing, BN, Dropout, Non-linearity, Prediction head, and Transform.",printed,1.000,"[27.5,55.0,412.5,495.0]"
DGL-G0122,dropout,l03_p04_graph_neural_network_01.png,3,DGL_Lecture_3_Annotated.pdf,4,diagram,"Circular diagram showing GNN layer operations including AGG, MSG passing, BN, Dropout, Non-linearity, Prediction head, and Transform.",printed,1.000,"[27.5,55.0,412.5,495.0]"
DGL-G0122,activation function,l03_p04_graph_neural_network_01.png,3,DGL_Lecture_3_Annotated.pdf,4,diagram,"Circular diagram showing GNN layer operations including AGG, MSG passing, BN, Dropout, Non-linearity, Prediction head, and Transform.",printed,1.000,"[27.5,55.0,412.5,495.0]"
DGL-G0122,prediction head,l03_p04_graph_neural_network_01.png,3,DGL_Lecture_3_Annotated.pdf,4,diagram,"Circular diagram showing GNN layer operations including AGG, MSG passing, BN, Dropout, Non-linearity, Prediction head, and Transform.",printed,1.000,"[27.5,55.0,412.5,495.0]"
DGL-G0122,representation learning,l03_p04_graph_neural_network_01.png,3,DGL_Lecture_3_Annotated.pdf,4,diagram,"Circular diagram showing GNN layer operations including AGG, MSG passing, BN, Dropout, Non-linearity, Prediction head, and Transform.",printed,1.000,"[27.5,55.0,412.5,495.0]"
DGL-G0123,linear aggregation,l03_p04_linear_aggregation_02.png,3,DGL_Lecture_3_Annotated.pdf,4,graph example,"Graph with nodes labeled 1 to 6, illustrating local aggregation at the node level.",printed,1.000,"[412.5,110.0,522.5,275.0]"
DGL-G0123,local embedding aggregation,l03_p04_linear_aggregation_02.png,3,DGL_Lecture_3_Annotated.pdf,4,graph example,"Graph with nodes labeled 1 to 6, illustrating local aggregation at the node level.",printed,1.000,"[412.5,110.0,522.5,275.0]"
DGL-G0124,local embedding aggregation,l03_p04_local_embedding_aggregation_03.png,3,DGL_Lecture_3_Annotated.pdf,4,graph example,Graph showing local and global embedding aggregation,mixed,0.950,"[477.5,110.0,697.5,247.5]"
DGL-G0124,global embedding aggregation,l03_p04_local_embedding_aggregation_03.png,3,DGL_Lecture_3_Annotated.pdf,4,graph example,Graph showing local and global embedding aggregation,mixed,0.950,"[477.5,110.0,697.5,247.5]"
DGL-G0125,graph convolutional network,l03_p04_graph_convolutional_network_04.png,3,DGL_Lecture_3_Annotated.pdf,4,diagram,"Comparison of graph convolutional network, dot product attention, and graph attention network",printed,1.000,"[752.5,247.5,945.0,357.5]"
DGL-G0125,graph attention network,l03_p04_graph_convolutional_network_04.png,3,DGL_Lecture_3_Annotated.pdf,4,diagram,"Comparison of graph convolutional network, dot product attention, and graph attention network",printed,1.000,"[752.5,247.5,945.0,357.5]"
DGL-G0126,graph attention network,l03_p04_graph_attention_network_05.png,3,DGL_Lecture_3_Annotated.pdf,4,matrix,Node-to-node similarity matrix S,mixed,0.900,"[835.0,467.5,917.5,522.5]"
DGL-G0127,graph attention network,l03_p04_graph_attention_network_06.png,3,DGL_Lecture_3_Annotated.pdf,4,architecture,"Graph attention network architecture showing input X, pre-attention computation, attention masking with Softmask, and output computation",printed,1.000,"[752.5,879.0,989.0,934.0]"
DGL-G0127,attention masking,l03_p04_graph_attention_network_06.png,3,DGL_Lecture_3_Annotated.pdf,4,architecture,"Graph attention network architecture showing input X, pre-attention computation, attention masking with Softmask, and output computation",printed,1.000,"[752.5,879.0,989.0,934.0]"
DGL-G0127,softmax normalization,l03_p04_graph_attention_network_06.png,3,DGL_Lecture_3_Annotated.pdf,4,architecture,"Graph attention network architecture showing input X, pre-attention computation, attention masking with Softmask, and output computation",printed,1.000,"[752.5,879.0,989.0,934.0]"
DGL-G0128,message passing,l04_p01_message_passing_01.png,4,DGL_Lecture_4_Annotated.pdf,1,diagram,"Circular diagram showing GNN layer operations including AGG, Transform, MSG passing, BN, Dropout, Non-linearity, and Prediction head.",printed,1.000,"[27.5,99.0,374.0,451.0]"
DGL-G0128,graph-based aggregation,l04_p01_message_passing_01.png,4,DGL_Lecture_4_Annotated.pdf,1,diagram,"Circular diagram showing GNN layer operations including AGG, Transform, MSG passing, BN, Dropout, Non-linearity, and Prediction head.",printed,1.000,"[27.5,99.0,374.0,451.0]"
DGL-G0128,batch normalization,l04_p01_message_passing_01.png,4,DGL_Lecture_4_Annotated.pdf,1,diagram,"Circular diagram showing GNN layer operations including AGG, Transform, MSG passing, BN, Dropout, Non-linearity, and Prediction head.",printed,1.000,"[27.5,99.0,374.0,451.0]"
DGL-G0128,dropout,l04_p01_message_passing_01.png,4,DGL_Lecture_4_Annotated.pdf,1,diagram,"Circular diagram showing GNN layer operations including AGG, Transform, MSG passing, BN, Dropout, Non-linearity, and Prediction head.",printed,1.000,"[27.5,99.0,374.0,451.0]"
DGL-G0128,activation function,l04_p01_message_passing_01.png,4,DGL_Lecture_4_Annotated.pdf,1,diagram,"Circular diagram showing GNN layer operations including AGG, Transform, MSG passing, BN, Dropout, Non-linearity, and Prediction head.",printed,1.000,"[27.5,99.0,374.0,451.0]"
DGL-G0128,prediction head,l04_p01_message_passing_01.png,4,DGL_Lecture_4_Annotated.pdf,1,diagram,"Circular diagram showing GNN layer operations including AGG, Transform, MSG passing, BN, Dropout, Non-linearity, and Prediction head.",printed,1.000,"[27.5,99.0,374.0,451.0]"
DGL-G0129,receptive field,l04_p01_receptive_field_02.png,4,DGL_Lecture_4_Annotated.pdf,1,diagram,"Three-stage visualization of input graph, hidden layer 1, and hidden layer 2 with receptive field highlighting.",mixed,1.000,"[752.5,137.5,917.5,247.5]"
DGL-G0129,graph expansion problem,l04_p01_receptive_field_02.png,4,DGL_Lecture_4_Annotated.pdf,1,diagram,"Three-stage visualization of input graph, hidden layer 1, and hidden layer 2 with receptive field highlighting.",mixed,1.000,"[752.5,137.5,917.5,247.5]"
DGL-G0129,hidden layer,l04_p01_receptive_field_02.png,4,DGL_Lecture_4_Annotated.pdf,1,diagram,"Three-stage visualization of input graph, hidden layer 1, and hidden layer 2 with receptive field highlighting.",mixed,1.000,"[752.5,137.5,917.5,247.5]"
DGL-G0130,graph expansion problem,l04_p01_graph_expansion_problem_03.png,4,DGL_Lecture_4_Annotated.pdf,1,graph example,Input graph with highlighted nodes and edges showing 1-hop and 2-hop neighborhoods for a target node.,mixed,1.000,"[450.0,192.5,725.0,302.5]"
DGL-G0131,receptive field,l04_p01_receptive_field_04.png,4,DGL_Lecture_4_Annotated.pdf,1,graph example,"Input graph with nodes and edges, illustrating the receptive field of a node in a given layer.",printed,1.000,"[412.5,231.0,522.5,341.0]"
DGL-G0132,node embedding computation graph,l04_p01_node_embedding_computation_graph_05.png,4,DGL_Lecture_4_Annotated.pdf,1,architecture,Computation graph showing node dependencies across layers with overlap indication.,mixed,1.000,"[560.0,330.0,725.0,467.5]"
DGL-G0132,hidden layer,l04_p01_node_embedding_computation_graph_05.png,4,DGL_Lecture_4_Annotated.pdf,1,architecture,Computation graph showing node dependencies across layers with overlap indication.,mixed,1.000,"[560.0,330.0,725.0,467.5]"
DGL-G0132,overlap,l04_p01_node_embedding_computation_graph_05.png,4,DGL_Lecture_4_Annotated.pdf,1,architecture,Computation graph showing node dependencies across layers with overlap indication.,mixed,1.000,"[560.0,330.0,725.0,467.5]"
DGL-G0133,graphsage,l04_p01_graphsage_06.png,4,DGL_Lecture_4_Annotated.pdf,1,table,Three-step GraphSAGE algorithm description with checkmarks and underlines.,printed,1.000,"[752.5,385.0,972.5,440.0]"
DGL-G0133,random neighborhood sampling,l04_p01_graphsage_06.png,4,DGL_Lecture_4_Annotated.pdf,1,table,Three-step GraphSAGE algorithm description with checkmarks and underlines.,printed,1.000,"[752.5,385.0,972.5,440.0]"
DGL-G0134,node embedding computation graph,l04_p01_node_embedding_computation_graph_07.png,4,DGL_Lecture_4_Annotated.pdf,1,table,Table showing node embedding computation graph with node indices and their corresponding embeddings.,printed,1.000,"[412.5,396.0,522.5,451.0]"
DGL-G0135,random neighborhood sampling,l04_p01_random_neighborhood_sampling_08.png,4,DGL_Lecture_4_Annotated.pdf,1,diagram,Node sampling process illustration with three graphs showing progressive neighborhood sampling.,mixed,1.000,"[752.5,412.5,972.5,522.5]"
DGL-G0135,graphsage,l04_p01_random_neighborhood_sampling_08.png,4,DGL_Lecture_4_Annotated.pdf,1,diagram,Node sampling process illustration with three graphs showing progressive neighborhood sampling.,mixed,1.000,"[752.5,412.5,972.5,522.5]"
DGL-G0136,stochastic gradient descent,l04_p01_stochastic_gradient_descent_09.png,4,DGL_Lecture_4_Annotated.pdf,1,diagram,"Comparison of three gradient descent methods: stochastic (single point), batch (full dataset), and mini-batch (subset). Each shows data points and update arrows.",printed,1.000,"[55.0,697.5,467.5,752.5]"
DGL-G0136,batch gradient descent,l04_p01_stochastic_gradient_descent_09.png,4,DGL_Lecture_4_Annotated.pdf,1,diagram,"Comparison of three gradient descent methods: stochastic (single point), batch (full dataset), and mini-batch (subset). Each shows data points and update arrows.",printed,1.000,"[55.0,697.5,467.5,752.5]"
DGL-G0136,mini-batch gradient descent,l04_p01_stochastic_gradient_descent_09.png,4,DGL_Lecture_4_Annotated.pdf,1,diagram,"Comparison of three gradient descent methods: stochastic (single point), batch (full dataset), and mini-batch (subset). Each shows data points and update arrows.",printed,1.000,"[55.0,697.5,467.5,752.5]"
DGL-G0137,stochastic gradient descent,l04_p01_stochastic_gradient_descent_10.png,4,DGL_Lecture_4_Annotated.pdf,1,table,"Text boxes comparing characteristics of the three training strategies: individual data points, full dataset usage, subset of dataset.",printed,1.000,"[55.0,752.5,467.5,862.5]"
DGL-G0137,batch gradient descent,l04_p01_stochastic_gradient_descent_10.png,4,DGL_Lecture_4_Annotated.pdf,1,table,"Text boxes comparing characteristics of the three training strategies: individual data points, full dataset usage, subset of dataset.",printed,1.000,"[55.0,752.5,467.5,862.5]"
DGL-G0137,mini-batch gradient descent,l04_p01_stochastic_gradient_descent_10.png,4,DGL_Lecture_4_Annotated.pdf,1,table,"Text boxes comparing characteristics of the three training strategies: individual data points, full dataset usage, subset of dataset.",printed,1.000,"[55.0,752.5,467.5,862.5]"
DGL-G0138,convergence,l04_p01_convergence_11.png,4,DGL_Lecture_4_Annotated.pdf,1,plot,"Contour plot comparing convergence paths of batch, mini-batch, and stochastic gradient descent.",printed,1.000,"[55.0,862.5,137.5,917.5]"
DGL-G0138,stability,l04_p01_convergence_11.png,4,DGL_Lecture_4_Annotated.pdf,1,plot,"Contour plot comparing convergence paths of batch, mini-batch, and stochastic gradient descent.",printed,1.000,"[55.0,862.5,137.5,917.5]"
DGL-G0138,noise in training,l04_p01_convergence_11.png,4,DGL_Lecture_4_Annotated.pdf,1,plot,"Contour plot comparing convergence paths of batch, mini-batch, and stochastic gradient descent.",printed,1.000,"[55.0,862.5,137.5,917.5]"
DGL-G0139,graph partitioning,l04_p01_graph_partitioning_12.png,4,DGL_Lecture_4_Annotated.pdf,1,graph example,"Illustration of graph partitioning, showing the original graph divided into clusters (batches) and then recombined.",printed,1.000,"[780.0,862.5,972.5,972.5]"
DGL-G0139,disjoint subsets,l04_p01_graph_partitioning_12.png,4,DGL_Lecture_4_Annotated.pdf,1,graph example,"Illustration of graph partitioning, showing the original graph divided into clusters (batches) and then recombined.",printed,1.000,"[780.0,862.5,972.5,972.5]"
DGL-G0140,graph neural network,l04_p02_graph_neural_network_01.png,4,DGL_Lecture_4_Annotated.pdf,2,diagram,"Circular diagram showing GNN layer operations including AGG, MSG passing, BN, Dropout, Non-linearity, and Prediction head",printed,1.000,"[27.5,55.0,412.5,467.5]"
DGL-G0140,message passing,l04_p02_graph_neural_network_01.png,4,DGL_Lecture_4_Annotated.pdf,2,diagram,"Circular diagram showing GNN layer operations including AGG, MSG passing, BN, Dropout, Non-linearity, and Prediction head",printed,1.000,"[27.5,55.0,412.5,467.5]"
DGL-G0140,linear aggregation,l04_p02_graph_neural_network_01.png,4,DGL_Lecture_4_Annotated.pdf,2,diagram,"Circular diagram showing GNN layer operations including AGG, MSG passing, BN, Dropout, Non-linearity, and Prediction head",printed,1.000,"[27.5,55.0,412.5,467.5]"
DGL-G0140,batch normalization,l04_p02_graph_neural_network_01.png,4,DGL_Lecture_4_Annotated.pdf,2,diagram,"Circular diagram showing GNN layer operations including AGG, MSG passing, BN, Dropout, Non-linearity, and Prediction head",printed,1.000,"[27.5,55.0,412.5,467.5]"
DGL-G0140,dropout,l04_p02_graph_neural_network_01.png,4,DGL_Lecture_4_Annotated.pdf,2,diagram,"Circular diagram showing GNN layer operations including AGG, MSG passing, BN, Dropout, Non-linearity, and Prediction head",printed,1.000,"[27.5,55.0,412.5,467.5]"
DGL-G0140,activation function,l04_p02_graph_neural_network_01.png,4,DGL_Lecture_4_Annotated.pdf,2,diagram,"Circular diagram showing GNN layer operations including AGG, MSG passing, BN, Dropout, Non-linearity, and Prediction head",printed,1.000,"[27.5,55.0,412.5,467.5]"
DGL-G0140,prediction head,l04_p02_graph_neural_network_01.png,4,DGL_Lecture_4_Annotated.pdf,2,diagram,"Circular diagram showing GNN layer operations including AGG, MSG passing, BN, Dropout, Non-linearity, and Prediction head",printed,1.000,"[27.5,55.0,412.5,467.5]"
DGL-G0141,covariate shift,l04_p02_covariate_shift_02.png,4,DGL_Lecture_4_Annotated.pdf,2,plot,Three plots showing covariate shift without BN and three corresponding loss curves over iterations,printed,1.000,"[741.5,137.5,917.5,302.5]"
DGL-G0141,batch normalization,l04_p02_covariate_shift_02.png,4,DGL_Lecture_4_Annotated.pdf,2,plot,Three plots showing covariate shift without BN and three corresponding loss curves over iterations,printed,1.000,"[741.5,137.5,917.5,302.5]"
DGL-G0142,graph convolutional network,l04_p02_graph_convolutional_network_03.png,4,DGL_Lecture_4_Annotated.pdf,2,diagram,Comparison of neighborhood expansion between traditional graph convolution and cluster approach across 4 layers,printed,1.000,"[505.0,291.5,697.5,385.0]"
DGL-G0142,graph clustering,l04_p02_graph_convolutional_network_03.png,4,DGL_Lecture_4_Annotated.pdf,2,diagram,Comparison of neighborhood expansion between traditional graph convolution and cluster approach across 4 layers,printed,1.000,"[505.0,291.5,697.5,385.0]"
DGL-G0142,subgraph sampling,l04_p02_graph_convolutional_network_03.png,4,DGL_Lecture_4_Annotated.pdf,2,diagram,Comparison of neighborhood expansion between traditional graph convolution and cluster approach across 4 layers,printed,1.000,"[505.0,291.5,697.5,385.0]"
DGL-G0143,node sampling,l04_p02_node_sampling_04.png,4,DGL_Lecture_4_Annotated.pdf,2,diagram,Illustration of node-wise neighbor sampling (GraphSAGE) showing black nodes in the upper layer and a red frame redundantly sampling a neighboring node twice.,mixed,1.000,"[385.0,670.0,467.5,780.0]"
DGL-G0143,graphsage,l04_p02_node_sampling_04.png,4,DGL_Lecture_4_Annotated.pdf,2,diagram,Illustration of node-wise neighbor sampling (GraphSAGE) showing black nodes in the upper layer and a red frame redundantly sampling a neighboring node twice.,mixed,1.000,"[385.0,670.0,467.5,780.0]"
DGL-G0143,redundancy,l04_p02_node_sampling_04.png,4,DGL_Lecture_4_Annotated.pdf,2,diagram,Illustration of node-wise neighbor sampling (GraphSAGE) showing black nodes in the upper layer and a red frame redundantly sampling a neighboring node twice.,mixed,1.000,"[385.0,670.0,467.5,780.0]"
DGL-G0144,layer sampling,l04_p02_layer_sampling_05.png,4,DGL_Lecture_4_Annotated.pdf,2,diagram,Illustration of layer-wise importance sampling (FastGCN) showing nodes sampled independently in each layer.,mixed,1.000,"[467.5,670.0,544.5,780.0]"
DGL-G0144,fastgcn,l04_p02_layer_sampling_05.png,4,DGL_Lecture_4_Annotated.pdf,2,diagram,Illustration of layer-wise importance sampling (FastGCN) showing nodes sampled independently in each layer.,mixed,1.000,"[467.5,670.0,544.5,780.0]"
DGL-G0145,ladies,l04_p02_ladies_06.png,4,DGL_Lecture_4_Annotated.pdf,2,diagram,Illustration of LADIES sampling process showing how nodes are selected from upper layer and their neighbors are considered in the current layer via a bipartite graph.,printed,1.000,"[505.0,807.5,670.0,917.5]"
DGL-G0145,bipartite graph,l04_p02_ladies_06.png,4,DGL_Lecture_4_Annotated.pdf,2,diagram,Illustration of LADIES sampling process showing how nodes are selected from upper layer and their neighbors are considered in the current layer via a bipartite graph.,printed,1.000,"[505.0,807.5,670.0,917.5]"
DGL-G0145,layer sampling,l04_p02_ladies_06.png,4,DGL_Lecture_4_Annotated.pdf,2,diagram,Illustration of LADIES sampling process showing how nodes are selected from upper layer and their neighbors are considered in the current layer via a bipartite graph.,printed,1.000,"[505.0,807.5,670.0,917.5]"
DGL-G0146,batch normalization,l04_p02_batch_normalization_07.png,4,DGL_Lecture_4_Annotated.pdf,2,plot,"Three scatter plots showing stable covariate shift with Batch Normalization, illustrating how BN stabilizes the distribution of activations across layers.",printed,1.000,"[758.0,879.0,945.0,972.5]"
DGL-G0146,covariate shift,l04_p02_batch_normalization_07.png,4,DGL_Lecture_4_Annotated.pdf,2,plot,"Three scatter plots showing stable covariate shift with Batch Normalization, illustrating how BN stabilizes the distribution of activations across layers.",printed,1.000,"[758.0,879.0,945.0,972.5]"
DGL-G0147,gnn expressiveness,l04_p03_gnn_expressiveness_01.png,4,DGL_Lecture_4_Annotated.pdf,3,graph example,A small diagram showing two different graph structures being mapped to different outputs (0.5 and 0.2) to illustrate GNN expressiveness.,mixed,0.900,"[450.0,0.0,1000.0,550.0]"
DGL-G0147,adjacency matrix,l04_p03_gnn_expressiveness_01.png,4,DGL_Lecture_4_Annotated.pdf,3,graph example,A small diagram showing two different graph structures being mapped to different outputs (0.5 and 0.2) to illustrate GNN expressiveness.,mixed,0.900,"[450.0,0.0,1000.0,550.0]"
DGL-G0148,graph neural network layer,l04_p03_graph_neural_network_layer_02.png,4,DGL_Lecture_4_Annotated.pdf,3,diagram,"Circular diagram showing GNN layer operations including AGG, Transform, MSG passing, BN, Dropout, Non-linearity, and Prediction head with connecting arrows and descriptions.",mixed,1.000,"[27.5,55.0,385.0,467.5]"
DGL-G0148,message passing,l04_p03_graph_neural_network_layer_02.png,4,DGL_Lecture_4_Annotated.pdf,3,diagram,"Circular diagram showing GNN layer operations including AGG, Transform, MSG passing, BN, Dropout, Non-linearity, and Prediction head with connecting arrows and descriptions.",mixed,1.000,"[27.5,55.0,385.0,467.5]"
DGL-G0148,graph-based aggregation,l04_p03_graph_neural_network_layer_02.png,4,DGL_Lecture_4_Annotated.pdf,3,diagram,"Circular diagram showing GNN layer operations including AGG, Transform, MSG passing, BN, Dropout, Non-linearity, and Prediction head with connecting arrows and descriptions.",mixed,1.000,"[27.5,55.0,385.0,467.5]"
DGL-G0148,batch normalization,l04_p03_graph_neural_network_layer_02.png,4,DGL_Lecture_4_Annotated.pdf,3,diagram,"Circular diagram showing GNN layer operations including AGG, Transform, MSG passing, BN, Dropout, Non-linearity, and Prediction head with connecting arrows and descriptions.",mixed,1.000,"[27.5,55.0,385.0,467.5]"
DGL-G0148,dropout,l04_p03_graph_neural_network_layer_02.png,4,DGL_Lecture_4_Annotated.pdf,3,diagram,"Circular diagram showing GNN layer operations including AGG, Transform, MSG passing, BN, Dropout, Non-linearity, and Prediction head with connecting arrows and descriptions.",mixed,1.000,"[27.5,55.0,385.0,467.5]"
DGL-G0148,activation function,l04_p03_graph_neural_network_layer_02.png,4,DGL_Lecture_4_Annotated.pdf,3,diagram,"Circular diagram showing GNN layer operations including AGG, Transform, MSG passing, BN, Dropout, Non-linearity, and Prediction head with connecting arrows and descriptions.",mixed,1.000,"[27.5,55.0,385.0,467.5]"
DGL-G0148,attention mechanism,l04_p03_graph_neural_network_layer_02.png,4,DGL_Lecture_4_Annotated.pdf,3,diagram,"Circular diagram showing GNN layer operations including AGG, Transform, MSG passing, BN, Dropout, Non-linearity, and Prediction head with connecting arrows and descriptions.",mixed,1.000,"[27.5,55.0,385.0,467.5]"
DGL-G0148,prediction head,l04_p03_graph_neural_network_layer_02.png,4,DGL_Lecture_4_Annotated.pdf,3,diagram,"Circular diagram showing GNN layer operations including AGG, Transform, MSG passing, BN, Dropout, Non-linearity, and Prediction head with connecting arrows and descriptions.",mixed,1.000,"[27.5,55.0,385.0,467.5]"
DGL-G0149,graph neural network layer,l04_p03_graph_neural_network_layer_03.png,4,DGL_Lecture_4_Annotated.pdf,3,architecture,"Vertical flowchart showing components of a GNN layer: Linear, BN, Dropout, Activation, Attention, Aggregation with transformation and aggregation phases labeled.",mixed,1.000,"[330.0,82.5,440.0,330.0]"
DGL-G0149,batch normalization,l04_p03_graph_neural_network_layer_03.png,4,DGL_Lecture_4_Annotated.pdf,3,architecture,"Vertical flowchart showing components of a GNN layer: Linear, BN, Dropout, Activation, Attention, Aggregation with transformation and aggregation phases labeled.",mixed,1.000,"[330.0,82.5,440.0,330.0]"
DGL-G0149,dropout,l04_p03_graph_neural_network_layer_03.png,4,DGL_Lecture_4_Annotated.pdf,3,architecture,"Vertical flowchart showing components of a GNN layer: Linear, BN, Dropout, Activation, Attention, Aggregation with transformation and aggregation phases labeled.",mixed,1.000,"[330.0,82.5,440.0,330.0]"
DGL-G0149,activation function,l04_p03_graph_neural_network_layer_03.png,4,DGL_Lecture_4_Annotated.pdf,3,architecture,"Vertical flowchart showing components of a GNN layer: Linear, BN, Dropout, Activation, Attention, Aggregation with transformation and aggregation phases labeled.",mixed,1.000,"[330.0,82.5,440.0,330.0]"
DGL-G0149,attention mechanism,l04_p03_graph_neural_network_layer_03.png,4,DGL_Lecture_4_Annotated.pdf,3,architecture,"Vertical flowchart showing components of a GNN layer: Linear, BN, Dropout, Activation, Attention, Aggregation with transformation and aggregation phases labeled.",mixed,1.000,"[330.0,82.5,440.0,330.0]"
DGL-G0149,graph-based aggregation,l04_p03_graph_neural_network_layer_03.png,4,DGL_Lecture_4_Annotated.pdf,3,architecture,"Vertical flowchart showing components of a GNN layer: Linear, BN, Dropout, Activation, Attention, Aggregation with transformation and aggregation phases labeled.",mixed,1.000,"[330.0,82.5,440.0,330.0]"
DGL-G0150,dropout,l04_p03_dropout_04.png,4,DGL_Lecture_4_Annotated.pdf,3,table,"Text box explaining Conventional Dropout with aim, training behavior, and testing behavior.",printed,1.000,"[330.0,412.5,522.5,495.0]"
DGL-G0150,regularization,l04_p03_dropout_04.png,4,DGL_Lecture_4_Annotated.pdf,3,table,"Text box explaining Conventional Dropout with aim, training behavior, and testing behavior.",printed,1.000,"[330.0,412.5,522.5,495.0]"
DGL-G0151,dropout,l04_p03_dropout_05.png,4,DGL_Lecture_4_Annotated.pdf,3,diagram,"Illustration of 4 possible dropout configurations around a node u, showing different dropout scenarios.",printed,1.000,"[330.0,780.0,550.0,890.0]"
DGL-G0151,node embedding computation graph,l04_p03_dropout_05.png,4,DGL_Lecture_4_Annotated.pdf,3,diagram,"Illustration of 4 possible dropout configurations around a node u, showing different dropout scenarios.",printed,1.000,"[330.0,780.0,550.0,890.0]"
DGL-G0152,inductive learning,l04_p04_inductive_learning_01.png,4,DGL_Lecture_4_Annotated.pdf,4,diagram,Comparison of inductive and transductive settings with training and test graphs,printed,1.000,"[27.5,55.0,357.5,275.0]"
DGL-G0152,transductive learning,l04_p04_inductive_learning_01.png,4,DGL_Lecture_4_Annotated.pdf,4,diagram,Comparison of inductive and transductive settings with training and test graphs,printed,1.000,"[27.5,55.0,357.5,275.0]"
DGL-G0152,node classification,l04_p04_inductive_learning_01.png,4,DGL_Lecture_4_Annotated.pdf,4,diagram,Comparison of inductive and transductive settings with training and test graphs,printed,1.000,"[27.5,55.0,357.5,275.0]"
DGL-G0153,graph classification,l04_p04_graph_classification_02.png,4,DGL_Lecture_4_Annotated.pdf,4,diagram,"Pipeline for graph classification: a graph with numbered nodes (1-6) and associated feature vectors are processed into a matrix, combined, and classified into Class 1, 2, or 3.",printed,1.000,"[477.5,99.0,670.0,192.5]"
DGL-G0154,graph neural network,l04_p04_graph_neural_network_03.png,4,DGL_Lecture_4_Annotated.pdf,4,diagram,Graph neural network architecture for graph classification,printed,1.000,"[385.0,110.0,522.5,220.0]"
DGL-G0154,graph classification,l04_p04_graph_neural_network_03.png,4,DGL_Lecture_4_Annotated.pdf,4,diagram,Graph neural network architecture for graph classification,printed,1.000,"[385.0,110.0,522.5,220.0]"
DGL-G0155,graph classification,l04_p04_graph_classification_04.png,4,DGL_Lecture_4_Annotated.pdf,4,graph example,"A small undirected graph with 6 nodes labeled 1 through 6, used to illustrate the input for graph classification.",printed,1.000,"[494.0,110.0,587.5,181.5]"
DGL-G0156,global pooling,l04_p04_global_pooling_05.png,4,DGL_Lecture_4_Annotated.pdf,4,matrix,"Matrix visualization of the pooling operation: 'learned weights' ($\omega_K$) multiplied by 'embeddings' matrix (columns represent nodes), multiplied by a '""1"" vector', scaled by $1/N$.",mixed,0.950,"[450.0,302.5,670.0,440.0]"
DGL-G0156,node embedding,l04_p04_global_pooling_05.png,4,DGL_Lecture_4_Annotated.pdf,4,matrix,"Matrix visualization of the pooling operation: 'learned weights' ($\omega_K$) multiplied by 'embeddings' matrix (columns represent nodes), multiplied by a '""1"" vector', scaled by $1/N$.",mixed,0.950,"[450.0,302.5,670.0,440.0]"
DGL-G0156,learned weights,l04_p04_global_pooling_05.png,4,DGL_Lecture_4_Annotated.pdf,4,matrix,"Matrix visualization of the pooling operation: 'learned weights' ($\omega_K$) multiplied by 'embeddings' matrix (columns represent nodes), multiplied by a '""1"" vector', scaled by $1/N$.",mixed,0.950,"[450.0,302.5,670.0,440.0]"
DGL-G0157,inductive learning,l04_p04_inductive_learning_06.png,4,DGL_Lecture_4_Annotated.pdf,4,table,Comparison table of inductive and transductive learning characteristics,printed,1.000,"[27.5,385.0,357.5,522.5]"
DGL-G0157,transductive learning,l04_p04_inductive_learning_06.png,4,DGL_Lecture_4_Annotated.pdf,4,table,Comparison table of inductive and transductive learning characteristics,printed,1.000,"[27.5,385.0,357.5,522.5]"
DGL-G0158,transductive learning,l04_p04_transductive_learning_07.png,4,DGL_Lecture_4_Annotated.pdf,4,table,"A comparison table listing properties of two learning paradigms. Left column (inductive) mentions learning a rule, not accessing test features during training, and testing on unseen nodes. Right column (transductive) mentions labeling unknown outputs, considering labeled and unlabeled data jointly, high memory cost, and retraining when new data is added.",mixed,1.000,"[0.0,450.0,275.0,780.0]"
DGL-G0158,inductive learning,l04_p04_transductive_learning_07.png,4,DGL_Lecture_4_Annotated.pdf,4,table,"A comparison table listing properties of two learning paradigms. Left column (inductive) mentions learning a rule, not accessing test features during training, and testing on unseen nodes. Right column (transductive) mentions labeling unknown outputs, considering labeled and unlabeled data jointly, high memory cost, and retraining when new data is added.",mixed,1.000,"[0.0,450.0,275.0,780.0]"
DGL-G0159,graph classification,l04_p04_graph_classification_08.png,4,DGL_Lecture_4_Annotated.pdf,4,diagram,"A schematic for graph classification showing a graph with node embeddings, a 'Combine' step resulting in a graph-level representation, and a 'Classify' step outputting class probabilities.",printed,1.000,"[494.0,521.5,697.5,642.5]"
DGL-G0159,graph neural network,l04_p04_graph_classification_08.png,4,DGL_Lecture_4_Annotated.pdf,4,diagram,"A schematic for graph classification showing a graph with node embeddings, a 'Combine' step resulting in a graph-level representation, and a 'Classify' step outputting class probabilities.",printed,1.000,"[494.0,521.5,697.5,642.5]"
DGL-G0159,node embedding,l04_p04_graph_classification_08.png,4,DGL_Lecture_4_Annotated.pdf,4,diagram,"A schematic for graph classification showing a graph with node embeddings, a 'Combine' step resulting in a graph-level representation, and a 'Classify' step outputting class probabilities.",printed,1.000,"[494.0,521.5,697.5,642.5]"
DGL-G0160,transductive learning,l04_p04_transductive_learning_09.png,4,DGL_Lecture_4_Annotated.pdf,4,diagram,"Comparison of transductive vs inductive learning on a graph. Left side shows 'evaluate over test' and 'optimize over train' on a single graph structure (transductive). Right side shows 'Graph classification' with question marks on test nodes, implying separate graphs or unseen structures (inductive).",mixed,1.000,"[302.5,532.5,522.5,697.5]"
DGL-G0160,inductive learning,l04_p04_transductive_learning_09.png,4,DGL_Lecture_4_Annotated.pdf,4,diagram,"Comparison of transductive vs inductive learning on a graph. Left side shows 'evaluate over test' and 'optimize over train' on a single graph structure (transductive). Right side shows 'Graph classification' with question marks on test nodes, implying separate graphs or unseen structures (inductive).",mixed,1.000,"[302.5,532.5,522.5,697.5]"
DGL-G0160,graph neural network,l04_p04_transductive_learning_09.png,4,DGL_Lecture_4_Annotated.pdf,4,diagram,"Comparison of transductive vs inductive learning on a graph. Left side shows 'evaluate over test' and 'optimize over train' on a single graph structure (transductive). Right side shows 'Graph classification' with question marks on test nodes, implying separate graphs or unseen structures (inductive).",mixed,1.000,"[302.5,532.5,522.5,697.5]"
DGL-G0161,learned weights,l04_p04_learned_weights_10.png,4,DGL_Lecture_4_Annotated.pdf,4,matrix,"A visual breakdown of the matrix operation in the classification formula, showing the multiplication of learned weights ($\omega_K$) with a matrix of node embeddings.",mixed,0.950,"[455.5,752.5,697.5,862.5]"
DGL-G0161,node embedding,l04_p04_learned_weights_10.png,4,DGL_Lecture_4_Annotated.pdf,4,matrix,"A visual breakdown of the matrix operation in the classification formula, showing the multiplication of learned weights ($\omega_K$) with a matrix of node embeddings.",mixed,0.950,"[455.5,752.5,697.5,862.5]"
DGL-G0161,batching,l04_p04_learned_weights_10.png,4,DGL_Lecture_4_Annotated.pdf,4,matrix,"A visual breakdown of the matrix operation in the classification formula, showing the multiplication of learned weights ($\omega_K$) with a matrix of node embeddings.",mixed,0.950,"[455.5,752.5,697.5,862.5]"
DGL-G0162,permutation matrix,l05_p01_permutation_matrix_01.png,5,DGL_Lecture_5_Annotated.pdf,1,matrix,A grid representing a permutation matrix with one entry highlighted.,printed,1.000,"[604.0,60.5,681.0,121.0]"
DGL-G0163,transformation invariance,l05_p01_transformation_invariance_02.png,5,DGL_Lecture_5_Annotated.pdf,1,diagram,Illustration of transformation invariance in image classification: input image of a tree transformed (t[x]) yields same classification output f(x)='yes'.,mixed,1.000,"[27.5,137.5,247.5,275.0]"
DGL-G0164,node permutation invariance,l05_p01_node_permutation_invariance_03.png,5,DGL_Lecture_5_Annotated.pdf,1,diagram,Diagram showing node permutation invariance in GNNs: a testing graph with two different node orderings (represented by adjacency matrices Ai and A'i and feature matrices Xi and X'i) produces the same output embedding via the GNN.,mixed,1.000,"[275.0,137.5,495.0,357.5]"
DGL-G0164,graph neural network,l05_p01_node_permutation_invariance_03.png,5,DGL_Lecture_5_Annotated.pdf,1,diagram,Diagram showing node permutation invariance in GNNs: a testing graph with two different node orderings (represented by adjacency matrices Ai and A'i and feature matrices Xi and X'i) produces the same output embedding via the GNN.,mixed,1.000,"[275.0,137.5,495.0,357.5]"
DGL-G0164,adjacency matrix,l05_p01_node_permutation_invariance_03.png,5,DGL_Lecture_5_Annotated.pdf,1,diagram,Diagram showing node permutation invariance in GNNs: a testing graph with two different node orderings (represented by adjacency matrices Ai and A'i and feature matrices Xi and X'i) produces the same output embedding via the GNN.,mixed,1.000,"[275.0,137.5,495.0,357.5]"
DGL-G0164,feature matrix,l05_p01_node_permutation_invariance_03.png,5,DGL_Lecture_5_Annotated.pdf,1,diagram,Diagram showing node permutation invariance in GNNs: a testing graph with two different node orderings (represented by adjacency matrices Ai and A'i and feature matrices Xi and X'i) produces the same output embedding via the GNN.,mixed,1.000,"[275.0,137.5,495.0,357.5]"
DGL-G0165,computation graph,l05_p01_computation_graph_04.png,5,DGL_Lecture_5_Annotated.pdf,1,graph example,A small graph labeled 'testing graph' with colored nodes.,printed,1.000,"[532.5,264.0,604.0,319.0]"
DGL-G0165,node permutation equivariance,l05_p01_computation_graph_04.png,5,DGL_Lecture_5_Annotated.pdf,1,graph example,A small graph labeled 'testing graph' with colored nodes.,printed,1.000,"[532.5,264.0,604.0,319.0]"
DGL-G0166,computation graph,l05_p01_computation_graph_05.png,5,DGL_Lecture_5_Annotated.pdf,1,diagram,"A tree-like structure showing the computational graph for a node using 2 layers, with colored nodes and edges.",printed,1.000,"[615.0,264.0,752.5,341.0]"
DGL-G0166,node permutation equivariance,l05_p01_computation_graph_05.png,5,DGL_Lecture_5_Annotated.pdf,1,diagram,"A tree-like structure showing the computational graph for a node using 2 layers, with colored nodes and edges.",printed,1.000,"[615.0,264.0,752.5,341.0]"
DGL-G0167,computation graph,l05_p01_computation_graph_06.png,5,DGL_Lecture_5_Annotated.pdf,1,diagram,A simplified computational graph for a single node.,printed,1.000,"[769.0,264.0,807.5,341.0]"
DGL-G0168,graph classification,l05_p01_graph_classification_07.png,5,DGL_Lecture_5_Annotated.pdf,1,graph example,Visual representation of a graph classification dataset D containing multiple graphs (G1 to Gn) with corresponding labels (y1 to yn).,mixed,1.000,"[27.5,440.0,220.0,522.5]"
DGL-G0169,transformation equivariance,l05_p01_transformation_equivariance_08.png,5,DGL_Lecture_5_Annotated.pdf,1,diagram,"A diagram illustrating transformation equivariance in Euclidean deep learning, showing input x, transformation t, function f, and output f(x).",mixed,1.000,"[505.0,451.0,752.5,522.5]"
DGL-G0170,node permutation invariance,l05_p01_node_permutation_invariance_09.png,5,DGL_Lecture_5_Annotated.pdf,1,graph example,"Two graphs with different node orderings but the same structure, illustrating permutation invariance.",mixed,1.000,"[27.5,477.5,192.5,560.0]"
DGL-G0170,node ordering,l05_p01_node_permutation_invariance_09.png,5,DGL_Lecture_5_Annotated.pdf,1,graph example,"Two graphs with different node orderings but the same structure, illustrating permutation invariance.",mixed,1.000,"[27.5,477.5,192.5,560.0]"
DGL-G0171,graph neural network,l05_p01_graph_neural_network_10.png,5,DGL_Lecture_5_Annotated.pdf,1,architecture,Diagram showing a GNN taking an adjacency matrix A_i and feature matrix X_i as input to produce a predicted output ŷ_i.,mixed,1.000,"[27.5,587.5,220.0,752.5]"
DGL-G0171,graph classification,l05_p01_graph_neural_network_10.png,5,DGL_Lecture_5_Annotated.pdf,1,architecture,Diagram showing a GNN taking an adjacency matrix A_i and feature matrix X_i as input to produce a predicted output ŷ_i.,mixed,1.000,"[27.5,587.5,220.0,752.5]"
DGL-G0172,graph neural network layer,l05_p01_graph_neural_network_layer_11.png,5,DGL_Lecture_5_Annotated.pdf,1,matrix,Matrix representation of GNN layer computation with vertical concatenation notation,printed,1.000,"[741.5,642.5,972.5,697.5]"
DGL-G0173,node ordering,l05_p01_node_ordering_12.png,5,DGL_Lecture_5_Annotated.pdf,1,graph example,"A graph and its permuted version, showing how node indices change but the graph structure remains the same.",mixed,1.000,"[247.5,807.5,467.5,862.5]"
DGL-G0173,adjacency matrix,l05_p01_node_ordering_12.png,5,DGL_Lecture_5_Annotated.pdf,1,graph example,"A graph and its permuted version, showing how node indices change but the graph structure remains the same.",mixed,1.000,"[247.5,807.5,467.5,862.5]"
DGL-G0174,permutation matrix,l05_p01_permutation_matrix_13.png,5,DGL_Lecture_5_Annotated.pdf,1,matrix,Matrix multiplication showing how a permutation matrix P transforms an adjacency matrix A into A'.,mixed,1.000,"[247.5,851.5,467.5,945.0]"
DGL-G0174,adjacency matrix,l05_p01_permutation_matrix_13.png,5,DGL_Lecture_5_Annotated.pdf,1,matrix,Matrix multiplication showing how a permutation matrix P transforms an adjacency matrix A into A'.,mixed,1.000,"[247.5,851.5,467.5,945.0]"
DGL-G0175,adjacency matrix,l05_p01_adjacency_matrix_14.png,5,DGL_Lecture_5_Annotated.pdf,1,graph example,Two adjacency matrices representing the same graph with different node orderings.,mixed,1.000,"[27.5,890.0,220.0,972.5]"
DGL-G0175,node ordering,l05_p01_adjacency_matrix_14.png,5,DGL_Lecture_5_Annotated.pdf,1,graph example,Two adjacency matrices representing the same graph with different node orderings.,mixed,1.000,"[27.5,890.0,220.0,972.5]"
DGL-G0176,k-hop similarity,l05_p02_k_hop_similarity_01.png,5,DGL_Lecture_5_Annotated.pdf,2,graph example,Four graph structures (a-d) showing node local structure similarity with highlighted nodes and degree calculations,mixed,1.000,"[5.5,55.0,467.5,302.5]"
DGL-G0176,symmetric neighborhood,l05_p02_k_hop_similarity_01.png,5,DGL_Lecture_5_Annotated.pdf,2,graph example,Four graph structures (a-d) showing node local structure similarity with highlighted nodes and degree calculations,mixed,1.000,"[5.5,55.0,467.5,302.5]"
DGL-G0177,dropgnn,l05_p02_dropgnn_02.png,5,DGL_Lecture_5_Annotated.pdf,2,diagram,"DropGNN dropout mechanism showing original graph, 1-dropouts, and resulting computational graph",mixed,1.000,"[642.5,165.0,972.5,247.5]"
DGL-G0177,node computational graph,l05_p02_dropgnn_02.png,5,DGL_Lecture_5_Annotated.pdf,2,diagram,"DropGNN dropout mechanism showing original graph, 1-dropouts, and resulting computational graph",mixed,1.000,"[642.5,165.0,972.5,247.5]"
DGL-G0178,gin,l05_p02_gin_03.png,5,DGL_Lecture_5_Annotated.pdf,2,diagram,"GIN aggregation failure examples: (a) Mean and Max both fail, (b) Max fails, (c) Mean and Max both fail",mixed,1.000,"[587.5,286.0,972.5,396.0]"
DGL-G0178,mean aggregator,l05_p02_gin_03.png,5,DGL_Lecture_5_Annotated.pdf,2,diagram,"GIN aggregation failure examples: (a) Mean and Max both fail, (b) Max fails, (c) Mean and Max both fail",mixed,1.000,"[587.5,286.0,972.5,396.0]"
DGL-G0178,max aggregator,l05_p02_gin_03.png,5,DGL_Lecture_5_Annotated.pdf,2,diagram,"GIN aggregation failure examples: (a) Mean and Max both fail, (b) Max fails, (c) Mean and Max both fail",mixed,1.000,"[587.5,286.0,972.5,396.0]"
DGL-G0179,mean aggregator,l05_p02_mean_aggregator_04.png,5,DGL_Lecture_5_Annotated.pdf,2,table,Figure 3 caption explaining graph structures that mean and max aggregators fail to distinguish,printed,1.000,"[642.5,401.5,972.5,429.0]"
DGL-G0179,max aggregator,l05_p02_mean_aggregator_04.png,5,DGL_Lecture_5_Annotated.pdf,2,table,Figure 3 caption explaining graph structures that mean and max aggregators fail to distinguish,printed,1.000,"[642.5,401.5,972.5,429.0]"
DGL-G0180,expressive power of gnn,l05_p02_expressive_power_of_gnn_05.png,5,DGL_Lecture_5_Annotated.pdf,2,diagram,Two scenarios showing same structure with different original embeddings and their impact on GNN expressiveness,mixed,1.000,"[5.5,412.5,330.0,484.0]"
DGL-G0180,node representation capacity,l05_p02_expressive_power_of_gnn_05.png,5,DGL_Lecture_5_Annotated.pdf,2,diagram,Two scenarios showing same structure with different original embeddings and their impact on GNN expressiveness,mixed,1.000,"[5.5,412.5,330.0,484.0]"
DGL-G0181,node computational graph,l05_p02_node_computational_graph_06.png,5,DGL_Lecture_5_Annotated.pdf,2,graph example,Small hand-drawn tree structure labeled 'computational graph' illustrating the unfolding of neighbors,handwritten,1.000,"[11.0,626.0,82.5,697.5]"
DGL-G0181,rooted subtree,l05_p02_node_computational_graph_06.png,5,DGL_Lecture_5_Annotated.pdf,2,graph example,Small hand-drawn tree structure labeled 'computational graph' illustrating the unfolding of neighbors,handwritten,1.000,"[11.0,626.0,82.5,697.5]"
DGL-G0182,weisfeiler-lehman graph isomorphism test,l05_p02_weisfeiler_lehman_graph_isomorphism_test_07.png,5,DGL_Lecture_5_Annotated.pdf,2,graph example,"Two graphs being compared for isomorphism through WL color refinement, showing initial coloring and iterative refinement steps",mixed,1.000,"[560.0,626.0,780.0,752.5]"
DGL-G0182,graph isomorphism problem,l05_p02_weisfeiler_lehman_graph_isomorphism_test_07.png,5,DGL_Lecture_5_Annotated.pdf,2,graph example,"Two graphs being compared for isomorphism through WL color refinement, showing initial coloring and iterative refinement steps",mixed,1.000,"[560.0,626.0,780.0,752.5]"
DGL-G0183,injective aggregation,l05_p02_injective_aggregation_08.png,5,DGL_Lecture_5_Annotated.pdf,2,architecture,Schematic of the GNN update rule showing the combination of self-loop features and aggregated neighbor features,mixed,0.950,"[192.5,659.0,467.5,714.0]"
DGL-G0183,gin,l05_p02_injective_aggregation_08.png,5,DGL_Lecture_5_Annotated.pdf,2,architecture,Schematic of the GNN update rule showing the combination of self-loop features and aggregated neighbor features,mixed,0.950,"[192.5,659.0,467.5,714.0]"
DGL-G0184,receptive field,l05_p02_receptive_field_09.png,5,DGL_Lecture_5_Annotated.pdf,2,graph example,Graph evolution through K steps of color refinement showing depth progression,mixed,0.900,"[560.0,752.5,780.0,917.5]"
DGL-G0184,weisfeiler-lehman graph isomorphism test,l05_p02_receptive_field_09.png,5,DGL_Lecture_5_Annotated.pdf,2,graph example,Graph evolution through K steps of color refinement showing depth progression,mixed,0.900,"[560.0,752.5,780.0,917.5]"
DGL-G0185,injective hash function,l05_p02_injective_hash_function_10.png,5,DGL_Lecture_5_Annotated.pdf,2,table,HASH table showing injective mapping from color tuples to new colors,mixed,1.000,"[807.5,780.0,917.5,862.5]"
DGL-G0185,wl color refinement algorithm,l05_p02_injective_hash_function_10.png,5,DGL_Lecture_5_Annotated.pdf,2,table,HASH table showing injective mapping from color tuples to new colors,mixed,1.000,"[807.5,780.0,917.5,862.5]"
DGL-G0186,rooted subtree,l05_p02_rooted_subtree_11.png,5,DGL_Lecture_5_Annotated.pdf,2,diagram,"Visual comparison showing an input graph being unfolded into a set of rooted subtrees (k=1, k=2) to demonstrate how identical node features lead to identical embeddings if the subtree structures are the same",mixed,1.000,"[5.5,807.5,440.0,945.0]"
DGL-G0186,expressive power of gnn,l05_p02_rooted_subtree_11.png,5,DGL_Lecture_5_Annotated.pdf,2,diagram,"Visual comparison showing an input graph being unfolded into a set of rooted subtrees (k=1, k=2) to demonstrate how identical node features lead to identical embeddings if the subtree structures are the same",mixed,1.000,"[5.5,807.5,440.0,945.0]"
DGL-G0187,weisfeiler-lehman graph isomorphism test,l05_p03_weisfeiler_lehman_graph_isomorphism_test_01.png,5,DGL_Lecture_5_Annotated.pdf,3,graph example,Two small graphs with node features used to illustrate distinguishability by the WL test and GNNs.,mixed,0.900,"[400.0,300.0,550.0,450.0]"
DGL-G0187,gin,l05_p03_weisfeiler_lehman_graph_isomorphism_test_01.png,5,DGL_Lecture_5_Annotated.pdf,3,graph example,Two small graphs with node features used to illustrate distinguishability by the WL test and GNNs.,mixed,0.900,"[400.0,300.0,550.0,450.0]"
DGL-G0188,aggregation function,l05_p03_aggregation_function_02.png,5,DGL_Lecture_5_Annotated.pdf,3,diagram,"Figure 2: Ranking by expressive power for sum, mean, and max aggregators over a multiset, illustrating how different aggregators capture distribution information.",printed,1.000,"[100.0,400.0,400.0,600.0]"
DGL-G0188,multiset,l05_p03_aggregation_function_02.png,5,DGL_Lecture_5_Annotated.pdf,3,diagram,"Figure 2: Ranking by expressive power for sum, mean, and max aggregators over a multiset, illustrating how different aggregators capture distribution information.",printed,1.000,"[100.0,400.0,400.0,600.0]"
DGL-G0188,gnn expressiveness,l05_p03_aggregation_function_02.png,5,DGL_Lecture_5_Annotated.pdf,3,diagram,"Figure 2: Ranking by expressive power for sum, mean, and max aggregators over a multiset, illustrating how different aggregators capture distribution information.",printed,1.000,"[100.0,400.0,400.0,600.0]"
DGL-G0189,graph pooling,l05_p03_graph_pooling_03.png,5,DGL_Lecture_5_Annotated.pdf,3,diagram,"Hand-drawn schematic illustrating hierarchical graph pooling with parent nodes branching to child nodes, aggregated via MAX and MEAN operations.",handwritten,0.950,"[450.0,450.0,550.0,600.0]"
DGL-G0189,aggregation function,l05_p03_graph_pooling_03.png,5,DGL_Lecture_5_Annotated.pdf,3,diagram,"Hand-drawn schematic illustrating hierarchical graph pooling with parent nodes branching to child nodes, aggregated via MAX and MEAN operations.",handwritten,0.950,"[450.0,450.0,550.0,600.0]"
DGL-G0190,gin,l05_p03_gin_04.png,5,DGL_Lecture_5_Annotated.pdf,3,architecture,"An expressive GNN block architecture diagram showing Pre-layers (MLPs), GNN layers, and Post-layers (MLPs) for node and graph classification tasks.",mixed,1.000,"[10.0,800.0,450.0,900.0]"
DGL-G0190,nonlinear network,l05_p03_gin_04.png,5,DGL_Lecture_5_Annotated.pdf,3,architecture,"An expressive GNN block architecture diagram showing Pre-layers (MLPs), GNN layers, and Post-layers (MLPs) for node and graph classification tasks.",mixed,1.000,"[10.0,800.0,450.0,900.0]"
DGL-G0190,node classification,l05_p03_gin_04.png,5,DGL_Lecture_5_Annotated.pdf,3,architecture,"An expressive GNN block architecture diagram showing Pre-layers (MLPs), GNN layers, and Post-layers (MLPs) for node and graph classification tasks.",mixed,1.000,"[10.0,800.0,450.0,900.0]"
DGL-G0190,graph classification,l05_p03_gin_04.png,5,DGL_Lecture_5_Annotated.pdf,3,architecture,"An expressive GNN block architecture diagram showing Pre-layers (MLPs), GNN layers, and Post-layers (MLPs) for node and graph classification tasks.",mixed,1.000,"[10.0,800.0,450.0,900.0]"
DGL-G0191,generative learning tasks,l06_p01_generative_learning_tasks_01.png,6,DGL_Lecture_6_Annotated.pdf,1,diagram,Diagram showing source graph to target graph transformation with GNN mapping function for adjacency matrix generation,mixed,0.950,"[505.0,82.5,725.0,165.0]"
DGL-G0191,adjacency matrix generation,l06_p01_generative_learning_tasks_01.png,6,DGL_Lecture_6_Annotated.pdf,1,diagram,Diagram showing source graph to target graph transformation with GNN mapping function for adjacency matrix generation,mixed,0.950,"[505.0,82.5,725.0,165.0]"
DGL-G0191,gnn mapping function,l06_p01_generative_learning_tasks_01.png,6,DGL_Lecture_6_Annotated.pdf,1,diagram,Diagram showing source graph to target graph transformation with GNN mapping function for adjacency matrix generation,mixed,0.950,"[505.0,82.5,725.0,165.0]"
DGL-G0192,predict and analyze patterns,l06_p01_predict_and_analyze_patterns_02.png,6,DGL_Lecture_6_Annotated.pdf,1,diagram,Diagram showing input graph to output label transformation using GNN,mixed,1.000,"[27.5,165.0,192.5,247.5]"
DGL-G0192,input graph,l06_p01_predict_and_analyze_patterns_02.png,6,DGL_Lecture_6_Annotated.pdf,1,diagram,Diagram showing input graph to output label transformation using GNN,mixed,1.000,"[27.5,165.0,192.5,247.5]"
DGL-G0192,output label,l06_p01_predict_and_analyze_patterns_02.png,6,DGL_Lecture_6_Annotated.pdf,1,diagram,Diagram showing input graph to output label transformation using GNN,mixed,1.000,"[27.5,165.0,192.5,247.5]"
DGL-G0193,learn the distribution of given graphs,l06_p01_learn_the_distribution_of_given_graphs_03.png,6,DGL_Lecture_6_Annotated.pdf,1,diagram,Diagram showing source graph to target graph transformation using generative function,mixed,1.000,"[247.5,165.0,412.5,302.5]"
DGL-G0193,source graph distribution,l06_p01_learn_the_distribution_of_given_graphs_03.png,6,DGL_Lecture_6_Annotated.pdf,1,diagram,Diagram showing source graph to target graph transformation using generative function,mixed,1.000,"[247.5,165.0,412.5,302.5]"
DGL-G0193,target graph distribution,l06_p01_learn_the_distribution_of_given_graphs_03.png,6,DGL_Lecture_6_Annotated.pdf,1,diagram,Diagram showing source graph to target graph transformation using generative function,mixed,1.000,"[247.5,165.0,412.5,302.5]"
DGL-G0194,loss minimization,l06_p01_loss_minimization_04.png,6,DGL_Lecture_6_Annotated.pdf,1,plot,Loss curve showing optimization over epochs,mixed,0.950,"[835.0,165.0,945.0,247.5]"
DGL-G0194,epoch,l06_p01_loss_minimization_04.png,6,DGL_Lecture_6_Annotated.pdf,1,plot,Loss curve showing optimization over epochs,mixed,0.950,"[835.0,165.0,945.0,247.5]"
DGL-G0195,generative learning tasks,l06_p01_generative_learning_tasks_05.png,6,DGL_Lecture_6_Annotated.pdf,1,diagram,Diagram showing source graph to target graph transformation with GNN mapping function for adjacency matrix and node feature generation,mixed,0.950,"[505.0,302.5,725.0,385.0]"
DGL-G0195,node feature generation,l06_p01_generative_learning_tasks_05.png,6,DGL_Lecture_6_Annotated.pdf,1,diagram,Diagram showing source graph to target graph transformation with GNN mapping function for adjacency matrix and node feature generation,mixed,0.950,"[505.0,302.5,725.0,385.0]"
DGL-G0195,gnn mapping function,l06_p01_generative_learning_tasks_05.png,6,DGL_Lecture_6_Annotated.pdf,1,diagram,Diagram showing source graph to target graph transformation with GNN mapping function for adjacency matrix and node feature generation,mixed,0.950,"[505.0,302.5,725.0,385.0]"
DGL-G0196,sparsity regularization,l06_p01_sparsity_regularization_06.png,6,DGL_Lecture_6_Annotated.pdf,1,diagram,Diagram showing graph transformation with sparsity constraint,mixed,0.900,"[780.0,302.5,945.0,385.0]"
DGL-G0196,generative learning tasks,l06_p01_sparsity_regularization_06.png,6,DGL_Lecture_6_Annotated.pdf,1,diagram,Diagram showing graph transformation with sparsity constraint,mixed,0.900,"[780.0,302.5,945.0,385.0]"
DGL-G0197,supervised generative gnn tasks,l06_p01_supervised_generative_gnn_tasks_07.png,6,DGL_Lecture_6_Annotated.pdf,1,graph example,Example of input graph in domain A and output graph in domain B,mixed,1.000,"[27.5,385.0,467.5,522.5]"
DGL-G0197,domain a,l06_p01_supervised_generative_gnn_tasks_07.png,6,DGL_Lecture_6_Annotated.pdf,1,graph example,Example of input graph in domain A and output graph in domain B,mixed,1.000,"[27.5,385.0,467.5,522.5]"
DGL-G0197,domain b,l06_p01_supervised_generative_gnn_tasks_07.png,6,DGL_Lecture_6_Annotated.pdf,1,graph example,Example of input graph in domain A and output graph in domain B,mixed,1.000,"[27.5,385.0,467.5,522.5]"
DGL-G0198,domain a,l06_p01_domain_a_08.png,6,DGL_Lecture_6_Annotated.pdf,1,diagram,"Diagram showing input domain with graph, adjacency matrix A, node feature matrix X, and edge feature matrix E being transformed by function f to output domain with A', X', E'.",mixed,1.000,"[0.0,450.0,550.0,780.0]"
DGL-G0198,target domain,l06_p01_domain_a_08.png,6,DGL_Lecture_6_Annotated.pdf,1,diagram,"Diagram showing input domain with graph, adjacency matrix A, node feature matrix X, and edge feature matrix E being transformed by function f to output domain with A', X', E'.",mixed,1.000,"[0.0,450.0,550.0,780.0]"
DGL-G0198,adjacency matrix,l06_p01_domain_a_08.png,6,DGL_Lecture_6_Annotated.pdf,1,diagram,"Diagram showing input domain with graph, adjacency matrix A, node feature matrix X, and edge feature matrix E being transformed by function f to output domain with A', X', E'.",mixed,1.000,"[0.0,450.0,550.0,780.0]"
DGL-G0198,feature matrix,l06_p01_domain_a_08.png,6,DGL_Lecture_6_Annotated.pdf,1,diagram,"Diagram showing input domain with graph, adjacency matrix A, node feature matrix X, and edge feature matrix E being transformed by function f to output domain with A', X', E'.",mixed,1.000,"[0.0,450.0,550.0,780.0]"
DGL-G0198,edge feature matrix,l06_p01_domain_a_08.png,6,DGL_Lecture_6_Annotated.pdf,1,diagram,"Diagram showing input domain with graph, adjacency matrix A, node feature matrix X, and edge feature matrix E being transformed by function f to output domain with A', X', E'.",mixed,1.000,"[0.0,450.0,550.0,780.0]"
DGL-G0199,graph representation learning,l06_p01_graph_representation_learning_09.png,6,DGL_Lecture_6_Annotated.pdf,1,diagram,Graph with nodes and edges representing the target graph with both node and edge features.,printed,1.000,"[571.0,587.5,697.5,697.5]"
DGL-G0200,input graph,l06_p01_input_graph_10.png,6,DGL_Lecture_6_Annotated.pdf,1,diagram,Flowchart showing single graph prediction from source graph to target graph.,printed,1.000,"[642.5,780.0,752.5,835.0]"
DGL-G0201,graph super-resolution,l06_p01_graph_super_resolution_11.png,6,DGL_Lecture_6_Annotated.pdf,1,diagram,Flowchart showing graph super-resolution from low-resolution graph to super-resolved graph.,printed,1.000,"[752.5,780.0,890.0,835.0]"
DGL-G0202,multigraph prediction,l06_p01_multigraph_prediction_12.png,6,DGL_Lecture_6_Annotated.pdf,1,diagram,Flowchart showing multigraph prediction from source graph to multiple target graphs.,printed,1.000,"[642.5,835.0,752.5,972.5]"
DGL-G0203,generative gnn dimensions,l06_p01_generative_gnn_dimensions_13.png,6,DGL_Lecture_6_Annotated.pdf,1,diagram,"3D axis diagram showing generative GNN dimensions: domain, time, resolution.",printed,1.000,"[571.0,862.5,642.5,972.5]"
DGL-G0204,brain graph evolution prediction,l06_p01_brain_graph_evolution_prediction_14.png,6,DGL_Lecture_6_Annotated.pdf,1,diagram,Flowchart showing brain graph evolution prediction over time.,printed,1.000,"[752.5,862.5,972.5,972.5]"
DGL-G0205,input graph,l06_p01_input_graph_15.png,6,DGL_Lecture_6_Annotated.pdf,1,graph example,Example of source graph and target graph transformation via function f.,mixed,1.000,"[110.0,917.5,330.0,972.5]"
DGL-G0205,generative learning tasks,l06_p01_input_graph_15.png,6,DGL_Lecture_6_Annotated.pdf,1,graph example,Example of source graph and target graph transformation via function f.,mixed,1.000,"[110.0,917.5,330.0,972.5]"
DGL-G0206,generative learning tasks,l06_p02_generative_learning_tasks_01.png,6,DGL_Lecture_6_Annotated.pdf,2,diagram,"A taxonomy tree of deep graph generation methods, branching into unconditional and conditional generation, with further sub-categories like one-shot, sequential, and specific methods listed.",printed,1.000,"[500.0,50.0,980.0,250.0]"
DGL-G0206,unconditional generation,l06_p02_generative_learning_tasks_01.png,6,DGL_Lecture_6_Annotated.pdf,2,diagram,"A taxonomy tree of deep graph generation methods, branching into unconditional and conditional generation, with further sub-categories like one-shot, sequential, and specific methods listed.",printed,1.000,"[500.0,50.0,980.0,250.0]"
DGL-G0206,sequential generating,l06_p02_generative_learning_tasks_01.png,6,DGL_Lecture_6_Annotated.pdf,2,diagram,"A taxonomy tree of deep graph generation methods, branching into unconditional and conditional generation, with further sub-categories like one-shot, sequential, and specific methods listed.",printed,1.000,"[500.0,50.0,980.0,250.0]"
DGL-G0206,one-shot generating,l06_p02_generative_learning_tasks_01.png,6,DGL_Lecture_6_Annotated.pdf,2,diagram,"A taxonomy tree of deep graph generation methods, branching into unconditional and conditional generation, with further sub-categories like one-shot, sequential, and specific methods listed.",printed,1.000,"[500.0,50.0,980.0,250.0]"
DGL-G0207,node-sequence,l06_p02_node_sequence_02.png,6,DGL_Lecture_6_Annotated.pdf,2,diagram,"Illustration of node-sequence-based graph generation, showing the step-by-step addition of nodes and edges to build a graph.",printed,1.000,"[500.0,350.0,920.0,550.0]"
DGL-G0207,sequential generating,l06_p02_node_sequence_02.png,6,DGL_Lecture_6_Annotated.pdf,2,diagram,"Illustration of node-sequence-based graph generation, showing the step-by-step addition of nodes and edges to build a graph.",printed,1.000,"[500.0,350.0,920.0,550.0]"
DGL-G0208,molecular graph generation,l06_p02_molecular_graph_generation_03.png,6,DGL_Lecture_6_Annotated.pdf,2,diagram,"Molecular graph generation pipeline showing train data molecules, density distribution curves (p_data and p_model), and generated molecules.",mixed,1.000,"[50.0,400.0,450.0,650.0]"
DGL-G0208,density estimation,l06_p02_molecular_graph_generation_03.png,6,DGL_Lecture_6_Annotated.pdf,2,diagram,"Molecular graph generation pipeline showing train data molecules, density distribution curves (p_data and p_model), and generated molecules.",mixed,1.000,"[50.0,400.0,450.0,650.0]"
DGL-G0208,sampling,l06_p02_molecular_graph_generation_03.png,6,DGL_Lecture_6_Annotated.pdf,2,diagram,"Molecular graph generation pipeline showing train data molecules, density distribution curves (p_data and p_model), and generated molecules.",mixed,1.000,"[50.0,400.0,450.0,650.0]"
DGL-G0209,edge-sequence,l06_p02_edge_sequence_04.png,6,DGL_Lecture_6_Annotated.pdf,2,diagram,"A four-step process showing the sequential addition of edges to a graph, with handwritten notes explaining node addition and edge connection.",mixed,1.000,"[500.0,560.0,950.0,700.0]"
DGL-G0209,node addition,l06_p02_edge_sequence_04.png,6,DGL_Lecture_6_Annotated.pdf,2,diagram,"A four-step process showing the sequential addition of edges to a graph, with handwritten notes explaining node addition and edge connection.",mixed,1.000,"[500.0,560.0,950.0,700.0]"
DGL-G0209,edge connection,l06_p02_edge_sequence_04.png,6,DGL_Lecture_6_Annotated.pdf,2,diagram,"A four-step process showing the sequential addition of edges to a graph, with handwritten notes explaining node addition and edge connection.",mixed,1.000,"[500.0,560.0,950.0,700.0]"
DGL-G0210,motif-sequence,l06_p02_motif_sequence_05.png,6,DGL_Lecture_6_Annotated.pdf,2,diagram,A four-step process showing the sequential addition of motifs (subgraphs) to build a larger graph.,printed,1.000,"[500.0,700.0,950.0,840.0]"
DGL-G0211,unsupervised learning,l06_p02_unsupervised_learning_06.png,6,DGL_Lecture_6_Annotated.pdf,2,diagram,"Self-regeneration loop diagram showing graph g with parameters theta* pointing back to itself, labeled 'self-regeneration' and 'self supervised'.",handwritten,0.900,"[300.0,830.0,400.0,900.0]"
DGL-G0211,graph generation,l06_p02_unsupervised_learning_06.png,6,DGL_Lecture_6_Annotated.pdf,2,diagram,"Self-regeneration loop diagram showing graph g with parameters theta* pointing back to itself, labeled 'self-regeneration' and 'self supervised'.",handwritten,0.900,"[300.0,830.0,400.0,900.0]"
DGL-G0212,rule-sequence,l06_p02_rule_sequence_07.png,6,DGL_Lecture_6_Annotated.pdf,2,diagram,A flowchart illustrating a rule-based graph generation process for a molecular structure (benzene ring).,printed,1.000,"[500.0,840.0,950.0,980.0]"
DGL-G0213,graphvae,l06_p03_graphvae_01.png,6,DGL_Lecture_6_Annotated.pdf,3,architecture,"GraphVAE architecture showing encoder, latent space, and decoder components with graph inputs and outputs",mixed,1.000,"[137.5,137.5,412.5,302.5]"
DGL-G0213,node embedding,l06_p03_graphvae_01.png,6,DGL_Lecture_6_Annotated.pdf,3,architecture,"GraphVAE architecture showing encoder, latent space, and decoder components with graph inputs and outputs",mixed,1.000,"[137.5,137.5,412.5,302.5]"
DGL-G0213,decoder,l06_p03_graphvae_01.png,6,DGL_Lecture_6_Annotated.pdf,3,architecture,"GraphVAE architecture showing encoder, latent space, and decoder components with graph inputs and outputs",mixed,1.000,"[137.5,137.5,412.5,302.5]"
DGL-G0213,latent space,l06_p03_graphvae_01.png,6,DGL_Lecture_6_Annotated.pdf,3,architecture,"GraphVAE architecture showing encoder, latent space, and decoder components with graph inputs and outputs",mixed,1.000,"[137.5,137.5,412.5,302.5]"
DGL-G0214,embedding-based nect,l06_p03_embedding_based_nect_02.png,6,DGL_Lecture_6_Annotated.pdf,3,diagram,Illustration of embedding-based NECT with encoder and decoder,printed,1.000,"[560.0,165.0,725.0,247.5]"
DGL-G0214,encoder-decoder gnns,l06_p03_embedding_based_nect_02.png,6,DGL_Lecture_6_Annotated.pdf,3,diagram,Illustration of embedding-based NECT with encoder and decoder,printed,1.000,"[560.0,165.0,725.0,247.5]"
DGL-G0215,nonlinear network,l06_p03_nonlinear_network_03.png,6,DGL_Lecture_6_Annotated.pdf,3,diagram,MLP-based one-shot generation architecture with adjacency matrix and feature matrix outputs,mixed,1.000,"[27.5,247.5,137.5,357.5]"
DGL-G0215,adjacency matrix,l06_p03_nonlinear_network_03.png,6,DGL_Lecture_6_Annotated.pdf,3,diagram,MLP-based one-shot generation architecture with adjacency matrix and feature matrix outputs,mixed,1.000,"[27.5,247.5,137.5,357.5]"
DGL-G0215,graph generation,l06_p03_nonlinear_network_03.png,6,DGL_Lecture_6_Annotated.pdf,3,diagram,MLP-based one-shot generation architecture with adjacency matrix and feature matrix outputs,mixed,1.000,"[27.5,247.5,137.5,357.5]"
DGL-G0216,editing-based nect,l06_p03_editing_based_nect_04.png,6,DGL_Lecture_6_Annotated.pdf,3,diagram,Illustration of editing-based NECT with source and target graphs,printed,1.000,"[560.0,247.5,725.0,330.0]"
DGL-G0216,encoder-decoder gnns,l06_p03_editing_based_nect_04.png,6,DGL_Lecture_6_Annotated.pdf,3,diagram,Illustration of editing-based NECT with source and target graphs,printed,1.000,"[560.0,247.5,725.0,330.0]"
DGL-G0217,dag-to-dag,l06_p03_dag_to_dag_05.png,6,DGL_Lecture_6_Annotated.pdf,3,diagram,Illustration of DAG-to-DAG process,printed,1.000,"[780.0,275.0,862.5,330.0]"
DGL-G0217,directed acyclic graph,l06_p03_dag_to_dag_05.png,6,DGL_Lecture_6_Annotated.pdf,3,diagram,Illustration of DAG-to-DAG process,printed,1.000,"[780.0,275.0,862.5,330.0]"
DGL-G0218,graph unet,l06_p03_graph_unet_06.png,6,DGL_Lecture_6_Annotated.pdf,3,diagram,"Illustration of Graph UNet architecture with GCN, gPool, and gUnpool layers",printed,1.000,"[560.0,357.5,862.5,495.0]"
DGL-G0218,encoder-decoder gnns,l06_p03_graph_unet_06.png,6,DGL_Lecture_6_Annotated.pdf,3,diagram,"Illustration of Graph UNet architecture with GCN, gPool, and gUnpool layers",printed,1.000,"[560.0,357.5,862.5,495.0]"
DGL-G0219,graph neural network,l06_p03_graph_neural_network_07.png,6,DGL_Lecture_6_Annotated.pdf,3,architecture,"Overall architecture of graph U-Nets (g-U-Nets) showing encoder blocks with gPool and GCN layers, decoder blocks with gUnpool and GCN layers, and skip connections",mixed,1.000,"[642.5,450.0,807.5,587.5]"
DGL-G0219,graph pooling,l06_p03_graph_neural_network_07.png,6,DGL_Lecture_6_Annotated.pdf,3,architecture,"Overall architecture of graph U-Nets (g-U-Nets) showing encoder blocks with gPool and GCN layers, decoder blocks with gUnpool and GCN layers, and skip connections",mixed,1.000,"[642.5,450.0,807.5,587.5]"
DGL-G0219,skip connection,l06_p03_graph_neural_network_07.png,6,DGL_Lecture_6_Annotated.pdf,3,architecture,"Overall architecture of graph U-Nets (g-U-Nets) showing encoder blocks with gPool and GCN layers, decoder blocks with gUnpool and GCN layers, and skip connections",mixed,1.000,"[642.5,450.0,807.5,587.5]"
DGL-G0220,message passing,l06_p03_message_passing_08.png,6,DGL_Lecture_6_Annotated.pdf,3,architecture,"Diagram showing message-passing-based one-shot graph generation process, including unit matrix initialization, GCN message passing, node and edge updates, and final graph output.",mixed,0.950,"[5.5,642.5,330.0,807.5]"
DGL-G0220,graph neural network,l06_p03_message_passing_08.png,6,DGL_Lecture_6_Annotated.pdf,3,architecture,"Diagram showing message-passing-based one-shot graph generation process, including unit matrix initialization, GCN message passing, node and edge updates, and final graph output.",mixed,0.950,"[5.5,642.5,330.0,807.5]"
DGL-G0220,node update,l06_p03_message_passing_08.png,6,DGL_Lecture_6_Annotated.pdf,3,architecture,"Diagram showing message-passing-based one-shot graph generation process, including unit matrix initialization, GCN message passing, node and edge updates, and final graph output.",mixed,0.950,"[5.5,642.5,330.0,807.5]"
DGL-G0220,edge update,l06_p03_message_passing_08.png,6,DGL_Lecture_6_Annotated.pdf,3,architecture,"Diagram showing message-passing-based one-shot graph generation process, including unit matrix initialization, GCN message passing, node and edge updates, and final graph output.",mixed,0.950,"[5.5,642.5,330.0,807.5]"
DGL-G0221,graph pooling,l06_p03_graph_pooling_09.png,6,DGL_Lecture_6_Annotated.pdf,3,diagram,"Illustration of the proposed graph pooling layer showing inputs, projection, top-k node selection, gate, and outputs with matrices and operations",mixed,1.000,"[505.0,714.0,769.0,846.0]"
DGL-G0221,top-k node selection,l06_p03_graph_pooling_09.png,6,DGL_Lecture_6_Annotated.pdf,3,diagram,"Illustration of the proposed graph pooling layer showing inputs, projection, top-k node selection, gate, and outputs with matrices and operations",mixed,1.000,"[505.0,714.0,769.0,846.0]"
DGL-G0221,projection vector,l06_p03_graph_pooling_09.png,6,DGL_Lecture_6_Annotated.pdf,3,diagram,"Illustration of the proposed graph pooling layer showing inputs, projection, top-k node selection, gate, and outputs with matrices and operations",mixed,1.000,"[505.0,714.0,769.0,846.0]"
DGL-G0221,sigmoid activation,l06_p03_graph_pooling_09.png,6,DGL_Lecture_6_Annotated.pdf,3,diagram,"Illustration of the proposed graph pooling layer showing inputs, projection, top-k node selection, gate, and outputs with matrices and operations",mixed,1.000,"[505.0,714.0,769.0,846.0]"
DGL-G0221,element-wise product,l06_p03_graph_pooling_09.png,6,DGL_Lecture_6_Annotated.pdf,3,diagram,"Illustration of the proposed graph pooling layer showing inputs, projection, top-k node selection, gate, and outputs with matrices and operations",mixed,1.000,"[505.0,714.0,769.0,846.0]"
DGL-G0222,graph pooling,l06_p03_graph_pooling_10.png,6,DGL_Lecture_6_Annotated.pdf,3,diagram,Illustration of the proposed graph unpooling (gUnpool) layer showing downsampling with gPool and reconstruction with gUnpool using position information,mixed,1.000,"[780.0,714.0,972.5,846.0]"
DGL-G0222,coarsened graph,l06_p03_graph_pooling_10.png,6,DGL_Lecture_6_Annotated.pdf,3,diagram,Illustration of the proposed graph unpooling (gUnpool) layer showing downsampling with gPool and reconstruction with gUnpool using position information,mixed,1.000,"[780.0,714.0,972.5,846.0]"
DGL-G0222,reconstruction,l06_p03_graph_pooling_10.png,6,DGL_Lecture_6_Annotated.pdf,3,diagram,Illustration of the proposed graph unpooling (gUnpool) layer showing downsampling with gPool and reconstruction with gUnpool using position information,mixed,1.000,"[780.0,714.0,972.5,846.0]"
DGL-G0223,graph generation,l06_p03_graph_generation_11.png,6,DGL_Lecture_6_Annotated.pdf,3,diagram,Illustration of transforming sampled noise into real graphs using trained decoders for molecules and brain networks.,mixed,0.900,"[5.5,862.5,330.0,972.5]"
DGL-G0223,decoder,l06_p03_graph_generation_11.png,6,DGL_Lecture_6_Annotated.pdf,3,diagram,Illustration of transforming sampled noise into real graphs using trained decoders for molecules and brain networks.,mixed,0.900,"[5.5,862.5,330.0,972.5]"
DGL-G0223,sampling,l06_p03_graph_generation_11.png,6,DGL_Lecture_6_Annotated.pdf,3,diagram,Illustration of transforming sampled noise into real graphs using trained decoders for molecules and brain networks.,mixed,0.900,"[5.5,862.5,330.0,972.5]"
DGL-G0224,graph u-autoencoder,l06_p04_graph_u_autoencoder_01.png,6,DGL_Lecture_6_Annotated.pdf,4,architecture,"Graph U-Autoencoder Block showing encoder-decoder structure with GCN, pooling, and unpooling layers",mixed,1.000,"[27.5,82.5,220.0,357.5]"
DGL-G0224,graph neural network,l06_p04_graph_u_autoencoder_01.png,6,DGL_Lecture_6_Annotated.pdf,4,architecture,"Graph U-Autoencoder Block showing encoder-decoder structure with GCN, pooling, and unpooling layers",mixed,1.000,"[27.5,82.5,220.0,357.5]"
DGL-G0224,graph pooling,l06_p04_graph_u_autoencoder_01.png,6,DGL_Lecture_6_Annotated.pdf,4,architecture,"Graph U-Autoencoder Block showing encoder-decoder structure with GCN, pooling, and unpooling layers",mixed,1.000,"[27.5,82.5,220.0,357.5]"
DGL-G0224,graph super-resolution,l06_p04_graph_u_autoencoder_01.png,6,DGL_Lecture_6_Annotated.pdf,4,architecture,"Graph U-Autoencoder Block showing encoder-decoder structure with GCN, pooling, and unpooling layers",mixed,1.000,"[27.5,82.5,220.0,357.5]"
DGL-G0224,graph generation,l06_p04_graph_u_autoencoder_01.png,6,DGL_Lecture_6_Annotated.pdf,4,architecture,"Graph U-Autoencoder Block showing encoder-decoder structure with GCN, pooling, and unpooling layers",mixed,1.000,"[27.5,82.5,220.0,357.5]"
DGL-G0225,graph generation,l06_p04_graph_generation_02.png,6,DGL_Lecture_6_Annotated.pdf,4,diagram,"Encoder-decoder process for graph generation showing input graph, latent representation, and output graph",mixed,1.000,"[247.5,82.5,522.5,357.5]"
DGL-G0225,encoder-decoder gnns,l06_p04_graph_generation_02.png,6,DGL_Lecture_6_Annotated.pdf,4,diagram,"Encoder-decoder process for graph generation showing input graph, latent representation, and output graph",mixed,1.000,"[247.5,82.5,522.5,357.5]"
DGL-G0226,graph generation,l06_p04_graph_generation_03.png,6,DGL_Lecture_6_Annotated.pdf,4,diagram,"Supervised graph generation pipeline showing source graph, function f, predicted graph, and ground-truth graph comparison",mixed,0.900,"[560.0,82.5,780.0,275.0]"
DGL-G0226,unsupervised learning,l06_p04_graph_generation_03.png,6,DGL_Lecture_6_Annotated.pdf,4,diagram,"Supervised graph generation pipeline showing source graph, function f, predicted graph, and ground-truth graph comparison",mixed,0.900,"[560.0,82.5,780.0,275.0]"
DGL-G0227,graph generation,l06_p04_graph_generation_04.png,6,DGL_Lecture_6_Annotated.pdf,4,diagram,Unsupervised graph generation showing train graphs distribution p_data(g) approximating model distribution p_model(g; theta),mixed,0.900,"[780.0,82.5,972.5,302.5]"
DGL-G0227,unsupervised learning,l06_p04_graph_generation_04.png,6,DGL_Lecture_6_Annotated.pdf,4,diagram,Unsupervised graph generation showing train graphs distribution p_data(g) approximating model distribution p_model(g; theta),mixed,0.900,"[780.0,82.5,972.5,302.5]"
DGL-G0227,graph distribution,l06_p04_graph_generation_04.png,6,DGL_Lecture_6_Annotated.pdf,4,diagram,Unsupervised graph generation showing train graphs distribution p_data(g) approximating model distribution p_model(g; theta),mixed,0.900,"[780.0,82.5,972.5,302.5]"
DGL-G0228,ned-vae,l06_p04_ned_vae_05.png,6,DGL_Lecture_6_Annotated.pdf,4,architecture,"NED-VAE architecture showing encoders and decoders for nodes, edges, and graphs with latent variables",mixed,1.000,"[27.5,505.0,330.0,697.5]"
DGL-G0228,latent variable,l06_p04_ned_vae_05.png,6,DGL_Lecture_6_Annotated.pdf,4,architecture,"NED-VAE architecture showing encoders and decoders for nodes, edges, and graphs with latent variables",mixed,1.000,"[27.5,505.0,330.0,697.5]"
DGL-G0229,evaluation metrics,l06_p04_evaluation_metrics_06.png,6,DGL_Lecture_6_Annotated.pdf,4,table,"Table of evaluation metrics for deep generative-based methods, categorized by type and evaluation feature.",printed,1.000,"[769.0,642.5,956.0,763.5]"
