activation values,activation function,1
activation function,back prop,1
activation function,forward propagation,1
hidden layer,activation function,1
hidden unit,activation function,1
logistic function,activation function,1
neural network,activation function,1
sigmoid function,activation function,1
activation values,back prop,1
activation values,forward propagation,1
hidden layer,activation values,1
hidden unit,activation values,1
neural network,activation values,1
boosting algorithm,adaboost,1
learning method,adaboost,1
machine learning,adaboost,1
machine learning algorithm,adaboost,1
negative example,adaboost,1
positive data,adaboost,1
training data,adaboost,1
training error,adaboost,1
weak classifier,adaboost,1
cluster,agglomerative clustering,1
clustering algorithm,agglomerative clustering,1
data set,agglomerative clustering,1
hierarchical clustering,agglomerative clustering,1
k means,agglomerative clustering,1
anomalous example,anomaly detection,1
data set,anomalous example,1
labeled data,anomalous example,1
training data,anomalous example,1
training data set,anomalous example,1
data set,anomaly detection,1
labeled data,anomaly detection,1
learning method,anomaly detection,1
learning problem,anomaly detection,1
learning system,anomaly detection,1
machine learning,anomaly detection,1
machine learning algorithm,anomaly detection,1
machine learning system,anomaly detection,1
negative example,anomaly detection,1
non-anomalous examples,anomaly detection,1
positive data,anomaly detection,1
positive training example,anomaly detection,1
supervised learning,anomaly detection,1
training data,anomaly detection,1
training data set,anomaly detection,1
unsupervised learning,anomaly detection,1
bias unit,back prop,1
classification problem,back prop,1
features,back prop,1
derivative term,back prop,1
error cost function,back prop,1
forward propagation,back prop,1
global optimum,back prop,1
gradient descent,back prop,1
hidden layer,back prop,1
hidden unit,back prop,1
hypothesis,back prop,1
input layer,back prop,1
input units,back prop,1
learning method,back prop,1
learning rate,back prop,1
linear regression,back prop,1
local minimum,back prop,1
local optima,back prop,1
logistic function,back prop,1
logistic regression,back prop,1
loss function,back prop,1
multi-class classification,back prop,1
neural network,back prop,1
back prop,neural network learning,1
matrix,back prop,1
optimization algorithms,back prop,1
output layer,back prop,1
output unit,back prop,1
parameter vector,back prop,1
partial derivative,back prop,1
squared error,back prop,1
training data,back prop,1
training data set,back prop,1
big data sets,batch gradient descent,1
derivative term,batch gradient descent,1
global minimum,batch gradient descent,1
global optimum,batch gradient descent,1
gradient descent,batch gradient descent,1
hypothesis,batch gradient descent,1
iterative algorithm,batch gradient descent,1
learning method,batch gradient descent,1
learning problem,batch gradient descent,1
batch gradient descent,learning rate,1
linear algebra,batch gradient descent,1
local optima,batch gradient descent,1
loss function,batch gradient descent,1
batch gradient descent,mini-batch gradient descent,1
batch gradient descent,mini-batch size,1
optimization algorithms,batch gradient descent,1
optimization objective,batch gradient descent,1
partial derivative,batch gradient descent,1
squared error,batch gradient descent,1
bayesian approach,bayesian inference,1
log likelihood,bayesian approach,1
maximum likelihood,bayesian approach,1
maximum likelihood estimate,bayesian approach,1
conditional distribution,bayesian inference,1
data set,bayesian inference,1
bayesian inference,gibbs sampler,1
joint model probability,bayesian inference,1
bayesian inference,latent dirichlet allocation,1
learning method,bayesian inference,1
learning problem,bayesian inference,1
machine learning,bayesian inference,1
machine learning algorithm,bayesian inference,1
maximum likelihood,bayesian inference,1
maximum likelihood estimate,bayesian inference,1
model parameters,bayesian inference,1
probabilistic model,bayesian inference,1
bias problem,cross validation error,1
data set,bias problem,1
evaluation metrics,bias problem,1
generalization error,bias problem,1
hypothesis,bias problem,1
bias problem,learning curve,1
learning method,bias problem,1
learning problem,bias problem,1
learning system,bias problem,1
loss function,bias problem,1
machine learning,bias problem,1
massive training set,bias problem,1
model selection,bias problem,1
bias problem,regularization,1
supervised learning,bias problem,1
test data set,bias problem,1
test error,bias problem,1
training data,bias problem,1
training data set,bias problem,1
training error,bias problem,1
bias unit,forward propagation,1
hidden layer,bias unit,1
hidden unit,bias unit,1
input layer,bias unit,1
input units,bias unit,1
neural network,bias unit,1
parameter vector,bias unit,1
data set,bias variance trade-off,1
error analysis,bias variance trade-off,1
generalization error,bias variance trade-off,1
recall,bias variance trade-off,1
input data,bias variance trade-off,1
learning method,bias variance trade-off,1
learning problem,bias variance trade-off,1
learning system,bias variance trade-off,1
loss function,bias variance trade-off,1
machine learning,bias variance trade-off,1
machine learning algorithm,bias variance trade-off,1
machine learning system,bias variance trade-off,1
model complexity,bias variance trade-off,1
model selection,bias variance trade-off,1
prediction error,bias variance trade-off,1
bias variance trade-off,regularization,1
test data,bias variance trade-off,1
test data set,bias variance trade-off,1
test error,bias variance trade-off,1
training data,bias variance trade-off,1
training data set,bias variance trade-off,1
training error,bias variance trade-off,1
tuning parameter,bias variance trade-off,1
validation set,bias variance trade-off,1
overfitting,bias variance trade-off,1
underfitting,bias variance trade-off,1
data set,big data sets,1
big data sets,deep learning,1
big data sets,deep neural network,1
big data sets,document retrieval,1
big data sets,neural network,1
big data sets,recommender system,1
classification approach,binary classification,1
classification problem,binary classification,1
features,binary classification,1
data set,binary classification,1
learning method,binary classification,1
machine learning,binary classification,1
machine learning algorithm,binary classification,1
binary classification,multi-class classification,1
negative example,binary classification,1
binary classification,neural network,1
positive class,binary classification,1
positive data,binary classification,1
positive training example,binary classification,1
predicted class,binary classification,1
predicted value,binary classification,1
binary classification,regularization,1
test data set,binary classification,1
training data,binary classification,1
training data set,binary classification,1
data set,boosting algorithm,1
learning method,boosting algorithm,1
learning problem,boosting algorithm,1
machine learning,boosting algorithm,1
machine learning algorithm,boosting algorithm,1
training data,boosting algorithm,1
weak classifier,boosting algorithm,1
character recognition,character segmentation,1
classification approach,character recognition,1
computer vision,character recognition,1
data set,character recognition,1
learning problem,character recognition,1
learning system,character recognition,1
machine learning,character recognition,1
machine learning application,character recognition,1
machine learning system,character recognition,1
ocr problem,character recognition,1
character recognition,photo ocr,1
test data,character recognition,1
test data set,character recognition,1
training data,character recognition,1
training data set,character recognition,1
learning problem,character segmentation,1
learning system,character segmentation,1
machine learning,character segmentation,1
machine learning application,character segmentation,1
machine learning system,character segmentation,1
test data,character segmentation,1
test data set,character segmentation,1
training data,character segmentation,1
training data set,character segmentation,1
classification problem,classification accuracy,1
classification accuracy,confusion matrix,1
classification accuracy,cross validation,1
data set,classification accuracy,1
classification accuracy,error analysis,1
evaluation metrics,classification accuracy,1
classification accuracy,f1 score,1
classification accuracy,false negative,1
classification accuracy,false positives,1
input data,classification accuracy,1
labeled data,classification accuracy,1
learning problem,classification accuracy,1
machine learning,classification accuracy,1
negative example,classification accuracy,1
positive data,classification accuracy,1
predicted class,classification accuracy,1
predicted value,classification accuracy,1
supervised learning,classification accuracy,1
test data,classification accuracy,1
test data set,classification accuracy,1
classification accuracy,true negatives,1
classification accuracy,true positives,1
classification accuracy,validation set,1
classification problem,classification approach,1
features,classification approach,1
data set,classification approach,1
feature vector,classification approach,1
learning method,classification approach,1
learning problem,classification approach,1
classification approach,linear classifier,1
classification approach,logistic regression,1
machine learning,classification approach,1
machine learning algorithm,classification approach,1
classification approach,multi-class classification,1
classification approach,neural network,1
positive class,classification approach,1
positive data,classification approach,1
classification approach,sentiment analysis,1
supervised learning,classification approach,1
classification approach,test error,1
classification approach,training error,1
classification approach,variance problem,1
classification problem,classification error,1
classification error,confusion matrix,1
classification error,cross validation,1
classification error,cross validation error,1
data set,classification error,1
error analysis,classification error,1
classification error,false negative,1
classification error,false positives,1
machine learning,classification error,1
negative example,classification error,1
positive class,classification error,1
positive data,classification error,1
classification error,precision recall curve,1
predicted class,classification error,1
predicted value,classification error,1
classification error,regularization,1
classification error,test error,1
classification error,training error,1
classification error,true negatives,1
classification error,true positives,1
classification error,validation error,1
classification error,overfitting,1
classification error,underfitting,1
data set,classification problem,1
classification problem,decision boundaries,1
classification problem,decision tree,1
classification problem,deep learning,1
classification problem,forward propagation,1
classification problem,image classification,1
learning problem,classification problem,1
classification problem,linear classifier,1
classification problem,logistic regression,1
machine learning,classification problem,1
classification problem,misclassification error,1
classification problem,multi-class classification,1
classification problem,neural network,1
classification problem,neural network learning,1
supervised learning,classification problem,1
classification problem,support vector machine,1
cluster,cluster center,1
clustering algorithm,cluster center,1
cluster center,hierarchical clustering,1
cluster center,k means,1
cluster center,k-means objective,1
cluster,clustering algorithm,1
cluster,collaborative filtering,1
cluster,hierarchical clustering,1
cluster,k means,1
cluster,k-means objective,1
unsupervised learning,cluster,1
data set,clustering algorithm,1
clustering algorithm,hierarchical clustering,1
clustering algorithm,k means,1
clustering algorithm,k-means objective,1
learning method,clustering algorithm,1
learning problem,clustering algorithm,1
machine learning,clustering algorithm,1
machine learning algorithm,clustering algorithm,1
unsupervised learning,clustering algorithm,1
data set,collaborative filtering,1
feature vector,collaborative filtering,1
learning method,collaborative filtering,1
learning problem,collaborative filtering,1
linear algebra,collaborative filtering,1
machine learning,collaborative filtering,1
machine learning algorithm,collaborative filtering,1
matrix factorization,collaborative filtering,1
matrix,collaborative filtering,1
predicted value,collaborative filtering,1
recommender system,collaborative filtering,1
symmetric matrix,collaborative filtering,1
test data set,collaborative filtering,1
training data,collaborative filtering,1
training data set,collaborative filtering,1
features,computer vision,1
features,cross validation,1
data representation,features,1
features,decision boundaries,1
features,decision stamp,1
features,decision tree,1
features,deep features,1
features,deep learning,1
features,deep neural network,1
features,design matrix,1
features,dimensionality reduction,1
features,face detection,1
features,feature engineering,1
features,feature extraction,1
features,feature scaling,1
features,feature selection,1
features,feature space,1
features,feature vector,1
features,forward propagation,1
features,generalized linear models,1
features,gibbs sampler,1
features,image classification,1
features,image retrieval,1
features,large margin classifier,1
features,lasso regression,1
features,latent dirichlet allocation,1
learning problem,features,1
learning system,features,1
features,linear classifier,1
features,linear model,1
features,linear regression,1
features,logistic regression,1
machine learning,features,1
features,mean normalization,1
features,mixture model,1
features,model selection,1
features,multi-class classification,1
features,neural network,1
features,neural network learning,1
features,normalized features,1
features,online learning,1
features,pca algorithm,1
features,polynomial features,1
features,polynomial regression,1
features,recommender system,1
features,regression model,1
features,regression problem,1
features,regularized linear regression,1
features,regularized logistic regression,1
features,sentiment analysis,1
features,sentiment classifier,1
features,spam filtering,1
features,supervised learning,1
features,support vector machine,1
features,transfer learning,1
features,unnormalized features,1
features,unsupervised learning,1
features,weak classifier,1
data set,computer vision,1
computer vision,face detection,1
computer vision,image classification,1
computer vision,image retrieval,1
machine learning,computer vision,1
machine learning application,computer vision,1
machine learning system,computer vision,1
computer vision,ocr problem,1
computer vision,pedestrian detection,1
computer vision,photo ocr,1
conditional distribution,gaussian density,1
conditional distribution,gibbs sampler,1
conditional distribution,joint model probability,1
conditional distribution,latent dirichlet allocation,1
conditional distribution,maximum likelihood,1
conditional distribution,maximum likelihood estimate,1
conditional distribution,probabilistic model,1
data set,confusion matrix,1
false negative,confusion matrix,1
false positives,confusion matrix,1
precision,confusion matrix,1
recall,confusion matrix,1
matrix,confusion matrix,1
positive class,confusion matrix,1
true negatives,confusion matrix,1
true positives,confusion matrix,1
matrix,conjugate gradient,1
optimal solution,conjugate gradient,1
optimization algorithms,conjugate gradient,1
optimization objective,conjugate gradient,1
parameter vector,conjugate gradient,1
partial derivative,conjugate gradient,1
gradient descent,convergence test,1
learning rate,convergence test,1
loss function,convergence test,1
convex function,error cost function,1
convex function,gradient ascent,1
convex function,gradient descent,1
convex function,normal equation,1
convex function,stochastic gradient algorithm,1
global optimum,coordinate descent,1
local optima,coordinate descent,1
loss function,coordinate descent,1
matrix,coordinate descent,1
optimal solution,coordinate descent,1
optimization algorithms,coordinate descent,1
optimization objective,coordinate descent,1
optimization problem,coordinate descent,1
covariance matrix,gaussian model,1
identity matrics,covariance matrix,1
covariance matrix,multivariate gaussian distribution,1
covariance matrix,multivariate gaussian model,1
matrix,covariance matrix,1
covariance matrix,pca algorithm,1
covariance matrix,principle components,1
covariance matrix,probabilistic model,1
probability density,covariance matrix,1
random variable,covariance matrix,1
square matrix,covariance matrix,1
standard deviation,covariance matrix,1
symmetric matrix,covariance matrix,1
cross validation,cross validation error,1
cross validation,cross validation sets,1
data set,cross validation,1
generalization error,cross validation,1
cross validation,learning curve,1
learning problem,cross validation,1
machine learning,cross validation,1
cross validation,model complexity,1
cross validation,model selection,1
negative example,cross validation,1
positive data,cross validation,1
positive training example,cross validation,1
predicted value,cross validation,1
prediction error,cross validation,1
supervised learning,cross validation,1
test data,cross validation,1
test data set,cross validation,1
test error,cross validation,1
training data,cross validation,1
training data set,cross validation,1
training error,cross validation,1
tuning parameter,cross validation,1
cross validation,validation error,1
validation set,cross validation,1
variance problem,cross validation,1
overfitting,cross validation,1
underfitting,cross validation,1
cross validation sets,cross validation error,1
data set,cross validation error,1
error analysis,cross validation error,1
generalization error,cross validation error,1
cross validation error,learning curve,1
learning problem,cross validation error,1
machine learning,cross validation error,1
cross validation error,model complexity,1
cross validation error,model selection,1
prediction error,cross validation error,1
test data,cross validation error,1
test data set,cross validation error,1
test error,cross validation error,1
training data,cross validation error,1
training data set,cross validation error,1
training error,cross validation error,1
validation error,cross validation error,1
validation set,cross validation error,1
variance problem,cross validation error,1
overfitting,cross validation error,1
underfitting,cross validation error,1
data set,cross validation sets,1
labeled data,cross validation sets,1
machine learning,cross validation sets,1
cross validation sets,model selection,1
supervised learning,cross validation sets,1
test data,cross validation sets,1
test data set,cross validation sets,1
training data,cross validation sets,1
training data set,cross validation sets,1
validation set,cross validation sets,1
data representation,deep learning,1
data representation,deep neural network,1
data representation,feature engineering,1
data representation,feature space,1
data representation,feature vector,1
data representation,neural network,1
data set,decision boundaries,1
data set,decision tree,1
data set,deep learning,1
data set,deep neural network,1
data set,design matrix,1
data set,dimensionality reduction,1
data set,document retrieval,1
data set,face detection,1
data set,feature engineering,1
data set,feature extraction,1
data set,feature space,1
data set,gibbs sampler,1
data set,image classification,1
data set,image retrieval,1
data set,input data,1
data set,input space,1
data set,labeled data,1
data set,large margin classifier,1
data set,lasso regression,1
data set,latent dirichlet allocation,1
data set,learning method,1
data set,learning system,1
data set,linear classifier,1
data set,linear regression,1
data set,logistic regression,1
data set,machine learning,1
data set,machine learning algorithm,1
data set,machine learning system,1
data set,massive training set,1
data set,mixture model,1
data set,model selection,1
data set,multi-class classification,1
data set,negative example,1
data set,neural network,1
data set,non-anomalous examples,1
data set,online learning,1
data set,pca algorithm,1
data set,photo ocr,1
data set,positive data,1
data set,positive training example,1
data set,recommender system,1
data set,regression model,1
data set,regression problem,1
data set,regularized logistic regression,1
data set,sentiment analysis,1
data set,supervised learning,1
data set,support vector machine,1
data set,test data set,1
data set,training data set,1
data set,transfer learning,1
data set,unsupervised learning,1
data set,validation set,1
feature space,decision boundaries,1
feature vector,decision boundaries,1
hypothesis,decision boundaries,1
input data,decision boundaries,1
decision boundaries,large margin classifier,1
learning method,decision boundaries,1
learning problem,decision boundaries,1
machine learning,decision boundaries,1
supervised learning,decision boundaries,1
decision boundaries,support vector,1
decision boundaries,support vector machine,1
decision tree,decision stamp,1
learning method,decision stamp,1
machine learning,decision stamp,1
machine learning algorithm,decision stamp,1
learning method,decision tree,1
learning problem,decision tree,1
machine learning,decision tree,1
machine learning algorithm,decision tree,1
negative example,decision tree,1
positive data,decision tree,1
test data,decision tree,1
training data,decision tree,1
deep features,deep learning,1
deep features,deep neural network,1
feature extraction,deep features,1
learning problem,deep features,1
machine learning,deep features,1
deep features,neural network,1
feature extraction,deep learning,1
learning method,deep learning,1
learning problem,deep learning,1
linear classifier,deep learning,1
machine learning,deep learning,1
machine learning algorithm,deep learning,1
neural network,deep learning,1
partial derivative,deep learning,1
training data,deep learning,1
training data set,deep learning,1
labeled data,deep neural network,1
learning method,deep neural network,1
linear classifier,deep neural network,1
machine learning,deep neural network,1
neural network,deep neural network,1
training data,deep neural network,1
derivative term,forward propagation,1
derivative term,gradient checking,1
derivative term,gradient descent,1
derivative term,linear regression,1
derivative term,logistic regression,1
derivative term,neural network learning,1
derivative term,normal equation,1
derivative term,optimization algorithms,1
derivative term,partial derivative,1
derivative term,stochastic gradient algorithm,1
feature vector,design matrix,1
learning method,design matrix,1
design matrix,normal equation,1
matrix,design matrix,1
training data,design matrix,1
training data set,design matrix,1
feature vector,dimensionality reduction,1
learning method,dimensionality reduction,1
linear algebra,dimensionality reduction,1
machine learning,dimensionality reduction,1
machine learning algorithm,dimensionality reduction,1
matrix,dimensionality reduction,1
dimensionality reduction,pca algorithm,1
dimensionality reduction,principle components,1
unsupervised learning,dimensionality reduction,1
learning problem,document retrieval,1
machine learning,document retrieval,1
machine learning,early stopping,1
regularization,early stopping,1
training error,early stopping,1
validation error,early stopping,1
overfitting,early stopping,1
evaluation metrics,error analysis,1
error analysis,false negative,1
error analysis,false positives,1
input data,error analysis,1
labeled data,error analysis,1
error analysis,learning curve,1
negative example,error analysis,1
positive data,error analysis,1
test data set,error analysis,1
error analysis,test error,1
training data,error analysis,1
training data set,error analysis,1
error analysis,true positives,1
error analysis,validation error,1
error analysis,variance problem,1
error analysis,overfitting,1
error cost function,forward propagation,1
hidden layer,error cost function,1
hidden unit,error cost function,1
input layer,error cost function,1
input units,error cost function,1
linear algebra,error cost function,1
loss function,error cost function,1
neural network,error cost function,1
output layer,error cost function,1
output unit,error cost function,1
loss function,estimated parameters,1
estimated parameters,model complexity,1
model parameters,estimated parameters,1
estimated parameters,regression coefficients,1
estimated parameters,overfitting,1
evaluation metrics,f1 score,1
evaluation metrics,precision,1
evaluation metrics,recall,1
evaluation metrics,learning curve,1
test data,evaluation metrics,1
test data set,evaluation metrics,1
evaluation metrics,test error,1
evaluation metrics,training error,1
iterative algorithm,expectation maximization,1
learning method,expectation maximization,1
loss function,expectation maximization,1
matrix factorization,expectation maximization,1
matrix,expectation maximization,1
unsupervised learning,expectation maximization,1
precision,f1 score,1
recall,f1 score,1
labeled data,f1 score,1
learning problem,f1 score,1
test data,f1 score,1
test data set,f1 score,1
training data,f1 score,1
training data set,f1 score,1
learning problem,face detection,1
learning system,face detection,1
machine learning application,face detection,1
machine learning system,face detection,1
labeled data,false negative,1
learning problem,false negative,1
machine learning,false negative,1
negative example,false negative,1
output label,false negative,1
positive class,false negative,1
positive data,false negative,1
positive predictions,false negative,1
false negative,precision recall curve,1
predicted class,false negative,1
predicted value,false negative,1
test data,false negative,1
test data set,false negative,1
labeled data,false positives,1
learning problem,false positives,1
negative example,false positives,1
output label,false positives,1
positive class,false positives,1
positive data,false positives,1
positive predictions,false positives,1
false positives,precision recall curve,1
predicted class,false positives,1
predicted value,false positives,1
test data,false positives,1
test data set,false positives,1
feature selection,feature engineering,1
learning problem,feature engineering,1
machine learning,feature engineering,1
feature extraction,image classification,1
feature extraction,image retrieval,1
learning problem,feature extraction,1
machine learning,feature extraction,1
feature extraction,neural network,1
feature extraction,sentiment analysis,1
feature space,feature scaling,1
feature vector,feature scaling,1
input data,feature scaling,1
learning problem,feature scaling,1
machine learning,feature scaling,1
feature scaling,mean normalization,1
parameter vector,feature scaling,1
training data,feature scaling,1
training data set,feature scaling,1
feature vector,feature selection,1
learning method,feature selection,1
learning problem,feature selection,1
machine learning,feature selection,1
feature selection,model complexity,1
feature selection,model selection,1
test data,feature selection,1
test data set,feature selection,1
training data,feature selection,1
feature vector,feature space,1
inner product,feature space,1
input data,feature space,1
learning problem,feature space,1
feature space,linear classifier,1
feature space,linear regression,1
feature space,logistic regression,1
machine learning,feature space,1
feature space,multi-class classification,1
feature space,neural network,1
feature space,nonlinear hypotheses,1
matrix,feature space,1
parameter vector,feature space,1
polynomial features,feature space,1
feature space,support vector,1
feature space,support vector machine,1
feature space,svm optimization,1
feature vector,forward propagation,1
feature vector,gaussian kernel,1
feature vector,gradient descent,1
feature vector,hidden layer,1
input data,feature vector,1
feature vector,input layer,1
feature vector,k means,1
feature vector,kernel function,1
learning problem,feature vector,1
feature vector,linear classifier,1
feature vector,linear kernel,1
feature vector,linear regression,1
feature vector,logistic regression,1
machine learning,feature vector,1
feature vector,multi-class classification,1
feature vector,neural network,1
feature vector,nonlinear hypotheses,1
feature vector,normal equation,1
feature vector,online learning,1
feature vector,output layer,1
feature vector,parameter estimation,1
feature vector,pca algorithm,1
feature vector,polynomial features,1
feature vector,polynomial kernel,1
feature vector,principle components,1
feature vector,regression coefficients,1
feature vector,regression model,1
feature vector,regularization,1
feature vector,square projection error,1
supervised learning,feature vector,1
feature vector,support vector,1
feature vector,support vector machine,1
feature vector,svm optimization,1
feature vector,overfitting,1
feature vector,underfitting,1
hidden layer,forward propagation,1
hidden unit,forward propagation,1
hypothesis,forward propagation,1
input layer,forward propagation,1
input units,forward propagation,1
learning method,forward propagation,1
logistic function,forward propagation,1
logistic regression,forward propagation,1
loss function,forward propagation,1
matrix vector multiplication,forward propagation,1
neural network,forward propagation,1
forward propagation,neural network learning,1
nonlinear hypotheses,forward propagation,1
matrix,forward propagation,1
optimization algorithms,forward propagation,1
output label,forward propagation,1
output layer,forward propagation,1
output unit,forward propagation,1
parameter vector,forward propagation,1
partial derivative,forward propagation,1
sigmoid function,forward propagation,1
training data,forward propagation,1
training data set,forward propagation,1
vector multiplication,forward propagation,1
gaussian density,gaussian model,1
gaussian random variable,gaussian density,1
gaussian density,gibbs sampler,1
identity matrics,gaussian density,1
gaussian density,multivariate gaussian distribution,1
gaussian density,multivariate gaussian model,1
gaussian density,probabilistic model,1
probability density,gaussian density,1
standard deviation,gaussian density,1
symmetric matrix,gaussian density,1
kernel function,gaussian kernel,1
gaussian kernel,kernel regression,1
machine learning,gaussian kernel,1
support vector,gaussian kernel,1
support vector machine,gaussian kernel,1
gaussian model,mixture model,1
model parameters,gaussian model,1
gaussian model,multivariate gaussian model,1
matrix,gaussian model,1
probabilistic model,gaussian model,1
probability density,gaussian model,1
symmetric matrix,gaussian model,1
random numbers,gaussian random variable,1
random variable,gaussian random variable,1
hypothesis,generalization error,1
loss function,generalization error,1
machine learning,generalization error,1
generalization error,model complexity,1
generalization error,model selection,1
parameter vector,generalization error,1
prediction error,generalization error,1
test data,generalization error,1
test data set,generalization error,1
test error,generalization error,1
training data,generalization error,1
training data set,generalization error,1
training error,generalization error,1
generalization error,variance problem,1
generalization error,overfitting,1
generalization error,underfitting,1
linear classifier,generalized linear models,1
linear model,generalized linear models,1
linear regression,generalized linear models,1
logistic regression,generalized linear models,1
machine learning,generalized linear models,1
joint model probability,gibbs sampler,1
maximum likelihood,gibbs sampler,1
maximum likelihood estimate,gibbs sampler,1
prior probability,gibbs sampler,1
probabilistic model,gibbs sampler,1
global optimum,global minimum,1
global minimum,learning curve,1
global minimum,neural network,1
global minimum,normal equation,1
global minimum,optimization objective,1
global minimum,optimization problem,1
global minimum,svm optimization,1
global optimum,gradient descent,1
global optimum,neural network learning,1
global optimum,optimization algorithms,1
gradient algorithm,gradient ascent,1
gradient algorithm,stochastic gradient algorithm,1
learning method,gradient ascent,1
machine learning,gradient ascent,1
optimal solution,gradient ascent,1
partial derivative,gradient ascent,1
predicted value,gradient ascent,1
gradient ascent,stochastic gradient algorithm,1
gradient descent,gradient checking,1
learning method,gradient checking,1
local minimum,gradient checking,1
local optima,gradient checking,1
optimization algorithms,gradient checking,1
iterative algorithm,gradient descent,1
learning method,gradient descent,1
gradient descent,learning rate,1
linear algebra,gradient descent,1
local minimum,gradient descent,1
local optima,gradient descent,1
gradient descent,logistic regression,1
machine learning,gradient descent,1
machine learning algorithm,gradient descent,1
matrix multiplication,gradient descent,1
matrix vector multiplication,gradient descent,1
gradient descent,mini-batch gradient descent,1
gradient descent,mini-batch size,1
minimization problem,gradient descent,1
model parameters,gradient descent,1
gradient descent,neural network,1
gradient descent,neural network learning,1
gradient descent,normal equation,1
matrix,gradient descent,1
optimal solution,gradient descent,1
optimization algorithms,gradient descent,1
optimization objective,gradient descent,1
optimization problem,gradient descent,1
parameter vector,gradient descent,1
partial derivative,gradient descent,1
gradient descent,regularized linear regression,1
gradient descent,regularized logistic regression,1
gradient descent,stochastic gradient algorithm,1
supervised learning,gradient descent,1
hidden unit,hidden layer,1
input layer,hidden layer,1
input units,hidden layer,1
machine learning,hidden layer,1
neural network,hidden layer,1
hidden layer,neural network learning,1
sigmoid function,hidden layer,1
input units,hidden unit,1
logistic function,hidden unit,1
neural network,hidden unit,1
hidden unit,neural network learning,1
parameter vector,hidden unit,1
k means,hierarchical clustering,1
high order polynomial,polynomial features,1
high order polynomial,polynomial regression,1
polynomial terms,high order polynomial,1
precision,learning curve,1
negative example,precision,1
precision,neural network,1
positive class,precision,1
positive data,precision,1
positive predictions,precision,1
precision,precision recall curve,1
predicted class,precision,1
predicted value,precision,1
test data,precision,1
test data set,precision,1
labeled data,recall,1
recall,learning curve,1
negative example,recall,1
recall,neural network,1
positive class,recall,1
positive data,recall,1
positive predictions,recall,1
recall,precision recall curve,1
predicted class,recall,1
predicted value,recall,1
test data,recall,1
test data set,recall,1
learning problem,hypothesis,1
hypothesis,linear classifier,1
hypothesis,linear regression,1
hypothesis,logistic regression,1
machine learning,hypothesis,1
machine learning algorithm,hypothesis,1
hypothesis,model selection,1
hypothesis,neural network,1
hypothesis,neural network learning,1
hypothesis,nonlinear hypotheses,1
hypothesis,online learning,1
hypothesis,polynomial regression,1
hypothesis,regression model,1
hypothesis,regularized linear regression,1
hypothesis,regularized logistic regression,1
hypothesis,stochastic gradient algorithm,1
hypothesis,support vector machine,1
linear algebra,identity matrics,1
identity matrics,matrix multiplication,1
identity matrics,matrix transpose,1
identity matrics,mean square error,1
identity matrics,multivariate gaussian distribution,1
matrix,identity matrics,1
labeled data,image classification,1
learning problem,image classification,1
machine learning,image classification,1
positive class,image classification,1
learning problem,image retrieval,1
machine learning,image retrieval,1
inner product,kernel function,1
inner product,large margin classifier,1
inner product,least squares,1
linear algebra,inner product,1
inner product,linear regression,1
inner product,logistic regression,1
inner product,neural network,1
inner product,normalized representation,1
inner product,optimization problem,1
inner product,polynomial kernel,1
inner product,squared error,1
inner product,support vector machine,1
inner product,svm optimization,1
vector multiplication,inner product,1
input data,learning method,1
input data,learning system,1
input data,linear classifier,1
input data,linear model,1
input data,logistic regression,1
machine learning,input data,1
input data,machine learning algorithm,1
input data,machine learning system,1
input data,multi-class classification,1
input data,neural network,1
input data,regression model,1
input data,sentiment analysis,1
input data,sentiment classifier,1
input data,support vector machine,1
input data,test data,1
input data,test data set,1
input data,training data,1
input data,training data set,1
input units,input layer,1
neural network,input layer,1
input layer,neural network learning,1
training data,input layer,1
training data set,input layer,1
input space,kernel regression,1
learning method,input space,1
learning problem,input space,1
input space,linear regression,1
machine learning,input space,1
input space,regression model,1
training data,input space,1
training data set,input space,1
neural network,input units,1
input units,neural network learning,1
training data,input units,1
training data set,input units,1
iterative algorithm,k means,1
joint model probability,latent dirichlet allocation,1
joint model probability,mixture model,1
joint model probability,probabilistic model,1
k means,k-means objective,1
learning method,k means,1
learning problem,k means,1
learning system,k means,1
machine learning,k means,1
machine learning algorithm,k means,1
optimization objective,k means,1
test data set,k means,1
unsupervised learning,k means,1
nearest neighbor search,k nearest neighbors,1
nearest neighbors,k nearest neighbors,1
local optima,k-means objective,1
linear kernel,kernel function,1
machine learning,kernel function,1
kernel function,polynomial kernel,1
kernel function,string kernel,1
support vector machine,kernel function,1
learning method,kernel regression,1
linear regression,kernel regression,1
machine learning,kernel regression,1
machine learning algorithm,kernel regression,1
optimization algorithms,kernel regression,1
optimization problem,kernel regression,1
regression model,kernel regression,1
training data set,kernel regression,1
partial derivative,l1 penalty,1
regularization,l1 penalty,1
labeled data,linear classifier,1
labeled data,logistic regression,1
labeled data,negative example,1
labeled data,neural network,1
labeled data,non-anomalous examples,1
labeled data,positive data,1
labeled data,positive training example,1
labeled data,supervised learning,1
labeled data,support vector machine,1
labeled data,training data,1
labeled data,training data set,1
labeled data,validation set,1
learning method,large margin classifier,1
linear classifier,large margin classifier,1
logistic regression,large margin classifier,1
negative example,large margin classifier,1
positive data,large margin classifier,1
large margin classifier,support vector machine,1
training data,large margin classifier,1
learning method,lasso regression,1
linear regression,lasso regression,1
machine learning,lasso regression,1
machine learning algorithm,lasso regression,1
optimal solution,lasso regression,1
optimization algorithms,lasso regression,1
optimization problem,lasso regression,1
regression coefficients,lasso regression,1
regression function,lasso regression,1
regression model,lasso regression,1
training data,lasso regression,1
learning method,latent dirichlet allocation,1
learning problem,latent dirichlet allocation,1
loss function,latent dirichlet allocation,1
machine learning,latent dirichlet allocation,1
machine learning algorithm,latent dirichlet allocation,1
matrix,latent dirichlet allocation,1
optimization algorithms,latent dirichlet allocation,1
prior probability,latent dirichlet allocation,1
probabilistic model,latent dirichlet allocation,1
learning problem,learning curve,1
machine learning,learning curve,1
optimization objective,learning curve,1
test data set,learning curve,1
test error,learning curve,1
training data,learning curve,1
training data set,learning curve,1
training error,learning curve,1
learning curve,variance problem,1
learning curve,overfitting,1
learning curve,underfitting,1
learning problem,learning method,1
learning system,learning method,1
learning method,linear classifier,1
learning method,linear regression,1
learning method,logistic regression,1
learning method,machine learning algorithm,1
learning method,misclassification error,1
learning method,mixture model,1
learning method,model complexity,1
learning method,model parameters,1
learning method,model selection,1
learning method,multi-class classification,1
learning method,nearest neighbor search,1
learning method,neural network,1
learning method,neural network learning,1
learning method,online learning,1
learning method,pedestrian detection,1
learning method,polynomial regression,1
learning method,regression model,1
learning method,regularized linear regression,1
learning method,regularized logistic regression,1
learning method,sentiment analysis,1
learning method,sentiment classifier,1
learning method,stochastic gradient algorithm,1
learning method,supervised learning,1
learning method,support vector machine,1
learning method,svm optimization,1
learning method,unsupervised learning,1
learning method,weak classifier,1
learning problem,learning system,1
learning problem,linear classifier,1
learning problem,linear regression,1
learning problem,logistic regression,1
learning problem,machine learning,1
learning problem,machine learning algorithm,1
learning problem,machine learning application,1
learning problem,machine learning system,1
learning problem,massive training set,1
learning problem,mixture model,1
learning problem,model selection,1
learning problem,multi-class classification,1
learning problem,nearest neighbor search,1
learning problem,neural network,1
learning problem,normal equation,1
learning problem,online learning,1
learning problem,photo ocr,1
learning problem,probabilistic model,1
learning problem,recommender system,1
learning problem,regression model,1
learning problem,regression problem,1
learning problem,spam filtering,1
learning problem,stochastic gradient algorithm,1
learning problem,supervised learning,1
learning problem,support vector machine,1
learning problem,svm optimization,1
learning problem,test data,1
learning problem,test data set,1
learning problem,training data,1
learning problem,training data set,1
learning problem,unsupervised learning,1
learning problem,validation set,1
learning problem,variance problem,1
learning problem,weak classifier,1
machine learning,learning rate,1
learning rate,neural network,1
learning rate,online learning,1
optimization algorithms,learning rate,1
learning rate,stochastic gradient algorithm,1
learning system,linear classifier,1
learning system,linear regression,1
learning system,logistic regression,1
machine learning,learning system,1
machine learning application,learning system,1
learning system,machine learning system,1
learning system,multi-class classification,1
learning system,neural network,1
learning system,photo ocr,1
learning system,recommender system,1
learning system,spam filtering,1
learning system,svm packages,1
least squares,mean square error,1
matrix,least squares,1
least squares,squared error,1
least squares,standard least squares,1
likelihood function,log likelihood,1
likelihood function,maximum likelihood,1
linear algebra,linear regression,1
linear algebra,logistic regression,1
linear algebra,matrix factorization,1
linear algebra,matrix multiplication,1
linear algebra,matrix transpose,1
linear algebra,matrix vector multiplication,1
linear algebra,multi-class classification,1
linear algebra,normal equation,1
linear algebra,optimization algorithms,1
linear algebra,parameter estimation,1
linear algebra,partial derivative,1
linear algebra,pca algorithm,1
linear algebra,principle components,1
linear algebra,regularization,1
linear algebra,regularized linear regression,1
linear algebra,square matrix,1
linear algebra,square projection error,1
linear algebra,stochastic gradient algorithm,1
linear algebra,support vector machine,1
linear algebra,symmetric matrix,1
linear algebra,vector multiplication,1
linear classifier,linear kernel,1
linear model,linear classifier,1
linear classifier,logistic regression,1
machine learning,linear classifier,1
machine learning algorithm,linear classifier,1
linear classifier,multi-class classification,1
negative example,linear classifier,1
linear classifier,neural network,1
positive class,linear classifier,1
positive data,linear classifier,1
positive predictions,linear classifier,1
positive training example,linear classifier,1
linear classifier,regularized logistic regression,1
linear classifier,sentiment analysis,1
linear classifier,support vector machine,1
support vector,linear kernel,1
support vector machine,linear kernel,1
linear model,linear regression,1
linear model,logistic regression,1
machine learning,linear model,1
loss function,linear regression,1
machine learning,linear regression,1
machine learning algorithm,linear regression,1
linear regression,neural network,1
linear regression,neural network learning,1
linear regression,normal equation,1
optimization algorithms,linear regression,1
optimization problem,linear regression,1
linear regression,polynomial regression,1
predicted value,linear regression,1
regression coefficients,linear regression,1
regression function,linear regression,1
regression model,linear regression,1
regression problem,linear regression,1
linear regression,regularized linear regression,1
supervised learning,linear regression,1
test data,linear regression,1
test data set,linear regression,1
training data,linear regression,1
training data set,linear regression,1
local optima,local minimum,1
local minimum,loss function,1
local minimum,neural network learning,1
local minimum,optimization algorithms,1
local minimum,partial derivative,1
local minimum,regularization,1
local optima,loss function,1
local optima,neural network learning,1
local optima,normal equation,1
local optima,optimization algorithms,1
local optima,optimization objective,1
local optima,partial derivative,1
local optima,regularization,1
local optima,support vector machine,1
local optima,svm optimization,1
log likelihood,maximum likelihood,1
log likelihood,maximum likelihood estimate,1
loss function,logistic function,1
logistic function,neural network,1
machine learning,logistic regression,1
machine learning algorithm,logistic regression,1
machine learning system,logistic regression,1
logistic regression,multi-class classification,1
negative example,logistic regression,1
logistic regression,neural network,1
logistic regression,neural network learning,1
matrix,logistic regression,1
optimization algorithms,logistic regression,1
optimization problem,logistic regression,1
parameter vector,logistic regression,1
positive class,logistic regression,1
positive data,logistic regression,1
positive training example,logistic regression,1
predicted value,logistic regression,1
logistic regression,regularized logistic regression,1
sigmoid function,logistic regression,1
supervised learning,logistic regression,1
logistic regression,support vector machine,1
test data,logistic regression,1
test data set,logistic regression,1
training data,logistic regression,1
training data set,logistic regression,1
machine learning,loss function,1
machine learning algorithm,loss function,1
model parameters,loss function,1
loss function,neural network,1
loss function,neural network learning,1
loss function,normal equation,1
optimization objective,loss function,1
optimization problem,loss function,1
parameter vector,loss function,1
loss function,regularized linear regression,1
loss function,regularized logistic regression,1
loss function,stochastic gradient algorithm,1
loss function,support vector machine,1
matrix,low rank matrix,1
machine learning,machine learning algorithm,1
machine learning,machine learning application,1
machine learning,machine learning system,1
machine learning,mixture model,1
machine learning,multi-class classification,1
machine learning,nearest neighbor search,1
machine learning,neural network,1
machine learning,normal equation,1
machine learning,ocr problem,1
machine learning,online learning,1
machine learning,pedestrian detection,1
machine learning,photo ocr,1
machine learning,polynomial regression,1
machine learning,regression problem,1
machine learning,regularized linear regression,1
machine learning,regularized logistic regression,1
machine learning,sentiment analysis,1
machine learning,sentiment classifier,1
machine learning,spam filtering,1
machine learning,supervised learning,1
machine learning,support vector machine,1
machine learning,svm optimization,1
machine learning,svm packages,1
machine learning,test data,1
machine learning,test data set,1
machine learning,training data,1
machine learning,training data set,1
machine learning,true negatives,1
machine learning,true positives,1
machine learning,unsupervised learning,1
machine learning,validation set,1
machine learning,variance problem,1
machine learning,weak classifier,1
machine learning,overfitting,1
machine learning,underfitting,1
machine learning algorithm,mixture model,1
machine learning algorithm,multi-class classification,1
machine learning algorithm,nearest neighbor search,1
machine learning algorithm,neural network,1
optimization algorithms,machine learning algorithm,1
optimization problem,machine learning algorithm,1
machine learning algorithm,regression model,1
machine learning algorithm,regularized linear regression,1
machine learning algorithm,regularized logistic regression,1
machine learning algorithm,sentiment analysis,1
machine learning algorithm,sentiment classifier,1
machine learning algorithm,support vector machine,1
machine learning system,machine learning application,1
machine learning application,ocr problem,1
machine learning application,photo ocr,1
machine learning application,recommender system,1
machine learning application,spam filtering,1
machine learning system,neural network,1
machine learning system,ocr problem,1
machine learning system,photo ocr,1
machine learning system,recommender system,1
machine learning system,spam filtering,1
machine learning system,support vector machine,1
machine learning system,svm optimization,1
machine learning system,svm packages,1
massive training set,neural network,1
supervised learning,massive training set,1
training data,massive training set,1
training data set,massive training set,1
matrix,matrix addition,1
matrix factorization,neural network,1
matrix,matrix factorization,1
matrix vector multiplication,matrix multiplication,1
matrix,matrix multiplication,1
vector multiplication,matrix multiplication,1
matrix,matrix transpose,1
matrix transpose,pca algorithm,1
square matrix,matrix transpose,1
matrix,matrix vector multiplication,1
vector multiplication,matrix vector multiplication,1
maximum likelihood,maximum likelihood estimate,1
optimization algorithms,maximum likelihood,1
parameter estimation,maximum likelihood,1
parameter vector,maximum likelihood,1
probabilistic model,maximum likelihood,1
probability density,maximum likelihood,1
random variable,maximum likelihood,1
parameter estimation,maximum likelihood estimate,1
parameter vector,maximum likelihood estimate,1
probabilistic model,maximum likelihood estimate,1
probability density,maximum likelihood estimate,1
random variable,maximum likelihood estimate,1
mini-batch gradient descent,mini-batch size,1
training data,mini-batch gradient descent,1
training data set,mini-batch gradient descent,1
minimization problem,neural network,1
optimal solution,minimization problem,1
optimization problem,minimization problem,1
minimization problem,regularization,1
minimization problem,support vector machine,1
misclassification error,regularization,1
misclassification error,overfitting,1
misclassification error,underfitting,1
model parameters,mixture model,1
prior probability,mixture model,1
probabilistic model,mixture model,1
random variable,mixture model,1
model parameters,model complexity,1
model complexity,model selection,1
model parameters,model selection,1
model parameters,regression coefficients,1
model parameters,regularization,1
model parameters,tuning parameter,1
model parameters,overfitting,1
parameter vector,model selection,1
test data,model selection,1
test data set,model selection,1
test error,model selection,1
training data,model selection,1
training data set,model selection,1
training error,model selection,1
tuning parameter,model selection,1
validation error,model selection,1
validation set,model selection,1
variance problem,model selection,1
overfitting,model selection,1
underfitting,model selection,1
negative example,multi-class classification,1
multi-class classification,neural network,1
multi-class classification,neural network learning,1
positive class,multi-class classification,1
positive data,multi-class classification,1
training data,multi-class classification,1
training data set,multi-class classification,1
multivariate gaussian distribution,multivariate gaussian model,1
probability density,multivariate gaussian distribution,1
matrix,multivariate gaussian model,1
parameter estimation,multivariate gaussian model,1
probability density,multivariate gaussian model,1
symmetric matrix,multivariate gaussian model,1
nearest neighbors,nearest neighbor search,1
unsupervised learning,nearest neighbor search,1
negative example,neural network,1
predicted class,negative example,1
negative example,regularized linear regression,1
negative example,regularized logistic regression,1
negative example,supervised learning,1
negative example,support vector machine,1
negative example,training error,1
neural network,neural network learning,1
nonlinear hypotheses,neural network,1
matrix,neural network,1
optimal solution,neural network,1
optimization algorithms,neural network,1
optimization objective,neural network,1
optimization problem,neural network,1
neural network,output layer,1
neural network,output unit,1
parameter vector,neural network,1
partial derivative,neural network,1
positive class,neural network,1
positive data,neural network,1
regularization,neural network,1
sigmoid function,neural network,1
stochastic gradient algorithm,neural network,1
supervised learning,neural network,1
test data,neural network,1
test data set,neural network,1
training data,neural network,1
training data set,neural network,1
matrix,neural network learning,1
optimization algorithms,neural network learning,1
partial derivative,neural network learning,1
training data,neural network learning,1
training data set,neural network learning,1
training data,non-anomalous examples,1
matrix,normal equation,1
optimal solution,normal equation,1
optimization objective,normal equation,1
parameter vector,normal equation,1
partial derivative,normal equation,1
regression model,normal equation,1
regression problem,normal equation,1
training data,normal equation,1
training data set,normal equation,1
matrix,optimization algorithms,1
matrix,parameter estimation,1
matrix,partial derivative,1
matrix,pca algorithm,1
matrix,polynomial regression,1
matrix,regularization,1
matrix,regularized linear regression,1
matrix,square matrix,1
matrix,square projection error,1
matrix,standard deviation,1
matrix,stochastic gradient algorithm,1
matrix,support vector machine,1
matrix,svm optimization,1
matrix,svm packages,1
matrix,symmetric matrix,1
ocr problem,photo ocr,1
test data,online learning,1
test data set,online learning,1
training data,online learning,1
training data set,online learning,1
optimization algorithms,optimal solution,1
optimization objective,optimal solution,1
optimization problem,optimal solution,1
parameter vector,optimal solution,1
optimal solution,regularization,1
optimal solution,stochastic gradient algorithm,1
optimal solution,support vector machine,1
optimization problem,optimization algorithms,1
parameter vector,optimization algorithms,1
partial derivative,optimization algorithms,1
optimization algorithms,polynomial regression,1
optimization algorithms,regularized linear regression,1
optimization algorithms,regularized logistic regression,1
optimization algorithms,stochastic gradient algorithm,1
optimization algorithms,support vector machine,1
optimization problem,optimization objective,1
parameter vector,optimization objective,1
partial derivative,optimization objective,1
optimization objective,polynomial regression,1
optimization objective,regularization,1
optimization objective,regularized linear regression,1
optimization objective,stochastic gradient algorithm,1
optimization objective,support vector machine,1
optimization objective,tuning parameter,1
partial derivative,optimization problem,1
optimization problem,regularization,1
optimization problem,regularized linear regression,1
optimization problem,support vector machine,1
optimization problem,svm optimization,1
output unit,output layer,1
parameter vector,output layer,1
parameter vector,output unit,1
parameter vector,polynomial regression,1
parameter vector,regularization,1
parameter vector,regularized linear regression,1
parameter vector,regularized logistic regression,1
parameter vector,svm optimization,1
parameter vector,svm packages,1
partial derivative,regularized linear regression,1
partial derivative,regularized logistic regression,1
partial derivative,stochastic gradient algorithm,1
principle components,pca algorithm,1
square projection error,pca algorithm,1
supervised learning,pedestrian detection,1
test data set,pedestrian detection,1
training data,pedestrian detection,1
training data set,pedestrian detection,1
polynomial features,polynomial regression,1
polynomial terms,polynomial features,1
support vector,polynomial kernel,1
support vector machine,polynomial kernel,1
svm packages,polynomial kernel,1
polynomial terms,polynomial regression,1
regression function,polynomial regression,1
regression model,polynomial regression,1
regression problem,polynomial regression,1
test data,polynomial regression,1
test data set,polynomial regression,1
training data,polynomial regression,1
training data set,polynomial regression,1
polynomial terms,regularization,1
polynomial terms,regularized linear regression,1
polynomial terms,regularized logistic regression,1
polynomial terms,squared error,1
polynomial terms,support vector machine,1
positive data,positive class,1
positive class,precision recall curve,1
positive class,support vector machine,1
positive class,svm optimization,1
positive class,true negatives,1
positive class,true positives,1
positive data,positive training example,1
positive data,precision recall curve,1
positive data,regularized logistic regression,1
positive data,support vector,1
positive data,support vector machine,1
positive data,true positives,1
training data,positive training example,1
training data set,positive training example,1
test data,precision recall curve,1
test data set,predicted class,1
predicted class,true positives,1
predicted value,regression model,1
test data,predicted value,1
test data set,predicted value,1
test data,prediction error,1
test data set,prediction error,1
prediction error,test error,1
prediction error,training error,1
prediction error,validation error,1
square projection error,principle components,1
random variable,prior probability,1
random variable,probabilistic model,1
standard deviation,probabilistic model,1
random variable,probability density,1
random numbers,random variable,1
random numbers,standard deviation,1
random variable,standard deviation,1
regression model,regression coefficients,1
regression function,regression model,1
regression model,regularized linear regression,1
supervised learning,regression model,1
training data,regression model,1
training data set,regression model,1
supervised learning,regression problem,1
training data,regression problem,1
training data set,regression problem,1
regularization,regularized linear regression,1
regularization,regularized logistic regression,1
supervised learning,regularization,1
variance problem,regularization,1
overfitting,regularization,1
underfitting,regularization,1
test data set,regularized linear regression,1
training data,regularized linear regression,1
training data set,regularized linear regression,1
sigmoid function,regularized logistic regression,1
test data,regularized logistic regression,1
training data,regularized logistic regression,1
training data set,regularized logistic regression,1
sentiment analysis,sentiment classifier,1
test data,sentiment analysis,1
test data set,sentiment analysis,1
training data,sentiment analysis,1
training data set,sentiment analysis,1
test data,sentiment classifier,1
training data,sentiment classifier,1
square matrix,square distances,1
square distances,square projection error,1
square matrix,square projection error,1
squared error,standard least squares,1
support vector,string kernel,1
support vector machine,string kernel,1
supervised learning,support vector machine,1
test data,supervised learning,1
test data set,supervised learning,1
training data,supervised learning,1
training data set,supervised learning,1
supervised learning,variance problem,1
supervised learning,overfitting,1
support vector,support vector machine,1
support vector,svm optimization,1
support vector,svm packages,1
support vector machine,svm optimization,1
support vector machine,svm packages,1
test data,support vector machine,1
test data set,support vector machine,1
training data,support vector machine,1
training data set,support vector machine,1
test data,test data set,1
test data,test error,1
test data,true negatives,1
test data,true positives,1
test data,validation error,1
test data,validation set,1
test data,overfitting,1
test data,underfitting,1
test data set,test error,1
test data set,true negatives,1
test data set,true positives,1
test data set,validation error,1
test data set,validation set,1
test data set,variance problem,1
test data set,overfitting,1
test data set,underfitting,1
test error,validation error,1
test error,variance problem,1
test error,overfitting,1
test error,underfitting,1
training data,training data set,1
training data,training error,1
training data,true negatives,1
training data,true positives,1
training data,validation error,1
training data,validation set,1
training data,variance problem,1
training data,overfitting,1
training data,underfitting,1
training data set,training error,1
training data set,true negatives,1
training data set,true positives,1
training data set,validation error,1
training data set,validation set,1
training data set,variance problem,1
training data set,overfitting,1
training data set,underfitting,1
training error,validation error,1
training error,variance problem,1
training error,overfitting,1
training error,underfitting,1
validation set,validation error,1
overfitting,validation error,1
underfitting,validation error,1
activation function,bias unit,0
activation function,features,0
activation function,derivative term,0
activation function,error cost function,0
activation function,feature vector,0
activation function,gradient descent,0
activation function,recall,0
activation function,hypothesis,0
activation function,input layer,0
activation function,input units,0
activation function,learning method,0
activation function,learning problem,0
activation function,linear regression,0
activation function,logistic regression,0
activation function,loss function,0
activation function,matrix vector multiplication,0
activation function,minimization problem,0
activation function,negative example,0
activation function,nonlinear hypotheses,0
activation function,matrix,0
activation function,optimal solution,0
activation function,optimization algorithms,0
activation function,optimization objective,0
activation function,optimization problem,0
activation function,output label,0
activation function,output layer,0
activation function,output unit,0
activation function,parameter vector,0
activation function,partial derivative,0
activation function,polynomial terms,0
activation function,positive data,0
activation function,regression model,0
activation function,regularization,0
activation function,squared error,0
activation function,supervised learning,0
activation function,support vector,0
activation function,support vector machine,0
activation function,test data set,0
activation function,training data,0
activation function,training data set,0
activation function,validation set,0
activation function,vector multiplication,0
activation values,bias unit,0
activation values,features,0
activation values,derivative term,0
activation values,error cost function,0
activation values,feature vector,0
activation values,gradient descent,0
activation values,recall,0
activation values,input layer,0
activation values,input units,0
activation values,learning method,0
activation values,linear regression,0
activation values,logistic function,0
activation values,logistic regression,0
activation values,loss function,0
activation values,matrix vector multiplication,0
activation values,nonlinear hypotheses,0
activation values,matrix,0
activation values,optimization algorithms,0
activation values,output label,0
activation values,output layer,0
activation values,output unit,0
activation values,partial derivative,0
activation values,polynomial terms,0
activation values,regression model,0
activation values,regularization,0
activation values,sigmoid function,0
activation values,squared error,0
activation values,training data,0
activation values,training data set,0
activation values,vector multiplication,0
adaboost,classification error,0
adaboost,computer vision,0
adaboost,data set,0
adaboost,decision boundaries,0
adaboost,decision stamp,0
adaboost,decision tree,0
adaboost,face detection,0
adaboost,precision,0
adaboost,recall,0
adaboost,loss function,0
adaboost,optimal solution,0
adaboost,sentiment analysis,0
adaboost,overfitting,0
agglomerative clustering,features,0
agglomerative clustering,feature space,0
agglomerative clustering,mixture model,0
agglomerative clustering,nearest neighbors,0
anomalous example,classification accuracy,0
anomalous example,cluster,0
anomalous example,features,0
anomalous example,cross validation,0
anomalous example,cross validation sets,0
anomalous example,error analysis,0
anomalous example,evaluation metrics,0
anomalous example,f1 score,0
anomalous example,false negative,0
anomalous example,false positives,0
anomalous example,feature vector,0
anomalous example,gaussian density,0
anomalous example,recall,0
anomalous example,learning method,0
anomalous example,learning problem,0
anomalous example,machine learning,0
anomalous example,non-anomalous examples,0
anomalous example,parameter estimation,0
anomalous example,standard deviation,0
anomalous example,supervised learning,0
anomalous example,test data,0
anomalous example,test data set,0
anomalous example,true negatives,0
anomalous example,true positives,0
anomalous example,unsupervised learning,0
anomalous example,validation set,0
anomaly detection,big data sets,0
anomaly detection,classification accuracy,0
anomaly detection,cluster,0
anomaly detection,features,0
anomaly detection,computer vision,0
anomaly detection,covariance matrix,0
anomaly detection,cross validation,0
anomaly detection,cross validation sets,0
anomaly detection,dimensionality reduction,0
anomaly detection,error analysis,0
anomaly detection,evaluation metrics,0
anomaly detection,f1 score,0
anomaly detection,false negative,0
anomaly detection,false positives,0
anomaly detection,feature vector,0
anomaly detection,gaussian density,0
anomaly detection,gaussian model,0
anomaly detection,hierarchical clustering,0
anomaly detection,precision,0
anomaly detection,recall,0
anomaly detection,identity matrics,0
anomaly detection,k means,0
anomaly detection,learning curve,0
anomaly detection,linear algebra,0
anomaly detection,linear regression,0
anomaly detection,logistic regression,0
anomaly detection,maximum likelihood,0
anomaly detection,maximum likelihood estimate,0
anomaly detection,multivariate gaussian distribution,0
anomaly detection,multivariate gaussian model,0
anomaly detection,neural network,0
anomaly detection,matrix,0
anomaly detection,parameter estimation,0
anomaly detection,probability density,0
anomaly detection,random variable,0
anomaly detection,recommender system,0
anomaly detection,regularization,0
anomaly detection,standard deviation,0
anomaly detection,symmetric matrix,0
anomaly detection,test data,0
anomaly detection,test data set,0
anomaly detection,true negatives,0
anomaly detection,true positives,0
anomaly detection,validation set,0
anomaly detection,variance problem,0
back prop,gradient checking,0
back prop,recall,0
back prop,output label,0
back prop,regularization,0
batch gradient descent,cluster,0
batch gradient descent,features,0
batch gradient descent,convex function,0
batch gradient descent,data set,0
batch gradient descent,error cost function,0
batch gradient descent,learning curve,0
batch gradient descent,linear regression,0
batch gradient descent,logistic regression,0
batch gradient descent,machine learning,0
batch gradient descent,machine learning algorithm,0
batch gradient descent,massive training set,0
batch gradient descent,neural network,0
batch gradient descent,normal equation,0
batch gradient descent,online learning,0
batch gradient descent,regression model,0
batch gradient descent,stochastic gradient algorithm,0
batch gradient descent,training data,0
batch gradient descent,training data set,0
bayesian approach,cluster center,0
bayesian approach,cluster,0
bayesian approach,clustering algorithm,0
bayesian approach,coordinate descent,0
bayesian approach,covariance matrix,0
bayesian approach,gibbs sampler,0
bayesian approach,recall,0
bayesian approach,k means,0
bayesian approach,latent dirichlet allocation,0
bayesian approach,loss function,0
bayesian approach,mixture model,0
bayesian approach,model parameters,0
bayesian approach,matrix,0
bayesian inference,big data sets,0
bayesian inference,cluster,0
bayesian inference,clustering algorithm,0
bayesian inference,features,0
bayesian inference,coordinate descent,0
bayesian inference,expectation maximization,0
bayesian inference,gradient descent,0
bayesian inference,recall,0
bayesian inference,k means,0
bayesian inference,locality sensitive hashing,0
bayesian inference,loss function,0
bayesian inference,mixture model,0
bayesian inference,nearest neighbor search,0
bayesian inference,nearest neighbors,0
bayesian inference,stochastic gradient algorithm,0
bayesian inference,supervised learning,0
bayesian inference,unsupervised learning,0
bias problem,classification approach,0
bias problem,features,0
bias problem,cross validation,0
bias problem,cross validation sets,0
bias problem,hidden layer,0
bias problem,hidden unit,0
bias problem,high order polynomial,0
bias problem,linear regression,0
bias problem,logistic regression,0
bias problem,machine learning system,0
bias problem,neural network,0
bias problem,optimization objective,0
bias problem,parameter vector,0
bias problem,polynomial features,0
bias problem,regularized linear regression,0
bias problem,squared error,0
bias problem,validation error,0
bias problem,validation set,0
bias problem,variance problem,0
bias problem,overfitting,0
bias problem,underfitting,0
bias unit,binary classification,0
bias unit,classification problem,0
bias unit,features,0
bias unit,decision boundaries,0
bias unit,error cost function,0
bias unit,feature vector,0
bias unit,hypothesis,0
bias unit,learning method,0
bias unit,learning problem,0
bias unit,linear regression,0
bias unit,logistic function,0
bias unit,logistic regression,0
bias unit,loss function,0
bias unit,matrix vector multiplication,0
bias unit,multi-class classification,0
bias unit,negative example,0
bias unit,nonlinear hypotheses,0
bias unit,matrix,0
bias unit,output layer,0
bias unit,output unit,0
bias unit,partial derivative,0
bias unit,polynomial terms,0
bias unit,positive data,0
bias unit,regression model,0
bias unit,regularization,0
bias unit,sigmoid function,0
bias unit,squared error,0
bias unit,training data,0
bias unit,training data set,0
bias unit,vector multiplication,0
bias variance trade-off,classification problem,0
bias variance trade-off,features,0
bias variance trade-off,coordinate descent,0
bias variance trade-off,cross validation,0
bias variance trade-off,decision boundaries,0
bias variance trade-off,feature scaling,0
bias variance trade-off,feature selection,0
bias variance trade-off,feature space,0
bias variance trade-off,feature vector,0
bias variance trade-off,gaussian kernel,0
bias variance trade-off,generalized linear models,0
bias variance trade-off,global minimum,0
bias variance trade-off,gradient descent,0
bias variance trade-off,hypothesis,0
bias variance trade-off,identity matrics,0
bias variance trade-off,inner product,0
bias variance trade-off,input space,0
bias variance trade-off,kernel function,0
bias variance trade-off,kernel regression,0
bias variance trade-off,least squares,0
bias variance trade-off,linear classifier,0
bias variance trade-off,linear kernel,0
bias variance trade-off,linear model,0
bias variance trade-off,linear regression,0
bias variance trade-off,local optima,0
bias variance trade-off,logistic regression,0
bias variance trade-off,machine learning application,0
bias variance trade-off,maximum likelihood,0
bias variance trade-off,maximum likelihood estimate,0
bias variance trade-off,mean square error,0
bias variance trade-off,minimization problem,0
bias variance trade-off,multi-class classification,0
bias variance trade-off,nearest neighbors,0
bias variance trade-off,negative example,0
bias variance trade-off,neural network,0
bias variance trade-off,matrix,0
bias variance trade-off,optimization objective,0
bias variance trade-off,optimization problem,0
bias variance trade-off,parameter vector,0
bias variance trade-off,polynomial kernel,0
bias variance trade-off,polynomial regression,0
bias variance trade-off,positive class,0
bias variance trade-off,predicted value,0
bias variance trade-off,regression model,0
bias variance trade-off,regularized logistic regression,0
bias variance trade-off,squared error,0
bias variance trade-off,string kernel,0
bias variance trade-off,support vector,0
bias variance trade-off,support vector machine,0
bias variance trade-off,svm optimization,0
bias variance trade-off,svm packages,0
big data sets,cluster center,0
big data sets,cluster,0
big data sets,clustering algorithm,0
big data sets,collaborative filtering,0
big data sets,features,0
big data sets,computer vision,0
big data sets,coordinate descent,0
big data sets,decision tree,0
big data sets,derivative term,0
big data sets,dimensionality reduction,0
big data sets,expectation maximization,0
big data sets,gibbs sampler,0
big data sets,global minimum,0
big data sets,gradient algorithm,0
big data sets,gradient ascent,0
big data sets,gradient descent,0
big data sets,hidden unit,0
big data sets,hierarchical clustering,0
big data sets,hypothesis,0
big data sets,k means,0
big data sets,labeled data,0
big data sets,latent dirichlet allocation,0
big data sets,learning curve,0
big data sets,learning method,0
big data sets,learning problem,0
big data sets,learning rate,0
big data sets,learning system,0
big data sets,linear algebra,0
big data sets,linear classifier,0
big data sets,linear regression,0
big data sets,locality sensitive hashing,0
big data sets,logistic regression,0
big data sets,loss function,0
big data sets,machine learning,0
big data sets,machine learning algorithm,0
big data sets,machine learning system,0
big data sets,matrix factorization,0
big data sets,mixture model,0
big data sets,nearest neighbor search,0
big data sets,nearest neighbors,0
big data sets,matrix,0
big data sets,online learning,0
big data sets,optimal solution,0
big data sets,optimization algorithms,0
big data sets,optimization objective,0
big data sets,output label,0
big data sets,partial derivative,0
big data sets,probabilistic model,0
big data sets,regression model,0
big data sets,sentiment analysis,0
big data sets,square distances,0
big data sets,squared error,0
big data sets,stochastic gradient algorithm,0
big data sets,supervised learning,0
big data sets,training data,0
big data sets,training data set,0
big data sets,unsupervised learning,0
big data sets,validation set,0
big data sets,overfitting,0
binary classification,classification accuracy,0
binary classification,classification error,0
binary classification,decision stamp,0
binary classification,decision tree,0
binary classification,error analysis,0
binary classification,false negative,0
binary classification,false positives,0
binary classification,greedy algorithm,0
binary classification,precision,0
binary classification,recall,0
binary classification,hypothesis,0
binary classification,linear classifier,0
binary classification,linear regression,0
binary classification,logistic regression,0
binary classification,loss function,0
binary classification,output layer,0
binary classification,output unit,0
binary classification,spam filtering,0
binary classification,training error,0
binary classification,true positives,0
binary classification,validation set,0
boosting algorithm,classification error,0
boosting algorithm,computer vision,0
boosting algorithm,decision boundaries,0
boosting algorithm,decision stamp,0
boosting algorithm,decision tree,0
boosting algorithm,face detection,0
boosting algorithm,greedy algorithm,0
boosting algorithm,precision,0
boosting algorithm,recall,0
boosting algorithm,logistic regression,0
boosting algorithm,loss function,0
boosting algorithm,regression model,0
boosting algorithm,sentiment analysis,0
boosting algorithm,training error,0
character recognition,features,0
character recognition,face detection,0
character recognition,hidden unit,0
character recognition,learning curve,0
character recognition,learning method,0
character recognition,logistic regression,0
character recognition,massive training set,0
character segmentation,classification approach,0
character segmentation,classification problem,0
character segmentation,features,0
character segmentation,computer vision,0
character segmentation,face detection,0
character segmentation,recall,0
character segmentation,learning method,0
character segmentation,logistic regression,0
character segmentation,negative example,0
character segmentation,ocr problem,0
character segmentation,pedestrian detection,0
character segmentation,photo ocr,0
character segmentation,positive data,0
character segmentation,supervised learning,0
classification accuracy,classification error,0
classification accuracy,features,0
classification accuracy,computer vision,0
classification accuracy,cross validation sets,0
classification accuracy,deep features,0
classification accuracy,deep learning,0
classification accuracy,feature extraction,0
classification accuracy,feature scaling,0
classification accuracy,feature vector,0
classification accuracy,precision,0
classification accuracy,recall,0
classification accuracy,hypothesis,0
classification accuracy,image classification,0
classification accuracy,image retrieval,0
classification accuracy,learning method,0
classification accuracy,learning system,0
classification accuracy,linear regression,0
classification accuracy,logistic regression,0
classification accuracy,machine learning algorithm,0
classification accuracy,mean normalization,0
classification accuracy,minimization problem,0
classification accuracy,neural network,0
classification accuracy,non-anomalous examples,0
classification accuracy,matrix,0
classification accuracy,recommender system,0
classification accuracy,regularization,0
classification accuracy,sentiment analysis,0
classification accuracy,support vector,0
classification accuracy,support vector machine,0
classification accuracy,training data,0
classification accuracy,training data set,0
classification accuracy,unsupervised learning,0
classification approach,cluster,0
classification approach,collaborative filtering,0
classification approach,computer vision,0
classification approach,decision stamp,0
classification approach,derivative term,0
classification approach,design matrix,0
classification approach,document retrieval,0
classification approach,evaluation metrics,0
classification approach,feature scaling,0
classification approach,global minimum,0
classification approach,gradient descent,0
classification approach,hidden unit,0
classification approach,hypothesis,0
classification approach,iterative algorithm,0
classification approach,learning rate,0
classification approach,learning system,0
classification approach,linear regression,0
classification approach,loss function,0
classification approach,machine learning application,0
classification approach,machine learning system,0
classification approach,massive training set,0
classification approach,matrix factorization,0
classification approach,maximum likelihood,0
classification approach,maximum likelihood estimate,0
classification approach,negative example,0
classification approach,normal equation,0
classification approach,matrix,0
classification approach,ocr problem,0
classification approach,optimal solution,0
classification approach,parameter vector,0
classification approach,partial derivative,0
classification approach,photo ocr,0
classification approach,recommender system,0
classification approach,regression model,0
classification approach,regression problem,0
classification approach,test data set,0
classification approach,training data,0
classification approach,training data set,0
classification error,features,0
classification error,decision boundaries,0
classification error,decision stamp,0
classification error,decision tree,0
classification error,early stopping,0
classification error,gradient descent,0
classification error,greedy algorithm,0
classification error,high order polynomial,0
classification error,precision,0
classification error,recall,0
classification error,hypothesis,0
classification error,input data,0
classification error,learning curve,0
classification error,learning method,0
classification error,learning problem,0
classification error,linear classifier,0
classification error,linear regression,0
classification error,logistic regression,0
classification error,loss function,0
classification error,machine learning algorithm,0
classification error,machine learning application,0
classification error,misclassification error,0
classification error,model complexity,0
classification error,matrix,0
classification error,polynomial features,0
classification error,regression model,0
classification error,sentiment analysis,0
classification error,spam filtering,0
classification error,squared error,0
classification error,test data,0
classification error,test data set,0
classification error,training data,0
classification error,training data set,0
classification error,validation set,0
classification error,weak classifier,0
classification problem,cluster center,0
classification problem,cluster,0
classification problem,features,0
classification problem,computer vision,0
classification problem,conjugate gradient,0
classification problem,decision stamp,0
classification problem,deep features,0
classification problem,derivative term,0
classification problem,error analysis,0
classification problem,false negative,0
classification problem,false positives,0
classification problem,feature scaling,0
classification problem,feature space,0
classification problem,feature vector,0
classification problem,gaussian kernel,0
classification problem,global minimum,0
classification problem,global optimum,0
classification problem,gradient checking,0
classification problem,gradient descent,0
classification problem,greedy algorithm,0
classification problem,hidden layer,0
classification problem,hidden unit,0
classification problem,precision,0
classification problem,recall,0
classification problem,hypothesis,0
classification problem,image retrieval,0
classification problem,inner product,0
classification problem,input data,0
classification problem,input layer,0
classification problem,input space,0
classification problem,input units,0
classification problem,kernel function,0
classification problem,labeled data,0
classification problem,learning method,0
classification problem,learning rate,0
classification problem,learning system,0
classification problem,linear kernel,0
classification problem,linear regression,0
classification problem,local minimum,0
classification problem,local optima,0
classification problem,logistic function,0
classification problem,loss function,0
classification problem,machine learning algorithm,0
classification problem,machine learning application,0
classification problem,machine learning system,0
classification problem,maximum likelihood,0
classification problem,maximum likelihood estimate,0
classification problem,nearest neighbors,0
classification problem,negative example,0
classification problem,nonlinear hypotheses,0
classification problem,matrix,0
classification problem,optimal solution,0
classification problem,optimization algorithms,0
classification problem,optimization problem,0
classification problem,output label,0
classification problem,output layer,0
classification problem,output unit,0
classification problem,parameter vector,0
classification problem,partial derivative,0
classification problem,pedestrian detection,0
classification problem,photo ocr,0
classification problem,polynomial features,0
classification problem,polynomial kernel,0
classification problem,polynomial terms,0
classification problem,positive class,0
classification problem,positive data,0
classification problem,positive predictions,0
classification problem,positive training example,0
classification problem,predicted class,0
classification problem,predicted value,0
classification problem,regression model,0
classification problem,regression problem,0
classification problem,regularization,0
classification problem,sigmoid function,0
classification problem,spam filtering,0
classification problem,squared error,0
classification problem,string kernel,0
classification problem,support vector,0
classification problem,svm optimization,0
classification problem,svm packages,0
classification problem,test data,0
classification problem,test data set,0
classification problem,test error,0
classification problem,training data,0
classification problem,training data set,0
classification problem,training error,0
classification problem,transfer learning,0
classification problem,true positives,0
classification problem,unsupervised learning,0
classification problem,validation set,0
classification problem,overfitting,0
classification problem,underfitting,0
cluster center,features,0
cluster center,coordinate descent,0
cluster center,covariance matrix,0
cluster center,data set,0
cluster center,document retrieval,0
cluster center,expectation maximization,0
cluster center,gaussian density,0
cluster center,gaussian model,0
cluster center,global optimum,0
cluster center,recall,0
cluster center,input space,0
cluster center,iterative algorithm,0
cluster center,labeled data,0
cluster center,latent dirichlet allocation,0
cluster center,learning method,0
cluster center,learning problem,0
cluster center,linear regression,0
cluster center,local optima,0
cluster center,locality sensitive hashing,0
cluster center,log likelihood,0
cluster center,logistic regression,0
cluster center,loss function,0
cluster center,machine learning,0
cluster center,machine learning algorithm,0
cluster center,maximum likelihood,0
cluster center,maximum likelihood estimate,0
cluster center,mixture model,0
cluster center,model parameters,0
cluster center,nearest neighbor search,0
cluster center,nearest neighbors,0
cluster center,matrix,0
cluster center,optimization objective,0
cluster center,output label,0
cluster center,parameter estimation,0
cluster center,prior probability,0
cluster center,probabilistic model,0
cluster center,square distances,0
cluster center,supervised learning,0
cluster center,training data,0
cluster center,training data set,0
cluster center,unsupervised learning,0
cluster,features,0
cluster,computer vision,0
cluster,conditional distribution,0
cluster,coordinate descent,0
cluster,covariance matrix,0
cluster,cross validation,0
cluster,data representation,0
cluster,data set,0
cluster,decision boundaries,0
cluster,decision tree,0
cluster,deep learning,0
cluster,derivative term,0
cluster,dimensionality reduction,0
cluster,document retrieval,0
cluster,error analysis,0
cluster,evaluation metrics,0
cluster,expectation maximization,0
cluster,f1 score,0
cluster,feature space,0
cluster,feature vector,0
cluster,gaussian density,0
cluster,gaussian model,0
cluster,gibbs sampler,0
cluster,global optimum,0
cluster,gradient algorithm,0
cluster,gradient descent,0
cluster,precision,0
cluster,recall,0
cluster,hypothesis,0
cluster,inner product,0
cluster,input space,0
cluster,iterative algorithm,0
cluster,joint model probability,0
cluster,k nearest neighbors,0
cluster,labeled data,0
cluster,latent dirichlet allocation,0
cluster,learning curve,0
cluster,learning method,0
cluster,learning problem,0
cluster,learning rate,0
cluster,learning system,0
cluster,linear algebra,0
cluster,linear classifier,0
cluster,linear regression,0
cluster,local optima,0
cluster,locality sensitive hashing,0
cluster,log likelihood,0
cluster,logistic regression,0
cluster,loss function,0
cluster,machine learning,0
cluster,machine learning algorithm,0
cluster,machine learning system,0
cluster,matrix factorization,0
cluster,maximum likelihood,0
cluster,maximum likelihood estimate,0
cluster,mixture model,0
cluster,model complexity,0
cluster,model parameters,0
cluster,multi-class classification,0
cluster,nearest neighbor search,0
cluster,nearest neighbors,0
cluster,negative example,0
cluster,neural network,0
cluster,non-anomalous examples,0
cluster,matrix,0
cluster,online learning,0
cluster,optimization algorithms,0
cluster,optimization objective,0
cluster,output label,0
cluster,parameter estimation,0
cluster,partial derivative,0
cluster,prior probability,0
cluster,probabilistic model,0
cluster,random variable,0
cluster,recommender system,0
cluster,regression model,0
cluster,regularization,0
cluster,sentiment analysis,0
cluster,square distances,0
cluster,stochastic gradient algorithm,0
cluster,supervised learning,0
cluster,support vector,0
cluster,support vector machine,0
cluster,symmetric matrix,0
cluster,test data set,0
cluster,training data,0
cluster,training data set,0
cluster,variance problem,0
cluster,overfitting,0
clustering algorithm,collaborative filtering,0
clustering algorithm,features,0
clustering algorithm,computer vision,0
clustering algorithm,conditional distribution,0
clustering algorithm,coordinate descent,0
clustering algorithm,decision boundaries,0
clustering algorithm,deep learning,0
clustering algorithm,dimensionality reduction,0
clustering algorithm,document retrieval,0
clustering algorithm,gaussian model,0
clustering algorithm,gibbs sampler,0
clustering algorithm,gradient descent,0
clustering algorithm,recall,0
clustering algorithm,hypothesis,0
clustering algorithm,iterative algorithm,0
clustering algorithm,joint model probability,0
clustering algorithm,labeled data,0
clustering algorithm,latent dirichlet allocation,0
clustering algorithm,linear algebra,0
clustering algorithm,linear classifier,0
clustering algorithm,linear regression,0
clustering algorithm,local optima,0
clustering algorithm,logistic regression,0
clustering algorithm,loss function,0
clustering algorithm,matrix factorization,0
clustering algorithm,maximum likelihood,0
clustering algorithm,maximum likelihood estimate,0
clustering algorithm,mixture model,0
clustering algorithm,model parameters,0
clustering algorithm,nearest neighbor search,0
clustering algorithm,negative example,0
clustering algorithm,matrix,0
clustering algorithm,online learning,0
clustering algorithm,optimization algorithms,0
clustering algorithm,optimization objective,0
clustering algorithm,prior probability,0
clustering algorithm,probabilistic model,0
clustering algorithm,recommender system,0
clustering algorithm,sentiment analysis,0
clustering algorithm,square distances,0
clustering algorithm,supervised learning,0
clustering algorithm,training data,0
clustering algorithm,training data set,0
clustering algorithm,overfitting,0
collaborative filtering,features,0
collaborative filtering,computer vision,0
collaborative filtering,coordinate descent,0
collaborative filtering,decision boundaries,0
collaborative filtering,decision tree,0
collaborative filtering,deep learning,0
collaborative filtering,dimensionality reduction,0
collaborative filtering,document retrieval,0
collaborative filtering,estimated parameters,0
collaborative filtering,expectation maximization,0
collaborative filtering,gradient descent,0
collaborative filtering,hypothesis,0
collaborative filtering,inner product,0
collaborative filtering,k means,0
collaborative filtering,latent dirichlet allocation,0
collaborative filtering,learning rate,0
collaborative filtering,linear classifier,0
collaborative filtering,linear regression,0
collaborative filtering,logistic regression,0
collaborative filtering,loss function,0
collaborative filtering,low rank matrix,0
collaborative filtering,maximum likelihood,0
collaborative filtering,maximum likelihood estimate,0
collaborative filtering,mean normalization,0
collaborative filtering,minimization problem,0
collaborative filtering,nearest neighbors,0
collaborative filtering,neural network,0
collaborative filtering,online learning,0
collaborative filtering,optimization algorithms,0
collaborative filtering,optimization objective,0
collaborative filtering,optimization problem,0
collaborative filtering,parameter vector,0
collaborative filtering,partial derivative,0
collaborative filtering,positive data,0
collaborative filtering,regression model,0
collaborative filtering,regularization,0
collaborative filtering,sentiment analysis,0
collaborative filtering,squared error,0
collaborative filtering,stochastic gradient algorithm,0
collaborative filtering,support vector,0
collaborative filtering,support vector machine,0
collaborative filtering,overfitting,0
features,conditional distribution,0
features,confusion matrix,0
features,conjugate gradient,0
features,convex function,0
features,coordinate descent,0
features,covariance matrix,0
features,cross validation error,0
features,cross validation sets,0
features,data set,0
features,derivative term,0
features,document retrieval,0
features,early stopping,0
features,error analysis,0
features,estimated parameters,0
features,evaluation metrics,0
features,expectation maximization,0
features,f1 score,0
features,false negative,0
features,false positives,0
features,gaussian density,0
features,gaussian kernel,0
features,gaussian model,0
features,generalization error,0
features,global minimum,0
features,global optimum,0
features,gradient algorithm,0
features,gradient ascent,0
features,gradient checking,0
features,gradient descent,0
features,greedy algorithm,0
features,hidden layer,0
features,hidden unit,0
features,hierarchical clustering,0
features,high order polynomial,0
features,precision,0
features,recall,0
features,hypothesis,0
features,identity matrics,0
features,inner product,0
features,input data,0
features,input layer,0
features,input space,0
features,input units,0
features,iterative algorithm,0
features,joint model probability,0
features,k means,0
features,k nearest neighbors,0
features,kernel function,0
features,kernel regression,0
features,l1 penalty,0
features,labeled data,0
features,learning curve,0
features,learning method,0
features,learning rate,0
features,least squares,0
features,likelihood function,0
features,linear algebra,0
features,linear kernel,0
features,local minimum,0
features,local optima,0
features,locality sensitive hashing,0
features,log likelihood,0
features,logistic function,0
features,loss function,0
features,low rank matrix,0
features,machine learning algorithm,0
features,machine learning application,0
features,machine learning system,0
features,massive training set,0
features,matrix factorization,0
features,matrix multiplication,0
features,matrix transpose,0
features,matrix vector multiplication,0
features,maximum likelihood,0
features,maximum likelihood estimate,0
features,mean square error,0
features,minimization problem,0
features,misclassification error,0
features,model complexity,0
features,model parameters,0
features,multivariate gaussian distribution,0
features,multivariate gaussian model,0
features,nearest neighbor search,0
features,nearest neighbors,0
features,negative example,0
features,non-anomalous examples,0
features,nonlinear hypotheses,0
features,normal equation,0
features,normalized representation,0
features,matrix,0
features,optimal solution,0
features,optimization algorithms,0
features,optimization objective,0
features,optimization problem,0
features,output label,0
features,output layer,0
features,output unit,0
features,parameter estimation,0
features,parameter vector,0
features,partial derivative,0
features,photo ocr,0
features,polynomial kernel,0
features,polynomial terms,0
features,positive class,0
features,positive data,0
features,positive predictions,0
features,positive training example,0
features,predicted class,0
features,predicted value,0
features,prediction error,0
features,principle components,0
features,probabilistic model,0
features,probability density,0
features,regression coefficients,0
features,regression function,0
features,regularization,0
features,sigmoid function,0
features,square distances,0
features,square matrix,0
features,square projection error,0
features,squared error,0
features,standard deviation,0
features,standard least squares,0
features,stochastic gradient algorithm,0
features,string kernel,0
features,support vector,0
features,svm optimization,0
features,svm packages,0
features,symmetric matrix,0
features,test data,0
features,test data set,0
features,test error,0
features,training data,0
features,training data set,0
features,training error,0
features,true negatives,0
features,true positives,0
features,tuning parameter,0
features,validation error,0
features,validation set,0
features,variance problem,0
features,vector multiplication,0
features,overfitting,0
features,underfitting,0
computer vision,coordinate descent,0
computer vision,cross validation,0
computer vision,data representation,0
computer vision,decision boundaries,0
computer vision,decision stamp,0
computer vision,decision tree,0
computer vision,deep features,0
computer vision,deep learning,0
computer vision,deep neural network,0
computer vision,dimensionality reduction,0
computer vision,document retrieval,0
computer vision,error analysis,0
computer vision,evaluation metrics,0
computer vision,expectation maximization,0
computer vision,f1 score,0
computer vision,feature extraction,0
computer vision,feature scaling,0
computer vision,feature space,0
computer vision,feature vector,0
computer vision,gaussian kernel,0
computer vision,gradient descent,0
computer vision,high order polynomial,0
computer vision,precision,0
computer vision,recall,0
computer vision,hypothesis,0
computer vision,k means,0
computer vision,kernel function,0
computer vision,latent dirichlet allocation,0
computer vision,learning curve,0
computer vision,learning method,0
computer vision,learning problem,0
computer vision,learning system,0
computer vision,linear classifier,0
computer vision,linear regression,0
computer vision,logistic regression,0
computer vision,loss function,0
computer vision,machine learning algorithm,0
computer vision,matrix factorization,0
computer vision,maximum likelihood,0
computer vision,maximum likelihood estimate,0
computer vision,mean normalization,0
computer vision,minimization problem,0
computer vision,multi-class classification,0
computer vision,nearest neighbors,0
computer vision,negative example,0
computer vision,neural network,0
computer vision,nonlinear hypotheses,0
computer vision,matrix,0
computer vision,online learning,0
computer vision,optimization algorithms,0
computer vision,output unit,0
computer vision,polynomial features,0
computer vision,polynomial terms,0
computer vision,positive class,0
computer vision,positive data,0
computer vision,recommender system,0
computer vision,regression model,0
computer vision,regression problem,0
computer vision,regularization,0
computer vision,sentiment analysis,0
computer vision,sigmoid function,0
computer vision,spam filtering,0
computer vision,stochastic gradient algorithm,0
computer vision,supervised learning,0
computer vision,support vector,0
computer vision,support vector machine,0
computer vision,test data,0
computer vision,test data set,0
computer vision,test error,0
computer vision,training data,0
computer vision,training data set,0
computer vision,training error,0
computer vision,unsupervised learning,0
computer vision,validation set,0
computer vision,variance problem,0
computer vision,weak classifier,0
computer vision,overfitting,0
concave function,convex function,0
concave function,optimization objective,0
conditional distribution,data set,0
conditional distribution,iterative algorithm,0
conditional distribution,learning method,0
conditional distribution,learning problem,0
conditional distribution,linear algebra,0
conditional distribution,linear classifier,0
conditional distribution,machine learning,0
conditional distribution,machine learning algorithm,0
conditional distribution,mixture model,0
conditional distribution,model complexity,0
conditional distribution,model parameters,0
conditional distribution,multi-class classification,0
conditional distribution,matrix,0
conditional distribution,optimization algorithms,0
conditional distribution,prior probability,0
conditional distribution,regularization,0
conditional distribution,supervised learning,0
conditional distribution,unsupervised learning,0
conditional distribution,overfitting,0
conditional probabilities,data set,0
conditional probabilities,output label,0
confusion matrix,deep features,0
confusion matrix,logistic regression,0
confusion matrix,precision recall curve,0
confusion matrix,sentiment analysis,0
confusion matrix,spam filtering,0
confusion matrix,test data,0
confusion matrix,test data set,0
confusion matrix,training data,0
confusion matrix,training data set,0
conjugate gradient,data set,0
conjugate gradient,derivative term,0
conjugate gradient,feature vector,0
conjugate gradient,gradient descent,0
conjugate gradient,inner product,0
conjugate gradient,learning method,0
conjugate gradient,learning problem,0
conjugate gradient,learning rate,0
conjugate gradient,least squares,0
conjugate gradient,linear regression,0
conjugate gradient,logistic regression,0
conjugate gradient,loss function,0
conjugate gradient,machine learning,0
conjugate gradient,machine learning application,0
conjugate gradient,multi-class classification,0
conjugate gradient,predicted value,0
conjugate gradient,recommender system,0
conjugate gradient,regression problem,0
conjugate gradient,regularization,0
conjugate gradient,squared error,0
conjugate gradient,training data,0
conjugate gradient,training data set,0
convergence test,learning method,0
convergence test,linear regression,0
convergence test,parameter vector,0
convex function,coordinate descent,0
convex function,data set,0
convex function,derivative term,0
convex function,global minimum,0
convex function,global optimum,0
convex function,hypothesis,0
convex function,iterative algorithm,0
convex function,l1 penalty,0
convex function,learning method,0
convex function,learning problem,0
convex function,least squares,0
convex function,likelihood function,0
convex function,linear algebra,0
convex function,linear regression,0
convex function,local optima,0
convex function,logistic regression,0
convex function,loss function,0
convex function,machine learning,0
convex function,machine learning algorithm,0
convex function,minimization problem,0
convex function,normalized features,0
convex function,matrix,0
convex function,optimal solution,0
convex function,optimization algorithms,0
convex function,optimization objective,0
convex function,optimization problem,0
convex function,partial derivative,0
convex function,polynomial regression,0
convex function,regression model,0
convex function,squared error,0
convex function,supervised learning,0
convex function,training data,0
convex function,training data set,0
convex function,unnormalized features,0
coordinate descent,cross validation,0
coordinate descent,data set,0
coordinate descent,decision tree,0
coordinate descent,deep learning,0
coordinate descent,dimensionality reduction,0
coordinate descent,document retrieval,0
coordinate descent,expectation maximization,0
coordinate descent,feature selection,0
coordinate descent,generalized linear models,0
coordinate descent,gibbs sampler,0
coordinate descent,gradient descent,0
coordinate descent,greedy algorithm,0
coordinate descent,recall,0
coordinate descent,k means,0
coordinate descent,k nearest neighbors,0
coordinate descent,k-means objective,0
coordinate descent,kernel regression,0
coordinate descent,l1 penalty,0
coordinate descent,lasso regression,0
coordinate descent,latent dirichlet allocation,0
coordinate descent,learning method,0
coordinate descent,least squares,0
coordinate descent,linear classifier,0
coordinate descent,linear model,0
coordinate descent,linear regression,0
coordinate descent,logistic regression,0
coordinate descent,machine learning,0
coordinate descent,machine learning algorithm,0
coordinate descent,machine learning application,0
coordinate descent,matrix factorization,0
coordinate descent,maximum likelihood,0
coordinate descent,maximum likelihood estimate,0
coordinate descent,mean square error,0
coordinate descent,model complexity,0
coordinate descent,model parameters,0
coordinate descent,model selection,0
coordinate descent,nearest neighbor search,0
coordinate descent,nearest neighbors,0
coordinate descent,normalized features,0
coordinate descent,online learning,0
coordinate descent,partial derivative,0
coordinate descent,predicted value,0
coordinate descent,recommender system,0
coordinate descent,regression model,0
coordinate descent,sentiment analysis,0
coordinate descent,square distances,0
coordinate descent,squared error,0
coordinate descent,stochastic gradient algorithm,0
coordinate descent,support vector,0
coordinate descent,support vector machine,0
coordinate descent,tuning parameter,0
coordinate descent,unnormalized features,0
coordinate descent,validation set,0
coordinate descent,overfitting,0
covariance matrix,cross validation,0
covariance matrix,data set,0
covariance matrix,dimensionality reduction,0
covariance matrix,expectation maximization,0
covariance matrix,feature scaling,0
covariance matrix,feature vector,0
covariance matrix,gaussian density,0
covariance matrix,iterative algorithm,0
covariance matrix,k means,0
covariance matrix,labeled data,0
covariance matrix,linear algebra,0
covariance matrix,log likelihood,0
covariance matrix,matrix transpose,0
covariance matrix,maximum likelihood,0
covariance matrix,maximum likelihood estimate,0
covariance matrix,mean normalization,0
covariance matrix,mixture model,0
covariance matrix,model parameters,0
covariance matrix,parameter estimation,0
covariance matrix,square distances,0
covariance matrix,square projection error,0
covariance matrix,supervised learning,0
covariance matrix,test data set,0
covariance matrix,training data,0
covariance matrix,training data set,0
covariance matrix,validation set,0
cross validation,decision boundaries,0
cross validation,decision tree,0
cross validation,dimensionality reduction,0
cross validation,early stopping,0
cross validation,error analysis,0
cross validation,evaluation metrics,0
cross validation,f1 score,0
cross validation,false negative,0
cross validation,false positives,0
cross validation,feature scaling,0
cross validation,feature selection,0
cross validation,feature vector,0
cross validation,gaussian density,0
cross validation,gaussian kernel,0
cross validation,gradient descent,0
cross validation,greedy algorithm,0
cross validation,hidden layer,0
cross validation,hidden unit,0
cross validation,high order polynomial,0
cross validation,recall,0
cross validation,hypothesis,0
cross validation,identity matrics,0
cross validation,input space,0
cross validation,k means,0
cross validation,kernel regression,0
cross validation,l1 penalty,0
cross validation,labeled data,0
cross validation,lasso regression,0
cross validation,learning method,0
cross validation,learning system,0
cross validation,least squares,0
cross validation,linear algebra,0
cross validation,linear regression,0
cross validation,logistic regression,0
cross validation,loss function,0
cross validation,machine learning algorithm,0
cross validation,machine learning application,0
cross validation,matrix transpose,0
cross validation,maximum likelihood,0
cross validation,mean normalization,0
cross validation,mean square error,0
cross validation,minimization problem,0
cross validation,nearest neighbors,0
cross validation,neural network,0
cross validation,non-anomalous examples,0
cross validation,matrix,0
cross validation,optimization algorithms,0
cross validation,optimization objective,0
cross validation,optimization problem,0
cross validation,parameter vector,0
cross validation,pca algorithm,0
cross validation,polynomial features,0
cross validation,polynomial regression,0
cross validation,principle components,0
cross validation,regression coefficients,0
cross validation,regression function,0
cross validation,regression model,0
cross validation,regularization,0
cross validation,regularized linear regression,0
cross validation,regularized logistic regression,0
cross validation,spam filtering,0
cross validation,square projection error,0
cross validation,squared error,0
cross validation,standard deviation,0
cross validation,support vector,0
cross validation,support vector machine,0
cross validation,true negatives,0
cross validation,true positives,0
cross validation,unsupervised learning,0
cross validation error,gradient descent,0
cross validation error,hidden layer,0
cross validation error,hidden unit,0
cross validation error,high order polynomial,0
cross validation error,hypothesis,0
cross validation error,l1 penalty,0
cross validation error,lasso regression,0
cross validation error,learning method,0
cross validation error,least squares,0
cross validation error,linear regression,0
cross validation error,loss function,0
cross validation error,machine learning application,0
cross validation error,mean square error,0
cross validation error,neural network,0
cross validation error,optimization objective,0
cross validation error,parameter vector,0
cross validation error,polynomial features,0
cross validation error,polynomial regression,0
cross validation error,regression function,0
cross validation error,regression model,0
cross validation error,regularization,0
cross validation error,regularized linear regression,0
cross validation error,spam filtering,0
cross validation error,squared error,0
cross validation error,tuning parameter,0
cross validation sets,evaluation metrics,0
cross validation sets,f1 score,0
cross validation sets,false negative,0
cross validation sets,false positives,0
cross validation sets,high order polynomial,0
cross validation sets,recall,0
cross validation sets,hypothesis,0
cross validation sets,learning curve,0
cross validation sets,learning method,0
cross validation sets,learning problem,0
cross validation sets,loss function,0
cross validation sets,non-anomalous examples,0
cross validation sets,optimization objective,0
cross validation sets,parameter vector,0
cross validation sets,regularization,0
cross validation sets,squared error,0
cross validation sets,test error,0
cross validation sets,training error,0
cross validation sets,true negatives,0
cross validation sets,true positives,0
cross validation sets,unsupervised learning,0
cross validation sets,validation error,0
cross validation sets,variance problem,0
data representation,decision boundaries,0
data representation,document retrieval,0
data representation,feature selection,0
data representation,image classification,0
data representation,inner product,0
data representation,linear classifier,0
data representation,locality sensitive hashing,0
data representation,machine learning,0
data representation,nearest neighbor search,0
data representation,nearest neighbors,0
data representation,matrix,0
data representation,positive class,0
data set,decision stamp,0
data set,deep features,0
data set,derivative term,0
data set,error analysis,0
data set,error cost function,0
data set,estimated parameters,0
data set,evaluation metrics,0
data set,expectation maximization,0
data set,f1 score,0
data set,false negative,0
data set,false positives,0
data set,feature scaling,0
data set,feature selection,0
data set,feature vector,0
data set,gaussian density,0
data set,gaussian kernel,0
data set,gaussian model,0
data set,generalization error,0
data set,global minimum,0
data set,global optimum,0
data set,gradient algorithm,0
data set,gradient ascent,0
data set,gradient descent,0
data set,greedy algorithm,0
data set,hidden unit,0
data set,hierarchical clustering,0
data set,high order polynomial,0
data set,precision,0
data set,recall,0
data set,hypothesis,0
data set,identity matrics,0
data set,inner product,0
data set,iterative algorithm,0
data set,k means,0
data set,k nearest neighbors,0
data set,k-means objective,0
data set,kernel regression,0
data set,l1 penalty,0
data set,learning curve,0
data set,learning problem,0
data set,learning rate,0
data set,least squares,0
data set,likelihood function,0
data set,linear algebra,0
data set,linear model,0
data set,local optima,0
data set,locality sensitive hashing,0
data set,log likelihood,0
data set,loss function,0
data set,low rank matrix,0
data set,machine learning application,0
data set,matrix factorization,0
data set,matrix transpose,0
data set,maximum likelihood,0
data set,maximum likelihood estimate,0
data set,mean normalization,0
data set,mean square error,0
data set,minimization problem,0
data set,misclassification error,0
data set,model complexity,0
data set,model parameters,0
data set,multivariate gaussian distribution,0
data set,multivariate gaussian model,0
data set,nearest neighbor search,0
data set,nearest neighbors,0
data set,nonlinear hypotheses,0
data set,normal equation,0
data set,matrix,0
data set,optimal solution,0
data set,optimization algorithms,0
data set,optimization objective,0
data set,optimization problem,0
data set,output label,0
data set,parameter estimation,0
data set,parameter vector,0
data set,partial derivative,0
data set,polynomial features,0
data set,polynomial regression,0
data set,polynomial terms,0
data set,positive class,0
data set,positive predictions,0
data set,predicted class,0
data set,predicted value,0
data set,prediction error,0
data set,principle components,0
data set,prior probability,0
data set,probabilistic model,0
data set,probability density,0
data set,random variable,0
data set,regression coefficients,0
data set,regression function,0
data set,regularization,0
data set,sentiment classifier,0
data set,sigmoid function,0
data set,square distances,0
data set,square matrix,0
data set,square projection error,0
data set,squared error,0
data set,standard deviation,0
data set,standard least squares,0
data set,stochastic gradient algorithm,0
data set,support vector,0
data set,symmetric matrix,0
data set,test data,0
data set,test error,0
data set,training data,0
data set,training error,0
data set,true negatives,0
data set,true positives,0
data set,tuning parameter,0
data set,validation error,0
data set,variance problem,0
data set,overfitting,0
data set,underfitting,0
decision boundaries,decision stamp,0
decision boundaries,decision tree,0
decision boundaries,deep learning,0
decision boundaries,deep neural network,0
decision boundaries,document retrieval,0
decision boundaries,error analysis,0
decision boundaries,false negative,0
decision boundaries,false positives,0
decision boundaries,feature extraction,0
decision boundaries,feature scaling,0
decision boundaries,gaussian kernel,0
decision boundaries,generalized linear models,0
decision boundaries,global minimum,0
decision boundaries,gradient descent,0
decision boundaries,hidden layer,0
decision boundaries,hidden unit,0
decision boundaries,high order polynomial,0
decision boundaries,precision,0
decision boundaries,recall,0
decision boundaries,image classification,0
decision boundaries,inner product,0
decision boundaries,input layer,0
decision boundaries,kernel function,0
decision boundaries,labeled data,0
decision boundaries,learning system,0
decision boundaries,linear algebra,0
decision boundaries,linear classifier,0
decision boundaries,linear kernel,0
decision boundaries,linear model,0
decision boundaries,linear regression,0
decision boundaries,local optima,0
decision boundaries,locality sensitive hashing,0
decision boundaries,logistic function,0
decision boundaries,logistic regression,0
decision boundaries,loss function,0
decision boundaries,machine learning algorithm,0
decision boundaries,machine learning application,0
decision boundaries,machine learning system,0
decision boundaries,matrix factorization,0
decision boundaries,maximum likelihood,0
decision boundaries,maximum likelihood estimate,0
decision boundaries,model parameters,0
decision boundaries,model selection,0
decision boundaries,multi-class classification,0
decision boundaries,nearest neighbor search,0
decision boundaries,nearest neighbors,0
decision boundaries,negative example,0
decision boundaries,neural network,0
decision boundaries,matrix,0
decision boundaries,optimization algorithms,0
decision boundaries,optimization objective,0
decision boundaries,optimization problem,0
decision boundaries,output label,0
decision boundaries,output layer,0
decision boundaries,output unit,0
decision boundaries,parameter vector,0
decision boundaries,partial derivative,0
decision boundaries,polynomial features,0
decision boundaries,polynomial kernel,0
decision boundaries,polynomial regression,0
decision boundaries,polynomial terms,0
decision boundaries,positive class,0
decision boundaries,positive data,0
decision boundaries,positive predictions,0
decision boundaries,regression model,0
decision boundaries,regularization,0
decision boundaries,regularized linear regression,0
decision boundaries,regularized logistic regression,0
decision boundaries,sentiment analysis,0
decision boundaries,sigmoid function,0
decision boundaries,string kernel,0
decision boundaries,svm optimization,0
decision boundaries,svm packages,0
decision boundaries,test data,0
decision boundaries,training data,0
decision boundaries,training data set,0
decision boundaries,training error,0
decision boundaries,tuning parameter,0
decision boundaries,unsupervised learning,0
decision boundaries,validation error,0
decision boundaries,validation set,0
decision boundaries,weak classifier,0
decision boundaries,overfitting,0
decision boundaries,underfitting,0
decision stamp,face detection,0
decision stamp,greedy algorithm,0
decision stamp,learning curve,0
decision stamp,learning problem,0
decision stamp,linear classifier,0
decision stamp,logistic regression,0
decision stamp,loss function,0
decision stamp,multi-class classification,0
decision stamp,negative example,0
decision stamp,polynomial features,0
decision stamp,positive data,0
decision stamp,regression model,0
decision stamp,regularization,0
decision stamp,test data,0
decision stamp,test data set,0
decision stamp,test error,0
decision stamp,training data,0
decision stamp,training error,0
decision stamp,validation error,0
decision stamp,validation set,0
decision stamp,weak classifier,0
decision stamp,overfitting,0
decision tree,deep learning,0
decision tree,dimensionality reduction,0
decision tree,early stopping,0
decision tree,expectation maximization,0
decision tree,face detection,0
decision tree,feature engineering,0
decision tree,feature selection,0
decision tree,gradient descent,0
decision tree,greedy algorithm,0
decision tree,precision,0
decision tree,recall,0
decision tree,hypothesis,0
decision tree,k means,0
decision tree,latent dirichlet allocation,0
decision tree,learning curve,0
decision tree,learning system,0
decision tree,linear classifier,0
decision tree,linear regression,0
decision tree,logistic regression,0
decision tree,loss function,0
decision tree,machine learning system,0
decision tree,matrix factorization,0
decision tree,maximum likelihood,0
decision tree,maximum likelihood estimate,0
decision tree,model parameters,0
decision tree,multi-class classification,0
decision tree,nearest neighbors,0
decision tree,matrix,0
decision tree,online learning,0
decision tree,optimization algorithms,0
decision tree,polynomial features,0
decision tree,recommender system,0
decision tree,regression model,0
decision tree,regularization,0
decision tree,sentiment analysis,0
decision tree,sentiment classifier,0
decision tree,stochastic gradient algorithm,0
decision tree,support vector,0
decision tree,support vector machine,0
decision tree,test data set,0
decision tree,test error,0
decision tree,training error,0
decision tree,validation error,0
decision tree,validation set,0
decision tree,weak classifier,0
decision tree,overfitting,0
deep features,document retrieval,0
deep features,image classification,0
deep features,image retrieval,0
deep features,labeled data,0
deep features,learning method,0
deep features,linear classifier,0
deep features,logistic regression,0
deep features,nearest neighbors,0
deep features,matrix,0
deep features,sentiment analysis,0
deep features,support vector,0
deep features,support vector machine,0
deep features,test data,0
deep features,test data set,0
deep features,training data,0
deep features,training data set,0
deep features,transfer learning,0
deep features,validation set,0
deep learning,deep neural network,0
deep learning,dimensionality reduction,0
deep learning,document retrieval,0
deep learning,expectation maximization,0
deep learning,gradient descent,0
deep learning,image classification,0
deep learning,image retrieval,0
deep learning,k means,0
deep learning,labeled data,0
deep learning,latent dirichlet allocation,0
deep learning,linear regression,0
deep learning,logistic regression,0
deep learning,loss function,0
deep learning,matrix factorization,0
deep learning,maximum likelihood,0
deep learning,maximum likelihood estimate,0
deep learning,nearest neighbors,0
deep learning,matrix,0
deep learning,online learning,0
deep learning,optimization algorithms,0
deep learning,positive class,0
deep learning,recommender system,0
deep learning,regression model,0
deep learning,sentiment analysis,0
deep learning,spam filtering,0
deep learning,stochastic gradient algorithm,0
deep learning,support vector,0
deep learning,support vector machine,0
deep learning,test data,0
deep learning,test data set,0
deep learning,transfer learning,0
deep learning,validation set,0
deep learning,overfitting,0
deep neural network,image classification,0
deep neural network,positive class,0
deep neural network,support vector,0
deep neural network,support vector machine,0
deep neural network,transfer learning,0
deep neural network,validation set,0
derivative term,error cost function,0
derivative term,feature scaling,0
derivative term,global minimum,0
derivative term,global optimum,0
derivative term,hidden layer,0
derivative term,hidden unit,0
derivative term,recall,0
derivative term,hypothesis,0
derivative term,input layer,0
derivative term,input units,0
derivative term,iterative algorithm,0
derivative term,learning method,0
derivative term,learning problem,0
derivative term,learning rate,0
derivative term,linear algebra,0
derivative term,local minimum,0
derivative term,local optima,0
derivative term,loss function,0
derivative term,machine learning,0
derivative term,machine learning algorithm,0
derivative term,machine learning application,0
derivative term,maximum likelihood,0
derivative term,maximum likelihood estimate,0
derivative term,multi-class classification,0
derivative term,neural network,0
derivative term,matrix,0
derivative term,online learning,0
derivative term,optimal solution,0
derivative term,optimization objective,0
derivative term,output label,0
derivative term,output layer,0
derivative term,output unit,0
derivative term,parameter vector,0
derivative term,regression model,0
derivative term,regularization,0
derivative term,squared error,0
derivative term,training data,0
derivative term,training data set,0
design matrix,feature scaling,0
design matrix,global minimum,0
design matrix,gradient descent,0
design matrix,hypothesis,0
design matrix,iterative algorithm,0
design matrix,learning rate,0
design matrix,linear algebra,0
design matrix,linear regression,0
design matrix,logistic regression,0
design matrix,loss function,0
design matrix,optimal solution,0
design matrix,optimization objective,0
design matrix,parameter vector,0
design matrix,partial derivative,0
design matrix,regression model,0
design matrix,regression problem,0
design matrix,regularization,0
design matrix,regularized linear regression,0
design matrix,squared error,0
design matrix,overfitting,0
dimensionality reduction,document retrieval,0
dimensionality reduction,error analysis,0
dimensionality reduction,evaluation metrics,0
dimensionality reduction,expectation maximization,0
dimensionality reduction,f1 score,0
dimensionality reduction,feature scaling,0
dimensionality reduction,gradient descent,0
dimensionality reduction,precision,0
dimensionality reduction,recall,0
dimensionality reduction,hypothesis,0
dimensionality reduction,k means,0
dimensionality reduction,labeled data,0
dimensionality reduction,latent dirichlet allocation,0
dimensionality reduction,learning curve,0
dimensionality reduction,learning problem,0
dimensionality reduction,learning system,0
dimensionality reduction,linear classifier,0
dimensionality reduction,linear regression,0
dimensionality reduction,logistic regression,0
dimensionality reduction,loss function,0
dimensionality reduction,machine learning application,0
dimensionality reduction,machine learning system,0
dimensionality reduction,matrix factorization,0
dimensionality reduction,matrix transpose,0
dimensionality reduction,maximum likelihood,0
dimensionality reduction,maximum likelihood estimate,0
dimensionality reduction,mean normalization,0
dimensionality reduction,nearest neighbors,0
dimensionality reduction,neural network,0
dimensionality reduction,online learning,0
dimensionality reduction,optimization algorithms,0
dimensionality reduction,recommender system,0
dimensionality reduction,regression model,0
dimensionality reduction,regularization,0
dimensionality reduction,sentiment analysis,0
dimensionality reduction,square projection error,0
dimensionality reduction,standard deviation,0
dimensionality reduction,stochastic gradient algorithm,0
dimensionality reduction,supervised learning,0
dimensionality reduction,support vector,0
dimensionality reduction,support vector machine,0
dimensionality reduction,test data set,0
dimensionality reduction,training data,0
dimensionality reduction,training data set,0
dimensionality reduction,validation set,0
dimensionality reduction,variance problem,0
dimensionality reduction,overfitting,0
document retrieval,expectation maximization,0
document retrieval,gradient descent,0
document retrieval,inner product,0
document retrieval,input space,0
document retrieval,k means,0
document retrieval,k nearest neighbors,0
document retrieval,labeled data,0
document retrieval,latent dirichlet allocation,0
document retrieval,learning method,0
document retrieval,linear classifier,0
document retrieval,locality sensitive hashing,0
document retrieval,machine learning algorithm,0
document retrieval,matrix factorization,0
document retrieval,mixture model,0
document retrieval,nearest neighbor search,0
document retrieval,nearest neighbors,0
document retrieval,neural network,0
document retrieval,normalized representation,0
document retrieval,matrix,0
document retrieval,online learning,0
document retrieval,optimization algorithms,0
document retrieval,output label,0
document retrieval,probabilistic model,0
document retrieval,recommender system,0
document retrieval,regression model,0
document retrieval,sentiment analysis,0
document retrieval,square distances,0
document retrieval,supervised learning,0
document retrieval,training data,0
document retrieval,unsupervised learning,0
document retrieval,overfitting,0
early stopping,recall,0
early stopping,hypothesis,0
early stopping,test data set,0
early stopping,training data,0
early stopping,validation set,0
error analysis,f1 score,0
error analysis,feature scaling,0
error analysis,feature space,0
error analysis,feature vector,0
error analysis,gaussian density,0
error analysis,gaussian kernel,0
error analysis,global minimum,0
error analysis,precision,0
error analysis,recall,0
error analysis,inner product,0
error analysis,k means,0
error analysis,kernel function,0
error analysis,learning method,0
error analysis,learning problem,0
error analysis,learning system,0
error analysis,linear classifier,0
error analysis,linear kernel,0
error analysis,linear regression,0
error analysis,local optima,0
error analysis,logistic regression,0
error analysis,loss function,0
error analysis,machine learning,0
error analysis,machine learning algorithm,0
error analysis,machine learning application,0
error analysis,machine learning system,0
error analysis,multi-class classification,0
error analysis,neural network,0
error analysis,matrix,0
error analysis,optimization problem,0
error analysis,parameter vector,0
error analysis,polynomial kernel,0
error analysis,positive class,0
error analysis,predicted class,0
error analysis,predicted value,0
error analysis,recommender system,0
error analysis,regularization,0
error analysis,spam filtering,0
error analysis,string kernel,0
error analysis,supervised learning,0
error analysis,support vector,0
error analysis,support vector machine,0
error analysis,svm optimization,0
error analysis,svm packages,0
error analysis,unsupervised learning,0
error analysis,validation set,0
error cost function,global minimum,0
error cost function,global optimum,0
error cost function,gradient descent,0
error cost function,hypothesis,0
error cost function,iterative algorithm,0
error cost function,learning method,0
error cost function,learning problem,0
error cost function,linear regression,0
error cost function,local optima,0
error cost function,logistic function,0
error cost function,logistic regression,0
error cost function,machine learning,0
error cost function,machine learning algorithm,0
error cost function,normal equation,0
error cost function,partial derivative,0
error cost function,regression model,0
error cost function,regularization,0
error cost function,squared error,0
error cost function,training data,0
error cost function,training data set,0
estimated parameters,feature vector,0
estimated parameters,generalization error,0
estimated parameters,gradient descent,0
estimated parameters,input space,0
estimated parameters,iterative algorithm,0
estimated parameters,learning method,0
estimated parameters,linear model,0
estimated parameters,linear regression,0
estimated parameters,machine learning,0
estimated parameters,machine learning algorithm,0
estimated parameters,matrix factorization,0
estimated parameters,mean square error,0
estimated parameters,matrix,0
estimated parameters,optimal solution,0
estimated parameters,polynomial regression,0
estimated parameters,predicted value,0
estimated parameters,prediction error,0
estimated parameters,random numbers,0
estimated parameters,random variable,0
estimated parameters,recommender system,0
estimated parameters,regression model,0
estimated parameters,regression problem,0
estimated parameters,squared error,0
estimated parameters,test data,0
estimated parameters,test data set,0
estimated parameters,test error,0
estimated parameters,training data,0
estimated parameters,training data set,0
estimated parameters,training error,0
evaluation metrics,false negative,0
evaluation metrics,false positives,0
evaluation metrics,hidden unit,0
evaluation metrics,k means,0
evaluation metrics,labeled data,0
evaluation metrics,learning method,0
evaluation metrics,learning problem,0
evaluation metrics,learning system,0
evaluation metrics,linear regression,0
evaluation metrics,logistic regression,0
evaluation metrics,machine learning,0
evaluation metrics,machine learning algorithm,0
evaluation metrics,machine learning system,0
evaluation metrics,massive training set,0
evaluation metrics,neural network,0
evaluation metrics,non-anomalous examples,0
evaluation metrics,recommender system,0
evaluation metrics,regularization,0
evaluation metrics,supervised learning,0
evaluation metrics,training data,0
evaluation metrics,training data set,0
evaluation metrics,true negatives,0
evaluation metrics,true positives,0
evaluation metrics,unsupervised learning,0
evaluation metrics,validation set,0
evaluation metrics,variance problem,0
expectation maximization,gaussian model,0
expectation maximization,gibbs sampler,0
expectation maximization,gradient descent,0
expectation maximization,k means,0
expectation maximization,labeled data,0
expectation maximization,latent dirichlet allocation,0
expectation maximization,learning problem,0
expectation maximization,linear classifier,0
expectation maximization,linear regression,0
expectation maximization,locality sensitive hashing,0
expectation maximization,logistic regression,0
expectation maximization,machine learning,0
expectation maximization,machine learning algorithm,0
expectation maximization,maximum likelihood,0
expectation maximization,maximum likelihood estimate,0
expectation maximization,mixture model,0
expectation maximization,model parameters,0
expectation maximization,nearest neighbor search,0
expectation maximization,nearest neighbors,0
expectation maximization,online learning,0
expectation maximization,optimization algorithms,0
expectation maximization,output label,0
expectation maximization,prior probability,0
expectation maximization,probabilistic model,0
expectation maximization,random variable,0
expectation maximization,recommender system,0
expectation maximization,regression model,0
expectation maximization,sentiment analysis,0
expectation maximization,square distances,0
expectation maximization,stochastic gradient algorithm,0
expectation maximization,supervised learning,0
expectation maximization,support vector,0
expectation maximization,support vector machine,0
f1 score,false negative,0
f1 score,false positives,0
f1 score,k means,0
f1 score,learning curve,0
f1 score,learning method,0
f1 score,learning system,0
f1 score,linear regression,0
f1 score,logistic regression,0
f1 score,machine learning,0
f1 score,machine learning algorithm,0
f1 score,machine learning system,0
f1 score,neural network,0
f1 score,non-anomalous examples,0
f1 score,recommender system,0
f1 score,regularization,0
f1 score,supervised learning,0
f1 score,true negatives,0
f1 score,true positives,0
f1 score,unsupervised learning,0
f1 score,validation set,0
f1 score,variance problem,0
face detection,logistic regression,0
face detection,loss function,0
face detection,machine learning,0
face detection,photo ocr,0
face detection,test data,0
face detection,test data set,0
false negative,false positives,0
false negative,precision,0
false negative,recall,0
false negative,learning method,0
false negative,non-anomalous examples,0
false negative,matrix,0
false negative,spam filtering,0
false negative,supervised learning,0
false negative,training data,0
false negative,training data set,0
false negative,true negatives,0
false negative,true positives,0
false negative,unsupervised learning,0
false negative,validation set,0
false positives,precision,0
false positives,recall,0
false positives,learning method,0
false positives,machine learning,0
false positives,non-anomalous examples,0
false positives,matrix,0
false positives,spam filtering,0
false positives,supervised learning,0
false positives,training data,0
false positives,training data set,0
false positives,true negatives,0
false positives,true positives,0
false positives,unsupervised learning,0
false positives,validation set,0
feature engineering,learning method,0
feature engineering,matrix,0
feature engineering,training data,0
feature extraction,generalized linear models,0
feature extraction,gradient ascent,0
feature extraction,gradient descent,0
feature extraction,input data,0
feature extraction,learning method,0
feature extraction,likelihood function,0
feature extraction,linear classifier,0
feature extraction,linear model,0
feature extraction,logistic regression,0
feature extraction,machine learning algorithm,0
feature extraction,model parameters,0
feature extraction,negative example,0
feature extraction,output label,0
feature extraction,polynomial regression,0
feature extraction,positive data,0
feature extraction,regression coefficients,0
feature extraction,regression model,0
feature extraction,regularization,0
feature extraction,training data,0
feature extraction,training data set,0
feature extraction,overfitting,0
feature scaling,gaussian kernel,0
feature scaling,global minimum,0
feature scaling,gradient descent,0
feature scaling,hypothesis,0
feature scaling,inner product,0
feature scaling,iterative algorithm,0
feature scaling,k means,0
feature scaling,kernel function,0
feature scaling,labeled data,0
feature scaling,learning method,0
feature scaling,learning rate,0
feature scaling,learning system,0
feature scaling,linear algebra,0
feature scaling,linear classifier,0
feature scaling,linear kernel,0
feature scaling,linear regression,0
feature scaling,local optima,0
feature scaling,logistic regression,0
feature scaling,loss function,0
feature scaling,machine learning system,0
feature scaling,matrix transpose,0
feature scaling,maximum likelihood,0
feature scaling,maximum likelihood estimate,0
feature scaling,minimization problem,0
feature scaling,multi-class classification,0
feature scaling,neural network,0
feature scaling,normal equation,0
feature scaling,matrix,0
feature scaling,optimal solution,0
feature scaling,optimization problem,0
feature scaling,partial derivative,0
feature scaling,pca algorithm,0
feature scaling,polynomial kernel,0
feature scaling,polynomial regression,0
feature scaling,positive class,0
feature scaling,principle components,0
feature scaling,regression model,0
feature scaling,regression problem,0
feature scaling,regularization,0
feature scaling,square projection error,0
feature scaling,standard deviation,0
feature scaling,string kernel,0
feature scaling,supervised learning,0
feature scaling,support vector,0
feature scaling,support vector machine,0
feature scaling,svm optimization,0
feature scaling,svm packages,0
feature scaling,test data,0
feature scaling,test data set,0
feature scaling,unsupervised learning,0
feature scaling,validation set,0
feature scaling,overfitting,0
feature selection,generalized linear models,0
feature selection,gradient descent,0
feature selection,greedy algorithm,0
feature selection,recall,0
feature selection,k nearest neighbors,0
feature selection,kernel regression,0
feature selection,lasso regression,0
feature selection,least squares,0
feature selection,linear model,0
feature selection,linear regression,0
feature selection,loss function,0
feature selection,machine learning algorithm,0
feature selection,machine learning application,0
feature selection,maximum likelihood,0
feature selection,maximum likelihood estimate,0
feature selection,nearest neighbors,0
feature selection,matrix,0
feature selection,optimal solution,0
feature selection,optimization algorithms,0
feature selection,optimization objective,0
feature selection,optimization problem,0
feature selection,predicted value,0
feature selection,regression coefficients,0
feature selection,regression model,0
feature selection,regularization,0
feature selection,test error,0
feature selection,training error,0
feature selection,tuning parameter,0
feature selection,validation set,0
feature selection,overfitting,0
feature space,gaussian kernel,0
feature space,global minimum,0
feature space,hierarchical clustering,0
feature space,hypothesis,0
feature space,kernel function,0
feature space,learning method,0
feature space,learning system,0
feature space,linear kernel,0
feature space,local optima,0
feature space,locality sensitive hashing,0
feature space,loss function,0
feature space,machine learning system,0
feature space,nearest neighbor search,0
feature space,negative example,0
feature space,optimization problem,0
feature space,polynomial kernel,0
feature space,polynomial terms,0
feature space,positive class,0
feature space,regression problem,0
feature space,sigmoid function,0
feature space,string kernel,0
feature space,supervised learning,0
feature space,svm packages,0
feature space,training data,0
feature space,training data set,0
feature space,overfitting,0
feature vector,gaussian density,0
feature vector,global minimum,0
feature vector,recall,0
feature vector,hypothesis,0
feature vector,inner product,0
feature vector,iterative algorithm,0
feature vector,labeled data,0
feature vector,learning method,0
feature vector,learning rate,0
feature vector,learning system,0
feature vector,least squares,0
feature vector,linear algebra,0
feature vector,local optima,0
feature vector,locality sensitive hashing,0
feature vector,logistic function,0
feature vector,loss function,0
feature vector,low rank matrix,0
feature vector,machine learning algorithm,0
feature vector,machine learning system,0
feature vector,matrix factorization,0
feature vector,matrix transpose,0
feature vector,matrix vector multiplication,0
feature vector,mean normalization,0
feature vector,minimization problem,0
feature vector,nearest neighbor search,0
feature vector,negative example,0
feature vector,matrix,0
feature vector,optimal solution,0
feature vector,optimization objective,0
feature vector,optimization problem,0
feature vector,output unit,0
feature vector,parameter vector,0
feature vector,partial derivative,0
feature vector,polynomial terms,0
feature vector,positive class,0
feature vector,positive data,0
feature vector,predicted value,0
feature vector,recommender system,0
feature vector,regression problem,0
feature vector,sigmoid function,0
feature vector,spam filtering,0
feature vector,squared error,0
feature vector,standard deviation,0
feature vector,string kernel,0
feature vector,svm packages,0
feature vector,test data,0
feature vector,test data set,0
feature vector,training data,0
feature vector,training data set,0
feature vector,unsupervised learning,0
feature vector,validation set,0
feature vector,vector multiplication,0
forward propagation,global optimum,0
forward propagation,gradient checking,0
forward propagation,gradient descent,0
forward propagation,recall,0
forward propagation,linear regression,0
forward propagation,local minimum,0
forward propagation,local optima,0
forward propagation,multi-class classification,0
forward propagation,polynomial terms,0
forward propagation,regression model,0
forward propagation,regularization,0
forward propagation,squared error,0
gaussian density,k means,0
gaussian density,labeled data,0
gaussian density,latent dirichlet allocation,0
gaussian density,learning method,0
gaussian density,learning problem,0
gaussian density,linear algebra,0
gaussian density,machine learning,0
gaussian density,maximum likelihood,0
gaussian density,maximum likelihood estimate,0
gaussian density,mixture model,0
gaussian density,model parameters,0
gaussian density,non-anomalous examples,0
gaussian density,matrix,0
gaussian density,parameter estimation,0
gaussian density,prior probability,0
gaussian density,random numbers,0
gaussian density,random variable,0
gaussian density,supervised learning,0
gaussian density,test data set,0
gaussian density,training data,0
gaussian density,training data set,0
gaussian density,validation set,0
gaussian kernel,global minimum,0
gaussian kernel,high order polynomial,0
gaussian kernel,recall,0
gaussian kernel,hypothesis,0
gaussian kernel,inner product,0
gaussian kernel,input data,0
gaussian kernel,input space,0
gaussian kernel,k nearest neighbors,0
gaussian kernel,learning method,0
gaussian kernel,learning problem,0
gaussian kernel,learning system,0
gaussian kernel,linear classifier,0
gaussian kernel,linear kernel,0
gaussian kernel,local optima,0
gaussian kernel,logistic regression,0
gaussian kernel,loss function,0
gaussian kernel,machine learning algorithm,0
gaussian kernel,machine learning system,0
gaussian kernel,minimization problem,0
gaussian kernel,multi-class classification,0
gaussian kernel,nearest neighbors,0
gaussian kernel,negative example,0
gaussian kernel,neural network,0
gaussian kernel,matrix,0
gaussian kernel,optimization objective,0
gaussian kernel,optimization problem,0
gaussian kernel,parameter vector,0
gaussian kernel,polynomial features,0
gaussian kernel,polynomial kernel,0
gaussian kernel,polynomial terms,0
gaussian kernel,positive class,0
gaussian kernel,predicted value,0
gaussian kernel,regularization,0
gaussian kernel,string kernel,0
gaussian kernel,svm optimization,0
gaussian kernel,svm packages,0
gaussian kernel,test data set,0
gaussian kernel,training data,0
gaussian kernel,training data set,0
gaussian kernel,tuning parameter,0
gaussian kernel,validation set,0
gaussian kernel,overfitting,0
gaussian kernel,underfitting,0
gaussian model,iterative algorithm,0
gaussian model,k means,0
gaussian model,linear algebra,0
gaussian model,maximum likelihood,0
gaussian model,maximum likelihood estimate,0
gaussian model,multivariate gaussian distribution,0
gaussian model,parameter estimation,0
gaussian model,prior probability,0
gaussian model,training data,0
gaussian model,training data set,0
gaussian random variable,identity matrics,0
gaussian random variable,learning method,0
gaussian random variable,machine learning,0
gaussian random variable,matrix,0
gaussian random variable,standard deviation,0
generalization error,gradient descent,0
generalization error,high order polynomial,0
generalization error,recall,0
generalization error,identity matrics,0
generalization error,input space,0
generalization error,learning method,0
generalization error,mean square error,0
generalization error,model parameters,0
generalization error,matrix,0
generalization error,polynomial regression,0
generalization error,random variable,0
generalization error,regularization,0
generalization error,squared error,0
generalization error,tuning parameter,0
generalization error,validation error,0
generalization error,validation set,0
generalized linear models,gradient descent,0
generalized linear models,input data,0
generalized linear models,kernel regression,0
generalized linear models,logistic function,0
generalized linear models,loss function,0
generalized linear models,machine learning application,0
generalized linear models,maximum likelihood,0
generalized linear models,maximum likelihood estimate,0
generalized linear models,model selection,0
generalized linear models,nearest neighbors,0
generalized linear models,predicted value,0
generalized linear models,regression model,0
generalized linear models,training data,0
generalized linear models,overfitting,0
gibbs sampler,gradient descent,0
gibbs sampler,recall,0
gibbs sampler,iterative algorithm,0
gibbs sampler,k means,0
gibbs sampler,latent dirichlet allocation,0
gibbs sampler,learning method,0
gibbs sampler,learning problem,0
gibbs sampler,locality sensitive hashing,0
gibbs sampler,loss function,0
gibbs sampler,machine learning,0
gibbs sampler,machine learning algorithm,0
gibbs sampler,mixture model,0
gibbs sampler,model parameters,0
gibbs sampler,nearest neighbor search,0
gibbs sampler,nearest neighbors,0
gibbs sampler,stochastic gradient algorithm,0
gibbs sampler,supervised learning,0
gibbs sampler,unsupervised learning,0
global minimum,gradient descent,0
global minimum,hypothesis,0
global minimum,inner product,0
global minimum,input data,0
global minimum,iterative algorithm,0
global minimum,kernel function,0
global minimum,learning method,0
global minimum,learning problem,0
global minimum,learning rate,0
global minimum,learning system,0
global minimum,linear algebra,0
global minimum,linear classifier,0
global minimum,linear kernel,0
global minimum,linear regression,0
global minimum,local minimum,0
global minimum,local optima,0
global minimum,logistic regression,0
global minimum,loss function,0
global minimum,machine learning,0
global minimum,machine learning algorithm,0
global minimum,machine learning system,0
global minimum,massive training set,0
global minimum,mean normalization,0
global minimum,multi-class classification,0
global minimum,matrix,0
global minimum,optimal solution,0
global minimum,parameter vector,0
global minimum,partial derivative,0
global minimum,polynomial kernel,0
global minimum,positive class,0
global minimum,regression model,0
global minimum,regression problem,0
global minimum,regularization,0
global minimum,regularized linear regression,0
global minimum,squared error,0
global minimum,standard deviation,0
global minimum,stochastic gradient algorithm,0
global minimum,string kernel,0
global minimum,supervised learning,0
global minimum,support vector,0
global minimum,support vector machine,0
global minimum,svm packages,0
global minimum,training data,0
global minimum,training data set,0
global minimum,overfitting,0
global optimum,gradient checking,0
global optimum,hidden layer,0
global optimum,hidden unit,0
global optimum,hypothesis,0
global optimum,input layer,0
global optimum,input units,0
global optimum,iterative algorithm,0
global optimum,k means,0
global optimum,k-means objective,0
global optimum,learning method,0
global optimum,learning problem,0
global optimum,linear algebra,0
global optimum,linear regression,0
global optimum,local minimum,0
global optimum,local optima,0
global optimum,logistic regression,0
global optimum,loss function,0
global optimum,machine learning,0
global optimum,machine learning algorithm,0
global optimum,multi-class classification,0
global optimum,neural network,0
global optimum,normal equation,0
global optimum,matrix,0
global optimum,output unit,0
global optimum,partial derivative,0
global optimum,regression model,0
global optimum,regularization,0
global optimum,square distances,0
global optimum,squared error,0
global optimum,training data,0
global optimum,training data set,0
gradient algorithm,learning curve,0
gradient algorithm,log likelihood,0
gradient algorithm,logistic regression,0
gradient algorithm,machine learning,0
gradient algorithm,online learning,0
gradient algorithm,positive data,0
gradient algorithm,sentiment analysis,0
gradient ascent,gradient descent,0
gradient ascent,learning curve,0
gradient ascent,learning problem,0
gradient ascent,likelihood function,0
gradient ascent,log likelihood,0
gradient ascent,logistic regression,0
gradient ascent,machine learning algorithm,0
gradient ascent,negative example,0
gradient ascent,online learning,0
gradient ascent,output label,0
gradient ascent,positive data,0
gradient ascent,regression model,0
gradient ascent,regularization,0
gradient ascent,regularized logistic regression,0
gradient ascent,training data,0
gradient ascent,training data set,0
gradient ascent,validation set,0
gradient checking,hidden layer,0
gradient checking,hidden unit,0
gradient checking,hypothesis,0
gradient checking,input layer,0
gradient checking,input units,0
gradient checking,learning rate,0
gradient checking,linear regression,0
gradient checking,logistic regression,0
gradient checking,loss function,0
gradient checking,multi-class classification,0
gradient checking,neural network,0
gradient checking,neural network learning,0
gradient checking,matrix,0
gradient checking,output unit,0
gradient checking,partial derivative,0
gradient checking,regularization,0
gradient checking,training data,0
gradient checking,training data set,0
gradient descent,hidden layer,0
gradient descent,hidden unit,0
gradient descent,high order polynomial,0
gradient descent,recall,0
gradient descent,hypothesis,0
gradient descent,identity matrics,0
gradient descent,inner product,0
gradient descent,input layer,0
gradient descent,input units,0
gradient descent,joint model probability,0
gradient descent,k means,0
gradient descent,kernel regression,0
gradient descent,l1 penalty,0
gradient descent,lasso regression,0
gradient descent,latent dirichlet allocation,0
gradient descent,learning curve,0
gradient descent,learning problem,0
gradient descent,learning system,0
gradient descent,least squares,0
gradient descent,likelihood function,0
gradient descent,linear classifier,0
gradient descent,linear model,0
gradient descent,linear regression,0
gradient descent,log likelihood,0
gradient descent,loss function,0
gradient descent,machine learning application,0
gradient descent,machine learning system,0
gradient descent,massive training set,0
gradient descent,matrix factorization,0
gradient descent,maximum likelihood,0
gradient descent,maximum likelihood estimate,0
gradient descent,mean normalization,0
gradient descent,mean square error,0
gradient descent,model complexity,0
gradient descent,model selection,0
gradient descent,multi-class classification,0
gradient descent,nearest neighbors,0
gradient descent,negative example,0
gradient descent,online learning,0
gradient descent,output label,0
gradient descent,output layer,0
gradient descent,output unit,0
gradient descent,polynomial features,0
gradient descent,polynomial regression,0
gradient descent,polynomial terms,0
gradient descent,positive data,0
gradient descent,predicted value,0
gradient descent,prediction error,0
gradient descent,recommender system,0
gradient descent,regression coefficients,0
gradient descent,regression function,0
gradient descent,regression model,0
gradient descent,regression problem,0
gradient descent,regularization,0
gradient descent,sentiment analysis,0
gradient descent,sigmoid function,0
gradient descent,square matrix,0
gradient descent,squared error,0
gradient descent,standard deviation,0
gradient descent,standard least squares,0
gradient descent,support vector,0
gradient descent,support vector machine,0
gradient descent,test data,0
gradient descent,test data set,0
gradient descent,test error,0
gradient descent,training data,0
gradient descent,training data set,0
gradient descent,training error,0
gradient descent,tuning parameter,0
gradient descent,validation error,0
gradient descent,validation set,0
gradient descent,vector multiplication,0
gradient descent,overfitting,0
greedy algorithm,precision,0
greedy algorithm,recall,0
greedy algorithm,learning method,0
greedy algorithm,learning problem,0
greedy algorithm,linear classifier,0
greedy algorithm,logistic regression,0
greedy algorithm,machine learning,0
greedy algorithm,machine learning algorithm,0
greedy algorithm,model complexity,0
greedy algorithm,online learning,0
greedy algorithm,regression coefficients,0
greedy algorithm,regression model,0
greedy algorithm,regularization,0
greedy algorithm,test data,0
greedy algorithm,test error,0
greedy algorithm,training data,0
greedy algorithm,training error,0
greedy algorithm,tuning parameter,0
greedy algorithm,validation set,0
greedy algorithm,weak classifier,0
greedy algorithm,overfitting,0
hidden layer,recall,0
hidden layer,hypothesis,0
hidden layer,learning curve,0
hidden layer,learning method,0
hidden layer,linear regression,0
hidden layer,local minimum,0
hidden layer,local optima,0
hidden layer,logistic function,0
hidden layer,logistic regression,0
hidden layer,loss function,0
hidden layer,matrix vector multiplication,0
hidden layer,model selection,0
hidden layer,multi-class classification,0
hidden layer,negative example,0
hidden layer,nonlinear hypotheses,0
hidden layer,matrix,0
hidden layer,optimization algorithms,0
hidden layer,output label,0
hidden layer,output layer,0
hidden layer,output unit,0
hidden layer,parameter vector,0
hidden layer,partial derivative,0
hidden layer,polynomial features,0
hidden layer,polynomial terms,0
hidden layer,positive data,0
hidden layer,regression model,0
hidden layer,regularization,0
hidden layer,regularized linear regression,0
hidden layer,squared error,0
hidden layer,test data set,0
hidden layer,training data,0
hidden layer,training data set,0
hidden layer,training error,0
hidden layer,validation error,0
hidden layer,validation set,0
hidden layer,variance problem,0
hidden layer,vector multiplication,0
hidden layer,overfitting,0
hidden layer,underfitting,0
hidden unit,hypothesis,0
hidden unit,input layer,0
hidden unit,learning curve,0
hidden unit,learning method,0
hidden unit,learning problem,0
hidden unit,learning rate,0
hidden unit,learning system,0
hidden unit,linear regression,0
hidden unit,local minimum,0
hidden unit,local optima,0
hidden unit,logistic regression,0
hidden unit,loss function,0
hidden unit,machine learning,0
hidden unit,machine learning application,0
hidden unit,machine learning system,0
hidden unit,massive training set,0
hidden unit,model selection,0
hidden unit,multi-class classification,0
hidden unit,negative example,0
hidden unit,matrix,0
hidden unit,optimization algorithms,0
hidden unit,output layer,0
hidden unit,output unit,0
hidden unit,partial derivative,0
hidden unit,photo ocr,0
hidden unit,polynomial features,0
hidden unit,positive data,0
hidden unit,regression model,0
hidden unit,regularization,0
hidden unit,regularized linear regression,0
hidden unit,squared error,0
hidden unit,stochastic gradient algorithm,0
hidden unit,supervised learning,0
hidden unit,test data set,0
hidden unit,test error,0
hidden unit,training data,0
hidden unit,training data set,0
hidden unit,training error,0
hidden unit,validation error,0
hidden unit,validation set,0
hidden unit,variance problem,0
hidden unit,overfitting,0
hidden unit,underfitting,0
hierarchical clustering,mixture model,0
hierarchical clustering,nearest neighbors,0
high order polynomial,hypothesis,0
high order polynomial,kernel function,0
high order polynomial,learning curve,0
high order polynomial,learning method,0
high order polynomial,learning problem,0
high order polynomial,linear classifier,0
high order polynomial,linear regression,0
high order polynomial,logistic regression,0
high order polynomial,loss function,0
high order polynomial,machine learning,0
high order polynomial,machine learning algorithm,0
high order polynomial,machine learning application,0
high order polynomial,mean square error,0
high order polynomial,model complexity,0
high order polynomial,model selection,0
high order polynomial,negative example,0
high order polynomial,optimization algorithms,0
high order polynomial,optimization objective,0
high order polynomial,optimization problem,0
high order polynomial,parameter vector,0
high order polynomial,partial derivative,0
high order polynomial,prediction error,0
high order polynomial,regression function,0
high order polynomial,regression model,0
high order polynomial,regularization,0
high order polynomial,regularized linear regression,0
high order polynomial,regularized logistic regression,0
high order polynomial,sigmoid function,0
high order polynomial,squared error,0
high order polynomial,support vector,0
high order polynomial,support vector machine,0
high order polynomial,test data set,0
high order polynomial,test error,0
high order polynomial,training data,0
high order polynomial,training data set,0
high order polynomial,training error,0
high order polynomial,validation error,0
high order polynomial,validation set,0
high order polynomial,variance problem,0
high order polynomial,overfitting,0
high order polynomial,underfitting,0
precision,recall,0
precision,identity matrics,0
precision,k means,0
precision,learning method,0
precision,learning system,0
precision,linear algebra,0
precision,linear classifier,0
precision,linear regression,0
precision,logistic regression,0
precision,machine learning,0
precision,machine learning algorithm,0
precision,machine learning application,0
precision,machine learning system,0
precision,matrix multiplication,0
precision,matrix transpose,0
precision,matrix,0
precision,online learning,0
precision,recommender system,0
precision,regularization,0
precision,sentiment analysis,0
precision,sentiment classifier,0
precision,square matrix,0
precision,supervised learning,0
precision,training data,0
precision,true negatives,0
precision,true positives,0
precision,unsupervised learning,0
precision,validation set,0
precision,variance problem,0
precision,overfitting,0
recall,hypothesis,0
recall,identity matrics,0
recall,inner product,0
recall,input layer,0
recall,input space,0
recall,iterative algorithm,0
recall,k means,0
recall,kernel regression,0
recall,l1 penalty,0
recall,latent dirichlet allocation,0
recall,learning method,0
recall,learning problem,0
recall,learning system,0
recall,least squares,0
recall,likelihood function,0
recall,linear algebra,0
recall,linear classifier,0
recall,linear regression,0
recall,logistic regression,0
recall,loss function,0
recall,machine learning,0
recall,machine learning algorithm,0
recall,machine learning system,0
recall,maximum likelihood,0
recall,maximum likelihood estimate,0
recall,mean square error,0
recall,minimization problem,0
recall,model complexity,0
recall,model parameters,0
recall,nearest neighbors,0
recall,non-anomalous examples,0
recall,matrix,0
recall,online learning,0
recall,optimization algorithms,0
recall,optimization objective,0
recall,optimization problem,0
recall,output label,0
recall,output layer,0
recall,output unit,0
recall,parameter vector,0
recall,partial derivative,0
recall,pedestrian detection,0
recall,photo ocr,0
recall,polynomial regression,0
recall,prediction error,0
recall,random variable,0
recall,recommender system,0
recall,regression coefficients,0
recall,regression model,0
recall,regularization,0
recall,regularized logistic regression,0
recall,sentiment analysis,0
recall,sentiment classifier,0
recall,spam filtering,0
recall,squared error,0
recall,supervised learning,0
recall,support vector,0
recall,support vector machine,0
recall,training data,0
recall,training data set,0
recall,training error,0
recall,true negatives,0
recall,true positives,0
recall,tuning parameter,0
recall,unsupervised learning,0
recall,validation set,0
recall,variance problem,0
recall,vector multiplication,0
recall,overfitting,0
recall,underfitting,0
hypothesis,inner product,0
hypothesis,input layer,0
hypothesis,input units,0
hypothesis,iterative algorithm,0
hypothesis,kernel function,0
hypothesis,labeled data,0
hypothesis,large margin classifier,0
hypothesis,learning curve,0
hypothesis,learning method,0
hypothesis,learning rate,0
hypothesis,learning system,0
hypothesis,linear algebra,0
hypothesis,local minimum,0
hypothesis,local optima,0
hypothesis,logistic function,0
hypothesis,loss function,0
hypothesis,machine learning application,0
hypothesis,machine learning system,0
hypothesis,massive training set,0
hypothesis,matrix multiplication,0
hypothesis,matrix vector multiplication,0
hypothesis,maximum likelihood,0
hypothesis,maximum likelihood estimate,0
hypothesis,mean normalization,0
hypothesis,minimization problem,0
hypothesis,misclassification error,0
hypothesis,multi-class classification,0
hypothesis,negative example,0
hypothesis,normal equation,0
hypothesis,matrix,0
hypothesis,optimal solution,0
hypothesis,optimization algorithms,0
hypothesis,optimization objective,0
hypothesis,optimization problem,0
hypothesis,output layer,0
hypothesis,output unit,0
hypothesis,parameter vector,0
hypothesis,partial derivative,0
hypothesis,polynomial features,0
hypothesis,polynomial terms,0
hypothesis,positive class,0
hypothesis,positive data,0
hypothesis,predicted value,0
hypothesis,principle components,0
hypothesis,regression problem,0
hypothesis,regularization,0
hypothesis,sigmoid function,0
hypothesis,square distances,0
hypothesis,square projection error,0
hypothesis,squared error,0
hypothesis,supervised learning,0
hypothesis,support vector,0
hypothesis,test data,0
hypothesis,test data set,0
hypothesis,test error,0
hypothesis,training data,0
hypothesis,training data set,0
hypothesis,training error,0
hypothesis,unsupervised learning,0
hypothesis,validation error,0
hypothesis,validation set,0
hypothesis,variance problem,0
hypothesis,vector multiplication,0
hypothesis,overfitting,0
hypothesis,underfitting,0
identity matrics,labeled data,0
identity matrics,learning method,0
identity matrics,least squares,0
identity matrics,linear regression,0
identity matrics,loss function,0
identity matrics,machine learning,0
identity matrics,machine learning application,0
identity matrics,model complexity,0
identity matrics,prediction error,0
identity matrics,random numbers,0
identity matrics,random variable,0
identity matrics,regression model,0
identity matrics,regularization,0
identity matrics,square matrix,0
identity matrics,squared error,0
identity matrics,standard deviation,0
identity matrics,test data,0
identity matrics,test data set,0
identity matrics,test error,0
identity matrics,training data,0
identity matrics,training data set,0
identity matrics,training error,0
identity matrics,tuning parameter,0
identity matrics,validation set,0
identity matrics,overfitting,0
image classification,image retrieval,0
image classification,learning method,0
image classification,linear classifier,0
image classification,logistic regression,0
image classification,neural network,0
image classification,support vector,0
image classification,support vector machine,0
image classification,test data,0
image classification,test data set,0
image classification,training data,0
image classification,training data set,0
image classification,transfer learning,0
image classification,validation set,0
image retrieval,learning method,0
image retrieval,logistic regression,0
image retrieval,nearest neighbors,0
image retrieval,neural network,0
image retrieval,training data,0
image retrieval,training data set,0
inner product,input data,0
inner product,learning method,0
inner product,learning problem,0
inner product,learning rate,0
inner product,learning system,0
inner product,linear classifier,0
inner product,linear kernel,0
inner product,local optima,0
inner product,locality sensitive hashing,0
inner product,loss function,0
inner product,machine learning,0
inner product,machine learning algorithm,0
inner product,machine learning system,0
inner product,mean normalization,0
inner product,multi-class classification,0
inner product,nearest neighbor search,0
inner product,negative example,0
inner product,matrix,0
inner product,optimization objective,0
inner product,parameter vector,0
inner product,partial derivative,0
inner product,positive class,0
inner product,positive data,0
inner product,predicted value,0
inner product,recommender system,0
inner product,regression coefficients,0
inner product,regression model,0
inner product,regression problem,0
inner product,regularization,0
inner product,square matrix,0
inner product,string kernel,0
inner product,support vector,0
inner product,svm packages,0
inner product,training data,0
inner product,training data set,0
inner product,overfitting,0
input data,kernel function,0
input data,learning problem,0
input data,linear kernel,0
input data,local optima,0
input data,loss function,0
input data,matrix,0
input data,optimization problem,0
input data,output label,0
input data,parameter vector,0
input data,polynomial kernel,0
input data,positive class,0
input data,squared error,0
input data,string kernel,0
input data,support vector,0
input data,svm optimization,0
input data,svm packages,0
input data,overfitting,0
input layer,learning method,0
input layer,linear regression,0
input layer,local minimum,0
input layer,local optima,0
input layer,logistic function,0
input layer,logistic regression,0
input layer,loss function,0
input layer,matrix vector multiplication,0
input layer,multi-class classification,0
input layer,negative example,0
input layer,nonlinear hypotheses,0
input layer,matrix,0
input layer,optimization algorithms,0
input layer,output label,0
input layer,output layer,0
input layer,output unit,0
input layer,parameter vector,0
input layer,partial derivative,0
input layer,polynomial terms,0
input layer,positive data,0
input layer,regression model,0
input layer,regularization,0
input layer,sigmoid function,0
input layer,squared error,0
input layer,vector multiplication,0
input space,k nearest neighbors,0
input space,least squares,0
input space,loss function,0
input space,machine learning algorithm,0
input space,mean square error,0
input space,model complexity,0
input space,model parameters,0
input space,nearest neighbor search,0
input space,nearest neighbors,0
input space,predicted value,0
input space,prediction error,0
input space,random variable,0
input space,squared error,0
input space,standard least squares,0
input space,supervised learning,0
input space,tuning parameter,0
input space,unsupervised learning,0
input space,validation set,0
input space,overfitting,0
input units,learning method,0
input units,linear regression,0
input units,local minimum,0
input units,local optima,0
input units,logistic function,0
input units,logistic regression,0
input units,loss function,0
input units,multi-class classification,0
input units,matrix,0
input units,optimization algorithms,0
input units,output layer,0
input units,output unit,0
input units,parameter vector,0
input units,partial derivative,0
input units,regularization,0
input units,squared error,0
iterative algorithm,labeled data,0
iterative algorithm,learning method,0
iterative algorithm,learning problem,0
iterative algorithm,learning rate,0
iterative algorithm,linear algebra,0
iterative algorithm,linear regression,0
iterative algorithm,local optima,0
iterative algorithm,logistic regression,0
iterative algorithm,loss function,0
iterative algorithm,machine learning,0
iterative algorithm,machine learning algorithm,0
iterative algorithm,matrix multiplication,0
iterative algorithm,matrix vector multiplication,0
iterative algorithm,maximum likelihood,0
iterative algorithm,maximum likelihood estimate,0
iterative algorithm,mixture model,0
iterative algorithm,model complexity,0
iterative algorithm,model parameters,0
iterative algorithm,normal equation,0
iterative algorithm,matrix,0
iterative algorithm,optimal solution,0
iterative algorithm,optimization objective,0
iterative algorithm,parameter vector,0
iterative algorithm,partial derivative,0
iterative algorithm,polynomial regression,0
iterative algorithm,probabilistic model,0
iterative algorithm,regression model,0
iterative algorithm,regression problem,0
iterative algorithm,square distances,0
iterative algorithm,squared error,0
iterative algorithm,supervised learning,0
iterative algorithm,training data,0
iterative algorithm,training data set,0
iterative algorithm,unsupervised learning,0
iterative algorithm,vector multiplication,0
joint model probability,k means,0
joint model probability,learning problem,0
joint model probability,loss function,0
joint model probability,machine learning,0
joint model probability,model parameters,0
joint model probability,stochastic gradient algorithm,0
joint model probability,supervised learning,0
joint model probability,unsupervised learning,0
k means,labeled data,0
k means,latent dirichlet allocation,0
k means,learning curve,0
k means,linear algebra,0
k means,linear classifier,0
k means,linear regression,0
k means,local optima,0
k means,locality sensitive hashing,0
k means,log likelihood,0
k means,logistic regression,0
k means,loss function,0
k means,low rank matrix,0
k means,machine learning system,0
k means,matrix factorization,0
k means,matrix transpose,0
k means,maximum likelihood,0
k means,maximum likelihood estimate,0
k means,mean normalization,0
k means,mixture model,0
k means,model parameters,0
k means,nearest neighbor search,0
k means,nearest neighbors,0
k means,neural network,0
k means,matrix,0
k means,online learning,0
k means,output label,0
k means,parameter estimation,0
k means,parameter vector,0
k means,pca algorithm,0
k means,principle components,0
k means,prior probability,0
k means,probabilistic model,0
k means,recommender system,0
k means,regression model,0
k means,regularization,0
k means,sentiment analysis,0
k means,square distances,0
k means,square projection error,0
k means,standard deviation,0
k means,stochastic gradient algorithm,0
k means,supervised learning,0
k means,symmetric matrix,0
k means,training data,0
k means,training data set,0
k means,validation set,0
k means,variance problem,0
k nearest neighbors,kernel regression,0
k nearest neighbors,lasso regression,0
k nearest neighbors,least squares,0
k nearest neighbors,linear regression,0
k nearest neighbors,mean square error,0
k nearest neighbors,model complexity,0
k nearest neighbors,optimal solution,0
k nearest neighbors,optimization problem,0
k nearest neighbors,predicted value,0
k nearest neighbors,regression model,0
k nearest neighbors,squared error,0
k nearest neighbors,standard least squares,0
k-means objective,square distances,0
kernel function,learning method,0
kernel function,learning problem,0
kernel function,learning system,0
kernel function,linear classifier,0
kernel function,local optima,0
kernel function,logistic regression,0
kernel function,loss function,0
kernel function,machine learning system,0
kernel function,multi-class classification,0
kernel function,negative example,0
kernel function,neural network,0
kernel function,matrix,0
kernel function,optimization problem,0
kernel function,parameter vector,0
kernel function,polynomial features,0
kernel function,polynomial terms,0
kernel function,positive class,0
kernel function,support vector,0
kernel function,svm optimization,0
kernel function,svm packages,0
kernel function,training data,0
kernel function,training data set,0
kernel function,overfitting,0
kernel regression,lasso regression,0
kernel regression,least squares,0
kernel regression,linear model,0
kernel regression,loss function,0
kernel regression,machine learning application,0
kernel regression,maximum likelihood,0
kernel regression,maximum likelihood estimate,0
kernel regression,mean square error,0
kernel regression,model complexity,0
kernel regression,model selection,0
kernel regression,nearest neighbors,0
kernel regression,optimal solution,0
kernel regression,optimization objective,0
kernel regression,predicted value,0
kernel regression,squared error,0
kernel regression,standard least squares,0
kernel regression,tuning parameter,0
kernel regression,validation set,0
kernel regression,overfitting,0
l1 penalty,lasso regression,0
l1 penalty,learning method,0
l1 penalty,least squares,0
l1 penalty,likelihood function,0
l1 penalty,linear regression,0
l1 penalty,logistic regression,0
l1 penalty,normalized features,0
l1 penalty,polynomial features,0
l1 penalty,polynomial regression,0
l1 penalty,regression function,0
l1 penalty,regression model,0
l1 penalty,regularized logistic regression,0
l1 penalty,standard least squares,0
l1 penalty,tuning parameter,0
l1 penalty,unnormalized features,0
l1 penalty,validation error,0
l1 penalty,overfitting,0
labeled data,latent dirichlet allocation,0
labeled data,learning method,0
labeled data,learning problem,0
labeled data,linear algebra,0
labeled data,locality sensitive hashing,0
labeled data,machine learning,0
labeled data,machine learning algorithm,0
labeled data,matrix transpose,0
labeled data,mean normalization,0
labeled data,mixture model,0
labeled data,multivariate gaussian distribution,0
labeled data,nearest neighbor search,0
labeled data,nearest neighbors,0
labeled data,matrix,0
labeled data,output label,0
labeled data,pca algorithm,0
labeled data,principle components,0
labeled data,prior probability,0
labeled data,probabilistic model,0
labeled data,random variable,0
labeled data,square distances,0
labeled data,square projection error,0
labeled data,standard deviation,0
labeled data,support vector,0
labeled data,test data,0
labeled data,test data set,0
labeled data,transfer learning,0
labeled data,true negatives,0
labeled data,true positives,0
labeled data,unsupervised learning,0
large margin classifier,linear algebra,0
large margin classifier,loss function,0
large margin classifier,matrix,0
large margin classifier,optimization objective,0
large margin classifier,optimization problem,0
large margin classifier,parameter vector,0
large margin classifier,regularization,0
large margin classifier,support vector,0
lasso regression,least squares,0
lasso regression,model complexity,0
lasso regression,model selection,0
lasso regression,nearest neighbors,0
lasso regression,optimization objective,0
lasso regression,polynomial regression,0
lasso regression,predicted value,0
lasso regression,regularization,0
lasso regression,tuning parameter,0
lasso regression,validation error,0
latent dirichlet allocation,linear algebra,0
latent dirichlet allocation,linear classifier,0
latent dirichlet allocation,linear regression,0
latent dirichlet allocation,locality sensitive hashing,0
latent dirichlet allocation,logistic regression,0
latent dirichlet allocation,matrix factorization,0
latent dirichlet allocation,maximum likelihood,0
latent dirichlet allocation,maximum likelihood estimate,0
latent dirichlet allocation,mixture model,0
latent dirichlet allocation,model complexity,0
latent dirichlet allocation,model parameters,0
latent dirichlet allocation,multi-class classification,0
latent dirichlet allocation,nearest neighbor search,0
latent dirichlet allocation,nearest neighbors,0
latent dirichlet allocation,online learning,0
latent dirichlet allocation,output label,0
latent dirichlet allocation,recommender system,0
latent dirichlet allocation,regression model,0
latent dirichlet allocation,regularization,0
latent dirichlet allocation,sentiment analysis,0
latent dirichlet allocation,square distances,0
latent dirichlet allocation,stochastic gradient algorithm,0
latent dirichlet allocation,supervised learning,0
latent dirichlet allocation,support vector,0
latent dirichlet allocation,support vector machine,0
latent dirichlet allocation,unsupervised learning,0
latent dirichlet allocation,overfitting,0
learning curve,learning method,0
learning curve,learning rate,0
learning curve,learning system,0
learning curve,linear regression,0
learning curve,log likelihood,0
learning curve,logistic regression,0
learning curve,loss function,0
learning curve,machine learning algorithm,0
learning curve,machine learning application,0
learning curve,machine learning system,0
learning curve,massive training set,0
learning curve,model selection,0
learning curve,neural network,0
learning curve,parameter vector,0
learning curve,photo ocr,0
learning curve,polynomial features,0
learning curve,recommender system,0
learning curve,regression model,0
learning curve,regularization,0
learning curve,regularized linear regression,0
learning curve,sentiment analysis,0
learning curve,spam filtering,0
learning curve,squared error,0
learning curve,stochastic gradient algorithm,0
learning curve,supervised learning,0
learning curve,unsupervised learning,0
learning curve,validation error,0
learning curve,validation set,0
learning curve,weak classifier,0
learning method,learning rate,0
learning method,least squares,0
learning method,likelihood function,0
learning method,linear algebra,0
learning method,linear kernel,0
learning method,local minimum,0
learning method,local optima,0
learning method,locality sensitive hashing,0
learning method,log likelihood,0
learning method,logistic function,0
learning method,loss function,0
learning method,machine learning,0
learning method,machine learning application,0
learning method,machine learning system,0
learning method,massive training set,0
learning method,matrix factorization,0
learning method,matrix multiplication,0
learning method,matrix transpose,0
learning method,maximum likelihood,0
learning method,maximum likelihood estimate,0
learning method,mean normalization,0
learning method,minimization problem,0
learning method,nearest neighbors,0
learning method,negative example,0
learning method,non-anomalous examples,0
learning method,nonlinear hypotheses,0
learning method,normal equation,0
learning method,matrix,0
learning method,optimal solution,0
learning method,optimization algorithms,0
learning method,optimization objective,0
learning method,optimization problem,0
learning method,output label,0
learning method,output layer,0
learning method,output unit,0
learning method,parameter vector,0
learning method,partial derivative,0
learning method,photo ocr,0
learning method,polynomial features,0
learning method,polynomial kernel,0
learning method,polynomial terms,0
learning method,positive class,0
learning method,positive data,0
learning method,positive training example,0
learning method,predicted class,0
learning method,predicted value,0
learning method,probabilistic model,0
learning method,random numbers,0
learning method,random variable,0
learning method,recommender system,0
learning method,regression coefficients,0
learning method,regression problem,0
learning method,regularization,0
learning method,sigmoid function,0
learning method,spam filtering,0
learning method,square matrix,0
learning method,squared error,0
learning method,standard deviation,0
learning method,string kernel,0
learning method,support vector,0
learning method,svm packages,0
learning method,test data,0
learning method,test data set,0
learning method,test error,0
learning method,training data,0
learning method,training data set,0
learning method,training error,0
learning method,true negatives,0
learning method,true positives,0
learning method,tuning parameter,0
learning method,validation error,0
learning method,validation set,0
learning method,variance problem,0
learning method,overfitting,0
learning method,underfitting,0
learning problem,learning rate,0
learning problem,likelihood function,0
learning problem,linear algebra,0
learning problem,linear kernel,0
learning problem,local optima,0
learning problem,locality sensitive hashing,0
learning problem,loss function,0
learning problem,matrix factorization,0
learning problem,mean normalization,0
learning problem,minimization problem,0
learning problem,model parameters,0
learning problem,nearest neighbors,0
learning problem,negative example,0
learning problem,non-anomalous examples,0
learning problem,nonlinear hypotheses,0
learning problem,matrix,0
learning problem,ocr problem,0
learning problem,optimal solution,0
learning problem,optimization algorithms,0
learning problem,optimization objective,0
learning problem,optimization problem,0
learning problem,output label,0
learning problem,parameter vector,0
learning problem,partial derivative,0
learning problem,polynomial features,0
learning problem,polynomial kernel,0
learning problem,polynomial terms,0
learning problem,positive class,0
learning problem,positive data,0
learning problem,positive training example,0
learning problem,predicted value,0
learning problem,regularization,0
learning problem,sigmoid function,0
learning problem,square distances,0
learning problem,squared error,0
learning problem,string kernel,0
learning problem,support vector,0
learning problem,svm packages,0
learning problem,test error,0
learning problem,training error,0
learning problem,true negatives,0
learning problem,true positives,0
learning problem,validation error,0
learning problem,overfitting,0
learning problem,underfitting,0
learning rate,least squares,0
learning rate,linear algebra,0
learning rate,linear regression,0
learning rate,local minimum,0
learning rate,local optima,0
learning rate,logistic regression,0
learning rate,loss function,0
learning rate,machine learning application,0
learning rate,massive training set,0
learning rate,multi-class classification,0
learning rate,normal equation,0
learning rate,matrix,0
learning rate,optimal solution,0
learning rate,optimization objective,0
learning rate,parameter vector,0
learning rate,partial derivative,0
learning rate,positive data,0
learning rate,predicted value,0
learning rate,recommender system,0
learning rate,regression model,0
learning rate,regression problem,0
learning rate,regularization,0
learning rate,regularized linear regression,0
learning rate,squared error,0
learning rate,test data set,0
learning rate,training data,0
learning rate,training data set,0
learning rate,overfitting,0
learning system,linear kernel,0
learning system,local optima,0
learning system,loss function,0
learning system,machine learning algorithm,0
learning system,massive training set,0
learning system,mean normalization,0
learning system,minimization problem,0
learning system,matrix,0
learning system,ocr problem,0
learning system,optimization problem,0
learning system,parameter vector,0
learning system,polynomial features,0
learning system,polynomial kernel,0
learning system,positive class,0
learning system,regression model,0
learning system,regularization,0
learning system,stochastic gradient algorithm,0
learning system,string kernel,0
learning system,supervised learning,0
learning system,support vector,0
learning system,support vector machine,0
learning system,svm optimization,0
learning system,test data,0
learning system,test data set,0
learning system,test error,0
learning system,training data,0
learning system,training data set,0
learning system,training error,0
learning system,unsupervised learning,0
learning system,validation set,0
learning system,variance problem,0
learning system,overfitting,0
least squares,linear regression,0
least squares,loss function,0
least squares,machine learning,0
least squares,machine learning algorithm,0
least squares,model complexity,0
least squares,model parameters,0
least squares,model selection,0
least squares,nearest neighbors,0
least squares,normalized features,0
least squares,optimal solution,0
least squares,optimization objective,0
least squares,optimization problem,0
least squares,parameter vector,0
least squares,partial derivative,0
least squares,polynomial features,0
least squares,polynomial regression,0
least squares,predicted value,0
least squares,recommender system,0
least squares,regression coefficients,0
least squares,regression function,0
least squares,regression model,0
least squares,regression problem,0
least squares,regularization,0
least squares,training data,0
least squares,training data set,0
least squares,tuning parameter,0
least squares,unnormalized features,0
least squares,validation error,0
least squares,validation set,0
least squares,overfitting,0
likelihood function,logistic regression,0
likelihood function,machine learning,0
likelihood function,machine learning algorithm,0
likelihood function,negative example,0
likelihood function,neural network,0
likelihood function,output label,0
likelihood function,partial derivative,0
likelihood function,positive data,0
likelihood function,predicted value,0
likelihood function,regression model,0
likelihood function,regularization,0
likelihood function,regularized logistic regression,0
likelihood function,training data,0
likelihood function,training data set,0
likelihood function,validation set,0
linear algebra,linear classifier,0
linear algebra,local optima,0
linear algebra,loss function,0
linear algebra,low rank matrix,0
linear algebra,machine learning,0
linear algebra,machine learning algorithm,0
linear algebra,machine learning application,0
linear algebra,maximum likelihood,0
linear algebra,maximum likelihood estimate,0
linear algebra,mean normalization,0
linear algebra,model complexity,0
linear algebra,multivariate gaussian distribution,0
linear algebra,multivariate gaussian model,0
linear algebra,negative example,0
linear algebra,matrix,0
linear algebra,online learning,0
linear algebra,optimization objective,0
linear algebra,optimization problem,0
linear algebra,parameter vector,0
linear algebra,positive data,0
linear algebra,probability density,0
linear algebra,regression coefficients,0
linear algebra,regression model,0
linear algebra,squared error,0
linear algebra,standard deviation,0
linear algebra,supervised learning,0
linear algebra,support vector,0
linear algebra,test data set,0
linear algebra,training data,0
linear algebra,training data set,0
linear algebra,unsupervised learning,0
linear algebra,validation set,0
linear algebra,overfitting,0
linear classifier,linear regression,0
linear classifier,local optima,0
linear classifier,loss function,0
linear classifier,machine learning system,0
linear classifier,matrix factorization,0
linear classifier,maximum likelihood,0
linear classifier,maximum likelihood estimate,0
linear classifier,model complexity,0
linear classifier,nearest neighbors,0
linear classifier,matrix,0
linear classifier,online learning,0
linear classifier,optimization algorithms,0
linear classifier,optimization objective,0
linear classifier,optimization problem,0
linear classifier,output label,0
linear classifier,parameter vector,0
linear classifier,partial derivative,0
linear classifier,polynomial features,0
linear classifier,polynomial kernel,0
linear classifier,polynomial regression,0
linear classifier,polynomial terms,0
linear classifier,recommender system,0
linear classifier,regression model,0
linear classifier,regularization,0
linear classifier,regularized linear regression,0
linear classifier,sigmoid function,0
linear classifier,stochastic gradient algorithm,0
linear classifier,string kernel,0
linear classifier,support vector,0
linear classifier,svm optimization,0
linear classifier,svm packages,0
linear classifier,training data,0
linear classifier,training data set,0
linear classifier,training error,0
linear classifier,transfer learning,0
linear classifier,validation set,0
linear classifier,overfitting,0
linear kernel,local optima,0
linear kernel,logistic regression,0
linear kernel,loss function,0
linear kernel,machine learning,0
linear kernel,machine learning system,0
linear kernel,multi-class classification,0
linear kernel,neural network,0
linear kernel,matrix,0
linear kernel,optimization problem,0
linear kernel,parameter vector,0
linear kernel,polynomial kernel,0
linear kernel,positive class,0
linear kernel,string kernel,0
linear kernel,svm optimization,0
linear kernel,svm packages,0
linear kernel,training data,0
linear kernel,training data set,0
linear kernel,overfitting,0
linear model,logistic function,0
linear model,loss function,0
linear model,machine learning application,0
linear model,maximum likelihood,0
linear model,maximum likelihood estimate,0
linear model,mean square error,0
linear model,model complexity,0
linear model,model parameters,0
linear model,model selection,0
linear model,nearest neighbors,0
linear model,predicted value,0
linear model,regression coefficients,0
linear model,regression model,0
linear model,regularization,0
linear model,squared error,0
linear model,test data,0
linear model,test error,0
linear model,training data,0
linear model,training data set,0
linear model,training error,0
linear model,overfitting,0
linear regression,local minimum,0
linear regression,local optima,0
linear regression,logistic function,0
linear regression,logistic regression,0
linear regression,low rank matrix,0
linear regression,machine learning application,0
linear regression,machine learning system,0
linear regression,massive training set,0
linear regression,matrix factorization,0
linear regression,matrix multiplication,0
linear regression,matrix transpose,0
linear regression,matrix vector multiplication,0
linear regression,maximum likelihood,0
linear regression,maximum likelihood estimate,0
linear regression,mean normalization,0
linear regression,mean square error,0
linear regression,minimization problem,0
linear regression,misclassification error,0
linear regression,model complexity,0
linear regression,model parameters,0
linear regression,model selection,0
linear regression,multi-class classification,0
linear regression,nearest neighbors,0
linear regression,negative example,0
linear regression,nonlinear hypotheses,0
linear regression,matrix,0
linear regression,online learning,0
linear regression,optimal solution,0
linear regression,optimization objective,0
linear regression,output layer,0
linear regression,output unit,0
linear regression,parameter vector,0
linear regression,partial derivative,0
linear regression,polynomial features,0
linear regression,polynomial terms,0
linear regression,positive class,0
linear regression,positive data,0
linear regression,principle components,0
linear regression,random numbers,0
linear regression,recommender system,0
linear regression,regularization,0
linear regression,regularized logistic regression,0
linear regression,sentiment analysis,0
linear regression,sigmoid function,0
linear regression,square matrix,0
linear regression,square projection error,0
linear regression,squared error,0
linear regression,standard least squares,0
linear regression,stochastic gradient algorithm,0
linear regression,support vector,0
linear regression,support vector machine,0
linear regression,test error,0
linear regression,training error,0
linear regression,tuning parameter,0
linear regression,unsupervised learning,0
linear regression,validation error,0
linear regression,validation set,0
linear regression,variance problem,0
linear regression,vector multiplication,0
linear regression,overfitting,0
linear regression,underfitting,0
local minimum,logistic regression,0
local minimum,machine learning,0
local minimum,multi-class classification,0
local minimum,neural network,0
local minimum,matrix,0
local minimum,output unit,0
local minimum,training data,0
local minimum,training data set,0
local optima,logistic regression,0
local optima,machine learning,0
local optima,machine learning algorithm,0
local optima,machine learning system,0
local optima,multi-class classification,0
local optima,neural network,0
local optima,matrix,0
local optima,optimization problem,0
local optima,output unit,0
local optima,parameter vector,0
local optima,polynomial kernel,0
local optima,positive class,0
local optima,regression model,0
local optima,square distances,0
local optima,squared error,0
local optima,string kernel,0
local optima,supervised learning,0
local optima,support vector,0
local optima,svm packages,0
local optima,training data,0
local optima,training data set,0
local optima,overfitting,0
locality sensitive hashing,machine learning,0
locality sensitive hashing,machine learning algorithm,0
locality sensitive hashing,mixture model,0
locality sensitive hashing,nearest neighbor search,0
locality sensitive hashing,nearest neighbors,0
locality sensitive hashing,output label,0
locality sensitive hashing,probabilistic model,0
locality sensitive hashing,square distances,0
locality sensitive hashing,supervised learning,0
locality sensitive hashing,unsupervised learning,0
log likelihood,logistic regression,0
log likelihood,machine learning,0
log likelihood,mixture model,0
log likelihood,model parameters,0
log likelihood,negative example,0
log likelihood,matrix,0
log likelihood,partial derivative,0
log likelihood,positive data,0
log likelihood,predicted value,0
log likelihood,regression model,0
log likelihood,regularization,0
log likelihood,regularized logistic regression,0
log likelihood,stochastic gradient algorithm,0
log likelihood,training data,0
logistic function,logistic regression,0
logistic function,output layer,0
logistic function,output unit,0
logistic function,partial derivative,0
logistic function,regularization,0
logistic function,sigmoid function,0
logistic function,squared error,0
logistic function,training data,0
logistic function,training data set,0
logistic regression,loss function,0
logistic regression,machine learning application,0
logistic regression,massive training set,0
logistic regression,matrix factorization,0
logistic regression,matrix vector multiplication,0
logistic regression,maximum likelihood,0
logistic regression,maximum likelihood estimate,0
logistic regression,mean normalization,0
logistic regression,minimization problem,0
logistic regression,misclassification error,0
logistic regression,model parameters,0
logistic regression,model selection,0
logistic regression,nearest neighbors,0
logistic regression,nonlinear hypotheses,0
logistic regression,normal equation,0
logistic regression,online learning,0
logistic regression,optimal solution,0
logistic regression,optimization objective,0
logistic regression,output label,0
logistic regression,output layer,0
logistic regression,output unit,0
logistic regression,partial derivative,0
logistic regression,photo ocr,0
logistic regression,polynomial features,0
logistic regression,polynomial kernel,0
logistic regression,polynomial regression,0
logistic regression,polynomial terms,0
logistic regression,recommender system,0
logistic regression,regression model,0
logistic regression,regression problem,0
logistic regression,regularization,0
logistic regression,regularized linear regression,0
logistic regression,sentiment analysis,0
logistic regression,sentiment classifier,0
logistic regression,spam filtering,0
logistic regression,squared error,0
logistic regression,stochastic gradient algorithm,0
logistic regression,string kernel,0
logistic regression,support vector,0
logistic regression,svm optimization,0
logistic regression,svm packages,0
logistic regression,test error,0
logistic regression,training error,0
logistic regression,tuning parameter,0
logistic regression,unsupervised learning,0
logistic regression,validation set,0
logistic regression,variance problem,0
logistic regression,vector multiplication,0
logistic regression,weak classifier,0
logistic regression,overfitting,0
logistic regression,underfitting,0
loss function,machine learning application,0
loss function,machine learning system,0
loss function,massive training set,0
loss function,matrix factorization,0
loss function,maximum likelihood,0
loss function,maximum likelihood estimate,0
loss function,mean normalization,0
loss function,mean square error,0
loss function,minimization problem,0
loss function,misclassification error,0
loss function,model complexity,0
loss function,model selection,0
loss function,multi-class classification,0
loss function,nearest neighbors,0
loss function,negative example,0
loss function,matrix,0
loss function,online learning,0
loss function,optimal solution,0
loss function,optimization algorithms,0
loss function,output label,0
loss function,output layer,0
loss function,output unit,0
loss function,partial derivative,0
loss function,polynomial features,0
loss function,polynomial kernel,0
loss function,polynomial regression,0
loss function,polynomial terms,0
loss function,positive class,0
loss function,positive data,0
loss function,predicted value,0
loss function,prediction error,0
loss function,random variable,0
loss function,recommender system,0
loss function,regression coefficients,0
loss function,regression model,0
loss function,regression problem,0
loss function,regularization,0
loss function,sentiment analysis,0
loss function,sigmoid function,0
loss function,square distances,0
loss function,squared error,0
loss function,standard deviation,0
loss function,string kernel,0
loss function,supervised learning,0
loss function,support vector,0
loss function,svm optimization,0
loss function,svm packages,0
loss function,test data,0
loss function,test data set,0
loss function,test error,0
loss function,training data,0
loss function,training data set,0
loss function,training error,0
loss function,tuning parameter,0
loss function,validation error,0
loss function,validation set,0
loss function,variance problem,0
loss function,overfitting,0
loss function,underfitting,0
low rank matrix,matrix factorization,0
low rank matrix,parameter vector,0
machine learning,massive training set,0
machine learning,matrix factorization,0
machine learning,matrix multiplication,0
machine learning,matrix transpose,0
machine learning,maximum likelihood,0
machine learning,maximum likelihood estimate,0
machine learning,mean square error,0
machine learning,minimization problem,0
machine learning,model complexity,0
machine learning,model parameters,0
machine learning,model selection,0
machine learning,nearest neighbors,0
machine learning,negative example,0
machine learning,non-anomalous examples,0
machine learning,nonlinear hypotheses,0
machine learning,matrix,0
machine learning,optimal solution,0
machine learning,optimization algorithms,0
machine learning,optimization objective,0
machine learning,optimization problem,0
machine learning,output label,0
machine learning,parameter estimation,0
machine learning,parameter vector,0
machine learning,partial derivative,0
machine learning,polynomial features,0
machine learning,polynomial kernel,0
machine learning,polynomial terms,0
machine learning,positive class,0
machine learning,positive data,0
machine learning,positive training example,0
machine learning,precision recall curve,0
machine learning,predicted value,0
machine learning,prediction error,0
machine learning,probabilistic model,0
machine learning,probability density,0
machine learning,random numbers,0
machine learning,random variable,0
machine learning,recommender system,0
machine learning,regression coefficients,0
machine learning,regression model,0
machine learning,regularization,0
machine learning,sigmoid function,0
machine learning,square matrix,0
machine learning,squared error,0
machine learning,standard deviation,0
machine learning,stochastic gradient algorithm,0
machine learning,string kernel,0
machine learning,support vector,0
machine learning,test error,0
machine learning,training error,0
machine learning,tuning parameter,0
machine learning,validation error,0
machine learning algorithm,machine learning system,0
machine learning algorithm,matrix factorization,0
machine learning algorithm,maximum likelihood,0
machine learning algorithm,maximum likelihood estimate,0
machine learning algorithm,minimization problem,0
machine learning algorithm,model complexity,0
machine learning algorithm,model parameters,0
machine learning algorithm,model selection,0
machine learning algorithm,nearest neighbors,0
machine learning algorithm,negative example,0
machine learning algorithm,normal equation,0
machine learning algorithm,matrix,0
machine learning algorithm,online learning,0
machine learning algorithm,optimization objective,0
machine learning algorithm,output label,0
machine learning algorithm,parameter vector,0
machine learning algorithm,partial derivative,0
machine learning algorithm,polynomial features,0
machine learning algorithm,polynomial regression,0
machine learning algorithm,polynomial terms,0
machine learning algorithm,positive data,0
machine learning algorithm,positive training example,0
machine learning algorithm,predicted value,0
machine learning algorithm,probabilistic model,0
machine learning algorithm,recommender system,0
machine learning algorithm,regression coefficients,0
machine learning algorithm,regularization,0
machine learning algorithm,sigmoid function,0
machine learning algorithm,squared error,0
machine learning algorithm,stochastic gradient algorithm,0
machine learning algorithm,supervised learning,0
machine learning algorithm,support vector,0
machine learning algorithm,test data,0
machine learning algorithm,test data set,0
machine learning algorithm,test error,0
machine learning algorithm,training data,0
machine learning algorithm,training data set,0
machine learning algorithm,training error,0
machine learning algorithm,tuning parameter,0
machine learning algorithm,unsupervised learning,0
machine learning algorithm,validation set,0
machine learning algorithm,variance problem,0
machine learning algorithm,weak classifier,0
machine learning algorithm,overfitting,0
machine learning algorithm,underfitting,0
machine learning application,massive training set,0
machine learning application,matrix multiplication,0
machine learning application,matrix transpose,0
machine learning application,maximum likelihood,0
machine learning application,maximum likelihood estimate,0
machine learning application,model selection,0
machine learning application,multi-class classification,0
machine learning application,nearest neighbors,0
machine learning application,negative example,0
machine learning application,neural network,0
machine learning application,matrix,0
machine learning application,optimal solution,0
machine learning application,optimization algorithms,0
machine learning application,parameter vector,0
machine learning application,partial derivative,0
machine learning application,polynomial terms,0
machine learning application,predicted value,0
machine learning application,regression model,0
machine learning application,regularization,0
machine learning application,sigmoid function,0
machine learning application,square matrix,0
machine learning application,test data,0
machine learning application,test data set,0
machine learning application,test error,0
machine learning application,training data,0
machine learning application,training data set,0
machine learning application,validation error,0
machine learning application,validation set,0
machine learning application,overfitting,0
machine learning application,underfitting,0
machine learning system,massive training set,0
machine learning system,multi-class classification,0
machine learning system,matrix,0
machine learning system,optimization problem,0
machine learning system,parameter vector,0
machine learning system,polynomial features,0
machine learning system,polynomial kernel,0
machine learning system,positive class,0
machine learning system,regression model,0
machine learning system,regularization,0
machine learning system,stochastic gradient algorithm,0
machine learning system,string kernel,0
machine learning system,supervised learning,0
machine learning system,support vector,0
machine learning system,test data,0
machine learning system,test data set,0
machine learning system,test error,0
machine learning system,training data,0
machine learning system,training data set,0
machine learning system,training error,0
machine learning system,unsupervised learning,0
machine learning system,validation set,0
machine learning system,variance problem,0
machine learning system,overfitting,0
massive training set,photo ocr,0
massive training set,stochastic gradient algorithm,0
massive training set,test data set,0
massive training set,test error,0
massive training set,training error,0
massive training set,variance problem,0
matrix factorization,maximum likelihood,0
matrix factorization,maximum likelihood estimate,0
matrix factorization,nearest neighbors,0
matrix factorization,online learning,0
matrix factorization,optimization algorithms,0
matrix factorization,parameter vector,0
matrix factorization,predicted value,0
matrix factorization,recommender system,0
matrix factorization,regression coefficients,0
matrix factorization,regression model,0
matrix factorization,sentiment analysis,0
matrix factorization,stochastic gradient algorithm,0
matrix factorization,support vector,0
matrix factorization,support vector machine,0
matrix factorization,training data,0
matrix factorization,training data set,0
matrix factorization,overfitting,0
matrix multiplication,matrix transpose,0
matrix multiplication,square matrix,0
matrix multiplication,training data,0
matrix transpose,mean normalization,0
matrix transpose,principle components,0
matrix transpose,square projection error,0
matrix transpose,standard deviation,0
matrix transpose,supervised learning,0
matrix transpose,test data set,0
matrix transpose,training data,0
matrix transpose,training data set,0
matrix transpose,validation set,0
matrix vector multiplication,neural network,0
matrix vector multiplication,nonlinear hypotheses,0
matrix vector multiplication,output layer,0
matrix vector multiplication,output unit,0
matrix vector multiplication,polynomial terms,0
matrix vector multiplication,regression model,0
matrix vector multiplication,sigmoid function,0
maximum likelihood,mixture model,0
maximum likelihood,model complexity,0
maximum likelihood,model parameters,0
maximum likelihood,model selection,0
maximum likelihood,multi-class classification,0
maximum likelihood,nearest neighbors,0
maximum likelihood,negative example,0
maximum likelihood,matrix,0
maximum likelihood,online learning,0
maximum likelihood,partial derivative,0
maximum likelihood,positive data,0
maximum likelihood,predicted value,0
maximum likelihood,recommender system,0
maximum likelihood,regression model,0
maximum likelihood,regularization,0
maximum likelihood,regularized logistic regression,0
maximum likelihood,sentiment analysis,0
maximum likelihood,standard deviation,0
maximum likelihood,stochastic gradient algorithm,0
maximum likelihood,test data,0
maximum likelihood,training data,0
maximum likelihood,training data set,0
maximum likelihood,training error,0
maximum likelihood,tuning parameter,0
maximum likelihood,validation set,0
maximum likelihood,overfitting,0
maximum likelihood estimate,mixture model,0
maximum likelihood estimate,model complexity,0
maximum likelihood estimate,model parameters,0
maximum likelihood estimate,model selection,0
maximum likelihood estimate,multi-class classification,0
maximum likelihood estimate,nearest neighbors,0
maximum likelihood estimate,negative example,0
maximum likelihood estimate,matrix,0
maximum likelihood estimate,online learning,0
maximum likelihood estimate,optimization algorithms,0
maximum likelihood estimate,partial derivative,0
maximum likelihood estimate,positive data,0
maximum likelihood estimate,predicted value,0
maximum likelihood estimate,recommender system,0
maximum likelihood estimate,regression model,0
maximum likelihood estimate,regularization,0
maximum likelihood estimate,sentiment analysis,0
maximum likelihood estimate,standard deviation,0
maximum likelihood estimate,stochastic gradient algorithm,0
maximum likelihood estimate,training data set,0
maximum likelihood estimate,training error,0
maximum likelihood estimate,overfitting,0
mean normalization,minimization problem,0
mean normalization,neural network,0
mean normalization,matrix,0
mean normalization,optimization objective,0
mean normalization,parameter vector,0
mean normalization,pca algorithm,0
mean normalization,principle components,0
mean normalization,recommender system,0
mean normalization,regularization,0
mean normalization,square projection error,0
mean normalization,standard deviation,0
mean normalization,supervised learning,0
mean normalization,support vector,0
mean normalization,support vector machine,0
mean normalization,test data,0
mean normalization,test data set,0
mean normalization,training data,0
mean normalization,training data set,0
mean normalization,unsupervised learning,0
mean normalization,validation set,0
mean square error,model complexity,0
mean square error,model parameters,0
mean square error,model selection,0
mean square error,nearest neighbors,0
mean square error,matrix,0
mean square error,polynomial regression,0
mean square error,prediction error,0
mean square error,random variable,0
mean square error,regression function,0
mean square error,regression model,0
mean square error,squared error,0
mean square error,standard least squares,0
mean square error,test data,0
mean square error,test data set,0
mean square error,test error,0
mean square error,training data,0
mean square error,training data set,0
mean square error,training error,0
mean square error,tuning parameter,0
mean square error,validation error,0
mean square error,validation set,0
mean square error,overfitting,0
mini-batch gradient descent,stochastic gradient algorithm,0
mini-batch size,stochastic gradient algorithm,0
mini-batch size,training data,0
mini-batch size,training data set,0
minimization problem,negative example,0
minimization problem,matrix,0
minimization problem,optimization algorithms,0
minimization problem,optimization objective,0
minimization problem,parameter vector,0
minimization problem,partial derivative,0
minimization problem,positive data,0
minimization problem,regression problem,0
minimization problem,squared error,0
minimization problem,supervised learning,0
minimization problem,support vector,0
minimization problem,test data,0
minimization problem,test data set,0
minimization problem,training data,0
minimization problem,training data set,0
minimization problem,unsupervised learning,0
minimization problem,validation set,0
minimization problem,overfitting,0
minimization problem,underfitting,0
misclassification error,squared error,0
misclassification error,test data,0
misclassification error,test data set,0
misclassification error,test error,0
misclassification error,training data,0
misclassification error,training data set,0
misclassification error,training error,0
mixture model,nearest neighbor search,0
mixture model,nearest neighbors,0
mixture model,matrix,0
mixture model,output label,0
mixture model,square distances,0
mixture model,standard deviation,0
mixture model,supervised learning,0
mixture model,symmetric matrix,0
mixture model,unsupervised learning,0
model complexity,multi-class classification,0
model complexity,nearest neighbors,0
model complexity,matrix,0
model complexity,optimal solution,0
model complexity,optimization algorithms,0
model complexity,optimization objective,0
model complexity,partial derivative,0
model complexity,polynomial regression,0
model complexity,predicted value,0
model complexity,prediction error,0
model complexity,regression coefficients,0
model complexity,regression function,0
model complexity,regression model,0
model complexity,regression problem,0
model complexity,regularization,0
model complexity,squared error,0
model complexity,standard least squares,0
model complexity,test data,0
model complexity,test data set,0
model complexity,test error,0
model complexity,training data,0
model complexity,training data set,0
model complexity,training error,0
model complexity,tuning parameter,0
model complexity,validation error,0
model complexity,validation set,0
model complexity,overfitting,0
model parameters,matrix,0
model parameters,polynomial regression,0
model parameters,predicted value,0
model parameters,prediction error,0
model parameters,prior probability,0
model parameters,probabilistic model,0
model parameters,random variable,0
model parameters,regression model,0
model parameters,squared error,0
model parameters,stochastic gradient algorithm,0
model parameters,supervised learning,0
model parameters,test data,0
model parameters,test data set,0
model parameters,test error,0
model parameters,training data,0
model parameters,training data set,0
model parameters,training error,0
model parameters,unsupervised learning,0
model parameters,validation error,0
model parameters,validation set,0
model selection,nearest neighbors,0
model selection,negative example,0
model selection,neural network,0
model selection,optimization algorithms,0
model selection,optimization objective,0
model selection,polynomial features,0
model selection,polynomial regression,0
model selection,polynomial terms,0
model selection,predicted value,0
model selection,regression model,0
model selection,regularization,0
model selection,regularized linear regression,0
model selection,sigmoid function,0
model selection,squared error,0
multi-class classification,matrix,0
multi-class classification,optimal solution,0
multi-class classification,optimization algorithms,0
multi-class classification,optimization problem,0
multi-class classification,output layer,0
multi-class classification,output unit,0
multi-class classification,parameter vector,0
multi-class classification,partial derivative,0
multi-class classification,polynomial kernel,0
multi-class classification,regularization,0
multi-class classification,string kernel,0
multi-class classification,support vector,0
multi-class classification,support vector machine,0
multi-class classification,svm optimization,0
multi-class classification,svm packages,0
multi-class classification,overfitting,0
multivariate gaussian distribution,matrix,0
multivariate gaussian distribution,parameter estimation,0
multivariate gaussian distribution,symmetric matrix,0
multivariate gaussian distribution,test data set,0
multivariate gaussian distribution,training data,0
multivariate gaussian distribution,training data set,0
multivariate gaussian model,training data,0
multivariate gaussian model,training data set,0
nearest neighbor search,normalized representation,0
nearest neighbor search,optimal solution,0
nearest neighbor search,output label,0
nearest neighbor search,predicted value,0
nearest neighbor search,probabilistic model,0
nearest neighbor search,square distances,0
nearest neighbor search,supervised learning,0
nearest neighbor search,training data,0
nearest neighbor search,overfitting,0
nearest neighbors,matrix,0
nearest neighbors,online learning,0
nearest neighbors,optimal solution,0
nearest neighbors,optimization algorithms,0
nearest neighbors,optimization problem,0
nearest neighbors,output label,0
nearest neighbors,predicted value,0
nearest neighbors,probabilistic model,0
nearest neighbors,recommender system,0
nearest neighbors,regression model,0
nearest neighbors,sentiment analysis,0
nearest neighbors,spam filtering,0
nearest neighbors,square distances,0
nearest neighbors,squared error,0
nearest neighbors,standard least squares,0
nearest neighbors,stochastic gradient algorithm,0
nearest neighbors,supervised learning,0
nearest neighbors,support vector,0
nearest neighbors,support vector machine,0
nearest neighbors,training data,0
nearest neighbors,training data set,0
nearest neighbors,tuning parameter,0
nearest neighbors,unsupervised learning,0
nearest neighbors,validation set,0
nearest neighbors,overfitting,0
negative example,nonlinear hypotheses,0
negative example,matrix,0
negative example,optimization algorithms,0
negative example,optimization objective,0
negative example,optimization problem,0
negative example,output label,0
negative example,output layer,0
negative example,output unit,0
negative example,parameter vector,0
negative example,partial derivative,0
negative example,pedestrian detection,0
negative example,photo ocr,0
negative example,polynomial features,0
negative example,polynomial regression,0
negative example,polynomial terms,0
negative example,positive class,0
negative example,positive data,0
negative example,positive training example,0
negative example,predicted value,0
negative example,regression model,0
negative example,regression problem,0
negative example,regularization,0
negative example,sigmoid function,0
negative example,support vector,0
negative example,test data set,0
negative example,training data,0
negative example,training data set,0
negative example,true positives,0
negative example,unsupervised learning,0
negative example,validation set,0
negative example,overfitting,0
negative example,underfitting,0
neural network,online learning,0
neural network,output label,0
neural network,polynomial features,0
neural network,polynomial kernel,0
neural network,polynomial terms,0
neural network,recommender system,0
neural network,regression model,0
neural network,regression problem,0
neural network,regularized linear regression,0
neural network,sentiment analysis,0
neural network,squared error,0
neural network,string kernel,0
neural network,support vector,0
neural network,support vector machine,0
neural network,svm optimization,0
neural network,svm packages,0
neural network,test error,0
neural network,training error,0
neural network,transfer learning,0
neural network,unsupervised learning,0
neural network,validation error,0
neural network,validation set,0
neural network,variance problem,0
neural network,vector multiplication,0
neural network,overfitting,0
neural network,underfitting,0
neural network learning,output unit,0
neural network learning,regularization,0
non-anomalous examples,supervised learning,0
non-anomalous examples,test data,0
non-anomalous examples,test data set,0
non-anomalous examples,training data set,0
non-anomalous examples,true negatives,0
non-anomalous examples,true positives,0
non-anomalous examples,unsupervised learning,0
non-anomalous examples,validation set,0
nonlinear hypotheses,matrix,0
nonlinear hypotheses,output layer,0
nonlinear hypotheses,output unit,0
nonlinear hypotheses,polynomial features,0
nonlinear hypotheses,polynomial terms,0
nonlinear hypotheses,regression model,0
nonlinear hypotheses,regression problem,0
nonlinear hypotheses,sigmoid function,0
nonlinear hypotheses,supervised learning,0
nonlinear hypotheses,training data,0
nonlinear hypotheses,training data set,0
nonlinear hypotheses,vector multiplication,0
nonlinear hypotheses,overfitting,0
normal equation,regularization,0
normal equation,regularized linear regression,0
normal equation,squared error,0
normal equation,overfitting,0
normalized features,optimal solution,0
normalized features,partial derivative,0
normalized features,predicted value,0
normalized features,tuning parameter,0
normalized features,unnormalized features,0
matrix,online learning,0
matrix,optimal solution,0
matrix,optimization objective,0
matrix,optimization problem,0
matrix,output label,0
matrix,output layer,0
matrix,output unit,0
matrix,parameter vector,0
matrix,polynomial features,0
matrix,polynomial kernel,0
matrix,polynomial terms,0
matrix,positive class,0
matrix,positive data,0
matrix,positive predictions,0
matrix,precision recall curve,0
matrix,predicted value,0
matrix,prediction error,0
matrix,principle components,0
matrix,probabilistic model,0
matrix,probability density,0
matrix,random numbers,0
matrix,random variable,0
matrix,recommender system,0
matrix,regression coefficients,0
matrix,regression model,0
matrix,regression problem,0
matrix,sentiment analysis,0
matrix,sigmoid function,0
matrix,spam filtering,0
matrix,square distances,0
matrix,squared error,0
matrix,string kernel,0
matrix,supervised learning,0
matrix,support vector,0
matrix,test data,0
matrix,test data set,0
matrix,test error,0
matrix,training data,0
matrix,training data set,0
matrix,training error,0
matrix,true negatives,0
matrix,true positives,0
matrix,tuning parameter,0
matrix,unsupervised learning,0
matrix,validation set,0
matrix,vector multiplication,0
matrix,overfitting,0
matrix,underfitting,0
online learning,optimization algorithms,0
online learning,optimization objective,0
online learning,partial derivative,0
online learning,positive data,0
online learning,recommender system,0
online learning,regression model,0
online learning,sentiment analysis,0
online learning,stochastic gradient algorithm,0
online learning,overfitting,0
optimal solution,partial derivative,0
optimal solution,polynomial regression,0
optimal solution,positive data,0
optimal solution,predicted value,0
optimal solution,regression model,0
optimal solution,regression problem,0
optimal solution,supervised learning,0
optimal solution,support vector,0
optimal solution,test data set,0
optimal solution,training data,0
optimal solution,training data set,0
optimal solution,validation set,0
optimization algorithms,optimization objective,0
optimization algorithms,output label,0
optimization algorithms,output layer,0
optimization algorithms,output unit,0
optimization algorithms,polynomial features,0
optimization algorithms,polynomial terms,0
optimization algorithms,predicted value,0
optimization algorithms,recommender system,0
optimization algorithms,regression model,0
optimization algorithms,regularization,0
optimization algorithms,sentiment analysis,0
optimization algorithms,sigmoid function,0
optimization algorithms,squared error,0
optimization algorithms,support vector,0
optimization algorithms,training data,0
optimization algorithms,training data set,0
optimization algorithms,tuning parameter,0
optimization algorithms,overfitting,0
optimization objective,polynomial features,0
optimization objective,polynomial terms,0
optimization objective,positive data,0
optimization objective,predicted value,0
optimization objective,recommender system,0
optimization objective,regression model,0
optimization objective,regression problem,0
optimization objective,square distances,0
optimization objective,squared error,0
optimization objective,supervised learning,0
optimization objective,support vector,0
optimization objective,test data set,0
optimization objective,test error,0
optimization objective,training data,0
optimization objective,training data set,0
optimization objective,training error,0
optimization objective,validation error,0
optimization objective,validation set,0
optimization objective,variance problem,0
optimization objective,overfitting,0
optimization objective,underfitting,0
optimization problem,parameter vector,0
optimization problem,polynomial features,0
optimization problem,polynomial kernel,0
optimization problem,polynomial terms,0
optimization problem,positive class,0
optimization problem,positive data,0
optimization problem,predicted value,0
optimization problem,recommender system,0
optimization problem,regression model,0
optimization problem,squared error,0
optimization problem,string kernel,0
optimization problem,supervised learning,0
optimization problem,support vector,0
optimization problem,svm packages,0
optimization problem,test data set,0
optimization problem,training data,0
optimization problem,training data set,0
optimization problem,validation set,0
optimization problem,overfitting,0
optimization problem,underfitting,0
output label,output layer,0
output label,output unit,0
output label,partial derivative,0
output label,positive data,0
output label,probabilistic model,0
output label,regression model,0
output label,regularization,0
output label,sentiment classifier,0
output label,square distances,0
output label,supervised learning,0
output label,training data,0
output label,training data set,0
output label,unsupervised learning,0
output layer,partial derivative,0
output layer,polynomial terms,0
output layer,positive data,0
output layer,regression model,0
output layer,regularization,0
output layer,sigmoid function,0
output layer,squared error,0
output layer,training data,0
output layer,training data set,0
output layer,vector multiplication,0
output unit,partial derivative,0
output unit,polynomial terms,0
output unit,positive data,0
output unit,regression model,0
output unit,regularization,0
output unit,sigmoid function,0
output unit,squared error,0
output unit,training data,0
output unit,training data set,0
output unit,vector multiplication,0
parameter estimation,probability density,0
parameter estimation,random variable,0
parameter estimation,standard deviation,0
parameter estimation,symmetric matrix,0
parameter estimation,training data,0
parameter estimation,training data set,0
parameter vector,partial derivative,0
parameter vector,polynomial features,0
parameter vector,polynomial kernel,0
parameter vector,polynomial terms,0
parameter vector,positive class,0
parameter vector,positive data,0
parameter vector,predicted value,0
parameter vector,recommender system,0
parameter vector,regression model,0
parameter vector,regression problem,0
parameter vector,sigmoid function,0
parameter vector,squared error,0
parameter vector,string kernel,0
parameter vector,support vector,0
parameter vector,support vector machine,0
parameter vector,test data,0
parameter vector,test data set,0
parameter vector,test error,0
parameter vector,training data,0
parameter vector,training data set,0
parameter vector,training error,0
parameter vector,validation error,0
parameter vector,validation set,0
parameter vector,variance problem,0
parameter vector,overfitting,0
parameter vector,underfitting,0
partial derivative,polynomial features,0
partial derivative,polynomial regression,0
partial derivative,polynomial terms,0
partial derivative,positive data,0
partial derivative,predicted value,0
partial derivative,recommender system,0
partial derivative,regression model,0
partial derivative,regression problem,0
partial derivative,regularization,0
partial derivative,sigmoid function,0
partial derivative,squared error,0
partial derivative,standard least squares,0
partial derivative,training data,0
partial derivative,training data set,0
partial derivative,tuning parameter,0
partial derivative,unnormalized features,0
partial derivative,overfitting,0
pca algorithm,square distances,0
pca algorithm,square matrix,0
pca algorithm,standard deviation,0
pca algorithm,supervised learning,0
pca algorithm,test data set,0
pca algorithm,training data,0
pca algorithm,training data set,0
pca algorithm,validation set,0
pedestrian detection,photo ocr,0
pedestrian detection,positive data,0
photo ocr,positive data,0
photo ocr,supervised learning,0
photo ocr,test data,0
photo ocr,test data set,0
photo ocr,training data,0
photo ocr,training data set,0
polynomial features,positive data,0
polynomial features,regression function,0
polynomial features,regression model,0
polynomial features,regression problem,0
polynomial features,regularization,0
polynomial features,regularized linear regression,0
polynomial features,regularized logistic regression,0
polynomial features,sigmoid function,0
polynomial features,squared error,0
polynomial features,standard least squares,0
polynomial features,supervised learning,0
polynomial features,support vector,0
polynomial features,support vector machine,0
polynomial features,test data set,0
polynomial features,test error,0
polynomial features,training data,0
polynomial features,training data set,0
polynomial features,training error,0
polynomial features,validation error,0
polynomial features,validation set,0
polynomial features,variance problem,0
polynomial features,weak classifier,0
polynomial features,overfitting,0
polynomial features,underfitting,0
polynomial kernel,positive class,0
polynomial kernel,string kernel,0
polynomial kernel,svm optimization,0
polynomial kernel,training data,0
polynomial kernel,training data set,0
polynomial kernel,overfitting,0
polynomial regression,positive data,0
polynomial regression,prediction error,0
polynomial regression,regularization,0
polynomial regression,regularized linear regression,0
polynomial regression,regularized logistic regression,0
polynomial regression,sigmoid function,0
polynomial regression,squared error,0
polynomial regression,standard least squares,0
polynomial regression,test error,0
polynomial regression,training error,0
polynomial regression,tuning parameter,0
polynomial regression,validation error,0
polynomial regression,validation set,0
polynomial regression,overfitting,0
polynomial terms,positive data,0
polynomial terms,regression model,0
polynomial terms,regression problem,0
polynomial terms,sigmoid function,0
polynomial terms,supervised learning,0
polynomial terms,support vector,0
polynomial terms,training data,0
polynomial terms,training data set,0
polynomial terms,vector multiplication,0
polynomial terms,overfitting,0
polynomial terms,underfitting,0
positive class,string kernel,0
positive class,support vector,0
positive class,svm packages,0
positive class,test data,0
positive class,training data,0
positive class,training data set,0
positive class,overfitting,0
positive data,predicted class,0
positive data,predicted value,0
positive data,recommender system,0
positive data,regression model,0
positive data,regression problem,0
positive data,regularization,0
positive data,sigmoid function,0
positive data,stochastic gradient algorithm,0
positive data,supervised learning,0
positive data,test data set,0
positive data,training data,0
positive data,training data set,0
positive data,training error,0
positive data,unsupervised learning,0
positive data,validation set,0
positive data,overfitting,0
positive predictions,training data,0
positive predictions,training data set,0
positive predictions,true negatives,0
positive predictions,true positives,0
positive training example,supervised learning,0
positive training example,test data set,0
positive training example,validation set,0
precision recall curve,recommender system,0
precision recall curve,true negatives,0
precision recall curve,true positives,0
predicted class,predicted value,0
predicted class,spam filtering,0
predicted class,validation set,0
predicted value,random numbers,0
predicted value,recommender system,0
predicted value,regression coefficients,0
predicted value,regression problem,0
predicted value,regularization,0
predicted value,regularized logistic regression,0
predicted value,squared error,0
predicted value,training data,0
predicted value,training data set,0
predicted value,true positives,0
predicted value,tuning parameter,0
predicted value,validation set,0
predicted value,vector multiplication,0
predicted value,overfitting,0
prediction error,random variable,0
prediction error,regression function,0
prediction error,regression model,0
prediction error,squared error,0
prediction error,training data,0
prediction error,training data set,0
prediction error,tuning parameter,0
prediction error,validation set,0
prediction error,overfitting,0
principle components,square distances,0
principle components,square matrix,0
principle components,standard deviation,0
principle components,supervised learning,0
principle components,test data set,0
principle components,training data,0
principle components,training data set,0
principle components,validation set,0
probabilistic model,square distances,0
probabilistic model,supervised learning,0
probabilistic model,unsupervised learning,0
probability density,standard deviation,0
probability density,symmetric matrix,0
probability density,training data,0
probability density,training data set,0
random numbers,regression model,0
random variable,squared error,0
random variable,symmetric matrix,0
random variable,training data,0
random variable,training data set,0
recommender system,regression coefficients,0
recommender system,regression model,0
recommender system,regression problem,0
recommender system,regularization,0
recommender system,sentiment analysis,0
recommender system,squared error,0
recommender system,stochastic gradient algorithm,0
recommender system,supervised learning,0
recommender system,support vector,0
recommender system,support vector machine,0
recommender system,test data,0
recommender system,test data set,0
recommender system,training data,0
recommender system,training data set,0
recommender system,unsupervised learning,0
recommender system,variance problem,0
recommender system,overfitting,0
regression coefficients,regularization,0
regression coefficients,square matrix,0
regression coefficients,test data,0
regression coefficients,test error,0
regression coefficients,training data,0
regression coefficients,training data set,0
regression coefficients,training error,0
regression coefficients,tuning parameter,0
regression coefficients,validation set,0
regression coefficients,vector multiplication,0
regression function,regularization,0
regression function,squared error,0
regression function,standard least squares,0
regression function,test data set,0
regression function,training data set,0
regression function,training error,0
regression function,tuning parameter,0
regression function,validation error,0
regression function,validation set,0
regression function,overfitting,0
regression model,regularization,0
regression model,regularized logistic regression,0
regression model,sentiment analysis,0
regression model,sigmoid function,0
regression model,square matrix,0
regression model,squared error,0
regression model,standard least squares,0
regression model,stochastic gradient algorithm,0
regression model,test data,0
regression model,test data set,0
regression model,test error,0
regression model,training error,0
regression model,validation error,0
regression model,validation set,0
regression model,vector multiplication,0
regression model,weak classifier,0
regression model,overfitting,0
regression problem,regularization,0
regression problem,sigmoid function,0
regression problem,squared error,0
regression problem,support vector,0
regression problem,support vector machine,0
regression problem,unsupervised learning,0
regression problem,overfitting,0
regularization,sentiment analysis,0
regularization,sigmoid function,0
regularization,squared error,0
regularization,support vector,0
regularization,support vector machine,0
regularization,test data,0
regularization,test data set,0
regularization,test error,0
regularization,training data,0
regularization,training data set,0
regularization,training error,0
regularization,tuning parameter,0
regularization,unsupervised learning,0
regularization,validation error,0
regularization,validation set,0
regularized linear regression,regularized logistic regression,0
regularized linear regression,sigmoid function,0
regularized linear regression,squared error,0
regularized linear regression,training error,0
regularized linear regression,validation error,0
regularized linear regression,validation set,0
regularized linear regression,variance problem,0
regularized linear regression,overfitting,0
regularized linear regression,underfitting,0
regularized logistic regression,tuning parameter,0
regularized logistic regression,validation set,0
regularized logistic regression,overfitting,0
sentiment analysis,spam filtering,0
sentiment analysis,stochastic gradient algorithm,0
sentiment analysis,support vector,0
sentiment analysis,support vector machine,0
sentiment analysis,test error,0
sentiment analysis,training error,0
sentiment analysis,overfitting,0
sentiment classifier,support vector,0
sentiment classifier,support vector machine,0
sentiment classifier,validation set,0
sigmoid function,supervised learning,0
sigmoid function,training data,0
sigmoid function,training data set,0
sigmoid function,vector multiplication,0
sigmoid function,overfitting,0
sigmoid function,underfitting,0
spam filtering,supervised learning,0
spam filtering,test data,0
spam filtering,test data set,0
spam filtering,test error,0
spam filtering,training data,0
spam filtering,training data set,0
spam filtering,true negatives,0
spam filtering,true positives,0
spam filtering,validation error,0
spam filtering,validation set,0
square distances,supervised learning,0
square distances,training data,0
square distances,training data set,0
square distances,unsupervised learning,0
square matrix,training data,0
square matrix,training data set,0
square projection error,standard deviation,0
square projection error,supervised learning,0
square projection error,test data set,0
square projection error,training data,0
square projection error,training data set,0
square projection error,validation set,0
squared error,stochastic gradient algorithm,0
squared error,supervised learning,0
squared error,test data,0
squared error,test data set,0
squared error,test error,0
squared error,training data,0
squared error,training data set,0
squared error,training error,0
squared error,tuning parameter,0
squared error,validation error,0
squared error,validation set,0
squared error,variance problem,0
squared error,overfitting,0
squared error,underfitting,0
standard deviation,supervised learning,0
standard deviation,test data set,0
standard deviation,training data,0
standard deviation,training data set,0
standard deviation,validation set,0
standard least squares,tuning parameter,0
standard least squares,overfitting,0
stochastic gradient algorithm,training data,0
stochastic gradient algorithm,training data set,0
stochastic gradient algorithm,validation set,0
string kernel,svm optimization,0
string kernel,svm packages,0
string kernel,training data,0
string kernel,training data set,0
string kernel,overfitting,0
supervised learning,support vector,0
supervised learning,test error,0
supervised learning,training error,0
supervised learning,true negatives,0
supervised learning,true positives,0
supervised learning,unsupervised learning,0
supervised learning,validation set,0
support vector,test data,0
support vector,test data set,0
support vector,training data,0
support vector,training data set,0
support vector,transfer learning,0
support vector,unsupervised learning,0
support vector,validation set,0
support vector,overfitting,0
support vector,underfitting,0
support vector machine,transfer learning,0
support vector machine,unsupervised learning,0
support vector machine,validation set,0
support vector machine,overfitting,0
support vector machine,underfitting,0
svm optimization,svm packages,0
svm optimization,training data,0
svm optimization,training data set,0
svm optimization,overfitting,0
svm packages,training data,0
svm packages,training data set,0
svm packages,overfitting,0
symmetric matrix,training data,0
symmetric matrix,training data set,0
test data,training data,0
test data,training data set,0
test data,training error,0
test data,transfer learning,0
test data,tuning parameter,0
test data,unsupervised learning,0
test data set,training data,0
test data set,training data set,0
test data set,training error,0
test data set,transfer learning,0
test data set,tuning parameter,0
test data set,unsupervised learning,0
test error,training data,0
test error,training data set,0
test error,training error,0
test error,tuning parameter,0
test error,validation set,0
test error,weak classifier,0
training data,transfer learning,0
training data,tuning parameter,0
training data,unsupervised learning,0
training data,vector multiplication,0
training data,weak classifier,0
training data set,tuning parameter,0
training data set,unsupervised learning,0
training data set,vector multiplication,0
training error,tuning parameter,0
training error,validation set,0
training error,weak classifier,0
transfer learning,validation set,0
true negatives,true positives,0
true negatives,unsupervised learning,0
true negatives,validation set,0
true positives,unsupervised learning,0
true positives,validation set,0
tuning parameter,validation error,0
tuning parameter,validation set,0
tuning parameter,overfitting,0
unsupervised learning,validation set,0
unsupervised learning,variance problem,0
validation error,variance problem,0
validation set,variance problem,0
validation set,overfitting,0
validation set,underfitting,0
variance problem,overfitting,0
variance problem,underfitting,0
weak classifier,overfitting,0
overfitting,underfitting,0
