Clustering,K means,1
Loss Function,Backpropagation,1
Loss Function,Gradient descent,1
Backpropagation,Stemming,0
Backpropagation,Linear Regression,0
Backpropagation,dimensionality reduction,0
Backpropagation,Clustering,0
Backpropagation,Matrix factorization,0
Backpropagation,Bagging,0
Backpropagation,K means,0
Backpropagation,Gradient descent,0
Backpropagation,Loss Function,0
Backpropagation,Feature Learning,0
Backpropagation,Normalization,0
Backpropagation,Regularization,0
Stemming,Backpropagation,0
Stemming,Linear Regression,0
Stemming,dimensionality reduction,0
Stemming,Clustering,0
Stemming,Matrix factorization,0
Stemming,Bagging,0
Stemming,K means,0
Stemming,Gradient descent,0
Stemming,Loss Function,0
Stemming,Feature Learning,0
Stemming,Normalization,0
Stemming,Regularization,0
Linear Regression,Backpropagation,0
Linear Regression,Stemming,0
Linear Regression,dimensionality reduction,0
Linear Regression,Clustering,0
Linear Regression,Matrix factorization,0
Linear Regression,Bagging,0
Linear Regression,K means,0
Linear Regression,Gradient descent,0
Linear Regression,Loss Function,0
Linear Regression,Feature Learning,0
Linear Regression,Normalization,0
Linear Regression,Regularization,0
dimensionality reduction,Backpropagation,0
dimensionality reduction,Stemming,0
dimensionality reduction,Linear Regression,0
dimensionality reduction,Clustering,0
dimensionality reduction,Matrix factorization,0
dimensionality reduction,Bagging,0
dimensionality reduction,K means,0
dimensionality reduction,Gradient descent,0
dimensionality reduction,Loss Function,0
dimensionality reduction,Feature Learning,0
dimensionality reduction,Normalization,0
dimensionality reduction,Regularization,0
Clustering,Backpropagation,0
Clustering,Stemming,0
Clustering,Linear Regression,0
Clustering,dimensionality reduction,0
Clustering,Matrix factorization,0
Clustering,Bagging,0
Clustering,Gradient descent,0
Clustering,Loss Function,0
Clustering,Feature Learning,0
Clustering,Normalization,0
Clustering,Regularization,0
Matrix factorization,Backpropagation,0
Matrix factorization,Stemming,0
Matrix factorization,Linear Regression,0
Matrix factorization,dimensionality reduction,0
Matrix factorization,Clustering,0
Matrix factorization,Bagging,0
Matrix factorization,K means,0
Matrix factorization,Gradient descent,0
Matrix factorization,Loss Function,0
Matrix factorization,Feature Learning,0
Matrix factorization,Normalization,0
Matrix factorization,Regularization,0
Bagging,Backpropagation,0
Bagging,Stemming,0
Bagging,Linear Regression,0
Bagging,dimensionality reduction,0
Bagging,Clustering,0
Bagging,Matrix factorization,0
Bagging,K means,0
Bagging,Gradient descent,0
Bagging,Loss Function,0
Bagging,Feature Learning,0
Bagging,Normalization,0
Bagging,Regularization,0
K means,Backpropagation,0
K means,Stemming,0
K means,Linear Regression,0
K means,dimensionality reduction,0
K means,Clustering,0
K means,Matrix factorization,0
K means,Bagging,0
K means,Gradient descent,0
K means,Loss Function,0
K means,Feature Learning,0
K means,Normalization,0
K means,Regularization,0
Gradient descent,Stemming,0
Gradient descent,Linear Regression,0
Gradient descent,dimensionality reduction,0
Gradient descent,Clustering,0
Gradient descent,Matrix factorization,0
Gradient descent,Bagging,0
Gradient descent,K means,0
Gradient descent,Loss Function,0
Gradient descent,Feature Learning,0
Gradient descent,Normalization,0
Gradient descent,Regularization,0
Loss Function,Stemming,0
Loss Function,Linear Regression,0
Loss Function,dimensionality reduction,0
Loss Function,Clustering,0
Loss Function,Matrix factorization,0
Loss Function,Bagging,0
Loss Function,K means,0
Loss Function,Feature Learning,0
Loss Function,Normalization,0
Loss Function,Regularization,0
Feature Learning,Backpropagation,0
Feature Learning,Stemming,0
Feature Learning,Linear Regression,0
Feature Learning,dimensionality reduction,0
Feature Learning,Clustering,0
Feature Learning,Matrix factorization,0
Feature Learning,Bagging,0
Feature Learning,K means,0
Feature Learning,Gradient descent,0
Feature Learning,Loss Function,0
Feature Learning,Normalization,0
Feature Learning,Regularization,0
Normalization,Backpropagation,0
Normalization,Stemming,0
Normalization,Linear Regression,0
Normalization,dimensionality reduction,0
Normalization,Clustering,0
Normalization,Matrix factorization,0
Normalization,Bagging,0
Normalization,K means,0
Normalization,Gradient descent,0
Normalization,Loss Function,0
Normalization,Feature Learning,0
Normalization,Regularization,0
Regularization,Stemming,0
Regularization,Linear Regression,0
Regularization,dimensionality reduction,0
Regularization,Clustering,0
Regularization,Matrix factorization,0
Regularization,K means,0
Regularization,Gradient descent,0
Regularization,Loss Function,0
Regularization,Feature Learning,0
Regularization,Normalization,0
hidden layer,activation function,1
classification problem,classification accuracy,1
classification accuracy,confusion matrix,1
classification accuracy,cross validation,1
machine learning,classification accuracy,1
supervised learning,classification accuracy,1
classification accuracy,validation set,1
machine learning,classification problem,1
classification problem,multi-class classification,1
supervised learning,classification problem,1
precision,confusion matrix,1
convex function,gradient descent,1
loss function,coordinate descent,1
machine learning,cross validation,1
cross validation,model complexity,1
supervised learning,cross validation,1
training data,cross validation,1
training error,cross validation,1
cross validation,validation error,1
validation set,cross validation,1
overfitting,cross validation,1
underfitting,cross validation,1
machine learning,dimensionality reduction,1
unsupervised learning,dimensionality reduction,1
machine learning,early stopping,1
regularization,early stopping,1
training error,early stopping,1
validation error,early stopping,1
overfitting,early stopping,1
feature selection,feature engineering,1
machine learning,feature engineering,1
machine learning,feature extraction,1
feature space,feature scaling,1
machine learning,feature scaling,1
training data,feature scaling,1
machine learning,feature selection,1
feature selection,model complexity,1
training data,feature selection,1
inner product,feature space,1
feature space,linear regression,1
machine learning,feature space,1
feature space,multi-class classification,1
gradient descent,learning rate,1
local minimum,gradient descent,1
machine learning,gradient descent,1
gradient descent,mini-batch gradient descent,1
gradient descent,mini-batch size,1
model parameters,gradient descent,1
partial derivative,gradient descent,1
gradient descent,regularized logistic regression,1
supervised learning,gradient descent,1
input layer,hidden layer,1
machine learning,hidden layer,1
inner product,least squares,1
inner product,linear regression,1
inner product,polynomial kernel,1
training data,input layer,1
machine learning,k means,1
unsupervised learning,k means,1
machine learning,learning rate,1
loss function,linear regression,1
machine learning,linear regression,1
regression problem,linear regression,1
supervised learning,linear regression,1
training data,linear regression,1
local minimum,loss function,1
local minimum,partial derivative,1
local minimum,regularization,1
machine learning,loss function,1
model parameters,loss function,1
loss function,regularized logistic regression,1
machine learning,multi-class classification,1
machine learning,regression problem,1
machine learning,regularized logistic regression,1
machine learning,supervised learning,1
machine learning,training data,1
machine learning,unsupervised learning,1
machine learning,validation set,1
machine learning,overfitting,1
machine learning,underfitting,1
mini-batch gradient descent,mini-batch size,1
training data,mini-batch gradient descent,1
model parameters,model complexity,1
model parameters,regularization,1
model parameters,overfitting,1
training data,multi-class classification,1
partial derivative,regularized logistic regression,1
supervised learning,regression problem,1
training data,regression problem,1
regularization,regularized logistic regression,1
supervised learning,regularization,1
overfitting,regularization,1
underfitting,regularization,1
training data,regularized logistic regression,1
training data,supervised learning,1
supervised learning,overfitting,1
training data,training error,1
training data,validation error,1
training data,validation set,1
training data,overfitting,1
training data,underfitting,1
training error,validation error,1
training error,overfitting,1
training error,underfitting,1
validation set,validation error,1
overfitting,validation error,1
underfitting,validation error,1
activation function,gradient descent,0
activation function,input layer,0
activation function,linear regression,0
activation function,loss function,0
activation function,output layer,0
activation function,partial derivative,0
activation function,regularization,0
activation function,supervised learning,0
activation function,training data,0
activation function,validation set,0
classification accuracy,feature extraction,0
classification accuracy,feature scaling,0
classification accuracy,precision,0
classification accuracy,linear regression,0
classification accuracy,regularization,0
classification accuracy,training data,0
classification accuracy,unsupervised learning,0
classification problem,feature scaling,0
classification problem,feature space,0
classification problem,global minimum,0
classification problem,gradient descent,0
classification problem,hidden layer,0
classification problem,precision,0
classification problem,inner product,0
classification problem,input layer,0
classification problem,learning rate,0
classification problem,linear regression,0
classification problem,local minimum,0
classification problem,loss function,0
classification problem,output layer,0
classification problem,partial derivative,0
classification problem,polynomial kernel,0
classification problem,regression problem,0
classification problem,regularization,0
classification problem,training data,0
classification problem,training error,0
classification problem,unsupervised learning,0
classification problem,validation set,0
classification problem,overfitting,0
classification problem,underfitting,0
confusion matrix,training data,0
convex function,coordinate descent,0
convex function,global minimum,0
convex function,least squares,0
convex function,linear regression,0
convex function,loss function,0
convex function,machine learning,0
convex function,partial derivative,0
convex function,supervised learning,0
convex function,training data,0
coordinate descent,cross validation,0
coordinate descent,dimensionality reduction,0
coordinate descent,feature selection,0
coordinate descent,gradient descent,0
coordinate descent,k means,0
coordinate descent,least squares,0
coordinate descent,linear regression,0
coordinate descent,machine learning,0
coordinate descent,matrix factorization,0
coordinate descent,model complexity,0
coordinate descent,model parameters,0
coordinate descent,partial derivative,0
coordinate descent,validation set,0
coordinate descent,overfitting,0
cross validation,dimensionality reduction,0
cross validation,early stopping,0
cross validation,feature scaling,0
cross validation,feature selection,0
cross validation,gradient descent,0
cross validation,hidden layer,0
cross validation,k means,0
cross validation,least squares,0
cross validation,linear regression,0
cross validation,loss function,0
cross validation,regularization,0
cross validation,regularized logistic regression,0
cross validation,unsupervised learning,0
dimensionality reduction,feature scaling,0
dimensionality reduction,precision,0
dimensionality reduction,supervised learning,0
dimensionality reduction,training data,0
dimensionality reduction,validation set,0
dimensionality reduction,overfitting,0
early stopping,training data,0
early stopping,validation set,0
feature engineering,training data,0
feature extraction,gradient descent,0
feature extraction,model parameters,0
feature extraction,regularization,0
feature extraction,training data,0
feature extraction,overfitting,0
feature scaling,global minimum,0
feature scaling,gradient descent,0
feature scaling,inner product,0
feature scaling,k means,0
feature scaling,learning rate,0
feature scaling,linear regression,0
feature scaling,loss function,0
feature scaling,multi-class classification,0
feature scaling,partial derivative,0
feature scaling,polynomial kernel,0
feature scaling,regression problem,0
feature scaling,regularization,0
feature scaling,supervised learning,0
feature scaling,unsupervised learning,0
feature scaling,validation set,0
feature scaling,overfitting,0
feature selection,gradient descent,0
feature selection,least squares,0
feature selection,linear regression,0
feature selection,loss function,0
feature selection,regularization,0
feature selection,training error,0
feature selection,validation set,0
feature selection,overfitting,0
feature space,global minimum,0
feature space,loss function,0
feature space,polynomial kernel,0
feature space,regression problem,0
feature space,supervised learning,0
feature space,training data,0
feature space,overfitting,0
global minimum,gradient descent,0
global minimum,inner product,0
global minimum,learning rate,0
global minimum,linear regression,0
global minimum,local minimum,0
global minimum,loss function,0
global minimum,machine learning,0
global minimum,multi-class classification,0
global minimum,partial derivative,0
global minimum,polynomial kernel,0
global minimum,regression problem,0
global minimum,regularization,0
global minimum,supervised learning,0
global minimum,training data,0
global minimum,overfitting,0
gradient descent,hidden layer,0
gradient descent,inner product,0
gradient descent,input layer,0
gradient descent,least squares,0
gradient descent,model complexity,0
gradient descent,multi-class classification,0
gradient descent,output layer,0
gradient descent,regression problem,0
gradient descent,training data,0
gradient descent,training error,0
gradient descent,validation error,0
gradient descent,validation set,0
gradient descent,overfitting,0
hidden layer,linear regression,0
hidden layer,local minimum,0
hidden layer,loss function,0
hidden layer,multi-class classification,0
hidden layer,output layer,0
hidden layer,partial derivative,0
hidden layer,regularization,0
hidden layer,training data,0
hidden layer,training error,0
hidden layer,validation error,0
hidden layer,validation set,0
hidden layer,overfitting,0
hidden layer,underfitting,0
precision,k means,0
precision,linear regression,0
precision,machine learning,0
precision,regularization,0
precision,supervised learning,0
precision,training data,0
precision,unsupervised learning,0
precision,validation set,0
precision,overfitting,0
inner product,learning rate,0
inner product,loss function,0
inner product,machine learning,0
inner product,multi-class classification,0
inner product,partial derivative,0
inner product,regression problem,0
inner product,regularization,0
inner product,training data,0
inner product,overfitting,0
input layer,linear regression,0
input layer,local minimum,0
input layer,loss function,0
input layer,multi-class classification,0
input layer,output layer,0
input layer,partial derivative,0
input layer,regularization,0
k means,model parameters,0
k means,supervised learning,0
k means,training data,0
k means,validation set,0
learning rate,least squares,0
learning rate,linear regression,0
learning rate,local minimum,0
learning rate,loss function,0
learning rate,multi-class classification,0
learning rate,partial derivative,0
learning rate,regression problem,0
learning rate,regularization,0
learning rate,training data,0
learning rate,overfitting,0
least squares,linear regression,0
least squares,loss function,0
least squares,machine learning,0
least squares,model complexity,0
least squares,model parameters,0
least squares,partial derivative,0
least squares,regression problem,0
least squares,regularization,0
least squares,training data,0
least squares,validation error,0
least squares,validation set,0
least squares,overfitting,0
linear regression,local minimum,0
linear regression,model complexity,0
linear regression,model parameters,0
linear regression,multi-class classification,0
linear regression,output layer,0
linear regression,partial derivative,0
linear regression,regularized logistic regression,0
linear regression,training error,0
linear regression,unsupervised learning,0
linear regression,validation error,0
linear regression,validation set,0
linear regression,overfitting,0
linear regression,underfitting,0
local minimum,machine learning,0
local minimum,multi-class classification,0
local minimum,training data,0
loss function,model complexity,0
loss function,multi-class classification,0
loss function,output layer,0
loss function,partial derivative,0
loss function,polynomial kernel,0
loss function,regression problem,0
loss function,supervised learning,0
loss function,training data,0
loss function,training error,0
loss function,validation error,0
loss function,validation set,0
loss function,overfitting,0
loss function,underfitting,0
machine learning,matrix factorization,0
machine learning,model complexity,0
machine learning,model parameters,0
machine learning,partial derivative,0
machine learning,polynomial kernel,0
machine learning,regularization,0
machine learning,training error,0
machine learning,validation error,0
matrix factorization,training data,0
matrix factorization,overfitting,0
mini-batch size,training data,0
model complexity,multi-class classification,0
model complexity,partial derivative,0
model complexity,regression problem,0
model complexity,regularization,0
model complexity,training data,0
model complexity,training error,0
model complexity,validation error,0
model complexity,validation set,0
model complexity,overfitting,0
model parameters,supervised learning,0
model parameters,training data,0
model parameters,training error,0
model parameters,unsupervised learning,0
model parameters,validation error,0
model parameters,validation set,0
multi-class classification,output layer,0
multi-class classification,partial derivative,0
multi-class classification,polynomial kernel,0
multi-class classification,regularization,0
multi-class classification,overfitting,0
output layer,partial derivative,0
output layer,regularization,0
output layer,training data,0
partial derivative,regression problem,0
partial derivative,regularization,0
partial derivative,training data,0
partial derivative,overfitting,0
polynomial kernel,training data,0
polynomial kernel,overfitting,0
regression problem,regularization,0
regression problem,unsupervised learning,0
regression problem,overfitting,0
regularization,training data,0
regularization,training error,0
regularization,unsupervised learning,0
regularization,validation error,0
regularization,validation set,0
regularized logistic regression,validation set,0
regularized logistic regression,overfitting,0
supervised learning,training error,0
supervised learning,unsupervised learning,0
supervised learning,validation set,0
training data,unsupervised learning,0
training error,validation set,0
unsupervised learning,validation set,0
validation set,overfitting,0
validation set,underfitting,0
overfitting,underfitting,0
feature extraction,autoencoder,1
feature mapping,autoencoder,1
feature space,autoencoder,1
generalization,autoencoder,1
autoencoder,gradient descent,1
hidden layer,autoencoder,1
input feature,autoencoder,1
input layer,autoencoder,1
autoencoder,supervised learning,1
training data,autoencoder,1
training error,autoencoder,1
underfitting,autoencoder,1
autoencoder,unsupervised learning,1
validation set,autoencoder,1
bias term,backpropagation,1
chain rule,backpropagation,1
cost function,backpropagation,1
global minimum,backpropagation,1
gradient descent,backpropagation,1
hidden layer,backpropagation,1
input layer,backpropagation,1
learning rate,backpropagation,1
linear regression,backpropagation,1
local minimum,backpropagation,1
machine learning,backpropagation,1
model capacity,backpropagation,1
model complexity,backpropagation,1
model parameters,backpropagation,1
multi-class classification,backpropagation,1
multi-layer perceptron,backpropagation,1
output layer,backpropagation,1
overfitting,backpropagation,1
parameters,backpropagation,1
regularization,backpropagation,1
regularization parameter,backpropagation,1
regularized logistic regression,backpropagation,1
residual learning,backpropagation,1
supervised learning,backpropagation,1
support vectors,backpropagation,1
training data,backpropagation,1
backpropagation,training error,1
bagging,classification,1
bagging,cross validation,1
ensemble method,bagging,1
hidden layer,bagging,1
machine learning,bagging,1
supervised learning,bagging,1
support vectors,bagging,1
training data,bagging,1
training error,bagging,1
underfitting,bagging,1
validation set,bagging,1
ensemble method,boosting,1
machine learning,boosting,1
supervised learning,boosting,1
training data,boosting,1
training error,boosting,1
classification,chain rule,1
classification,gradient descent,1
supervised learning,classification,1
support vectors,classification,1
least squares,closed-form solution,1
linear regression,closed-form solution,1
parameters,closed-form solution,1
regression,closed-form solution,1
regression problem,closed-form solution,1
regularization,closed-form solution,1
regularization parameter,closed-form solution,1
regularized logistic regression,closed-form solution,1
k means,clustering,1
machine learning,clustering,1
convergence,early stopping,1
convergence,eigenvalues,1
convergence,global minimum,1
convergence,gradient descent,1
convergence,hidden layer,1
unconstrained optimization,convex function,1
gradient descent,cost function,1
regularization,cost function,1
supervised learning,cost function,1
training data,cost function,1
training error,cost function,1
underfitting,cost function,1
validation set,cost function,1
eigenvalues,dimensionality reduction,1
feature extraction,dimensionality reduction,1
feature mapping,dimensionality reduction,1
nonlinear pca,dimensionality reduction,1
parameters,dot product,1
machine learning,ensemble method,1
feature mapping,feature extraction,1
feature space,feature extraction,1
feature_scaling,feature extraction,1
generalization,feature extraction,1
global minimum,feature extraction,1
gradient descent,feature extraction,1
hidden layer,feature extraction,1
hyperplane,feature extraction,1
input feature,feature extraction,1
nonlinear pca,feature extraction,1
normalization,feature extraction,1
regularization,feature extraction,1
generalization,feature mapping,1
hidden layer,feature mapping,1
input feature,feature mapping,1
input layer,feature mapping,1
kernel trick,feature mapping,1
machine learning,feature mapping,1
unconstrained optimization,feature mapping,1
machine learning,generalization,1
global minimum,gradient descent,1
model capacity,gradient descent,1
model complexity,gradient descent,1
multi-class classification,gradient descent,1
multi-layer perceptron,gradient descent,1
normalization,gradient descent,1
output layer,gradient descent,1
overfitting,gradient descent,1
parameters,gradient descent,1
polynomial kernel,gradient descent,1
regression,gradient descent,1
regression problem,gradient descent,1
regularization,gradient descent,1
training data,gradient descent,1
training error,gradient descent,1
multi-layer perceptron,hidden layer,1
input layer,input feature,1
parameters,input layer,1
least squares,kernel trick,1
linear regression,kernel trick,1
machine learning,kernel trick,1
polynomial kernel,kernel trick,1
support vectors,kernel trick,1
model complexity,model capacity,1
model parameters,model capacity,1
multi-layer perceptron,model capacity,1
supervised learning,multi-class classification,1
output layer,multi-layer perceptron,1
parameters,multi-layer perceptron,1
regularization,multi-layer perceptron,1
regularization parameter,multi-layer perceptron,1
supervised learning,multi-layer perceptron,1
training data,multi-layer perceptron,1
training error,multi-layer perceptron,1
underfitting,multi-layer perceptron,1
validation set,multi-layer perceptron,1
regularization parameter,overfitting,1
regularized logistic regression,overfitting,1
regularization,parameters,1
regularization parameter,parameters,1
regularized logistic regression,parameters,1
regression problem,regression,1
regression,regularization,1
regression,regularization parameter,1
regression,regularized logistic regression,1
supervised learning,regression,1
training data,regression,1
training error,regression,1
underfitting,regression,1
validation set,regression,1
regression problem,regularization,1
regression problem,regularization parameter,1
regression problem,regularized logistic regression,1
regression problem,support vectors,1
regression problem,training error,1
regression problem,underfitting,1
regularization parameter,regularization,1
regularization parameter,regularized logistic regression,1
supervised learning,regularized logistic regression,1
training error,regularized logistic regression,1
underfitting,regularized logistic regression,1
validation set,regularized logistic regression,1
training data,residual learning,1
training error,residual learning,1
underfitting,residual learning,1
validation set,residual learning,1
supervised learning,support vectors,1
supervised learning,training error,1
support vectors,training data,1
Mathematical_optimization,Gradient_descent,1
Mathematical_optimization,Machine_learning,1
Mathematical_optimization,Newton's_method,1
Linear Regression,Matrix factorization,0
Linear Regression,Regularization,0
dimensionality reduction,Linear Regression,0
dimensionality reduction,Matrix factorization,0
dimensionality reduction,K means,0
dimensionality reduction,Gradient descent,0
dimensionality reduction,Loss Function,0
dimensionality reduction,Regularization,0
K means,Linear Regression,0
K means,Matrix factorization,0
K means,Loss Function,0
K means,Regularization,0
Gradient descent,Linear Regression,0
Gradient descent,Matrix factorization,0
Gradient descent,K means,0
Gradient descent,Loss Function,0
Gradient descent,Regularization,0
Loss Function,Matrix factorization,0
Loss Function,Regularization,0
training data,cross validation,1
training error,cross validation,1
validation set,cross validation,1
underfitting,cross validation,1
model parameters,gradient descent,1
gradient descent,regularized logistic regression,1
supervised learning,gradient descent,1
unsupervised learning,k means,1
machine learning,unsupervised learning,1
supervised learning,regression problem,1
training data,regression problem,1
regularization,regularized logistic regression,1
overfitting,regularization,1
underfitting,regularization,1
training data,regularized logistic regression,1
training data,supervised learning,1
machine learning,model training,1
machine learning,model validation,1
machine learning,nonlinear model,1
machine learning,misclassification,1
machine learning,input/output relationship,1
machine learning,continuous-valued output,1
machine learning,minimization,1
machine learning,zero order optimization,1
machine learning,global maximum,1
machine learning,global optimization,1
machine learning,zero order optimality condition,1
machine learning,local maximum,1
machine learning,random sampling,1
machine learning,uniform sampling,1
machine learning,descent direction,1
machine learning,local optimization,1
machine learning,sequential refinement,1
machine learning,initial point,1
machine learning,diminishing steplength rules,1
machine learning,random search,1
machine learning,coordinate search,1
machine learning,cost function history plot,1
machine learning,first order optimization methods,1
machine learning,gradient,1
machine learning,automatic differentiation,1
machine learning,numerical approximation,1
machine learning,stationary points,1
machine learning,first order system of equations,1
machine learning,saddle points,1
machine learning,rayleigh quotient,1
machine learning,convex quadratic function,1
machine learning,symmetric linear system,1
machine learning,momentum accelerated gradient descent,1
machine learning,normalized gradient descent,1
machine learning,lipschitz continuous gradient,1
machine learning,second order optimality condition,1
machine learning,second order taylor series approximation,1
machine learning,curvature,1
machine learning,positive semi-definite matrix,1
machine learning,quadratic function,1
machine learning,eigenvalues of the hessian,1
machine learning,first order condition for optimality,1
machine learning,regularized newton's method,1
machine learning,hessian matrix,1
machine learning,non-convex minimization,1
machine learning,second order optimization,1
machine learning,hessian-free optimization,1
machine learning,eigenvalue decomposition,1
machine learning,second order definition of convexity,1
machine learning,sub-sampled newton's step,1
machine learning,bfgs method,1
machine learning,quasi-newton method,1
machine learning,secant method,1
machine learning,sherman-morrison identity,1
machine learning,least absolute deviations,1
machine learning,feature-touching weights,1
machine learning,normal equations,1
machine learning,backtracking line search,1
machine learning,vectorized implementation,1
machine learning,multi-output regression,1
machine learning,non-negative eigenvalues,1
machine learning,quadratic cost function,1
machine learning,outer product,1
machine learning,perceptron cost,1
machine learning,softmax approximation to max,1
machine learning,convex cost function,1
machine learning,point-wise cost,1
machine learning,trivial solution,1
machine learning,softmax cost,1
machine learning,weight divergence to infinity,1
machine learning,numerical instability,1
machine learning,normal vector to hyperplane,1
machine learning,signed distance to decision boundary,1
machine learning,weight normalization,1
machine learning,l2 regularizer,1
machine learning,constrained softmax cost,1
machine learning,margin of separating hyperplane,1
machine learning,margin-perceptron cost,1
machine learning,smoothed margin-perceptron,1
machine learning,maximum margin decision boundary,1
machine learning,hard-margin svm,1
machine learning,margin computation via normal vector,1
machine learning,soft-margin support vector machine,1
machine learning,log-loss svm,1
machine learning,categorical cross entropy cost,1
machine learning,one-hot encoded labels,1
machine learning,log error cost,1
machine learning,confidence scoring,1
machine learning,misclassification count,1
machine learning,step function approximation,1
machine learning,early stopping by validation accuracy,1
machine learning,cost function versus misclassification discrepancy,1
machine learning,balanced accuracy,1
machine learning,weighted classification,1
machine learning,weighted softmax cost,1
machine learning,point-wise weights,1
machine learning,weighting by confidence,1
machine learning,inverse class frequency weighting,1
machine learning,multi-class perceptron,1
machine learning,categorical multi-class classification,1
machine learning,weighted multi-class classification,1
machine learning,one-versus-all classification,1
machine learning,fusion rule,1
machine learning,piecewise linear decision boundary,1
machine learning,multi-class perceptron cost,1
machine learning,multi-class classification metrics,1
machine learning,class imbalance,1
machine learning,convexity of cost functions,1
machine learning,hessian of softmax cost,1
machine learning,spanning set,1
machine learning,orthonormal spanning set,1
machine learning,autoencoder formula,1
machine learning,projection,1
machine learning,covariance matrix regularization,1
machine learning,least squares cost for incomplete data,1
machine learning,cluster assignment,1
machine learning,centroid initialization,1
machine learning,intra-cluster distance,1
machine learning,scree plot,1
machine learning,non-negative matrix factorization,1
machine learning,sparse coding,1
machine learning,alternating minimization,1
machine learning,bi-convex function,1
machine learning,orthogonal matrix,1
machine learning,histogram features,1
machine learning,inner product similarity,1
machine learning,stemming,1
machine learning,stop words,1
machine learning,discriminative features,1
machine learning,edge histogram features,1
machine learning,spectrogram,1
machine learning,nonlinear regression,1
machine learning,transformed feature space,1
machine learning,non-convex cost function,1
machine learning,feature sharing,1
machine learning,degree two polynomial expansion,1
machine learning,manifold,1
machine learning,encoder-decoder composition,1
machine learning,output transformation,1
machine learning,nonlinear classification,1
machine learning,kernel k-means,1
machine learning,standard basis vector constraint,1
machine learning,feature learning,1
machine learning,universal approximators,1
machine learning,linear combination,1
machine learning,optimization dial,1
machine learning,high capacity model,1
machine learning,regularizer,1
machine learning,regularized cost function,1
machine learning,l2 regularization based cross-validation,1
machine learning,sparse feature selection,1
machine learning,fixed-shape universal approximators,1
machine learning,fourier basis,1
machine learning,exponential scaling of fixed-shape units,1
machine learning,complete package of fixed-shape units,1
machine learning,weight vector decomposition over feature matrix,1
machine learning,orthogonal component r,1
machine learning,kernel matrix,1
machine learning,kernelization via weight vector substitution,1
machine learning,kernelized least squares,1
machine learning,kernelized logistic regression,1
machine learning,entry-wise kernel matrix construction,1
machine learning,kernelized l2 regularizer,1
machine learning,kernelized squared margin,1
machine learning,kernelized multi-class softmax,1
machine learning,naive cross-validation,1
machine learning,regularization-based cross-validation,1
machine learning,fourier kernel,1
machine learning,single-layer unit,1
machine learning,recursive construction,1
machine learning,weight matrix,1
machine learning,vector activation,1
machine learning,two-layer unit,1
machine learning,step function,1
machine learning,vanishing gradient problem,1
machine learning,sigmoid activation,1
machine learning,maxout activation,1
machine learning,batch normalization,1
machine learning,internal covariate shift,1
machine learning,split point,1
machine learning,stump,1
machine learning,leaf parameters,1
machine learning,growing of a tree,1
machine learning,local function approximator,1
machine learning,addition of trees,1
machine learning,staircase-like cost,1
machine learning,human interpretability,1
machine learning,mid-point split point,1
machine learning,candidate split points,1
machine learning,optimal leaf values,1
machine learning,leaf-value optimization,1
machine learning,tree-based learner,1
machine learning,feature subsampling,1
machine learning,recursively defined trees,1
machine learning,computational trade-off,1
machine learning,pruning,1
machine learning,gradient boosting,1
classification,model training,1
classification,model validation,1
classification,nonlinear model,1
classification,misclassification,1
classification,misclassification count,1
training set,model training,1
training set,model validation,1
feature engineering,model training,1
feature engineering,model validation,1
feature space,model training,1
feature space,model validation,1
feature space,nonlinear model,1
feature space,input/output relationship,1
feature space,feature-touching weights,1
feature space,transformed feature space,1
model training,validation set,1
model training,model validation,1
model training,cost function,1
model training,mathematical optimization,1
model training,model parameters,1
model training,minimization,1
model training,first order optimization methods,1
model training,gradient descent,1
model training,gradient,1
model training,least squares cost function,1
model training,unconstrained optimization,1
model training,quadratic cost function,1
validation set,model validation,1
supervised learning,input/output relationship,1
regression,input/output relationship,1
regression,continuous-valued output,1
input/output relationship,continuous-valued output,1
cost function,mathematical optimization,1
cost function,minimization,1
cost function,cost function history plot,1
mathematical optimization,minimization,1
mathematical optimization,zero order optimization,1
mathematical optimization,global minimum,1
mathematical optimization,global maximum,1
mathematical optimization,local minimum,1
mathematical optimization,global optimization,1
mathematical optimization,zero order optimality condition,1
mathematical optimization,local maximum,1
mathematical optimization,descent direction,1
mathematical optimization,local optimization,1
mathematical optimization,initial point,1
mathematical optimization,diminishing steplength rules,1
mathematical optimization,random search,1
mathematical optimization,convergence,1
mathematical optimization,coordinate descent,1
mathematical optimization,coordinate search,1
mathematical optimization,steplength,1
mathematical optimization,first order optimization methods,1
mathematical optimization,gradient,1
mathematical optimization,partial derivative,1
mathematical optimization,stationary points,1
mathematical optimization,saddle points,1
mathematical optimization,momentum accelerated gradient descent,1
mathematical optimization,normalized gradient descent,1
mathematical optimization,second order optimality condition,1
mathematical optimization,convexity,1
mathematical optimization,first order condition for optimality,1
mathematical optimization,regularized newton's method,1
mathematical optimization,convergence criterion,1
mathematical optimization,hessian matrix,1
mathematical optimization,non-convex minimization,1
mathematical optimization,second order optimization,1
mathematical optimization,hessian-free optimization,1
mathematical optimization,second order definition of convexity,1
mathematical optimization,sub-sampled newton's step,1
mathematical optimization,bfgs method,1
mathematical optimization,quasi-newton method,1
mathematical optimization,secant method,1
mathematical optimization,unconstrained optimization,1
mathematical optimization,backtracking line search,1
mathematical optimization,mini-batch gradient descent,1
mathematical optimization,alternating minimization,1
global minimum,global optimization,1
local minimum,zero order optimality condition,1
local minimum,stationary points,1
local minimum,second order optimality condition,1
local minimum,first order condition for optimality,1
descent direction,local optimization,1
descent direction,coordinate descent,1
descent direction,steplength,1
descent direction,first order optimization methods,1
descent direction,gradient descent,1
descent direction,gradient,1
descent direction,partial derivative,1
descent direction,stationary points,1
descent direction,momentum accelerated gradient descent,1
descent direction,normalized gradient descent,1
descent direction,first order condition for optimality,1
descent direction,newton's method,1
descent direction,regularized newton's method,1
descent direction,second order optimization,1
descent direction,bfgs method,1
descent direction,quasi-newton method,1
descent direction,backtracking line search,1
diminishing steplength rules,steplength,1
first order optimization methods,gradient descent,1
first order optimization methods,gradient,1
first order optimization methods,chain rule,1
first order optimization methods,first order taylor series approximation,1
first order optimization methods,partial derivative,1
first order optimization methods,stationary points,1
first order optimization methods,saddle points,1
first order optimization methods,convex quadratic function,1
first order optimization methods,momentum accelerated gradient descent,1
first order optimization methods,normalized gradient descent,1
first order optimization methods,lipschitz continuous gradient,1
first order optimization methods,second order taylor series approximation,1
first order optimization methods,convexity,1
first order optimization methods,quadratic function,1
first order optimization methods,first order condition for optimality,1
first order optimization methods,convergence criterion,1
first order optimization methods,unconstrained optimization,1
first order optimization methods,backtracking line search,1
first order optimization methods,quadratic cost function,1
first order optimization methods,convex cost function,1
first order optimization methods,mini-batch gradient descent,1
first order optimization methods,convexity of cost functions,1
gradient descent,gradient,1
gradient descent,momentum accelerated gradient descent,1
gradient descent,normalized gradient descent,1
gradient descent,backtracking line search,1
gradient,automatic differentiation,1
gradient,chain rule,1
gradient,partial derivative,1
gradient,stationary points,1
gradient,saddle points,1
gradient,momentum accelerated gradient descent,1
gradient,normalized gradient descent,1
gradient,lipschitz continuous gradient,1
gradient,second order optimality condition,1
gradient,second order taylor series approximation,1
gradient,curvature,1
gradient,eigenvalues of the hessian,1
gradient,first order condition for optimality,1
gradient,newton's method,1
gradient,regularized newton's method,1
gradient,hessian matrix,1
gradient,second order optimization,1
gradient,second order definition of convexity,1
gradient,sub-sampled newton's step,1
gradient,bfgs method,1
gradient,quasi-newton method,1
gradient,mini-batch gradient descent,1
gradient,hessian of softmax cost,1
gradient,backpropagation,1
chain rule,partial derivative,1
numerical approximation,first order taylor series approximation,1
numerical approximation,second order taylor series approximation,1
partial derivative,stationary points,1
partial derivative,second order optimality condition,1
partial derivative,second order taylor series approximation,1
partial derivative,first order condition for optimality,1
partial derivative,newton's method,1
partial derivative,regularized newton's method,1
partial derivative,hessian matrix,1
partial derivative,second order optimization,1
partial derivative,bfgs method,1
partial derivative,quasi-newton method,1
stationary points,saddle points,1
stationary points,second order optimality condition,1
stationary points,first order condition for optimality,1
second order taylor series approximation,newton's method,1
second order taylor series approximation,hessian matrix,1
second order taylor series approximation,second order optimization,1
second order taylor series approximation,hessian of softmax cost,1
convexity,second order definition of convexity,1
curvature,second order optimization,1
curvature,hessian-free optimization,1
curvature,second order definition of convexity,1
curvature,sub-sampled newton's step,1
curvature,bfgs method,1
curvature,quasi-newton method,1
curvature,hessian of softmax cost,1
positive semi-definite matrix,non-negative eigenvalues,1
eigenvalues of the hessian,hessian matrix,1
eigenvalues of the hessian,eigenvalue decomposition,1
eigenvalues of the hessian,eigenvalues,1
first order condition for optimality,newton's method,1
first order condition for optimality,regularized newton's method,1
newton's method,regularized newton's method,1
newton's method,hessian matrix,1
newton's method,second order optimization,1
newton's method,sub-sampled newton's step,1
newton's method,unconstrained optimization,1
newton's method,backtracking line search,1
regularized newton's method,convergence criterion,1
regularized newton's method,hessian matrix,1
regularized newton's method,second order optimization,1
regularized newton's method,unconstrained optimization,1
regularized newton's method,backtracking line search,1
regularized newton's method,regularization,1
regularized newton's method,regularization parameter,1
regularized newton's method,l2 regularizer,1
hessian matrix,second order optimization,1
hessian matrix,hessian-free optimization,1
hessian matrix,second order definition of convexity,1
hessian matrix,sub-sampled newton's step,1
hessian matrix,bfgs method,1
hessian matrix,quasi-newton method,1
hessian matrix,hessian of softmax cost,1
second order optimization,hessian-free optimization,1
second order optimization,sub-sampled newton's step,1
second order optimization,bfgs method,1
second order optimization,quasi-newton method,1
second order optimization,unconstrained optimization,1
second order optimization,backtracking line search,1
second order optimization,mini-batch gradient descent,1
second order optimization,hessian of softmax cost,1
eigenvalue decomposition,principal component analysis,1
bfgs method,quasi-newton method,1
least squares cost function,normal equations,1
least squares cost function,quadratic cost function,1
least squares cost function,least squares cost for incomplete data,1
non-negative eigenvalues,eigenvalues,1
convex cost function,convexity of cost functions,1
weight divergence to infinity,numerical instability,1
normal vector to hyperplane,signed distance to decision boundary,1
normal vector to hyperplane,margin of separating hyperplane,1
normal vector to hyperplane,maximum margin decision boundary,1
normal vector to hyperplane,hard-margin svm,1
normal vector to hyperplane,margin computation via normal vector,1
normal vector to hyperplane,soft-margin support vector machine,1
normal vector to hyperplane,support vectors,1
normal vector to hyperplane,projection,1
normal vector to hyperplane,principal component analysis,1
normal vector to hyperplane,dimension reduction,1
normal vector to hyperplane,pca least squares cost,1
normal vector to hyperplane,variance maximization,1
normal vector to hyperplane,decision boundary,1
normal vector to hyperplane,kernel pca,1
normal vector to hyperplane,kernel k-means,1
regularization parameter,l2 regularizer,1
regularization parameter,constrained softmax cost,1
regularization parameter,soft-margin support vector machine,1
regularization parameter,regularizer,1
regularization parameter,regularized cost function,1
regularization parameter,l2 regularization based cross-validation,1
regularization parameter,kernelized l2 regularizer,1
l2 regularizer,regularized softmax cost,1
l2 regularizer,soft-margin support vector machine,1
margin-perceptron cost,smoothed margin-perceptron,1
maximum margin decision boundary,hard-margin svm,1
maximum margin decision boundary,margin computation via normal vector,1
maximum margin decision boundary,soft-margin support vector machine,1
maximum margin decision boundary,support vectors,1
maximum margin decision boundary,decision boundary,1
hard-margin svm,margin computation via normal vector,1
hard-margin svm,soft-margin support vector machine,1
hard-margin svm,support vectors,1
categorical cross entropy cost,one-hot encoded labels,1
categorical cross entropy cost,categorical labels,1
weighted softmax cost,softmax cost function,1
spanning set,orthonormal spanning set,1
k-means clustering,cluster assignment,1
k-means clustering,centroid initialization,1
k-means clustering,intra-cluster distance,1
k-means clustering,alternating minimization,1
k-means clustering,kernel k-means,1
matrix factorization,non-negative matrix factorization,1
matrix factorization,alternating minimization,1
cluster centroid,cluster assignment,1
cluster centroid,intra-cluster distance,1
cluster assignment,intra-cluster distance,1
alternating minimization,bi-convex function,1
nonlinear feature engineering,nonlinear regression,1
nonlinear feature engineering,transformed feature space,1
nonlinear feature engineering,non-convex cost function,1
nonlinear feature engineering,degree two polynomial expansion,1
nonlinear feature engineering,nonlinear classification,1
nonlinear regression,transformed feature space,1
nonlinear regression,non-convex cost function,1
nonlinear regression,decision boundary,1
nonlinear regression,degree two polynomial expansion,1
nonlinear regression,nonlinear classification,1
transformed feature space,non-convex cost function,1
transformed feature space,decision boundary,1
transformed feature space,degree two polynomial expansion,1
transformed feature space,nonlinear classification,1
regularizer,regularized cost function,1
regularized cost function,l2 regularization based cross-validation,1
kernel trick,kernelized least squares,1
kernel trick,kernelized logistic regression,1
kernel trick,kernelized l2 regularizer,1
kernel trick,kernelized squared margin,1
kernel trick,kernelized multi-class softmax,1
weight vector decomposition over feature matrix,kernel matrix,1
weight vector decomposition over feature matrix,kernelization via weight vector substitution,1
weight vector decomposition over feature matrix,kernelized least squares,1
weight vector decomposition over feature matrix,kernelized logistic regression,1
weight vector decomposition over feature matrix,kernelized l2 regularizer,1
weight vector decomposition over feature matrix,kernelized squared margin,1
weight vector decomposition over feature matrix,kernelized multi-class softmax,1
kernel matrix,kernelization via weight vector substitution,1
kernel matrix,kernelized least squares,1
kernel matrix,kernelized logistic regression,1
kernel matrix,entry-wise kernel matrix construction,1
kernel matrix,kernelized l2 regularizer,1
kernel matrix,kernelized squared margin,1
kernel matrix,kernelized multi-class softmax,1
kernelization via weight vector substitution,kernelized least squares,1
kernelization via weight vector substitution,kernelized logistic regression,1
kernelization via weight vector substitution,kernelized l2 regularizer,1
kernelization via weight vector substitution,kernelized squared margin,1
kernelization via weight vector substitution,kernelized multi-class softmax,1
hidden layer,neural network architecture,1
neural network architecture,input layer,1
neural network architecture,output layer,1
neural network architecture,weight matrix,1
neural network architecture,vector activation,1
neural network architecture,two-layer unit,1
neural network architecture,step function,1
neural network architecture,vanishing gradient problem,1
neural network architecture,sigmoid activation,1
neural network architecture,backpropagation,1
neural network architecture,maxout activation,1
neural network architecture,batch normalization,1
neural network architecture,internal covariate shift,1
classification,rayleigh quotient,0
classification,eigenvalues of the hessian,0
classification,margin-perceptron cost,0
classification,multi-class classification metrics,0
classification,covariance matrix regularization,0
classification,linear combination,0
classification,weight matrix,0
classification,batch normalization,0
classification,mid-point split point,0
training set,diminishing steplength rules,0
training set,positive semi-definite matrix,0
training set,l2 regularization based cross-validation,0
training set,single-layer unit,0
training set,leaf-value optimization,0
feature engineering,global optimization,0
feature engineering,lipschitz continuous gradient,0
feature engineering,hard-margin svm,0
feature engineering,projection,0
feature engineering,cluster assignment,0
feature engineering,alternating minimization,0
feature engineering,nonlinear classification,0
generalization,cost function history plot,0
generalization,partial derivative,0
generalization,regularized newton's method,0
generalization,l2 regularizer,0
generalization,weight vector decomposition over feature matrix,0
feature space,local maximum,0
feature space,curvature,0
feature space,multi-class perceptron cost,0
feature space,sparse coding,0
feature space,manifold,0
feature space,sigmoid activation,0
feature space,leaf parameters,0
model training,uniform sampling,0
model training,second order taylor series approximation,0
model training,numerical instability,0
model training,mean-centering,0
model training,fixed-shape universal approximators,0
model training,maxout activation,0
model training,tree-based learner,0
validation set,sequential refinement,0
validation set,first order optimization methods,0
validation set,stationary points,0
validation set,margin-perceptron cost,0
validation set,hard-margin svm,0
validation set,multi-class perceptron cost,0
validation set,autoencoder formula,0
validation set,orthogonal matrix,0
validation set,linear combination,0
validation set,leaf parameters,0
model validation,weight divergence to infinity,0
model validation,class imbalance,0
model validation,bi-convex function,0
model validation,transformed feature space,0
model validation,non-convex cost function,0
model validation,kernelized squared margin,0
model validation,single-layer unit,0
model validation,weight matrix,0
model validation,residual fitting,0
nonlinear model,cross-validation,0
nonlinear model,random sampling,0
nonlinear model,first order taylor series approximation,0
nonlinear model,momentum accelerated gradient descent,0
nonlinear model,backtracking line search,0
nonlinear model,log error cost,0
nonlinear model,orthonormal spanning set,0
nonlinear model,cluster assignment,0
nonlinear model,pca least squares cost,0
nonlinear model,feature selection,0
nonlinear model,kernelized least squares,0
misclassification,mathematical optimization,0
misclassification,steplength,0
misclassification,first order taylor series approximation,0
misclassification,quadratic function,0
misclassification,backtracking line search,0
misclassification,normal vector to hyperplane,0
misclassification,weighted multi-class classification,0
misclassification,softmax cost function,0
misclassification,nonlinear feature engineering,0
supervised learning,maximum margin decision boundary,0
supervised learning,misclassification count,0
supervised learning,nonlinear regression,0
supervised learning,exponential scaling of fixed-shape units,0
supervised learning,naive cross-validation,0
supervised learning,tree-based learner,0
regression,global maximum,0
regression,newton's method,0
regression,non-convex minimization,0
regression,normal vector to hyperplane,0
regression,categorical multi-class classification,0
regression,intra-cluster distance,0
regression,nonlinear classification,0
regression,regularized cost function,0
regression,sparse feature selection,0
regression,vector activation,0
regression,step function,0
input/output relationship,cost function history plot,0
input/output relationship,gradient,0
input/output relationship,non-negative eigenvalues,0
input/output relationship,log-loss svm,0
input/output relationship,nonlinear regression,0
input/output relationship,manifold,0
input/output relationship,model complexity,0
input/output relationship,high capacity model,0
input/output relationship,fourier kernel,0
input/output relationship,split point,0
continuous-valued output,rayleigh quotient,0
continuous-valued output,lipschitz continuous gradient,0
continuous-valued output,quadratic function,0
continuous-valued output,feature-touching weights,0
continuous-valued output,outer product,0
continuous-valued output,signed distance to decision boundary,0
continuous-valued output,least squares cost for incomplete data,0
continuous-valued output,underfitting,0
cost function,random search,0
cost function,point-wise cost,0
cost function,cost function versus misclassification discrepancy,0
cost function,weighting by confidence,0
cost function,weighted multi-class classification,0
cost function,non-negative matrix factorization,0
cost function,sparse coding,0
cost function,degree two polynomial expansion,0
cost function,step function,0
cost function,batch normalization,0
cost function,candidate split points,0
mathematical optimization,eigenvalues of the hessian,0
mathematical optimization,feature-touching weights,0
mathematical optimization,softmax approximation to max,0
mathematical optimization,point-wise cost,0
mathematical optimization,constrained softmax cost,0
mathematical optimization,mean-centering,0
mathematical optimization,histogram features,0
mathematical optimization,model capacity,0
mathematical optimization,fourier basis,0
mathematical optimization,recursive construction,0
mathematical optimization,leaf parameters,0
clustering,vectorized implementation,0
clustering,numerical instability,0
clustering,l2 regularizer,0
clustering,intra-cluster distance,0
clustering,scree plot,0
clustering,manifold,0
clustering,staircase-like cost,0
model parameters,convex quadratic function,0
model parameters,eigenvalues of the hessian,0
model parameters,feature-touching weights,0
model parameters,multi-class classification metrics,0
model parameters,stop words,0
model parameters,linear combination,0
model parameters,naive cross-validation,0
model parameters,recursive construction,0
model parameters,growing of a tree,0
model parameters,leaf-value optimization,0
minimization,second order optimization,0
minimization,perceptron cost,0
minimization,balanced accuracy,0
minimization,orthonormal spanning set,0
minimization,variance maximization,0
minimization,boosting,0
minimization,validation error,0
minimization,kernel trick,0
cross-validation,gradient,0
cross-validation,non-convex minimization,0
cross-validation,multi-output regression,0
cross-validation,margin-perceptron cost,0
cross-validation,nonlinear classification,0
cross-validation,kernel matrix,0
cross-validation,vanishing gradient problem,0
cross-validation,feature subsampling,0
zero order optimization,coordinate search,0
zero order optimization,first order taylor series approximation,0
zero order optimization,rayleigh quotient,0
zero order optimization,second order optimality condition,0
zero order optimization,non-convex minimization,0
zero order optimization,bias,0
zero order optimization,perceptron cost,0
zero order optimization,regularization parameter,0
zero order optimization,margin computation via normal vector,0
zero order optimization,support vectors,0
zero order optimization,weighted softmax cost,0
zero order optimization,piecewise linear decision boundary,0
zero order optimization,feature learning,0
zero order optimization,high capacity model,0
zero order optimization,kernel trick,0
zero order optimization,fully-connected neural network,0
global minimum,local maximum,0
global minimum,newton's method,0
global minimum,multi-output regression,0
global minimum,misclassification count,0
global minimum,piecewise linear decision boundary,0
global minimum,stop words,0
global minimum,feature learning,0
global minimum,l2 regularization based cross-validation,0
global minimum,optimal leaf values,0
global maximum,local optimization,0
global maximum,gradient,0
global maximum,numerical approximation,0
global maximum,first order system of equations,0
global maximum,closed form solution,0
global maximum,convex combination,0
global maximum,margin-perceptron cost,0
global maximum,weighting by confidence,0
global maximum,least squares cost for incomplete data,0
global maximum,discriminative features,0
global maximum,validation error,0
global maximum,regression tree,0
global maximum,leaf-value optimization,0
global maximum,feature subsampling,0
local minimum,uniform sampling,0
local minimum,symmetric linear system,0
local minimum,weight divergence to infinity,0
local minimum,early stopping by validation accuracy,0
local minimum,piecewise linear decision boundary,0
local minimum,autoencoder formula,0
local minimum,sparse coding,0
local minimum,feature sharing,0
local minimum,kernelized logistic regression,0
local minimum,stump,0
local minimum,staircase-like cost,0
local minimum,mid-point split point,0
global optimization,diminishing steplength rules,0
global optimization,steplength,0
global optimization,linear autoencoder,0
global optimization,matrix factorization,0
global optimization,nonlinear regression,0
global optimization,ensembling,0
global optimization,fourier basis,0
global optimization,entry-wise kernel matrix construction,0
global optimization,output layer,0
global optimization,stump,0
global optimization,recursively defined trees,0
global optimization,pruning,0
zero order optimality condition,backtracking line search,0
zero order optimality condition,numerical instability,0
zero order optimality condition,orthogonal matrix,0
zero order optimality condition,histogram features,0
local maximum,lipschitz continuous gradient,0
local maximum,convergence criterion,0
local maximum,hessian matrix,0
local maximum,second order definition of convexity,0
local maximum,normal vector to hyperplane,0
local maximum,misclassification count,0
local maximum,step function approximation,0
local maximum,weighted classification,0
local maximum,mean-centering,0
local maximum,projection,0
local maximum,dimension reduction,0
local maximum,encoder-decoder composition,0
local maximum,kernel matrix,0
local maximum,weight matrix,0
local maximum,split point,0
local maximum,stump,0
local maximum,growing of a tree,0
local maximum,optimal leaf values,0
local maximum,feature subsampling,0
random sampling,convergence,0
random sampling,bfgs method,0
random sampling,vectorized implementation,0
random sampling,log error cost,0
random sampling,fourier basis,0
random sampling,entry-wise kernel matrix construction,0
random sampling,input layer,0
random sampling,leaf parameters,0
random sampling,local function approximator,0
uniform sampling,normalized gradient descent,0
uniform sampling,standard normalization,0
uniform sampling,convex combination,0
uniform sampling,misclassification count,0
uniform sampling,balanced accuracy,0
uniform sampling,weighting by confidence,0
uniform sampling,categorical multi-class classification,0
uniform sampling,multi-class classification metrics,0
uniform sampling,non-negative matrix factorization,0
uniform sampling,nonlinear regression,0
uniform sampling,l2 regularization based cross-validation,0
uniform sampling,kernel trick,0
uniform sampling,orthogonal component r,0
uniform sampling,split point,0
uniform sampling,human interpretability,0
curse of dimensionality,eigenvalue decomposition,0
curse of dimensionality,trivial solution,0
curse of dimensionality,log error cost,0
curse of dimensionality,cost function versus misclassification discrepancy,0
curse of dimensionality,piecewise linear decision boundary,0
curse of dimensionality,multi-class perceptron cost,0
curse of dimensionality,high capacity model,0
curse of dimensionality,fixed-shape universal approximators,0
curse of dimensionality,fourier basis,0
descent direction,convexity,0
descent direction,classification accuracy,0
descent direction,softmax cost function,0
descent direction,normalization,0
descent direction,degree two polynomial expansion,0
descent direction,nonlinear classification,0
descent direction,kernel trick,0
local optimization,convergence,0
local optimization,chain rule,0
local optimization,rayleigh quotient,0
local optimization,convexity,0
local optimization,eigenvalues of the hessian,0
local optimization,early stopping,0
local optimization,soft-margin support vector machine,0
local optimization,one-versus-all classification,0
local optimization,dimension reduction,0
local optimization,complete package of fixed-shape units,0
local optimization,weight vector decomposition over feature matrix,0
local optimization,neural network architecture,0
local optimization,maxout activation,0
local optimization,candidate split points,0
sequential refinement,first order optimization methods,0
sequential refinement,weighted multi-class classification,0
sequential refinement,spanning set,0
sequential refinement,least squares cost for incomplete data,0
sequential refinement,feature selection,0
sequential refinement,normalization,0
sequential refinement,feature learning,0
sequential refinement,linear combination,0
sequential refinement,regularizer,0
sequential refinement,regularized cost function,0
sequential refinement,kernelization via weight vector substitution,0
sequential refinement,naive cross-validation,0
sequential refinement,maxout activation,0
sequential refinement,batch normalization,0
sequential refinement,human interpretability,0
sequential refinement,tree-based learner,0
initial point,coordinate search,0
initial point,normalized gradient descent,0
initial point,hessian matrix,0
initial point,numerical instability,0
initial point,spanning set,0
initial point,model capacity,0
diminishing steplength rules,first order taylor series approximation,0
diminishing steplength rules,regularized newton's method,0
diminishing steplength rules,second order definition of convexity,0
diminishing steplength rules,maximum margin decision boundary,0
diminishing steplength rules,linear multi-class classification,0
diminishing steplength rules,weighted multi-class classification,0
diminishing steplength rules,dimension reduction,0
diminishing steplength rules,least squares cost for incomplete data,0
diminishing steplength rules,feature sharing,0
diminishing steplength rules,regularized cost function,0
diminishing steplength rules,model capacity,0
random search,positive semi-definite matrix,0
random search,l2 regularizer,0
random search,step function approximation,0
random search,balanced accuracy,0
random search,categorical multi-class classification,0
random search,standard basis vector constraint,0
random search,regularizer,0
random search,entry-wise kernel matrix construction,0
random search,kernelized l2 regularizer,0
random search,kernelized squared margin,0
random search,naive cross-validation,0
random search,internal covariate shift,0
random search,candidate split points,0
convergence,eigenvalues of the hessian,0
convergence,bfgs method,0
convergence,outer product,0
convergence,weight normalization,0
convergence,spanning set,0
convergence,universal approximators,0
convergence,kernelization via weight vector substitution,0
coordinate descent,normalized gradient descent,0
coordinate descent,first order condition for optimality,0
coordinate descent,log error cost,0
coordinate descent,early stopping by validation accuracy,0
coordinate descent,categorical multi-class classification,0
coordinate descent,one-versus-all classification,0
coordinate descent,inner product similarity,0
coordinate descent,sparse feature selection,0
coordinate descent,step function,0
coordinate descent,local function approximator,0
coordinate descent,feature subsampling,0
coordinate search,convex combination,0
coordinate search,categorical labels,0
coordinate search,single-layer unit,0
coordinate search,neural network architecture,0
steplength,curvature,0
steplength,sherman-morrison identity,0
steplength,log-loss svm,0
steplength,multi-class classification metrics,0
steplength,convexity of cost functions,0
steplength,weight vector decomposition over feature matrix,0
steplength,kernelization via weight vector substitution,0
steplength,kernelized logistic regression,0
steplength,addition of trees,0
cost function history plot,bfgs method,0
cost function history plot,least squares cost function,0
cost function history plot,non-negative eigenvalues,0
cost function history plot,maximum margin decision boundary,0
cost function history plot,hessian of softmax cost,0
cost function history plot,output transformation,0
cost function history plot,kernel matrix,0
cost function history plot,vanishing gradient problem,0
first order optimization methods,hessian matrix,0
first order optimization methods,normal equations,0
first order optimization methods,perceptron cost,0
first order optimization methods,hard-margin svm,0
first order optimization methods,orthonormal spanning set,0
first order optimization methods,nonlinear feature engineering,0
first order optimization methods,non-convex cost function,0
first order optimization methods,step function,0
gradient descent,automatic differentiation,0
gradient descent,secant method,0
gradient descent,projection,0
gradient descent,stop words,0
gradient descent,discriminative features,0
gradient descent,manifold,0
gradient descent,kernelized squared margin,0
gradient descent,split point,0
gradient descent,gradient boosting,0
gradient,standard normalization,0
gradient,quadratic cost function,0
gradient,trivial solution,0
gradient,log-loss svm,0
gradient,feature selection,0
gradient,model complexity,0
gradient,validation error,0
gradient,sparse feature selection,0
gradient,optimal leaf values,0
automatic differentiation,lipschitz continuous gradient,0
automatic differentiation,sub-sampled newton's step,0
automatic differentiation,non-negative eigenvalues,0
automatic differentiation,softmax cost,0
automatic differentiation,numerical instability,0
automatic differentiation,regularization,0
automatic differentiation,margin of separating hyperplane,0
automatic differentiation,orthogonal matrix,0
automatic differentiation,manifold,0
automatic differentiation,feature learning,0
automatic differentiation,regularizer,0
automatic differentiation,l2 regularization based cross-validation,0
automatic differentiation,kernel matrix,0
automatic differentiation,entry-wise kernel matrix construction,0
automatic differentiation,single-layer unit,0
automatic differentiation,recursively defined trees,0
automatic differentiation,mode,0
chain rule,first order system of equations,0
chain rule,classification accuracy,0
chain rule,scree plot,0
chain rule,kernel k-means,0
chain rule,standard basis vector constraint,0
chain rule,feature learning,0
chain rule,kernelized l2 regularizer,0
chain rule,maxout activation,0
chain rule,candidate split points,0
numerical approximation,rayleigh quotient,0
numerical approximation,quasi-newton method,0
numerical approximation,weight divergence to infinity,0
numerical approximation,regularization,0
numerical approximation,weighted softmax cost,0
numerical approximation,mean-centering,0
numerical approximation,variance maximization,0
numerical approximation,validation error,0
numerical approximation,bagging,0
numerical approximation,growing of a tree,0
first order taylor series approximation,second order taylor series approximation,0
first order taylor series approximation,second order definition of convexity,0
first order taylor series approximation,softmax approximation to max,0
first order taylor series approximation,l2 regularizer,0
first order taylor series approximation,non-negative matrix factorization,0
first order taylor series approximation,feature learning,0
first order taylor series approximation,tree-based learner,0
partial derivative,first order system of equations,0
partial derivative,vectorized implementation,0
partial derivative,outer product,0
partial derivative,one-hot encoded labels,0
partial derivative,hessian of softmax cost,0
partial derivative,discriminative features,0
partial derivative,nonlinear regression,0
stationary points,newton's method,0
stationary points,vectorized implementation,0
stationary points,spectrogram,0
stationary points,underfitting,0
first order system of equations,rayleigh quotient,0
first order system of equations,convex cost function,0
first order system of equations,one-versus-all classification,0
first order system of equations,linear combination,0
first order system of equations,orthogonal component r,0
first order system of equations,activation function,0
first order system of equations,maxout activation,0
first order system of equations,leaf-value optimization,0
saddle points,secant method,0
saddle points,normal equations,0
saddle points,margin of separating hyperplane,0
saddle points,hard-margin svm,0
saddle points,early stopping by validation accuracy,0
saddle points,mini-batch gradient descent,0
saddle points,training error,0
saddle points,high capacity model,0
closed form solution,secant method,0
closed form solution,vectorized implementation,0
closed form solution,fusion rule,0
closed form solution,class imbalance,0
closed form solution,optimization dial,0
closed form solution,kernel matrix,0
closed form solution,fourier kernel,0
closed form solution,computational trade-off,0
rayleigh quotient,backtracking line search,0
rayleigh quotient,quadratic cost function,0
rayleigh quotient,normal vector to hyperplane,0
rayleigh quotient,margin-perceptron cost,0
rayleigh quotient,exponential scaling of fixed-shape units,0
rayleigh quotient,random forests,0
convex quadratic function,softmax cost,0
convex quadratic function,mini-batch gradient descent,0
convex quadratic function,hidden layer,0
convex quadratic function,growing of a tree,0
symmetric linear system,secant method,0
symmetric linear system,numerical instability,0
symmetric linear system,feature selection,0
symmetric linear system,stop words,0
symmetric linear system,encoder-decoder composition,0
symmetric linear system,kernel pca,0
symmetric linear system,linear combination,0
symmetric linear system,sparse feature selection,0
symmetric linear system,entry-wise kernel matrix construction,0
symmetric linear system,growing of a tree,0
momentum accelerated gradient descent,regularized newton's method,0
momentum accelerated gradient descent,second order optimization,0
momentum accelerated gradient descent,backtracking line search,0
momentum accelerated gradient descent,softmax approximation to max,0
momentum accelerated gradient descent,margin-perceptron cost,0
momentum accelerated gradient descent,weighted classification,0
momentum accelerated gradient descent,centroid initialization,0
momentum accelerated gradient descent,fixed-shape universal approximators,0
momentum accelerated gradient descent,kernelization via weight vector substitution,0
momentum accelerated gradient descent,kernelized squared margin,0
momentum accelerated gradient descent,batch normalization,0
normalized gradient descent,nonlinear classification,0
normalized gradient descent,l2 regularization based cross-validation,0
normalized gradient descent,vanishing gradient problem,0
lipschitz continuous gradient,curvature,0
lipschitz continuous gradient,outer product,0
lipschitz continuous gradient,rectified linear unit,0
lipschitz continuous gradient,constrained softmax cost,0
lipschitz continuous gradient,hard-margin svm,0
lipschitz continuous gradient,misclassification count,0
lipschitz continuous gradient,categorical multi-class classification,0
lipschitz continuous gradient,multi-class classification metrics,0
lipschitz continuous gradient,fourier basis,0
lipschitz continuous gradient,neural network architecture,0
second order optimality condition,variance maximization,0
second order optimality condition,boosting,0
second order optimality condition,kernel trick,0
second order optimality condition,kernelized multi-class softmax,0
second order taylor series approximation,first order condition for optimality,0
second order taylor series approximation,pca least squares cost,0
second order taylor series approximation,degree two polynomial expansion,0
second order taylor series approximation,naive cross-validation,0
convexity,multi-class classification metrics,0
convexity,feature learning,0
convexity,l2 regularization based cross-validation,0
convexity,batch normalization,0
curvature,first order condition for optimality,0
curvature,convergence criterion,0
curvature,vectorized implementation,0
curvature,margin-perceptron cost,0
curvature,one-hot encoded labels,0
curvature,one-versus-all classification,0
curvature,fusion rule,0
curvature,variance maximization,0
curvature,discriminative features,0
curvature,regularizer,0
curvature,two-layer unit,0
curvature,sigmoid activation,0
curvature,staircase-like cost,0
positive semi-definite matrix,quadratic function,0
positive semi-definite matrix,newton's method,0
positive semi-definite matrix,maximum margin decision boundary,0
positive semi-definite matrix,one-hot encoded labels,0
positive semi-definite matrix,weighted softmax cost,0
positive semi-definite matrix,class imbalance,0
positive semi-definite matrix,autoencoder formula,0
positive semi-definite matrix,orthogonal matrix,0
positive semi-definite matrix,linear combination,0
positive semi-definite matrix,regression tree,0
quadratic function,sub-sampled newton's step,0
quadratic function,non-negative eigenvalues,0
quadratic function,weighted classification,0
quadratic function,softmax cost function,0
quadratic function,autoencoder formula,0
quadratic function,feature selection,0
quadratic function,discriminative features,0
quadratic function,output transformation,0
quadratic function,fourier kernel,0
quadratic function,sigmoid activation,0
quadratic function,split point,0
quadratic function,bagging,0
eigenvalues of the hessian,convex cost function,0
eigenvalues of the hessian,l2 regularizer,0
eigenvalues of the hessian,regularized softmax cost,0
eigenvalues of the hessian,margin of separating hyperplane,0
eigenvalues of the hessian,weighted multi-class classification,0
eigenvalues of the hessian,cluster assignment,0
eigenvalues of the hessian,kernel pca,0
eigenvalues of the hessian,model capacity,0
first order condition for optimality,hessian-free optimization,0
first order condition for optimality,second order definition of convexity,0
first order condition for optimality,quadratic cost function,0
first order condition for optimality,convex cost function,0
first order condition for optimality,softmax cost,0
first order condition for optimality,regularization parameter,0
first order condition for optimality,principal component analysis,0
first order condition for optimality,least squares cost for incomplete data,0
first order condition for optimality,encoder-decoder composition,0
first order condition for optimality,exponential scaling of fixed-shape units,0
newton's method,eigenvalue decomposition,0
newton's method,bias,0
newton's method,weight divergence to infinity,0
newton's method,categorical multi-class classification,0
newton's method,centroid initialization,0
newton's method,intra-cluster distance,0
newton's method,variance maximization,0
newton's method,step function,0
newton's method,vanishing gradient problem,0
newton's method,gradient boosting,0
regularized newton's method,margin computation via normal vector,0
regularized newton's method,precision,0
regularized newton's method,feature selection,0
regularized newton's method,optimization dial,0
regularized newton's method,model capacity,0
regularized newton's method,polynomial kernel,0
regularized newton's method,leaf parameters,0
regularized newton's method,optimal leaf values,0
convergence criterion,second order definition of convexity,0
convergence criterion,non-negative eigenvalues,0
convergence criterion,cost function versus misclassification discrepancy,0
convergence criterion,convexity of cost functions,0
convergence criterion,spanning set,0
convergence criterion,matrix factorization,0
convergence criterion,feature sharing,0
convergence criterion,neural network architecture,0
convergence criterion,tree-based learner,0
hessian matrix,bias,0
hessian matrix,vectorized implementation,0
hessian matrix,regularization parameter,0
hessian matrix,multi-class perceptron,0
hessian matrix,dimension reduction,0
hessian matrix,centroid initialization,0
hessian matrix,nonlinear feature engineering,0
hessian matrix,decision boundary,0
hessian matrix,exponential scaling of fixed-shape units,0
hessian matrix,kernelized least squares,0
hessian matrix,fourier kernel,0
hessian matrix,output layer,0
hessian matrix,leaf-value optimization,0
hessian matrix,computational trade-off,0
hessian matrix,gradient boosting,0
non-convex minimization,secant method,0
non-convex minimization,numerical instability,0
non-convex minimization,precision,0
non-convex minimization,multi-class classification metrics,0
non-convex minimization,cluster centroid,0
non-convex minimization,centroid initialization,0
non-convex minimization,kernel k-means,0
non-convex minimization,fully-connected neural network,0
second order optimization,eigenvalues,0
second order optimization,early stopping,0
second order optimization,log error cost,0
second order optimization,categorical multi-class classification,0
second order optimization,convexity of cost functions,0
second order optimization,dimension reduction,0
second order optimization,intra-cluster distance,0
second order optimization,stemming,0
second order optimization,nonlinear regression,0
second order optimization,kernel trick,0
second order optimization,kernel matrix,0
second order optimization,kernelized logistic regression,0
second order optimization,optimal leaf values,0
hessian-free optimization,normal vector to hyperplane,0
hessian-free optimization,precision,0
hessian-free optimization,pca least squares cost,0
hessian-free optimization,bi-convex function,0
hessian-free optimization,overfitting,0
hessian-free optimization,k-folds cross-validation,0
hessian-free optimization,kernelized squared margin,0
hessian-free optimization,naive cross-validation,0
hessian-free optimization,human interpretability,0
eigenvalue decomposition,outer product,0
eigenvalue decomposition,smoothed margin-perceptron,0
eigenvalue decomposition,precision,0
eigenvalue decomposition,mini-batch gradient descent,0
eigenvalue decomposition,class imbalance,0
eigenvalue decomposition,scree plot,0
eigenvalue decomposition,spectrogram,0
eigenvalue decomposition,nonlinear feature engineering,0
eigenvalue decomposition,fixed-shape universal approximators,0
eigenvalue decomposition,fourier kernel,0
eigenvalue decomposition,fully-connected neural network,0
eigenvalue decomposition,pruning,0
second order definition of convexity,standard normalization,0
second order definition of convexity,softmax approximation to max,0
second order definition of convexity,softmax cost,0
second order definition of convexity,nonlinear classification,0
second order definition of convexity,vector activation,0
second order definition of convexity,bagging,0
sub-sampled newton's step,feature,0
sub-sampled newton's step,outer product,0
sub-sampled newton's step,support vectors,0
sub-sampled newton's step,one-hot encoded labels,0
sub-sampled newton's step,categorical multi-class classification,0
sub-sampled newton's step,spectrogram,0
sub-sampled newton's step,random forests,0
bfgs method,early stopping by validation accuracy,0
bfgs method,non-convex cost function,0
bfgs method,polynomial kernel,0
bfgs method,growing of a tree,0
quasi-newton method,regularization,0
quasi-newton method,soft-margin support vector machine,0
quasi-newton method,orthonormal spanning set,0
quasi-newton method,nonlinear classification,0
quasi-newton method,fourier kernel,0
quasi-newton method,optimal leaf values,0
quasi-newton method,leaf-value optimization,0
quasi-newton method,feature subsampling,0
quasi-newton method,computational trade-off,0
secant method,sherman-morrison identity,0
secant method,outer product,0
secant method,weight divergence to infinity,0
secant method,early stopping,0
secant method,margin-perceptron cost,0
secant method,confidence scoring,0
secant method,balanced accuracy,0
secant method,categorical multi-class classification,0
secant method,weighted multi-class classification,0
secant method,model capacity,0
secant method,fixed-shape universal approximators,0
secant method,kernelized logistic regression,0
secant method,kernelized multi-class softmax,0
secant method,hidden layer,0
secant method,growing of a tree,0
secant method,classification trees,0
sherman-morrison identity,support vectors,0
sherman-morrison identity,decision boundary,0
sherman-morrison identity,exponential scaling of fixed-shape units,0
sherman-morrison identity,entry-wise kernel matrix construction,0
least absolute deviations,unconstrained optimization,0
least absolute deviations,point-wise weights,0
least absolute deviations,principal component analysis,0
least absolute deviations,intra-cluster distance,0
least absolute deviations,orthogonal matrix,0
least absolute deviations,nonlinear feature engineering,0
least absolute deviations,training error,0
least absolute deviations,ensembling,0
least absolute deviations,entry-wise kernel matrix construction,0
least absolute deviations,fourier kernel,0
least absolute deviations,vector activation,0
bias,hard-margin svm,0
bias,early stopping by validation accuracy,0
bias,inverse class frequency weighting,0
bias,fusion rule,0
bias,bi-convex function,0
bias,orthogonal matrix,0
bias,maxout activation,0
least squares cost function,multi-output regression,0
least squares cost function,non-negative eigenvalues,0
least squares cost function,margin of separating hyperplane,0
least squares cost function,misclassification count,0
least squares cost function,discriminative features,0
least squares cost function,spectrogram,0
least squares cost function,fourier kernel,0
least squares cost function,vanishing gradient problem,0
least squares cost function,human interpretability,0
least squares cost function,candidate split points,0
least squares cost function,feature subsampling,0
feature,convex cost function,0
feature,weight divergence to infinity,0
feature,normal vector to hyperplane,0
feature,weight normalization,0
feature,weighted softmax cost,0
feature,convexity of cost functions,0
feature,feature learning,0
feature,regularized cost function,0
feature-touching weights,matrix factorization,0
feature-touching weights,least squares cost for incomplete data,0
feature-touching weights,kernelization via weight vector substitution,0
feature-touching weights,naive cross-validation,0
feature-touching weights,fully-connected neural network,0
feature-touching weights,output layer,0
feature-touching weights,local function approximator,0
unconstrained optimization,weight normalization,0
unconstrained optimization,weighted softmax cost,0
unconstrained optimization,class imbalance,0
unconstrained optimization,universal approximators,0
unconstrained optimization,validation error,0
unconstrained optimization,sparse feature selection,0
unconstrained optimization,kernelized squared margin,0
unconstrained optimization,recursively defined trees,0
normal equations,constrained softmax cost,0
normal equations,mean-centering,0
normal equations,projection,0
normal equations,centroid initialization,0
normal equations,nonlinear feature engineering,0
normal equations,training error,0
normal equations,polynomial kernel,0
normal equations,regularization-based cross-validation,0
normal equations,neural network architecture,0
normal equations,leaf-value optimization,0
backtracking line search,classification accuracy,0
backtracking line search,cost function versus misclassification discrepancy,0
backtracking line search,weighted classification,0
backtracking line search,vector activation,0
backtracking line search,two-layer unit,0
vectorized implementation,eigenvalues,0
vectorized implementation,constrained softmax cost,0
vectorized implementation,boosting,0
vectorized implementation,decision boundary,0
vectorized implementation,kernel k-means,0
vectorized implementation,step function,0
standard normalization,normal vector to hyperplane,0
standard normalization,one-hot encoded labels,0
standard normalization,confidence scoring,0
standard normalization,weighted classification,0
standard normalization,alternating minimization,0
standard normalization,spectrogram,0
standard normalization,degree two polynomial expansion,0
standard normalization,kernelized least squares,0
standard normalization,optimal leaf values,0
multi-output regression,one-hot encoded labels,0
multi-output regression,feature sharing,0
multi-output regression,standard basis vector constraint,0
multi-output regression,linear combination,0
multi-output regression,single-layer unit,0
multi-output regression,internal covariate shift,0
multi-output regression,growing of a tree,0
convex combination,constrained softmax cost,0
convex combination,weighted softmax cost,0
convex combination,non-convex cost function,0
convex combination,validation error,0
convex combination,kernelized l2 regularizer,0
convex combination,two-layer unit,0
convex combination,sigmoid activation,0
non-negative eigenvalues,weight divergence to infinity,0
non-negative eigenvalues,signed distance to decision boundary,0
non-negative eigenvalues,constrained softmax cost,0
non-negative eigenvalues,step function approximation,0
non-negative eigenvalues,multi-class perceptron cost,0
non-negative eigenvalues,l2 regularization based cross-validation,0
non-negative eigenvalues,k-folds cross-validation,0
non-negative eigenvalues,entry-wise kernel matrix construction,0
non-negative eigenvalues,two-layer unit,0
quadratic cost function,margin-perceptron cost,0
quadratic cost function,misclassification count,0
quadratic cost function,histogram features,0
quadratic cost function,underfitting,0
quadratic cost function,mid-point split point,0
quadratic cost function,feature subsampling,0
inner product,inverse class frequency weighting,0
inner product,convexity of cost functions,0
inner product,manifold,0
inner product,standard basis vector constraint,0
inner product,linear combination,0
inner product,kernelized multi-class softmax,0
inner product,sigmoid activation,0
inner product,growing of a tree,0
outer product,categorical cross entropy cost,0
outer product,confidence scoring,0
outer product,precision,0
outer product,weighted classification,0
outer product,mean-centering,0
outer product,alternating minimization,0
outer product,regularized cost function,0
outer product,model capacity,0
outer product,kernelized multi-class softmax,0
outer product,mid-point split point,0
outer product,residual fitting,0
outer product,recursively defined trees,0
eigenvalues,misclassification count,0
eigenvalues,alternating minimization,0
eigenvalues,inner product similarity,0
eigenvalues,kernel k-means,0
eigenvalues,kernel matrix,0
eigenvalues,internal covariate shift,0
eigenvalues,candidate split points,0
perceptron cost,inverse class frequency weighting,0
perceptron cost,fusion rule,0
perceptron cost,normalization,0
perceptron cost,stop words,0
perceptron cost,output transformation,0
perceptron cost,k-folds cross-validation,0
perceptron cost,bagging,0
softmax approximation to max,precision,0
softmax approximation to max,least squares cost for incomplete data,0
softmax approximation to max,kernelized l2 regularizer,0
rectified linear unit,piecewise linear decision boundary,0
rectified linear unit,nonlinear regression,0
rectified linear unit,regularizer,0
rectified linear unit,single-layer unit,0
rectified linear unit,maxout activation,0
rectified linear unit,stump,0
rectified linear unit,leaf parameters,0
convex cost function,categorical multi-class classification,0
convex cost function,mini-batch gradient descent,0
convex cost function,feature selection,0
convex cost function,universal approximators,0
convex cost function,regularizer,0
convex cost function,model capacity,0
convex cost function,input layer,0
convex cost function,growing of a tree,0
convex cost function,residual fitting,0
point-wise cost,mean-centering,0
point-wise cost,transformed feature space,0
point-wise cost,kernel pca,0
point-wise cost,kernelized l2 regularizer,0
point-wise cost,mode,0
trivial solution,numerical instability,0
trivial solution,constrained softmax cost,0
trivial solution,misclassification count,0
trivial solution,confusion matrix,0
trivial solution,feature learning,0
trivial solution,training error,0
trivial solution,regularized cost function,0
trivial solution,fully-connected neural network,0
trivial solution,maxout activation,0
trivial solution,gradient boosting,0
softmax cost,regularization,0
softmax cost,one-hot encoded labels,0
softmax cost,variance maximization,0
softmax cost,transformed feature space,0
softmax cost,overfitting,0
softmax cost,vector activation,0
softmax cost,addition of trees,0
softmax cost,candidate split points,0
softmax cost,pruning,0
softmax cost,classification trees,0
weight divergence to infinity,alternating minimization,0
weight divergence to infinity,optimization dial,0
weight divergence to infinity,k-folds cross-validation,0
weight divergence to infinity,maxout activation,0
weight divergence to infinity,residual fitting,0
numerical instability,margin of separating hyperplane,0
numerical instability,classification accuracy,0
numerical instability,weighting by confidence,0
numerical instability,stop words,0
numerical instability,complete package of fixed-shape units,0
numerical instability,recursive construction,0
numerical instability,maxout activation,0
numerical instability,staircase-like cost,0
numerical instability,random forests,0
early stopping,weighted classification,0
early stopping,convexity of cost functions,0
early stopping,stop words,0
early stopping,nonlinear regression,0
early stopping,sparse feature selection,0
early stopping,weight vector decomposition over feature matrix,0
early stopping,entry-wise kernel matrix construction,0
early stopping,addition of trees,0
early stopping,gradient boosting,0
regularization,balanced accuracy,0
regularization,inner product similarity,0
normal vector to hyperplane,margin-perceptron cost,0
normal vector to hyperplane,spanning set,0
normal vector to hyperplane,histogram features,0
normal vector to hyperplane,degree two polynomial expansion,0
normal vector to hyperplane,recursively defined trees,0
normal vector to hyperplane,pruning,0
signed distance to decision boundary,early stopping by validation accuracy,0
signed distance to decision boundary,weighting by confidence,0
signed distance to decision boundary,regularization-based cross-validation,0
weight normalization,margin-perceptron cost,0
weight normalization,normalization,0
weight normalization,overfitting,0
weight normalization,fourier basis,0
weight normalization,orthogonal component r,0
weight normalization,naive cross-validation,0
weight normalization,output layer,0
weight normalization,internal covariate shift,0
regularization parameter,hessian of softmax cost,0
regularization parameter,covariance matrix regularization,0
regularization parameter,cluster assignment,0
regularization parameter,high capacity model,0
regularization parameter,orthogonal component r,0
regularization parameter,kernelized logistic regression,0
regularization parameter,recursive construction,0
regularization parameter,recursively defined trees,0
l2 regularizer,weighted multi-class classification,0
l2 regularizer,decision boundary,0
l2 regularizer,output transformation,0
l2 regularizer,kernelized logistic regression,0
l2 regularizer,fully-connected neural network,0
l2 regularizer,feature subsampling,0
regularized softmax cost,inverse class frequency weighting,0
constrained softmax cost,variance maximization,0
constrained softmax cost,training error,0
constrained softmax cost,fourier basis,0
constrained softmax cost,kernelized multi-class softmax,0
constrained softmax cost,backpropagation,0
constrained softmax cost,batch normalization,0
margin of separating hyperplane,feature sharing,0
margin of separating hyperplane,high capacity model,0
margin of separating hyperplane,local function approximator,0
margin of separating hyperplane,tree-based learner,0
margin of separating hyperplane,recursively defined trees,0
margin of separating hyperplane,mode,0
margin-perceptron cost,support vectors,0
margin-perceptron cost,one-hot encoded labels,0
margin-perceptron cost,precision,0
margin-perceptron cost,linear autoencoder,0
margin-perceptron cost,matrix factorization,0
margin-perceptron cost,stop words,0
margin-perceptron cost,input layer,0
margin-perceptron cost,human interpretability,0
margin-perceptron cost,tree-based learner,0
smoothed margin-perceptron,early stopping by validation accuracy,0
smoothed margin-perceptron,categorical multi-class classification,0
smoothed margin-perceptron,one-versus-all classification,0
smoothed margin-perceptron,feature learning,0
smoothed margin-perceptron,underfitting,0
maximum margin decision boundary,piecewise linear decision boundary,0
maximum margin decision boundary,linear autoencoder,0
maximum margin decision boundary,variance maximization,0
maximum margin decision boundary,kernelization via weight vector substitution,0
maximum margin decision boundary,fourier kernel,0
maximum margin decision boundary,vector activation,0
maximum margin decision boundary,split point,0
maximum margin decision boundary,optimal leaf values,0
hard-margin svm,cost function versus misclassification discrepancy,0
hard-margin svm,k-means clustering,0
hard-margin svm,sparse coding,0
hard-margin svm,manifold,0
hard-margin svm,output transformation,0
hard-margin svm,kernel matrix,0
hard-margin svm,activation function,0
hard-margin svm,split point,0
margin computation via normal vector,non-negative matrix factorization,0
margin computation via normal vector,discriminative features,0
margin computation via normal vector,complete package of fixed-shape units,0
margin computation via normal vector,batch normalization,0
margin computation via normal vector,stump,0
soft-margin support vector machine,support vectors,0
soft-margin support vector machine,spanning set,0
soft-margin support vector machine,linear autoencoder,0
soft-margin support vector machine,discriminative features,0
soft-margin support vector machine,neural network architecture,0
soft-margin support vector machine,mode,0
soft-margin support vector machine,gradient boosting,0
support vectors,spanning set,0
support vectors,feature subsampling,0
log-loss svm,mini-batch gradient descent,0
log-loss svm,softmax cost function,0
log-loss svm,hessian of softmax cost,0
log-loss svm,mean-centering,0
log-loss svm,orthonormal spanning set,0
log-loss svm,orthogonal matrix,0
log-loss svm,underfitting,0
log-loss svm,regularized cost function,0
log-loss svm,fourier basis,0
log-loss svm,kernel matrix,0
log-loss svm,fourier kernel,0
log-loss svm,residual fitting,0
log-loss svm,classification trees,0
categorical cross entropy cost,weighting by confidence,0
categorical cross entropy cost,mini-batch gradient descent,0
categorical cross entropy cost,covariance matrix regularization,0
categorical cross entropy cost,boosting,0
categorical cross entropy cost,kernel trick,0
categorical cross entropy cost,sigmoid activation,0
categorical cross entropy cost,internal covariate shift,0
one-hot encoded labels,weighted softmax cost,0
one-hot encoded labels,principal component analysis,0
one-hot encoded labels,feature sharing,0
one-hot encoded labels,underfitting,0
one-hot encoded labels,regularizer,0
one-hot encoded labels,single-layer unit,0
log error cost,one-versus-all classification,0
log error cost,multi-class perceptron cost,0
log error cost,pca least squares cost,0
log error cost,kernelized logistic regression,0
confidence scoring,mean-centering,0
confidence scoring,intra-cluster distance,0
confidence scoring,optimization dial,0
confidence scoring,neural network architecture,0
confidence scoring,residual fitting,0
confidence scoring,recursively defined trees,0
classification accuracy,fourier kernel,0
misclassification count,kernel trick,0
misclassification count,leaf parameters,0
step function approximation,convexity of cost functions,0
step function approximation,variance maximization,0
step function approximation,discriminative features,0
step function approximation,spectrogram,0
step function approximation,nonlinear feature engineering,0
step function approximation,polynomial kernel,0
step function approximation,input layer,0
step function approximation,residual fitting,0
early stopping by validation accuracy,one-versus-all classification,0
early stopping by validation accuracy,multi-class perceptron cost,0
early stopping by validation accuracy,transformed feature space,0
early stopping by validation accuracy,high capacity model,0
early stopping by validation accuracy,kernelized logistic regression,0
early stopping by validation accuracy,weight matrix,0
early stopping by validation accuracy,recursively defined trees,0
cost function versus misclassification discrepancy,multi-class perceptron,0
cost function versus misclassification discrepancy,weighted multi-class classification,0
cost function versus misclassification discrepancy,non-convex cost function,0
cost function versus misclassification discrepancy,decision boundary,0
cost function versus misclassification discrepancy,model complexity,0
cost function versus misclassification discrepancy,regularized cost function,0
cost function versus misclassification discrepancy,entry-wise kernel matrix construction,0
cost function versus misclassification discrepancy,fully-connected neural network,0
cost function versus misclassification discrepancy,optimal leaf values,0
balanced accuracy,scree plot,0
balanced accuracy,variance maximization,0
balanced accuracy,discriminative features,0
balanced accuracy,growing of a tree,0
confusion matrix,weighted multi-class classification,0
confusion matrix,convexity of cost functions,0
confusion matrix,autoencoder formula,0
confusion matrix,linear autoencoder,0
confusion matrix,regularizer,0
precision,multi-class perceptron,0
precision,scree plot,0
precision,sparse coding,0
precision,alternating minimization,0
precision,kernelized squared margin,0
weighted classification,weighted softmax cost,0
weighted classification,principal component analysis,0
weighted classification,centroid initialization,0
weighted classification,histogram features,0
weighted classification,stemming,0
weighted classification,edge histogram features,0
weighted classification,degree two polynomial expansion,0
weighted classification,high capacity model,0
weighted softmax cost,mini-batch gradient descent,0
weighted softmax cost,nonlinear classification,0
weighted softmax cost,kernel k-means,0
weighted softmax cost,linear combination,0
weighted softmax cost,fixed-shape universal approximators,0
weighted softmax cost,internal covariate shift,0
weighted softmax cost,growing of a tree,0
point-wise weights,linear multi-class classification,0
point-wise weights,spanning set,0
point-wise weights,k-folds cross-validation,0
point-wise weights,maxout activation,0
point-wise weights,gradient boosting,0
weighting by confidence,class imbalance,0
weighting by confidence,boosting,0
weighting by confidence,histogram features,0
weighting by confidence,inner product similarity,0
weighting by confidence,stop words,0
weighting by confidence,fourier basis,0
weighting by confidence,exponential scaling of fixed-shape units,0
weighting by confidence,activation function,0
weighting by confidence,maxout activation,0
weighting by confidence,human interpretability,0
inverse class frequency weighting,batch size,0
inverse class frequency weighting,complete package of fixed-shape units,0
linear multi-class classification,multi-class perceptron cost,0
linear multi-class classification,stop words,0
linear multi-class classification,feature sharing,0
linear multi-class classification,standard basis vector constraint,0
linear multi-class classification,kernelized logistic regression,0
linear multi-class classification,split point,0
linear multi-class classification,stump,0
linear multi-class classification,computational trade-off,0
multi-class perceptron,fusion rule,0
multi-class perceptron,k-means clustering,0
multi-class perceptron,output transformation,0
multi-class perceptron,regularization-based cross-validation,0
multi-class perceptron,stump,0
multi-class perceptron,growing of a tree,0
multi-class perceptron,mode,0
categorical multi-class classification,cluster centroid,0
categorical multi-class classification,spectrogram,0
categorical multi-class classification,decision boundary,0
categorical multi-class classification,kernel k-means,0
categorical multi-class classification,model complexity,0
categorical multi-class classification,model capacity,0
categorical multi-class classification,kernelized logistic regression,0
categorical multi-class classification,bagging,0
categorical multi-class classification,gradient boosting,0
weighted multi-class classification,feature sharing,0
weighted multi-class classification,degree two polynomial expansion,0
weighted multi-class classification,sparse feature selection,0
weighted multi-class classification,optimal leaf values,0
one-versus-all classification,dimension reduction,0
one-versus-all classification,k-means clustering,0
one-versus-all classification,kernel trick,0
one-versus-all classification,leaf-value optimization,0
one-versus-all classification,feature subsampling,0
fusion rule,multi-class classification metrics,0
fusion rule,covariance matrix regularization,0
fusion rule,inner product similarity,0
fusion rule,nonlinear regression,0
fusion rule,decision boundary,0
fusion rule,orthogonal component r,0
fusion rule,kernelized l2 regularizer,0
fusion rule,kernelized squared margin,0
fusion rule,input layer,0
fusion rule,backpropagation,0
piecewise linear decision boundary,multi-class perceptron cost,0
piecewise linear decision boundary,batch size,0
piecewise linear decision boundary,pca least squares cost,0
piecewise linear decision boundary,nonlinear regression,0
piecewise linear decision boundary,kernelization via weight vector substitution,0
piecewise linear decision boundary,fourier kernel,0
mini-batch gradient descent,kernelized least squares,0
mini-batch gradient descent,mid-point split point,0
softmax cost function,spectrogram,0
softmax cost function,universal approximators,0
softmax cost function,optimal leaf values,0
softmax cost function,computational trade-off,0
multi-class perceptron cost,convexity of cost functions,0
multi-class perceptron cost,covariance matrix regularization,0
multi-class perceptron cost,cluster centroid,0
multi-class perceptron cost,variance maximization,0
multi-class perceptron cost,nonlinear feature engineering,0
multi-class perceptron cost,kernel pca,0
multi-class perceptron cost,fourier basis,0
multi-class perceptron cost,tree-based learner,0
multi-class classification metrics,convexity of cost functions,0
multi-class classification metrics,autoencoder formula,0
multi-class classification metrics,histogram features,0
multi-class classification metrics,inner product similarity,0
multi-class classification metrics,discriminative features,0
multi-class classification metrics,step function,0
multi-class classification metrics,mid-point split point,0
batch size,linear autoencoder,0
batch size,scree plot,0
batch size,feature learning,0
batch size,model capacity,0
batch size,kernel matrix,0
batch size,weight matrix,0
categorical labels,spectrogram,0
categorical labels,non-convex cost function,0
categorical labels,encoder-decoder composition,0
categorical labels,l2 regularization based cross-validation,0
categorical labels,kernel matrix,0
categorical labels,kernelized logistic regression,0
categorical labels,entry-wise kernel matrix construction,0
categorical labels,local function approximator,0
categorical labels,recursively defined trees,0
class imbalance,pca least squares cost,0
class imbalance,bi-convex function,0
class imbalance,non-convex cost function,0
class imbalance,universal approximators,0
class imbalance,validation error,0
class imbalance,output layer,0
class imbalance,gradient boosting,0
convexity of cost functions,entry-wise kernel matrix construction,0
convexity of cost functions,residual fitting,0
hessian of softmax cost,backpropagation,0
hessian of softmax cost,leaf parameters,0
spanning set,mean-centering,0
spanning set,autoencoder formula,0
spanning set,orthogonal matrix,0
spanning set,variance maximization,0
spanning set,encoder-decoder composition,0
spanning set,universal approximators,0
spanning set,entry-wise kernel matrix construction,0
spanning set,backpropagation,0
mean-centering,autoencoder formula,0
mean-centering,projection,0
mean-centering,discriminative features,0
mean-centering,l2 regularization based cross-validation,0
mean-centering,vector activation,0
mean-centering,maxout activation,0
orthonormal spanning set,linear autoencoder,0
orthonormal spanning set,least squares cost for incomplete data,0
orthonormal spanning set,stump,0
orthonormal spanning set,addition of trees,0
orthonormal spanning set,feature subsampling,0
orthonormal spanning set,recursively defined trees,0
orthonormal spanning set,gradient boosting,0
orthonormal spanning set,random forests,0
orthonormal spanning set,classification trees,0
autoencoder formula,orthogonal matrix,0
autoencoder formula,fourier basis,0
autoencoder formula,exponential scaling of fixed-shape units,0
autoencoder formula,orthogonal component r,0
autoencoder formula,kernelized least squares,0
autoencoder formula,single-layer unit,0
autoencoder formula,regression tree,0
autoencoder formula,candidate split points,0
projection,l2 regularization based cross-validation,0
projection,naive cross-validation,0
projection,activation function,0
projection,output layer,0
projection,stump,0
projection,staircase-like cost,0
linear autoencoder,regularized cost function,0
linear autoencoder,kernelized multi-class softmax,0
principal component analysis,cluster assignment,0
principal component analysis,sparse feature selection,0
principal component analysis,kernelized logistic regression,0
principal component analysis,weight matrix,0
principal component analysis,vector activation,0
principal component analysis,recursively defined trees,0
dimension reduction,orthogonal matrix,0
dimension reduction,split point,0
covariance matrix regularization,least squares cost for incomplete data,0
covariance matrix regularization,histogram features,0
covariance matrix regularization,inner product similarity,0
covariance matrix regularization,stop words,0
covariance matrix regularization,kernel k-means,0
covariance matrix regularization,model capacity,0
covariance matrix regularization,hidden layer,0
covariance matrix regularization,two-layer unit,0
k-means clustering,neural network architecture,0
k-means clustering,leaf-value optimization,0
matrix factorization,inner product similarity,0
matrix factorization,transformed feature space,0
matrix factorization,encoder-decoder composition,0
matrix factorization,regularizer,0
matrix factorization,fourier basis,0
matrix factorization,kernel trick,0
matrix factorization,fully-connected neural network,0
least squares cost for incomplete data,alternating minimization,0
least squares cost for incomplete data,weight matrix,0
least squares cost for incomplete data,tree-based learner,0
cluster centroid,fixed-shape universal approximators,0
cluster centroid,recursive construction,0
cluster centroid,feature subsampling,0
cluster assignment,boosting,0
cluster assignment,discriminative features,0
cluster assignment,non-convex cost function,0
cluster assignment,validation error,0
cluster assignment,k-folds cross-validation,0
cluster assignment,input layer,0
cluster assignment,vanishing gradient problem,0
cluster assignment,bagging,0
cluster assignment,tree-based learner,0
centroid initialization,non-negative matrix factorization,0
centroid initialization,stop words,0
centroid initialization,naive cross-validation,0
intra-cluster distance,alternating minimization,0
intra-cluster distance,nonlinear regression,0
intra-cluster distance,universal approximators,0
intra-cluster distance,kernel trick,0
intra-cluster distance,fourier kernel,0
intra-cluster distance,hidden layer,0
intra-cluster distance,regression tree,0
scree plot,kernel pca,0
scree plot,kernel matrix,0
scree plot,split point,0
scree plot,mid-point split point,0
non-negative matrix factorization,histogram features,0
non-negative matrix factorization,high capacity model,0
non-negative matrix factorization,exponential scaling of fixed-shape units,0
non-negative matrix factorization,split point,0
non-negative matrix factorization,leaf-value optimization,0
sparse coding,high capacity model,0
sparse coding,pruning,0
pca least squares cost,feature sharing,0
alternating minimization,model capacity,0
alternating minimization,leaf-value optimization,0
bi-convex function,output transformation,0
bi-convex function,fixed-shape universal approximators,0
bi-convex function,single-layer unit,0
orthogonal matrix,stemming,0
orthogonal matrix,feature learning,0
orthogonal matrix,two-layer unit,0
orthogonal matrix,stump,0
orthogonal matrix,computational trade-off,0
variance maximization,inner product similarity,0
variance maximization,neural network architecture,0
variance maximization,local function approximator,0
variance maximization,addition of trees,0
variance maximization,staircase-like cost,0
feature selection,nonlinear regression,0
feature selection,l2 regularization based cross-validation,0
feature selection,fully-connected neural network,0
feature selection,neural network architecture,0
boosting,high capacity model,0
boosting,vector activation,0
boosting,optimal leaf values,0
histogram features,feature sharing,0
histogram features,encoder-decoder composition,0
histogram features,nonlinear classification,0
histogram features,weight matrix,0
histogram features,mid-point split point,0
inner product similarity,linear combination,0
inner product similarity,optimization dial,0
inner product similarity,output layer,0
inner product similarity,step function,0
normalization,fixed-shape universal approximators,0
normalization,exponential scaling of fixed-shape units,0
stemming,encoder-decoder composition,0
stemming,stump,0
stemming,pruning,0
stop words,feature learning,0
stop words,l2 regularization based cross-validation,0
stop words,fixed-shape universal approximators,0
discriminative features,spectrogram,0
discriminative features,output transformation,0
discriminative features,classification trees,0
edge histogram features,kernelized logistic regression,0
edge histogram features,two-layer unit,0
spectrogram,feature learning,0
spectrogram,validation error,0
spectrogram,bagging,0
nonlinear feature engineering,exponential scaling of fixed-shape units,0
nonlinear feature engineering,leaf parameters,0
nonlinear feature engineering,computational trade-off,0
nonlinear regression,kernel k-means,0
nonlinear regression,sigmoid activation,0
nonlinear regression,classification trees,0
transformed feature space,model complexity,0
transformed feature space,kernelization via weight vector substitution,0
transformed feature space,addition of trees,0
transformed feature space,candidate split points,0
non-convex cost function,single-layer unit,0
decision boundary,standard basis vector constraint,0
decision boundary,orthogonal component r,0
decision boundary,feature subsampling,0
decision boundary,gradient boosting,0
feature sharing,feature learning,0
feature sharing,weight vector decomposition over feature matrix,0
feature sharing,kernelized logistic regression,0
degree two polynomial expansion,sparse feature selection,0
degree two polynomial expansion,fourier basis,0
degree two polynomial expansion,kernelized multi-class softmax,0
degree two polynomial expansion,activation function,0
degree two polynomial expansion,maxout activation,0
degree two polynomial expansion,split point,0
degree two polynomial expansion,stump,0
degree two polynomial expansion,local function approximator,0
degree two polynomial expansion,candidate split points,0
manifold,validation error,0
manifold,kernel matrix,0
manifold,sigmoid activation,0
encoder-decoder composition,universal approximators,0
encoder-decoder composition,high capacity model,0
encoder-decoder composition,activation function,0
encoder-decoder composition,computational trade-off,0
output transformation,fourier kernel,0
output transformation,maxout activation,0
nonlinear classification,kernelized squared margin,0
kernel pca,sparse feature selection,0
kernel pca,kernelization via weight vector substitution,0
kernel k-means,regularized cost function,0
kernel k-means,hidden layer,0
standard basis vector constraint,ensembling,0
standard basis vector constraint,fourier basis,0
standard basis vector constraint,vanishing gradient problem,0
feature learning,fourier basis,0
universal approximators,model complexity,0
universal approximators,kernelized squared margin,0
universal approximators,human interpretability,0
linear combination,weight vector decomposition over feature matrix,0
training error,fourier basis,0
overfitting,candidate split points,0
underfitting,high capacity model,0
underfitting,regularization-based cross-validation,0
model complexity,fourier kernel,0
model complexity,internal covariate shift,0
model complexity,leaf parameters,0
optimization dial,single-layer unit,0
optimization dial,residual fitting,0
optimization dial,random forests,0
validation error,sigmoid activation,0
high capacity model,leaf-value optimization,0
high capacity model,pruning,0
high capacity model,random forests,0
regularizer,kernelized l2 regularizer,0
regularizer,recursive construction,0
regularizer,optimal leaf values,0
regularized cost function,fourier kernel,0
regularized cost function,sigmoid activation,0
regularized cost function,bagging,0
l2 regularization based cross-validation,leaf-value optimization,0
ensembling,fixed-shape universal approximators,0
k-folds cross-validation,local function approximator,0
k-folds cross-validation,tree-based learner,0
k-folds cross-validation,gradient boosting,0
sparse feature selection,fourier basis,0
sparse feature selection,regularization-based cross-validation,0
sparse feature selection,recursive construction,0
sparse feature selection,batch normalization,0
sparse feature selection,internal covariate shift,0
sparse feature selection,stump,0
fixed-shape universal approximators,neural network architecture,0
fixed-shape universal approximators,sigmoid activation,0
fixed-shape universal approximators,maxout activation,0
fourier basis,backpropagation,0
fourier basis,gradient boosting,0
exponential scaling of fixed-shape units,kernelization via weight vector substitution,0
exponential scaling of fixed-shape units,kernelized least squares,0
kernel trick,entry-wise kernel matrix construction,0
kernel trick,sigmoid activation,0
kernel trick,human interpretability,0
kernel trick,mid-point split point,0
kernel trick,tree-based learner,0
weight vector decomposition over feature matrix,input layer,0
weight vector decomposition over feature matrix,tree-based learner,0
orthogonal component r,batch normalization,0
orthogonal component r,growing of a tree,0
kernel matrix,step function,0
kernel matrix,backpropagation,0
kernel matrix,candidate split points,0
kernel matrix,pruning,0
kernelization via weight vector substitution,internal covariate shift,0
kernelization via weight vector substitution,feature subsampling,0
kernelization via weight vector substitution,pruning,0
kernelized least squares,entry-wise kernel matrix construction,0
kernelized least squares,kernelized l2 regularizer,0
kernelized least squares,kernelized squared margin,0
kernelized least squares,split point,0
kernelized least squares,tree-based learner,0
kernelized logistic regression,polynomial kernel,0
kernelized logistic regression,kernelized multi-class softmax,0
kernelized logistic regression,naive cross-validation,0
kernelized logistic regression,leaf parameters,0
entry-wise kernel matrix construction,activation function,0
kernelized l2 regularizer,kernelized squared margin,0
kernelized l2 regularizer,leaf parameters,0
kernelized l2 regularizer,growing of a tree,0
kernelized squared margin,batch normalization,0
kernelized squared margin,optimal leaf values,0
kernelized multi-class softmax,human interpretability,0
naive cross-validation,vector activation,0
naive cross-validation,maxout activation,0
naive cross-validation,random forests,0
regularization-based cross-validation,addition of trees,0
regularization-based cross-validation,gradient boosting,0
fourier kernel,residual fitting,0
fully-connected neural network,candidate split points,0
recursive construction,two-layer unit,0
recursive construction,backpropagation,0
hidden layer,weight matrix,0
neural network architecture,bagging,0
input layer,sigmoid activation,0
output layer,human interpretability,0
weight matrix,split point,0
weight matrix,residual fitting,0
weight matrix,mode,0
vector activation,feature subsampling,0
two-layer unit,leaf-value optimization,0
two-layer unit,computational trade-off,0
step function,mid-point split point,0
vanishing gradient problem,maxout activation,0
vanishing gradient problem,bagging,0
vanishing gradient problem,local function approximator,0
vanishing gradient problem,mode,0
sigmoid activation,human interpretability,0
maxout activation,staircase-like cost,0
maxout activation,feature subsampling,0
batch normalization,internal covariate shift,0
internal covariate shift,growing of a tree,0
internal covariate shift,mode,0
internal covariate shift,classification trees,0
split point,addition of trees,0
split point,leaf-value optimization,0
split point,random forests,0
stump,growing of a tree,0
leaf parameters,regression tree,0
local function approximator,addition of trees,0
local function approximator,human interpretability,0
addition of trees,candidate split points,0
addition of trees,computational trade-off,0
human interpretability,leaf-value optimization,0
mid-point split point,tree-based learner,0
optimal leaf values,residual fitting,0
optimal leaf values,gradient boosting,0
recursively defined trees,pruning,0
computational trade-off,random forests,0
